"estimate","se","ci_low","ci_high","status_code","method","fuller_variant","fuller_raw_estimate","fuller_raw_se","mx_issue_class","mx_issue_detail","fuller_lambda1","fuller_lambda2","fuller_lambda_scaling","fuller_sigma2","fuller_weight_min","fuller_weight_max","fuller_correction1","fuller_correction_c","fuller_correction_scaling","fuller_measurement_weight_requested","fuller_measurement_weight_used","fuller_preliminary_moment","fuller_variance_bread","fuller_predictor_outcome_covariance_source","fuller_predictor_outcome_covariance_max_abs","fuller_alpha_step1_requested","fuller_alpha_step1_used","fuller_alpha_step3_requested","fuller_alpha_step3_used","fuller_alpha_scaling_requested","fuller_alpha_scaling_used","fuller_auto_tempered","fuller_sx1_star_condition","fuller_sx1_star_min_eigen","fuller_sx1_observed_max_eigen","fuller_sx1_star_relative_min_eigen","fuller_sx_star_condition","fuller_sx_star_min_eigen","fuller_sx_observed_max_eigen","fuller_sx_star_relative_min_eigen","fuller_scaling_condition","fuller_scaling_min_eigen","fuller_scaling_observed_max_eigen","fuller_scaling_relative_min_eigen","fuller_reference_se","fuller_se_ratio","fuller_auto_guard_pass","fuller_auto_guard_reason","fuller_auto_guard_score","fuller_auto_full_weight_guard_pass","fuller_auto_full_weight_guard_reason","fuller_auto_full_weight_se_ratio","fuller_auto_search_evaluations","fuller_auto_search_nonmonotone","covered","replication","design","sigma2"
0.532514673394449,0.0725360423720332,0.390346642764192,0.674682704024705,0,"Oracle: true predictors",,,,,,,,,,,,,,,,,,,,,,,,,,,,,,,,,,,,,,,,,,,,,,,,,,TRUE,1,"Stress: pooled residual variance",2.25903433730973
0.324204569002838,0.0635427043143647,0.199663157066405,0.44874598093927,0,"Likelihood-only / naive OLS",,,,,,,,,,,,,,,,,,,,,,,,,,,,,,,,,,,,,,,,,,,,,,,,,,FALSE,1,"Stress: pooled residual variance",2.25903433730973
0.521727252227365,0.102225486267772,0.321368980840438,0.722085523614293,0,"Conditional posterior mean / naive OLS",,,,,,,,,,,,,,,,,,,,,,,,,,,,,,,,,,,,,,,,,,,,,,,,,,TRUE,1,"Stress: pooled residual variance",2.25903433730973
0.511820107633274,0.102613368659942,0.310701600727456,0.712938614539092,0,"REPAIR / stabilized","stabilized",0.511820107633274,0.102613368659942,"ok","ok",2.47276304103174,2.51716768367092,,0.636780011211395,0.672594801076878,0.751407758700428,0.986666666666667,0.986666666666667,,1,1,"modified","modified","supplied",0,4,4,4,4,,,FALSE,4.70837194881119,0.390221023827501,2.02657437351957,0.192552037036667,4.71522058554861,164.805703179121,854.833908342351,0.192792660153951,,,,,,,,,,,,,,,TRUE,1,"Stress: pooled residual variance",2.25903433730973
0.511888818897256,0.103473304084954,0.309084869529385,0.714692768265128,0,"REPAIR / fuller_equations","fuller_equations",0.511888818897256,0.103473304084954,"ok","ok",2.47276304103174,2.51770672170213,,0.636783350879186,0.6730629606891,0.752916230014727,0.986666666666667,0.986666666666667,,1,1,"fuller","fuller","supplied",0,4,4,4,4,,,FALSE,4.73530200783096,0.387461802574888,2.02657437351957,0.191190517178987,4.71530254703234,164.587832895178,853.691448536302,0.192795456926941,,,,,,,,,,,,,,,TRUE,1,"Stress: pooled residual variance",2.25903433730973
0.602360543025844,0.0504235358622722,0.503532228762627,0.701188857289062,0,"Oracle: true predictors",,,,,,,,,,,,,,,,,,,,,,,,,,,,,,,,,,,,,,,,,,,,,,,,,,TRUE,1,"Factors: fixed measurement parameters",
0.446271334135067,0.0464689945810817,0.35519377835836,0.537348889911774,0,"Likelihood-only / naive OLS",,,,,,,,,,,,,,,,,,,,,,,,,,,,,,,,,,,,,,,,,,,,,,,,,,FALSE,1,"Factors: fixed measurement parameters",
0.560217748075566,0.0632611972741516,0.436228079799345,0.684207416351786,0,"Conditional posterior mean / naive OLS",,,,,,,,,,,,,,,,,,,,,,,,,,,,,,,,,,,,,,,,,,,,,,,,,,TRUE,1,"Factors: fixed measurement parameters",
0.558738853067265,0.0667043572008553,0.428000715341693,0.689476990792836,0,"REPAIR / stabilized","stabilized",0.558738853067265,0.0667043572008553,"ok","ok",2.69013553109068,2.68926117851109,,0.619516255625749,0.758860530483424,0.769474836639127,0.986666666666667,0.986666666666667,,1,1,"modified","modified","supplied",0,4,4,4,4,,,FALSE,2.70845860300996,0.448525608910411,1.54080740020534,0.29109777695164,2.70877689229714,176.641248898824,606.876283585625,0.291066323856271,,,,,,,,,,,,,,,TRUE,1,"Factors: fixed measurement parameters",
0.558737648201263,0.0671321002335489,0.427161149536975,0.690314146865552,0,"REPAIR / fuller_equations","fuller_equations",0.558737648201263,0.0671321002335489,"ok","ok",2.69013553109068,2.68925507306624,,0.61951976993467,0.759881862943605,0.770584558657155,0.986666666666667,0.986666666666667,,1,1,"fuller","fuller","supplied",0,4,4,4,4,,,FALSE,2.71961217940222,0.44506784632147,1.54080740020534,0.28885365313157,2.7087791179588,176.399200793203,606.045150943399,0.291066103769021,,,,,,,,,,,,,,,TRUE,1,"Factors: fixed measurement parameters",
0.5980399075426,0.0792064598244102,0.442798098943838,0.753281716141363,0,"Oracle: true predictors",,,,,,,,,,,,,,,,,,,,,,,,,,,,,,,,,,,,,,,,,,,,,,,,,,TRUE,2,"Stress: pooled residual variance",2.255732233811
0.303255775811902,0.0669744247837857,0.171988315350395,0.434523236273409,0,"Likelihood-only / naive OLS",,,,,,,,,,,,,,,,,,,,,,,,,,,,,,,,,,,,,,,,,,,,,,,,,,FALSE,2,"Stress: pooled residual variance",2.255732233811
0.444410175502359,0.111037505809882,0.226780663181833,0.662039687822884,0,"Conditional posterior mean / naive OLS",,,,,,,,,,,,,,,,,,,,,,,,,,,,,,,,,,,,,,,,,,,,,,,,,,TRUE,2,"Stress: pooled residual variance",2.255732233811
0.480880797071249,0.115864077105011,0.253791378843455,0.707970215299043,0,"REPAIR / stabilized","stabilized",0.480880797071249,0.115864077105011,"ok","ok",2.27911153370052,2.3126636140644,,0.659089734487364,0.686989684978836,0.749455397703985,0.986666666666667,0.986666666666667,,1,1,"modified","modified","supplied",0,4,4,4,4,,,FALSE,5.80999691934326,0.298583036513463,1.92394106526687,0.155193442202475,5.81342293889992,125.026316112753,804.257946825627,0.155455493609017,,,,,,,,,,,,,,,TRUE,2,"Stress: pooled residual variance",2.255732233811
0.480787062229289,0.117025030199834,0.251422217747901,0.710151906710676,0,"REPAIR / fuller_equations","fuller_equations",0.480787062229289,0.117025030199834,"ok","ok",2.27911153370052,2.31313224451228,,0.659092698353258,0.687400445293523,0.750796415643526,0.986666666666667,0.986666666666667,,1,1,"fuller","fuller","supplied",0,4,4,4,4,,,FALSE,5.85542060027468,0.295830286146361,1.92394106526687,0.153762654941474,5.81346978476674,124.881523400513,803.308035116876,0.155459074154964,,,,,,,,,,,,,,,TRUE,2,"Stress: pooled residual variance",2.255732233811
0.580873492573463,0.045812770561342,0.491082112241236,0.67066487290569,0,"Oracle: true predictors",,,,,,,,,,,,,,,,,,,,,,,,,,,,,,,,,,,,,,,,,,,,,,,,,,TRUE,2,"Factors: fixed measurement parameters",
0.496069580986501,0.0472341752773563,0.40349229860343,0.588646863369571,0,"Likelihood-only / naive OLS",,,,,,,,,,,,,,,,,,,,,,,,,,,,,,,,,,,,,,,,,,,,,,,,,,FALSE,2,"Factors: fixed measurement parameters",
0.635094432904383,0.0639167889202378,0.509819828613268,0.760369037195497,0,"Conditional posterior mean / naive OLS",,,,,,,,,,,,,,,,,,,,,,,,,,,,,,,,,,,,,,,,,,,,,,,,,,TRUE,2,"Factors: fixed measurement parameters",
0.653768303255654,0.06835376241913,0.519797390706352,0.787739215804956,0,"REPAIR / stabilized","stabilized",0.653768303255654,0.06835376241913,"ok","ok",2.71206281121745,2.71197407219015,,0.605573866262226,0.754614346881606,0.760101968208642,0.986666666666667,0.986666666666667,,1,1,"modified","modified","supplied",0,4,4,4,4,,,FALSE,2.21793208680377,0.524889714422118,1.49283372494467,0.35160628116274,2.21623104556425,208.391254465047,592.249698005522,0.351863842509049,,,,,,,,,,,,,,,TRUE,2,"Factors: fixed measurement parameters",
0.653769037269188,0.0687892542275401,0.51894457645984,0.788593498078537,0,"REPAIR / fuller_equations","fuller_equations",0.653769037269188,0.0687892542275401,"ok","ok",2.71206281121745,2.71197377255068,,0.605577976648849,0.755827426889642,0.761342099867022,0.986666666666667,0.986666666666667,,1,1,"fuller","fuller","supplied",0,4,4,4,4,,,FALSE,2.22395564254297,0.521471375316341,1.49283372494467,0.349316448712777,2.21622543809001,208.05586973041,591.295103933524,0.351864692175432,,,,,,,,,,,,,,,TRUE,2,"Factors: fixed measurement parameters",
0.504241971948869,0.0793095236972558,0.348798161871222,0.659685782026516,0,"Oracle: true predictors",,,,,,,,,,,,,,,,,,,,,,,,,,,,,,,,,,,,,,,,,,,,,,,,,,TRUE,3,"Stress: pooled residual variance",2.3128663494333
0.322990491505181,0.0610694259031421,0.203296616178485,0.442684366831877,0,"Likelihood-only / naive OLS",,,,,,,,,,,,,,,,,,,,,,,,,,,,,,,,,,,,,,,,,,,,,,,,,,FALSE,3,"Stress: pooled residual variance",2.3128663494333
0.502532242284297,0.100840794072523,0.304887917729731,0.700176566838863,0,"Conditional posterior mean / naive OLS",,,,,,,,,,,,,,,,,,,,,,,,,,,,,,,,,,,,,,,,,,,,,,,,,,TRUE,3,"Stress: pooled residual variance",2.3128663494333
0.485327495720157,0.0987935397016432,0.291695715999709,0.678959275440606,0,"REPAIR / stabilized","stabilized",0.485327495720157,0.0987935397016432,"ok","ok",2.46640105222781,2.50433171106916,,0.629562773608372,0.656073366748783,0.715907973191438,0.986666666666667,0.986666666666667,,1,1,"modified","modified","supplied",0,4,4,4,4,,,FALSE,6.27727712349539,0.34740669161993,2.37555413329346,0.146242380567555,6.2635532185744,152.294180783181,1037.3688343724,0.146808132013449,,,,,,,,,,,,,,,TRUE,3,"Stress: pooled residual variance",2.3128663494333
0.485308026262745,0.099632090271257,0.290032717626638,0.680583334898852,0,"REPAIR / fuller_equations","fuller_equations",0.485308026262745,0.099632090271257,"ok","ok",2.46640105222781,2.5047904875758,,0.629565221939976,0.656412335356664,0.717017741302098,0.986666666666667,0.986666666666667,,1,1,"fuller","fuller","supplied",0,4,4,4,4,,,FALSE,6.32085282062645,0.34459534345068,2.37555413329346,0.145058931144177,6.26339176776434,152.141304881808,1036.2802586759,0.146814825051484,,,,,,,,,,,,,,,TRUE,3,"Stress: pooled residual variance",2.3128663494333
0.631301981297122,0.0512850978998059,0.530785036469891,0.731818926124352,0,"Oracle: true predictors",,,,,,,,,,,,,,,,,,,,,,,,,,,,,,,,,,,,,,,,,,,,,,,,,,TRUE,3,"Factors: fixed measurement parameters",
0.513943854689133,0.0489141152434567,0.418073950476316,0.60981375890195,0,"Likelihood-only / naive OLS",,,,,,,,,,,,,,,,,,,,,,,,,,,,,,,,,,,,,,,,,,,,,,,,,,TRUE,3,"Factors: fixed measurement parameters",
0.659149244595115,0.0666775435484905,0.528463660662472,0.789834828527757,0,"Conditional posterior mean / naive OLS",,,,,,,,,,,,,,,,,,,,,,,,,,,,,,,,,,,,,,,,,,,,,,,,,,TRUE,3,"Factors: fixed measurement parameters",
0.654913553980034,0.0696439707745343,0.518413879521587,0.791413228438481,0,"REPAIR / stabilized","stabilized",0.654913553980034,0.0696439707745343,"ok","ok",2.40280520989175,2.40364699917762,,0.716305688776024,0.869044620033656,0.875204991088834,0.986666666666667,0.986666666666667,,1,1,"modified","modified","supplied",0,4,4,4,4,,,FALSE,2.86558112031551,0.383162031265595,1.41763923216812,0.270281763209665,2.86729135936564,132.041192829669,488.756697065438,0.270157306534033,,,,,,,,,,,,,,,TRUE,3,"Factors: fixed measurement parameters",
0.6549115666641,0.0700844431544988,0.517548582204738,0.792274551123463,0,"REPAIR / fuller_equations","fuller_equations",0.6549115666641,0.0700844431544988,"ok","ok",2.40280520989175,2.40365424595283,,0.716309803145151,0.870250291473338,0.876472822636988,0.986666666666667,0.986666666666667,,1,1,"fuller","fuller","supplied",0,4,4,4,4,,,FALSE,2.88104356781744,0.379610539573022,1.41763923216812,0.267776547769808,2.86730616930464,131.856285563849,488.074200769181,0.270156229024295,,,,,,,,,,,,,,,TRUE,3,"Factors: fixed measurement parameters",
0.653988348632471,0.0830056230473517,0.491300316945354,0.816676380319588,0,"Oracle: true predictors",,,,,,,,,,,,,,,,,,,,,,,,,,,,,,,,,,,,,,,,,,,,,,,,,,TRUE,4,"Stress: pooled residual variance",2.25643619395545
0.347054884467304,0.0623109004113922,0.224927763816713,0.469182005117894,0,"Likelihood-only / naive OLS",,,,,,,,,,,,,,,,,,,,,,,,,,,,,,,,,,,,,,,,,,,,,,,,,,FALSE,4,"Stress: pooled residual variance",2.25643619395545
0.572215867693999,0.103358213000572,0.369637492706458,0.774794242681539,0,"Conditional posterior mean / naive OLS",,,,,,,,,,,,,,,,,,,,,,,,,,,,,,,,,,,,,,,,,,,,,,,,,,TRUE,4,"Stress: pooled residual variance",2.25643619395545
0.502450592080572,0.102113014499157,0.302312761309408,0.702588422851736,0,"REPAIR / stabilized","stabilized",0.502450592080572,0.102113014499157,"ok","ok",2.42021423186528,2.46035206234442,,0.63464242963496,0.667841552023602,0.74111103592415,0.986666666666667,0.986666666666667,,1,1,"modified","modified","supplied",0,4,4,4,4,,,FALSE,6.52328757740122,0.314962684902989,2.24418233458268,0.140346298983571,6.51722406570677,134.826185154117,957.511044681957,0.140809013016555,,,,,,,,,,,,,,,TRUE,4,"Stress: pooled residual variance",2.25643619395545
0.502513352945755,0.103011143004084,0.300615222651446,0.704411483240064,0,"REPAIR / fuller_equations","fuller_equations",0.502513352945755,0.103011143004084,"ok","ok",2.42021423186528,2.46069900596181,,0.634644621133976,0.668145504693487,0.742105086302811,0.986666666666667,0.986666666666667,,1,1,"fuller","fuller","supplied",0,4,4,4,4,,,FALSE,6.57251414606548,0.312213966381231,2.24418233458268,0.139121479378051,6.51717277555753,134.71116921688,956.667521946157,0.140812942978179,,,,,,,,,,,,,,,TRUE,4,"Stress: pooled residual variance",2.25643619395545
0.64817147908072,0.0477421688476967,0.554598547595404,0.741744410566036,0,"Oracle: true predictors",,,,,,,,,,,,,,,,,,,,,,,,,,,,,,,,,,,,,,,,,,,,,,,,,,TRUE,4,"Factors: fixed measurement parameters",
0.516141587308873,0.0467143930602137,0.424583059351206,0.60770011526654,0,"Likelihood-only / naive OLS",,,,,,,,,,,,,,,,,,,,,,,,,,,,,,,,,,,,,,,,,,,,,,,,,,TRUE,4,"Factors: fixed measurement parameters",
0.665532795090263,0.0634704090598657,0.541133079248901,0.789932510931624,0,"Conditional posterior mean / naive OLS",,,,,,,,,,,,,,,,,,,,,,,,,,,,,,,,,,,,,,,,,,,,,,,,,,TRUE,4,"Factors: fixed measurement parameters",
0.665425927929792,0.065793215281543,0.536473595550878,0.794378260308707,0,"REPAIR / stabilized","stabilized",0.665425927929792,0.065793215281543,"ok","ok",2.80382064725191,2.80356765076644,,0.651100686502437,0.796153980485049,0.799769601655189,0.986666666666667,0.986666666666667,,1,1,"modified","modified","supplied",0,4,4,4,4,,,FALSE,2.34046011384094,0.509427090679038,1.5180022013114,0.335590482173837,2.34129849971782,191.685502045411,571.377491503248,0.335479617058596,,,,,,,,,,,,,,,TRUE,4,"Factors: fixed measurement parameters",
0.665425313385952,0.0661789625015393,0.535716930348708,0.795133696423196,0,"REPAIR / fuller_equations","fuller_equations",0.665425313385952,0.0661789625015393,"ok","ok",2.80382064725191,2.80356684939718,,0.651104413368321,0.797256225793176,0.800888339310827,0.986666666666667,0.986666666666667,,1,1,"fuller","fuller","supplied",0,4,4,4,4,,,FALSE,2.34778794903176,0.505964544921912,1.5180022013114,0.333309493546723,2.34130115133598,191.419628148418,570.585568892708,0.335479266536467,,,,,,,,,,,,,,,TRUE,4,"Factors: fixed measurement parameters",
0.534079968921897,0.0825066369091705,0.372369932094399,0.695790005749394,0,"Oracle: true predictors",,,,,,,,,,,,,,,,,,,,,,,,,,,,,,,,,,,,,,,,,,,,,,,,,,TRUE,5,"Stress: pooled residual variance",2.18726588105842
0.297338350909413,0.0687943262564002,0.16250394910617,0.432172752712656,0,"Likelihood-only / naive OLS",,,,,,,,,,,,,,,,,,,,,,,,,,,,,,,,,,,,,,,,,,,,,,,,,,FALSE,5,"Stress: pooled residual variance",2.18726588105842
0.478041745837946,0.109751464471936,0.262932828222425,0.693150663453467,0,"Conditional posterior mean / naive OLS",,,,,,,,,,,,,,,,,,,,,,,,,,,,,,,,,,,,,,,,,,,,,,,,,,TRUE,5,"Stress: pooled residual variance",2.18726588105842
0.494874392513974,0.126335432604951,0.247261494636983,0.742487290390965,0,"REPAIR / stabilized","stabilized",0.494874392513974,0.126335432604951,"ok","ok",2.10326982040735,2.14070817761018,,0.623858554381781,0.652605196942505,0.716609302020605,0.986666666666667,0.986666666666667,,1,1,"modified","modified","supplied",0,4,4,4,4,,,FALSE,7.31554020649758,0.248835775322937,2.00433684777226,0.124148680696814,7.22155324979863,110.040122008424,873.547114009091,0.125969304052075,,,,,,,,,,,,,,,TRUE,5,"Stress: pooled residual variance",2.18726588105842
0.494947866214695,0.127788827407728,0.244486366868943,0.745409365560446,0,"REPAIR / fuller_equations","fuller_equations",0.494947866214695,0.127788827407728,"ok","ok",2.10326982040735,2.14123912317852,,0.623861648942464,0.653032607920812,0.718008828448889,0.986666666666667,0.986666666666667,,1,1,"fuller","fuller","supplied",0,4,4,4,4,,,FALSE,7.38454888268239,0.246173828490554,2.00433684777226,0.122820587150391,7.22026318432694,109.910677922872,872.343876571837,0.125994668931251,,,,,,,,,,,,,,,TRUE,5,"Stress: pooled residual variance",2.18726588105842
0.568602075709557,0.0455739420462248,0.47927879066544,0.657925360753673,0,"Oracle: true predictors",,,,,,,,,,,,,,,,,,,,,,,,,,,,,,,,,,,,,,,,,,,,,,,,,,TRUE,5,"Factors: fixed measurement parameters",
0.484504100064642,0.0442949869643298,0.397687520918885,0.5713206792104,0,"Likelihood-only / naive OLS",,,,,,,,,,,,,,,,,,,,,,,,,,,,,,,,,,,,,,,,,,,,,,,,,,FALSE,5,"Factors: fixed measurement parameters",
0.62027949105675,0.0602241219193476,0.50224238109428,0.738316601019221,0,"Conditional posterior mean / naive OLS",,,,,,,,,,,,,,,,,,,,,,,,,,,,,,,,,,,,,,,,,,,,,,,,,,TRUE,5,"Factors: fixed measurement parameters",
0.628482327846329,0.0646443161601686,0.501781796367178,0.75518285932548,0,"REPAIR / stabilized","stabilized",0.628482327846329,0.0646443161601686,"ok","ok",2.47656026819297,2.47653153222256,,0.535665560672835,0.678272757738653,0.684371041371359,0.986666666666667,0.986666666666667,,1,1,"modified","modified","supplied",0,4,4,4,4,,,FALSE,2.63521097572784,0.400057662904904,1.37704178425652,0.290519625096853,2.63651560822501,176.518418569766,607.827961165802,0.290408519922656,,,,,,,,,,,,,,,TRUE,5,"Factors: fixed measurement parameters",
0.628480813895168,0.0650821766373198,0.500922091650547,0.756039536139788,0,"REPAIR / fuller_equations","fuller_equations",0.628480813895168,0.0650821766373198,"ok","ok",2.47656026819297,2.47653131732654,,0.535669598113936,0.679456909180447,0.685611445388681,0.986666666666667,0.986666666666667,,1,1,"fuller","fuller","supplied",0,4,4,4,4,,,FALSE,2.64753333526185,0.396551587873468,1.37704178425652,0.287973533125265,2.63652529370349,176.207629287434,606.759504733323,0.290407695162318,,,,,,,,,,,,,,,TRUE,5,"Factors: fixed measurement parameters",
0.566708924655965,0.079328285105265,0.41122834289432,0.722189506417609,0,"Oracle: true predictors",,,,,,,,,,,,,,,,,,,,,,,,,,,,,,,,,,,,,,,,,,,,,,,,,,TRUE,6,"Stress: pooled residual variance",2.229077772778
0.352831522884409,0.0645046776394144,0.226404677876791,0.479258367892028,0,"Likelihood-only / naive OLS",,,,,,,,,,,,,,,,,,,,,,,,,,,,,,,,,,,,,,,,,,,,,,,,,,FALSE,6,"Stress: pooled residual variance",2.229077772778
0.519322379436971,0.104223426853202,0.31504821645935,0.723596542414592,0,"Conditional posterior mean / naive OLS",,,,,,,,,,,,,,,,,,,,,,,,,,,,,,,,,,,,,,,,,,,,,,,,,,TRUE,6,"Stress: pooled residual variance",2.229077772778
0.552282837613679,0.109950018197114,0.336784761847812,0.767780913379545,0,"REPAIR / stabilized","stabilized",0.552282837613679,0.109950018197114,"ok","ok",2.27216033936148,2.3327072015299,,0.59609612270317,0.634309468418081,0.719449382307768,0.986666666666667,0.986666666666667,,1,1,"modified","modified","supplied",0,4,4,4,4,,,FALSE,6.128813210683,0.310848236843093,2.09172026037883,0.148608895142984,6.09827006024399,138.365283516956,924.206405242209,0.149712534702348,,,,,,,,,,,,,,,TRUE,6,"Stress: pooled residual variance",2.229077772778
0.552178649024703,0.111009062455416,0.33460488465453,0.769752413394877,0,"REPAIR / fuller_equations","fuller_equations",0.552178649024703,0.111009062455416,"ok","ok",2.27216033936148,2.33347505782704,,0.596099930454316,0.634837939715105,0.721172283729935,0.986666666666667,0.986666666666667,,1,1,"fuller","fuller","supplied",0,4,4,4,4,,,FALSE,6.17483064061236,0.308123401689588,2.09172026037883,0.147306218487258,6.09790342979879,138.149564614621,922.682468658937,0.149726010092522,,,,,,,,,,,,,,,TRUE,6,"Stress: pooled residual variance",2.229077772778
0.588783982294829,0.046858856257886,0.496942311672633,0.680625652917025,0,"Oracle: true predictors",,,,,,,,,,,,,,,,,,,,,,,,,,,,,,,,,,,,,,,,,,,,,,,,,,TRUE,6,"Factors: fixed measurement parameters",
0.463358300526192,0.0454290642698192,0.374318970705991,0.552397630346393,0,"Likelihood-only / naive OLS",,,,,,,,,,,,,,,,,,,,,,,,,,,,,,,,,,,,,,,,,,,,,,,,,,FALSE,6,"Factors: fixed measurement parameters",
0.585826421909924,0.0625074433727302,0.463314084133696,0.708338759686152,0,"Conditional posterior mean / naive OLS",,,,,,,,,,,,,,,,,,,,,,,,,,,,,,,,,,,,,,,,,,,,,,,,,,TRUE,6,"Factors: fixed measurement parameters",
0.549726940413068,0.0633306028421247,0.425601239723294,0.673852641102843,0,"REPAIR / stabilized","stabilized",0.549726940413068,0.0633306028421247,"ok","ok",2.50735283148646,2.50819476614908,,0.718989201807035,0.846522078629329,0.855205019891287,0.986666666666667,0.986666666666667,,1,1,"modified","modified","supplied",0,4,4,4,4,,,FALSE,3.63241586190561,0.412239123136086,1.81942810961773,0.22657620873116,3.63504342896799,145.74702213223,643.614622038167,0.226450762834887,,,,,,,,,,,,,,,TRUE,6,"Factors: fixed measurement parameters",
0.549726483398448,0.06371717118791,0.424843122673371,0.674609844123524,0,"REPAIR / fuller_equations","fuller_equations",0.549726483398448,0.06371717118791,"ok","ok",2.50735283148646,2.5082013874173,,0.71899187593761,0.847297090110635,0.856056977656127,0.986666666666667,0.986666666666667,,1,1,"fuller","fuller","supplied",0,4,4,4,4,,,FALSE,3.65301274839572,0.408725332285611,1.81942810961773,0.224644947566236,3.63506413912751,145.610985399005,643.016694110991,0.226449774527738,,,,,,,,,,,,,,,TRUE,6,"Factors: fixed measurement parameters",
0.526935150613459,0.0853412565440971,0.359669361391636,0.694200939835282,0,"Oracle: true predictors",,,,,,,,,,,,,,,,,,,,,,,,,,,,,,,,,,,,,,,,,,,,,,,,,,TRUE,7,"Stress: pooled residual variance",2.25108755542041
0.347468291121704,0.065951530033601,0.218205667530534,0.476730914712873,0,"Likelihood-only / naive OLS",,,,,,,,,,,,,,,,,,,,,,,,,,,,,,,,,,,,,,,,,,,,,,,,,,FALSE,7,"Stress: pooled residual variance",2.25108755542041
0.530059603519943,0.110272364843937,0.313929739935765,0.746189467104121,0,"Conditional posterior mean / naive OLS",,,,,,,,,,,,,,,,,,,,,,,,,,,,,,,,,,,,,,,,,,,,,,,,,,TRUE,7,"Stress: pooled residual variance",2.25108755542041
0.518130730182581,0.112298625976462,0.298029467755382,0.738231992609781,0,"REPAIR / stabilized","stabilized",0.518130730182581,0.112298625976462,"ok","ok",2.3023519934063,2.33704407515589,,0.666952173809434,0.701839161042787,0.779161972326349,0.986666666666667,0.986666666666667,,1,1,"modified","modified","supplied",0,4,4,4,4,,,FALSE,6.45255876623928,0.288567754568414,2.0510790523332,0.14069070338374,6.48808251619905,116.73418766475,832.166678978361,0.140277411501338,,,,,,,,,,,,,,,TRUE,7,"Stress: pooled residual variance",2.25108755542041
0.518116309420469,0.11338995246553,0.295876086379321,0.740356532461617,0,"REPAIR / fuller_equations","fuller_equations",0.518116309420469,0.11338995246553,"ok","ok",2.3023519934063,2.33741148819259,,0.666954995253395,0.702230809479995,0.780440189369777,0.986666666666667,0.986666666666667,,1,1,"fuller","fuller","supplied",0,4,4,4,4,,,FALSE,6.50554745450678,0.285824661227521,2.0510790523332,0.139353313029247,6.48845143662557,116.604236332855,831.265676419535,0.140273127642053,,,,,,,,,,,,,,,TRUE,7,"Stress: pooled residual variance",2.25108755542041
0.562834038130282,0.0502146110291913,0.464415209015379,0.661252867245185,0,"Oracle: true predictors",,,,,,,,,,,,,,,,,,,,,,,,,,,,,,,,,,,,,,,,,,,,,,,,,,TRUE,7,"Factors: fixed measurement parameters",
0.441968955992382,0.0462747355835906,0.35127214085443,0.532665771130334,0,"Likelihood-only / naive OLS",,,,,,,,,,,,,,,,,,,,,,,,,,,,,,,,,,,,,,,,,,,,,,,,,,FALSE,7,"Factors: fixed measurement parameters",
0.559214284185655,0.0627447374707691,0.436236858523526,0.682191709847783,0,"Conditional posterior mean / naive OLS",,,,,,,,,,,,,,,,,,,,,,,,,,,,,,,,,,,,,,,,,,,,,,,,,,TRUE,7,"Factors: fixed measurement parameters",
0.564819480025751,0.0657204742656679,0.43600971741815,0.693629242633351,0,"REPAIR / stabilized","stabilized",0.564819480025751,0.0657204742656679,"ok","ok",2.49348302660306,2.49778123086611,,0.614596264523547,0.755254310924046,0.765762827573658,0.986666666666667,0.986666666666667,,1,1,"modified","modified","supplied",0,4,4,4,4,,,FALSE,2.41194376610783,0.428236367934226,1.35434523514899,0.316194391814076,2.40701082416492,169.806735768806,535.97502484139,0.31681837380213,,,,,,,,,,,,,,,TRUE,7,"Factors: fixed measurement parameters",
0.564823248396057,0.06612654732851,0.435217597210194,0.69442889958192,0,"REPAIR / fuller_equations","fuller_equations",0.564823248396057,0.06612654732851,"ok","ok",2.49348302660306,2.49782406612925,,0.614600572661425,0.756501356851259,0.767133187806596,0.986666666666667,0.986666666666667,,1,1,"fuller","fuller","supplied",0,4,4,4,4,,,FALSE,2.42177331179463,0.424709471486059,1.35434523514899,0.313590257833586,2.40696180507477,169.52388310935,535.071740002019,0.316824587126784,,,,,,,,,,,,,,,TRUE,7,"Factors: fixed measurement parameters",
0.49869741995909,0.0854820327085301,0.331155714525096,0.666239125393084,0,"Oracle: true predictors",,,,,,,,,,,,,,,,,,,,,,,,,,,,,,,,,,,,,,,,,,,,,,,,,,TRUE,8,"Stress: pooled residual variance",2.29185458657744
0.243864277838986,0.0743991609383281,0.0980446019198634,0.389683953758108,0,"Likelihood-only / naive OLS",,,,,,,,,,,,,,,,,,,,,,,,,,,,,,,,,,,,,,,,,,,,,,,,,,FALSE,8,"Stress: pooled residual variance",2.29185458657744
0.387701633462288,0.119973253015464,0.152558378443868,0.622844888480708,0,"Conditional posterior mean / naive OLS",,,,,,,,,,,,,,,,,,,,,,,,,,,,,,,,,,,,,,,,,,,,,,,,,,TRUE,8,"Stress: pooled residual variance",2.29185458657744
0.427225850185372,0.151846608303256,0.12961196673643,0.724839733634314,0,"REPAIR / stabilized","stabilized",0.427225850185372,0.151846608303256,"ok","ok",1.89225689284758,1.924566379691,,0.684289838369338,0.710977480667538,0.769473222141159,0.986666666666667,0.986666666666667,,1,1,"modified","modified","supplied",0,4,4,4,4,,,FALSE,9.11833632121529,0.202130468245155,2.03558605671343,0.0992984146155464,8.94665429332783,83.290304855035,821.74699301073,0.101357602234569,,,,,,,,,,,,,,,TRUE,8,"Stress: pooled residual variance",2.29185458657744
0.427271346386322,0.154026509962845,0.125384934194747,0.729157758577898,0,"REPAIR / fuller_equations","fuller_equations",0.427271346386322,0.154026509962845,"ok","ok",1.89225689284758,1.92505274770967,,0.684292816922814,0.711388873586364,0.770817528660044,0.986666666666667,0.986666666666667,,1,1,"fuller","fuller","supplied",0,4,4,4,4,,,FALSE,9.23304584962337,0.199337573486679,2.03558605671343,0.0979263798891025,8.944162195544,83.2137998220653,820.745044741269,0.101388123334083,,,,,,,,,,,,,,,TRUE,8,"Stress: pooled residual variance",2.29185458657744
0.604119287822694,0.0489128139465955,0.508251934104858,0.69998664154053,0,"Oracle: true predictors",,,,,,,,,,,,,,,,,,,,,,,,,,,,,,,,,,,,,,,,,,,,,,,,,,TRUE,8,"Factors: fixed measurement parameters",
0.47904958954038,0.0431011098427437,0.394572966554897,0.563526212525862,0,"Likelihood-only / naive OLS",,,,,,,,,,,,,,,,,,,,,,,,,,,,,,,,,,,,,,,,,,,,,,,,,,FALSE,8,"Factors: fixed measurement parameters",
0.608144429014938,0.0586071191768154,0.493276586190733,0.723012271839143,0,"Conditional posterior mean / naive OLS",,,,,,,,,,,,,,,,,,,,,,,,,,,,,,,,,,,,,,,,,,,,,,,,,,TRUE,8,"Factors: fixed measurement parameters",
0.592989747678348,0.0585908037251421,0.478153882551815,0.707825612804882,0,"REPAIR / stabilized","stabilized",0.592989747678348,0.0585908037251421,"ok","ok",2.94767582173837,2.94803502340441,,0.600211853199465,0.738528941753925,0.746438824817032,0.986666666666667,0.986666666666667,,1,1,"modified","modified","supplied",0,4,4,4,4,,,FALSE,2.4195870599859,0.535763757941637,1.6203386362621,0.330649251922778,2.4219464077482,216.935735762577,656.654486893384,0.33036511604283,,,,,,,,,,,,,,,TRUE,8,"Factors: fixed measurement parameters",
0.592989288160142,0.0588958627045743,0.477555518420761,0.708423057899523,0,"REPAIR / fuller_equations","fuller_equations",0.592989288160142,0.0588958627045743,"ok","ok",2.94767582173837,2.9480372984897,,0.600215058155551,0.739465593613845,0.747436300886781,0.986666666666667,0.986666666666667,,1,1,"fuller","fuller","supplied",0,4,4,4,4,,,FALSE,2.42722472141488,0.532276722699727,1.6203386362621,0.328497210884027,2.42196142681726,216.656525980474,655.812919286517,0.330363308817066,,,,,,,,,,,,,,,TRUE,8,"Factors: fixed measurement parameters",
0.458812325507404,0.0826247530681846,0.296870785262246,0.620753865752561,0,"Oracle: true predictors",,,,,,,,,,,,,,,,,,,,,,,,,,,,,,,,,,,,,,,,,,,,,,,,,,TRUE,9,"Stress: pooled residual variance",2.22756737429259
0.286021130733077,0.0652972989015357,0.15804077659832,0.414001484867833,0,"Likelihood-only / naive OLS",,,,,,,,,,,,,,,,,,,,,,,,,,,,,,,,,,,,,,,,,,,,,,,,,,FALSE,9,"Stress: pooled residual variance",2.22756737429259
0.40146065492517,0.106380876030754,0.192957969261072,0.609963340589268,0,"Conditional posterior mean / naive OLS",,,,,,,,,,,,,,,,,,,,,,,,,,,,,,,,,,,,,,,,,,,,,,,,,,TRUE,9,"Stress: pooled residual variance",2.22756737429259
0.429825447274885,0.109929959954262,0.2143666849426,0.64528420960717,0,"REPAIR / stabilized","stabilized",0.429825447274885,0.109929959954262,"ok","ok",2.36500480342371,2.40756634748795,,0.632547248696656,0.662330968351406,0.727145468951384,0.986666666666667,0.986666666666667,,1,1,"modified","modified","supplied",0,4,4,4,4,,,FALSE,6.67901037813744,0.306634334892153,2.23533417831653,0.137176059788557,6.67145436530987,133.209975586272,967.84174699583,0.137636112515042,,,,,,,,,,,,,,,TRUE,9,"Stress: pooled residual variance",2.22756737429259
0.429769200744461,0.110959171648068,0.21229322055985,0.647245180929073,0,"REPAIR / fuller_equations","fuller_equations",0.429769200744461,0.110959171648068,"ok","ok",2.36500480342371,2.40800374285616,,0.632549534082186,0.662650620826771,0.728178774173535,0.986666666666667,0.986666666666667,,1,1,"fuller","fuller","supplied",0,4,4,4,4,,,FALSE,6.73027028286039,0.303922879105378,2.23533417831653,0.135963061833675,6.67137961221936,133.091350989585,966.947591030581,0.137640707959916,,,,,,,,,,,,,,,TRUE,9,"Stress: pooled residual variance",2.22756737429259
0.480444627774594,0.0456489772480297,0.390974276437368,0.569914979111821,0,"Oracle: true predictors",,,,,,,,,,,,,,,,,,,,,,,,,,,,,,,,,,,,,,,,,,,,,,,,,,FALSE,9,"Factors: fixed measurement parameters",
0.41842247698287,0.0419651065921748,0.336172379454823,0.500672574510917,0,"Likelihood-only / naive OLS",,,,,,,,,,,,,,,,,,,,,,,,,,,,,,,,,,,,,,,,,,,,,,,,,,FALSE,9,"Factors: fixed measurement parameters",
0.531872490715799,0.0570565126538656,0.420043780830769,0.64370120060083,0,"Conditional posterior mean / naive OLS",,,,,,,,,,,,,,,,,,,,,,,,,,,,,,,,,,,,,,,,,,,,,,,,,,TRUE,9,"Factors: fixed measurement parameters",
0.512306546282681,0.0561890180459954,0.402178094585858,0.622434997979503,0,"REPAIR / stabilized","stabilized",0.512306546282681,0.0561890180459954,"ok","ok",2.87029299451389,2.87146449751777,,0.613003858493195,0.719898027582161,0.726650372674238,0.986666666666667,0.986666666666667,,1,1,"modified","modified","supplied",0,4,4,4,4,,,FALSE,2.55991928625367,0.51436823160886,1.63850174706905,0.313925958595382,2.55673686111822,213.902726753633,680.652194464482,0.314261422343501,,,,,,,,,,,,,,,TRUE,9,"Factors: fixed measurement parameters",
0.51231240232204,0.0564665902469123,0.401639919108311,0.622984885535769,0,"REPAIR / fuller_equations","fuller_equations",0.51231240232204,0.0564665902469123,"ok","ok",2.87029299451389,2.87147350410453,,0.613006345472522,0.720621778633085,0.727433288826829,0.986666666666667,0.986666666666667,,1,1,"fuller","fuller","supplied",0,4,4,4,4,,,FALSE,2.56906197088607,0.51084865760722,1.63850174706905,0.31177791450087,2.55671238001766,213.684461642377,679.9520713899,0.314264005704963,,,,,,,,,,,,,,,TRUE,9,"Factors: fixed measurement parameters",
0.504437205033888,0.0886842744588504,0.330619221099476,0.6782551889683,0,"Oracle: true predictors",,,,,,,,,,,,,,,,,,,,,,,,,,,,,,,,,,,,,,,,,,,,,,,,,,TRUE,10,"Stress: pooled residual variance",2.24492349619632
0.336014842844425,0.0717154752379419,0.195455094243885,0.476574591444965,0,"Likelihood-only / naive OLS",,,,,,,,,,,,,,,,,,,,,,,,,,,,,,,,,,,,,,,,,,,,,,,,,,FALSE,10,"Stress: pooled residual variance",2.24492349619632
0.519204509977923,0.116543528100238,0.290783392270225,0.747625627685621,0,"Conditional posterior mean / naive OLS",,,,,,,,,,,,,,,,,,,,,,,,,,,,,,,,,,,,,,,,,,,,,,,,,,TRUE,10,"Stress: pooled residual variance",2.24492349619632
0.574068775766604,0.134922669364585,0.309625203114011,0.838512348419197,0,"REPAIR / stabilized","stabilized",0.574068775766604,0.134922669364585,"ok","ok",2.04452590272793,2.08657793047797,,0.674111161938181,0.710610940664207,0.7929069217197,0.986666666666667,0.986666666666667,,1,1,"modified","modified","supplied",0,4,4,4,4,,,FALSE,7.16503408890233,0.248715425959534,1.97005652910111,0.126247862579363,7.1363455525484,100.221601561649,788.40855602575,0.127118865968237,,,,,,,,,,,,,,,TRUE,10,"Stress: pooled residual variance",2.24492349619632
0.574015951415837,0.136557568482816,0.306368035373155,0.841663867458518,0,"REPAIR / fuller_equations","fuller_equations",0.574015951415837,0.136557568482816,"ok","ok",2.04452590272793,2.08728488203447,,0.674115950998423,0.711271310934623,0.79507104190164,0.986666666666667,0.986666666666667,,1,1,"fuller","fuller","supplied",0,4,4,4,4,,,FALSE,7.23461196890547,0.245972348759557,1.97005652910111,0.12485547755921,7.1358944149677,100.054355693427,787.006266334224,0.127132857733736,,,,,,,,,,,,,,,TRUE,10,"Stress: pooled residual variance",2.24492349619632
0.599304926639427,0.0531748619012896,0.495084112430009,0.703525740848846,0,"Oracle: true predictors",,,,,,,,,,,,,,,,,,,,,,,,,,,,,,,,,,,,,,,,,,,,,,,,,,TRUE,10,"Factors: fixed measurement parameters",
0.46932535803274,0.0489061936253569,0.373470979906098,0.565179736159382,0,"Likelihood-only / naive OLS",,,,,,,,,,,,,,,,,,,,,,,,,,,,,,,,,,,,,,,,,,,,,,,,,,FALSE,10,"Factors: fixed measurement parameters",
0.603595628262335,0.0663502938472062,0.473551441958161,0.733639814566508,0,"Conditional posterior mean / naive OLS",,,,,,,,,,,,,,,,,,,,,,,,,,,,,,,,,,,,,,,,,,,,,,,,,,TRUE,10,"Factors: fixed measurement parameters",
0.622886506460078,0.07164458533082,0.482465699524364,0.763307313395792,0,"REPAIR / stabilized","stabilized",0.622886506460078,0.07164458533082,"ok","ok",2.63908681136884,2.63985204966703,,0.6572784840015,0.78738145414756,0.791204044708984,0.986666666666667,0.986666666666667,,1,1,"modified","modified","supplied",0,4,4,4,4,,,FALSE,2.38535366060042,0.445369813905868,1.38875762071578,0.320696576034859,2.38487422965096,169.545231772761,528.543955190889,0.320777922266708,,,,,,,,,,,,,,,TRUE,10,"Factors: fixed measurement parameters",
0.622885846139085,0.0721253783947016,0.481522702114147,0.764248990164024,0,"REPAIR / fuller_equations","fuller_equations",0.622885846139085,0.0721253783947016,"ok","ok",2.63908681136884,2.63985507752034,,0.657282258622663,0.788496300289039,0.792339505073789,0.986666666666667,0.986666666666667,,1,1,"fuller","fuller","supplied",0,4,4,4,4,,,FALSE,2.39402038479457,0.441917044856377,1.38875762071578,0.318210347338082,2.38487233338287,169.304941416646,527.794339336469,0.320778244096919,,,,,,,,,,,,,,,TRUE,10,"Factors: fixed measurement parameters",
0.543463559147852,0.0777508448596816,0.391074703455315,0.695852414840389,0,"Oracle: true predictors",,,,,,,,,,,,,,,,,,,,,,,,,,,,,,,,,,,,,,,,,,,,,,,,,,TRUE,11,"Stress: pooled residual variance",2.14801503389495
0.350672121996447,0.0582729102307451,0.236459316669851,0.464884927323043,0,"Likelihood-only / naive OLS",,,,,,,,,,,,,,,,,,,,,,,,,,,,,,,,,,,,,,,,,,,,,,,,,,FALSE,11,"Stress: pooled residual variance",2.14801503389495
0.52333168827452,0.097856187393198,0.331537085319449,0.71512629122959,0,"Conditional posterior mean / naive OLS",,,,,,,,,,,,,,,,,,,,,,,,,,,,,,,,,,,,,,,,,,,,,,,,,,TRUE,11,"Stress: pooled residual variance",2.14801503389495
0.504783124274053,0.093637295428799,0.32125739762387,0.688308850924236,0,"REPAIR / stabilized","stabilized",0.504783124274053,0.093637295428799,"ok","ok",2.51409734741029,2.54880046486746,,0.535514142936757,0.567454498572635,0.638242617399361,0.986666666666667,0.986666666666667,,1,1,"modified","modified","supplied",0,4,4,4,4,,,FALSE,6.08375342567828,0.330953012514477,2.19472844641153,0.150794515401484,6.13333210619282,163.587028759592,1091.13365013562,0.149923915131075,,,,,,,,,,,,,,,TRUE,11,"Stress: pooled residual variance",2.14801503389495
0.504745141554991,0.0944154594370539,0.319694241474563,0.689796041635419,0,"REPAIR / fuller_equations","fuller_equations",0.504745141554991,0.0944154594370539,"ok","ok",2.51409734741029,2.54913369722713,,0.535516510912189,0.567784244263911,0.639315649982033,0.986666666666667,0.986666666666667,,1,1,"fuller","fuller","supplied",0,4,4,4,4,,,FALSE,6.12457442328404,0.328347262885586,2.19472844641153,0.14960723884654,6.13380313115674,163.391801351308,1089.8914547795,0.149915664201959,,,,,,,,,,,,,,,TRUE,11,"Stress: pooled residual variance",2.14801503389495
0.641431817187061,0.0519278647996489,0.539655072385684,0.743208561988438,0,"Oracle: true predictors",,,,,,,,,,,,,,,,,,,,,,,,,,,,,,,,,,,,,,,,,,,,,,,,,,TRUE,11,"Factors: fixed measurement parameters",
0.457091474184366,0.0480384405062178,0.362937860918709,0.551245087450023,0,"Likelihood-only / naive OLS",,,,,,,,,,,,,,,,,,,,,,,,,,,,,,,,,,,,,,,,,,,,,,,,,,FALSE,11,"Factors: fixed measurement parameters",
0.579948735263372,0.0653697706043002,0.451826339201298,0.708071131325445,0,"Conditional posterior mean / naive OLS",,,,,,,,,,,,,,,,,,,,,,,,,,,,,,,,,,,,,,,,,,,,,,,,,,TRUE,11,"Factors: fixed measurement parameters",
0.575749173153828,0.0673609326302112,0.443724171233585,0.707774175074071,0,"REPAIR / stabilized","stabilized",0.575749173153828,0.0673609326302112,"ok","ok",2.8427220661227,2.84307174395059,,0.70667528326122,0.838052499928255,0.845748212217413,0.986666666666667,0.986666666666667,,1,1,"modified","modified","supplied",0,4,4,4,4,,,FALSE,2.54416992108963,0.485895545756736,1.5617835457947,0.311115805429677,2.54416296787045,173.521961543552,557.735308650844,0.311118838725308,,,,,,,,,,,,,,,TRUE,11,"Factors: fixed measurement parameters",
0.575750843573606,0.0677545153583168,0.442954433681339,0.708547253465872,0,"REPAIR / fuller_equations","fuller_equations",0.575750843573606,0.0677545153583168,"ok","ok",2.8427220661227,2.84307391818369,,0.706678493032476,0.838991392821299,0.84674408230614,0.986666666666667,0.986666666666667,,1,1,"fuller","fuller","supplied",0,4,4,4,4,,,FALSE,2.55332754692796,0.482431603680348,1.5617835457947,0.308897865507263,2.54416292550133,173.325197071125,557.102833505059,0.311118857501828,,,,,,,,,,,,,,,TRUE,11,"Factors: fixed measurement parameters",
0.669012712537071,0.083235789587118,0.505873562721565,0.832151862352576,0,"Oracle: true predictors",,,,,,,,,,,,,,,,,,,,,,,,,,,,,,,,,,,,,,,,,,,,,,,,,,TRUE,12,"Stress: pooled residual variance",2.29312535929544
0.369082666203552,0.0640432798130406,0.243560144318172,0.494605188088933,0,"Likelihood-only / naive OLS",,,,,,,,,,,,,,,,,,,,,,,,,,,,,,,,,,,,,,,,,,,,,,,,,,FALSE,12,"Stress: pooled residual variance",2.29312535929544
0.579260309143032,0.105971560235973,0.371559867695008,0.786960750591055,0,"Conditional posterior mean / naive OLS",,,,,,,,,,,,,,,,,,,,,,,,,,,,,,,,,,,,,,,,,,,,,,,,,,TRUE,12,"Stress: pooled residual variance",2.29312535929544
0.564662007784777,0.107321353719571,0.354316019722333,0.77500799584722,0,"REPAIR / stabilized","stabilized",0.564662007784777,0.107321353719571,"ok","ok",2.34002023951345,2.38705844253377,,0.623622906691771,0.667349850184823,0.763793120969407,0.986666666666667,0.986666666666667,,1,1,"modified","modified","supplied",0,4,4,4,4,,,FALSE,5.44404432182408,0.320726303187242,1.93896807138803,0.165410822344097,5.503532229524,134.668236657222,819.637283810667,0.164302233826066,,,,,,,,,,,,,,,TRUE,12,"Stress: pooled residual variance",2.29312535929544
0.564692795509654,0.108315511865811,0.352398293285644,0.776987297733664,0,"REPAIR / fuller_equations","fuller_equations",0.564692795509654,0.108315511865811,"ok","ok",2.34002023951345,2.38756324555212,,0.623626576249596,0.667861282289197,0.765453697307439,0.986666666666667,0.986666666666667,,1,1,"fuller","fuller","supplied",0,4,4,4,4,,,FALSE,5.48362444909439,0.317936057077553,1.93896807138803,0.163971785698335,5.50415305450004,134.472708711854,818.504541774772,0.164290730043202,,,,,,,,,,,,,,,TRUE,12,"Stress: pooled residual variance",2.29312535929544
0.64537573462742,0.0481761222891561,0.550952270025877,0.739799199228963,0,"Oracle: true predictors",,,,,,,,,,,,,,,,,,,,,,,,,,,,,,,,,,,,,,,,,,,,,,,,,,TRUE,12,"Factors: fixed measurement parameters",
0.523652235862528,0.0449985084863071,0.435456779871346,0.611847691853709,0,"Likelihood-only / naive OLS",,,,,,,,,,,,,,,,,,,,,,,,,,,,,,,,,,,,,,,,,,,,,,,,,,TRUE,12,"Factors: fixed measurement parameters",
0.675566953570409,0.0609998917485229,0.556009362682462,0.795124544458355,0,"Conditional posterior mean / naive OLS",,,,,,,,,,,,,,,,,,,,,,,,,,,,,,,,,,,,,,,,,,,,,,,,,,TRUE,12,"Factors: fixed measurement parameters",
0.663511416634483,0.0614384267787251,0.543094312881381,0.783928520387586,0,"REPAIR / stabilized","stabilized",0.663511416634483,0.0614384267787251,"ok","ok",2.96460119423289,2.9649227467589,,0.647484351354187,0.791780332080278,0.795388786724787,0.986666666666667,0.986666666666667,,1,1,"modified","modified","supplied",0,4,4,4,4,,,FALSE,2.22213167321001,0.558240133103437,1.56485484232308,0.356736048613118,2.22263306753257,211.223768165538,592.228220678814,0.356659410663396,,,,,,,,,,,,,,,TRUE,12,"Factors: fixed measurement parameters",
0.663510470030951,0.0617584291361217,0.542466173182383,0.784554766879518,0,"REPAIR / fuller_equations","fuller_equations",0.663510470030951,0.0617584291361217,"ok","ok",2.96460119423289,2.96492407193129,,0.647487827671253,0.792807702117134,0.796435812970274,0.986666666666667,0.986666666666667,,1,1,"fuller","fuller","supplied",0,4,4,4,4,,,FALSE,2.22819207576513,0.55475767888088,1.56485484232308,0.354510631834276,2.22263513886555,210.948858390184,591.457954844854,0.356659094128708,,,,,,,,,,,,,,,TRUE,12,"Factors: fixed measurement parameters",
0.729743988169756,0.0755668972724264,0.581635591092363,0.87785238524715,0,"Oracle: true predictors",,,,,,,,,,,,,,,,,,,,,,,,,,,,,,,,,,,,,,,,,,,,,,,,,,TRUE,13,"Stress: pooled residual variance",2.2294999385748
0.515232007073019,0.059517153506478,0.398580529737981,0.631883484408058,0,"Likelihood-only / naive OLS",,,,,,,,,,,,,,,,,,,,,,,,,,,,,,,,,,,,,,,,,,,,,,,,,,TRUE,13,"Stress: pooled residual variance",2.2294999385748
0.802562997944953,0.0968685020181615,0.612704222753011,0.992421773136895,0,"Conditional posterior mean / naive OLS",,,,,,,,,,,,,,,,,,,,,,,,,,,,,,,,,,,,,,,,,,,,,,,,,,FALSE,13,"Stress: pooled residual variance",2.2294999385748
0.783169820884626,0.100293549663874,0.586598075661755,0.979741566107498,0,"REPAIR / stabilized","stabilized",0.783169820884626,0.100293549663874,"ok","ok",2.16140577965756,2.24586482962776,,0.515372621788909,0.577983680248102,0.720421972047207,0.986666666666667,0.986666666666667,,1,1,"modified","modified","supplied",0,4,4,4,4,,,FALSE,6.01722917192248,0.323223714727852,2.13201165889968,0.15160504089113,6.01013132832452,151.188422673115,991.345319434479,0.152508333583863,,,,,,,,,,,,,,,TRUE,13,"Stress: pooled residual variance",2.2294999385748
0.783111160667311,0.101233064577469,0.584698000050855,0.981524321283767,0,"REPAIR / fuller_equations","fuller_equations",0.783111160667311,0.101233064577469,"ok","ok",2.16140577965756,2.24686829634302,,0.515379021623969,0.578868184508466,0.723321964443774,0.986666666666667,0.986666666666667,,1,1,"fuller","fuller","supplied",0,4,4,4,4,,,FALSE,6.06038880904334,0.320504741870864,2.13201165889968,0.150329732266227,6.01006047324062,150.79029171963,988.670148724575,0.152518301391172,,,,,,,,,,,,,,,TRUE,13,"Stress: pooled residual variance",2.2294999385748
0.575131779169015,0.0566345653141939,0.464130070873114,0.686133487464917,0,"Oracle: true predictors",,,,,,,,,,,,,,,,,,,,,,,,,,,,,,,,,,,,,,,,,,,,,,,,,,TRUE,13,"Factors: fixed measurement parameters",
0.427459815462712,0.0514225182933765,0.326673531613342,0.528246099312082,0,"Likelihood-only / naive OLS",,,,,,,,,,,,,,,,,,,,,,,,,,,,,,,,,,,,,,,,,,,,,,,,,,FALSE,13,"Factors: fixed measurement parameters",
0.544015185050277,0.0700798240094901,0.406661253948771,0.681369116151783,0,"Conditional posterior mean / naive OLS",,,,,,,,,,,,,,,,,,,,,,,,,,,,,,,,,,,,,,,,,,,,,,,,,,TRUE,13,"Factors: fixed measurement parameters",
0.556124625800768,0.0759456332395097,0.407273919868241,0.704975331733295,0,"REPAIR / stabilized","stabilized",0.556124625800768,0.0759456332395097,"ok","ok",2.53317589138874,2.53380098795081,,0.743674798469571,0.859167582788604,0.864796106129318,0.986666666666667,0.986666666666667,,1,1,"modified","modified","supplied",0,4,4,4,4,,,FALSE,2.75305826822703,0.404624733572926,1.44014990083584,0.280960150980179,2.75364109715843,141.078689002288,502.184307255475,0.280930102681439,,,,,,,,,,,,,,,TRUE,13,"Factors: fixed measurement parameters",
0.556125223289157,0.0764777389126457,0.406231609401314,0.706018837177,0,"REPAIR / fuller_equations","fuller_equations",0.556125223289157,0.0764777389126457,"ok","ok",2.53317589138874,2.5338046272544,,0.743677937434526,0.860089539390095,0.865757117688065,0.986666666666667,0.986666666666667,,1,1,"fuller","fuller","supplied",0,4,4,4,4,,,FALSE,2.76579206996264,0.401169608571504,1.44014990083584,0.278561008363555,2.75364449638531,140.926263160403,501.642044566886,0.280929927398884,,,,,,,,,,,,,,,TRUE,13,"Factors: fixed measurement parameters",
0.52309853015353,0.0855773184459017,0.355370068106048,0.690826992201013,0,"Oracle: true predictors",,,,,,,,,,,,,,,,,,,,,,,,,,,,,,,,,,,,,,,,,,,,,,,,,,TRUE,14,"Stress: pooled residual variance",2.21791704491204
0.391967760033517,0.0695659622681907,0.255620979437991,0.528314540629043,0,"Likelihood-only / naive OLS",,,,,,,,,,,,,,,,,,,,,,,,,,,,,,,,,,,,,,,,,,,,,,,,,,FALSE,14,"Stress: pooled residual variance",2.21791704491204
0.601902184464697,0.113304786578056,0.37982888349571,0.823975485433685,0,"Conditional posterior mean / naive OLS",,,,,,,,,,,,,,,,,,,,,,,,,,,,,,,,,,,,,,,,,,,,,,,,,,TRUE,14,"Stress: pooled residual variance",2.21791704491204
0.637395178705732,0.129549157254484,0.383483496259428,0.891306861152037,0,"REPAIR / stabilized","stabilized",0.637395178705732,0.129549157254484,"ok","ok",2.0369941027009,2.08701002106235,,0.632541900441775,0.679907529769273,0.785917093299516,0.986666666666667,0.986666666666667,,1,1,"modified","modified","supplied",0,4,4,4,4,,,FALSE,7.04027156257247,0.233205966480372,1.82886765177972,0.127513856048268,7.02310504279601,96.5938620173122,752.531003829469,0.128358647717857,,,,,,,,,,,,,,,TRUE,14,"Stress: pooled residual variance",2.21791704491204
0.637363535225464,0.131094854206071,0.380422342423036,0.894304728027892,0,"REPAIR / fuller_equations","fuller_equations",0.637363535225464,0.131094854206071,"ok","ok",2.0369941027009,2.08770484009307,,0.632547129880293,0.68062979884839,0.788282667198402,0.986666666666667,0.986666666666667,,1,1,"fuller","fuller","supplied",0,4,4,4,4,,,FALSE,7.11155313529243,0.23051316321329,1.82886765177972,0.126041467784162,7.02287843402387,96.4129020409813,751.05526303652,0.128369917349602,,,,,,,,,,,,,,,TRUE,14,"Stress: pooled residual variance",2.21791704491204
0.646226641723874,0.0501279817947978,0.547977602788391,0.744475680659357,0,"Oracle: true predictors",,,,,,,,,,,,,,,,,,,,,,,,,,,,,,,,,,,,,,,,,,,,,,,,,,TRUE,14,"Factors: fixed measurement parameters",
0.527601483896099,0.0478402883562575,0.433836241707823,0.621366726084374,0,"Likelihood-only / naive OLS",,,,,,,,,,,,,,,,,,,,,,,,,,,,,,,,,,,,,,,,,,,,,,,,,,TRUE,14,"Factors: fixed measurement parameters",
0.677995307150592,0.0652323253358099,0.550142298864605,0.805848315436579,0,"Conditional posterior mean / naive OLS",,,,,,,,,,,,,,,,,,,,,,,,,,,,,,,,,,,,,,,,,,,,,,,,,,TRUE,14,"Factors: fixed measurement parameters",
0.692933192933859,0.0715602400286615,0.552677699752641,0.833188686115077,0,"REPAIR / stabilized","stabilized",0.692933192933859,0.0715602400286615,"ok","ok",2.50762010717698,2.50783898898922,,0.610390338599491,0.768195526244218,0.772219343050837,0.986666666666667,0.986666666666667,,1,1,"modified","modified","supplied",0,4,4,4,4,,,FALSE,2.84894695943209,0.424367421435664,1.53623695589543,0.27623825856234,2.84915378365281,165.47252167474,599.07329017298,0.276214153408442,,,,,,,,,,,,,,,TRUE,14,"Factors: fixed measurement parameters",
0.692933112002728,0.0720790998725722,0.55166067221442,0.834205551791035,0,"REPAIR / fuller_equations","fuller_equations",0.692933112002728,0.0720790998725722,"ok","ok",2.50762010717698,2.50783904864921,,0.610394612374703,0.769461766316916,0.773493320275797,0.986666666666667,0.986666666666667,,1,1,"fuller","fuller","supplied",0,4,4,4,4,,,FALSE,2.86172559635047,0.420928101871501,1.53623695589543,0.273999463595871,2.84915384012616,165.200148045581,598.087208578179,0.276214146827029,,,,,,,,,,,,,,,TRUE,14,"Factors: fixed measurement parameters",
0.667381366388657,0.0800535209479089,0.510479348495133,0.824283384282182,0,"Oracle: true predictors",,,,,,,,,,,,,,,,,,,,,,,,,,,,,,,,,,,,,,,,,,,,,,,,,,TRUE,15,"Stress: pooled residual variance",2.27409324318958
0.442046061149051,0.0693238529002625,0.306173806194984,0.577918316103118,0,"Likelihood-only / naive OLS",,,,,,,,,,,,,,,,,,,,,,,,,,,,,,,,,,,,,,,,,,,,,,,,,,FALSE,15,"Stress: pooled residual variance",2.27409324318958
0.624421727442381,0.111668901401264,0.40555470250275,0.843288752382012,0,"Conditional posterior mean / naive OLS",,,,,,,,,,,,,,,,,,,,,,,,,,,,,,,,,,,,,,,,,,,,,,,,,,TRUE,15,"Stress: pooled residual variance",2.27409324318958
0.745561154119454,0.140905209710373,0.469392017853059,1.02173029038585,0,"REPAIR / stabilized","stabilized",0.745561154119454,0.140905209710373,"ok","ok",1.82015889524102,1.91850377394796,,0.551922377810176,0.621061088784679,0.776660246048935,0.986666666666667,0.986666666666667,,1,1,"modified","modified","supplied",0,4,4,4,4,,,FALSE,9.60649991892818,0.21552718783566,2.26218468416773,0.0952739134625309,9.46803758492212,95.917156045709,986.798520179035,0.0972003444313099,,,,,,,,,,,,,,,TRUE,15,"Stress: pooled residual variance",2.27409324318958
0.745002523339281,0.142894728698613,0.464934001509377,1.02507104516918,0,"REPAIR / fuller_equations","fuller_equations",0.745002523339281,0.142894728698613,"ok","ok",1.82015889524102,1.92012038647141,,0.55193211693943,0.622399579485344,0.781056479895408,0.986666666666667,0.986666666666667,,1,1,"fuller","fuller","supplied",0,4,4,4,4,,,FALSE,9.71900866763617,0.21276569878807,2.26218468416773,0.0940531956904955,9.46596878794698,95.596934860975,983.205906722401,0.097229821553509,,,,,,,,,,,,,,,TRUE,15,"Stress: pooled residual variance",2.27409324318958
0.709043001497729,0.0498088140521825,0.611419519842798,0.806666483152659,0,"Oracle: true predictors",,,,,,,,,,,,,,,,,,,,,,,,,,,,,,,,,,,,,,,,,,,,,,,,,,FALSE,15,"Factors: fixed measurement parameters",
0.590529761526332,0.0457903812261264,0.500782263484766,0.680277259567899,0,"Likelihood-only / naive OLS",,,,,,,,,,,,,,,,,,,,,,,,,,,,,,,,,,,,,,,,,,,,,,,,,,TRUE,15,"Factors: fixed measurement parameters",
0.76431242233203,0.0616725651914126,0.643436415722662,0.885188428941397,0,"Conditional posterior mean / naive OLS",,,,,,,,,,,,,,,,,,,,,,,,,,,,,,,,,,,,,,,,,,,,,,,,,,FALSE,15,"Factors: fixed measurement parameters",
0.766898706896454,0.0636692804424714,0.642109210307629,0.891688203485278,0,"REPAIR / stabilized","stabilized",0.766898706896454,0.0636692804424714,"ok","ok",2.57181472464249,2.57227380479849,,0.606432005803423,0.797642618578281,0.80215621782994,0.986666666666667,0.986666666666667,,1,1,"modified","modified","supplied",0,4,4,4,4,,,FALSE,1.90875253200697,0.538284497901381,1.34677698482234,0.399683469473893,1.90988007962181,202.107797842067,505.933426452633,0.399475083627409,,,,,,,,,,,,,,,FALSE,15,"Factors: fixed measurement parameters",
0.76689918250262,0.0640210864121604,0.64142015888366,0.892378206121581,0,"REPAIR / fuller_equations","fuller_equations",0.76689918250262,0.0640210864121604,"ok","ok",2.57181472464249,2.57227727819995,,0.606437386105443,0.799228512523346,0.803785542458049,0.986666666666667,0.986666666666667,,1,1,"fuller","fuller","supplied",0,4,4,4,4,,,FALSE,1.9134329127181,0.534722292115822,1.34677698482234,0.39703848383358,1.90988863951691,201.704147046544,504.924971897244,0.399473502545627,,,,,,,,,,,,,,,FALSE,15,"Factors: fixed measurement parameters",
0.71782360313067,0.0871491275176747,0.547014451911939,0.888632754349401,0,"Oracle: true predictors",,,,,,,,,,,,,,,,,,,,,,,,,,,,,,,,,,,,,,,,,,,,,,,,,,TRUE,16,"Stress: pooled residual variance",2.30588251438509
0.4340130358215,0.0774297175066899,0.282253578175278,0.585772493467723,0,"Likelihood-only / naive OLS",,,,,,,,,,,,,,,,,,,,,,,,,,,,,,,,,,,,,,,,,,,,,,,,,,FALSE,16,"Stress: pooled residual variance",2.30588251438509
0.718144048280621,0.127180472582845,0.46887490248146,0.967413194079782,0,"Conditional posterior mean / naive OLS",,,,,,,,,,,,,,,,,,,,,,,,,,,,,,,,,,,,,,,,,,,,,,,,,,TRUE,16,"Stress: pooled residual variance",2.30588251438509
0.799061336910797,0.160070806062759,0.485328322051492,1.1127943517701,0,"REPAIR / stabilized","stabilized",0.799061336910797,0.160070806062759,"ok","ok",1.84314554359943,1.89191124933748,,0.735164960460917,0.800128382644156,0.948061709409745,0.986666666666667,0.986666666666667,,1,1,"modified","modified","supplied",0,4,4,4,4,,,FALSE,9.7471391096128,0.216425306782639,2.30361444066912,0.0939503169288062,9.54394488865623,76.3689729373321,793.085289807104,0.0962935183880497,,,,,,,,,,,,,,,TRUE,16,"Stress: pooled residual variance",2.30588251438509
0.79918513661345,0.162422100925779,0.480843668505593,1.11752660472131,0,"REPAIR / fuller_equations","fuller_equations",0.79918513661345,0.162422100925779,"ok","ok",1.84314554359943,1.89288310349757,,0.735175767229031,0.801614315880997,0.952934914469892,0.986666666666667,0.986666666666667,,1,1,"fuller","fuller","supplied",0,4,4,4,4,,,FALSE,9.86282042931978,0.213620979185042,2.30361444066912,0.0927329571362611,9.54013371134096,76.1431126719713,790.369719795753,0.0963386004864257,,,,,,,,,,,,,,,TRUE,16,"Stress: pooled residual variance",2.30588251438509
0.554077331452515,0.0460330100666628,0.463854289621886,0.644300373283144,0,"Oracle: true predictors",,,,,,,,,,,,,,,,,,,,,,,,,,,,,,,,,,,,,,,,,,,,,,,,,,TRUE,16,"Factors: fixed measurement parameters",
0.503171867767655,0.0446888895419755,0.415583253756295,0.590760481779016,0,"Likelihood-only / naive OLS",,,,,,,,,,,,,,,,,,,,,,,,,,,,,,,,,,,,,,,,,,,,,,,,,,FALSE,16,"Factors: fixed measurement parameters",
0.6372335351066,0.0611282512382938,0.517424364241628,0.757042705971572,0,"Conditional posterior mean / naive OLS",,,,,,,,,,,,,,,,,,,,,,,,,,,,,,,,,,,,,,,,,,,,,,,,,,TRUE,16,"Factors: fixed measurement parameters",
0.616672646238309,0.0634296969596308,0.492352724647143,0.740992567829476,0,"REPAIR / stabilized","stabilized",0.616672646238309,0.0634296969596308,"ok","ok",2.82252642412541,2.82325152148617,,0.603941874209223,0.756512739302772,0.765737494252662,0.986666666666667,0.986666666666667,,1,1,"modified","modified","supplied",0,4,4,4,4,,,FALSE,3.17056019958052,0.477789971723399,1.84157808791479,0.259445947396343,3.16613202917761,188.939120987961,727.356984094184,0.259761197210826,,,,,,,,,,,,,,,TRUE,16,"Factors: fixed measurement parameters",
0.616673457920722,0.0638211178121503,0.49158636555582,0.741760550285625,0,"REPAIR / fuller_equations","fuller_equations",0.616673457920722,0.0638211178121503,"ok","ok",2.82252642412541,2.82325450308479,,0.603944981678362,0.75742358269833,0.766698128461093,0.986666666666667,0.986666666666667,,1,1,"fuller","fuller","supplied",0,4,4,4,4,,,FALSE,3.18429247886967,0.474343745963006,1.84157808791479,0.257574603583659,3.16611366067001,188.709714163208,726.470177407556,0.259762506475666,,,,,,,,,,,,,,,TRUE,16,"Factors: fixed measurement parameters",
0.66606209259108,0.0891928335035981,0.491247351244951,0.84087683393721,0,"Oracle: true predictors",,,,,,,,,,,,,,,,,,,,,,,,,,,,,,,,,,,,,,,,,,,,,,,,,,TRUE,17,"Stress: pooled residual variance",2.25943240826935
0.482832527364384,0.0675670943687778,0.350403455861561,0.615261598867208,0,"Likelihood-only / naive OLS",,,,,,,,,,,,,,,,,,,,,,,,,,,,,,,,,,,,,,,,,,,,,,,,,,TRUE,17,"Stress: pooled residual variance",2.25943240826935
0.771182756238381,0.112646245536402,0.550400171993377,0.991965340483385,0,"Conditional posterior mean / naive OLS",,,,,,,,,,,,,,,,,,,,,,,,,,,,,,,,,,,,,,,,,,,,,,,,,,TRUE,17,"Stress: pooled residual variance",2.25943240826935
0.761797011797984,0.119205276142649,0.52815896379124,0.995435059804729,0,"REPAIR / stabilized","stabilized",0.761797011797984,0.119205276142649,"ok","ok",2.13415269048985,2.18686969479449,,0.653908258954588,0.71461886764394,0.85236191682136,0.986666666666667,0.986666666666667,,1,1,"modified","modified","supplied",0,4,4,4,4,,,FALSE,6.75334773943308,0.283473883718656,2.10462495009575,0.134690926146133,6.80061218439575,108.753849179542,809.722912105793,0.134309956595786,,,,,,,,,,,,,,,TRUE,17,"Stress: pooled residual variance",2.25943240826935
0.76178762465796,0.120461561979566,0.525687301656571,0.997887947659349,0,"REPAIR / fuller_equations","fuller_equations",0.76178762465796,0.120461561979566,"ok","ok",2.13415269048985,2.18757132402177,,0.653914938556333,0.715541264318685,0.85538656075308,0.986666666666667,0.986666666666667,,1,1,"fuller","fuller","supplied",0,4,4,4,4,,,FALSE,6.81028250600923,0.280726640175246,2.10462495009575,0.133385589751977,6.80121651998482,108.494174396509,807.818728446602,0.134305099121852,,,,,,,,,,,,,,,TRUE,17,"Stress: pooled residual variance",2.25943240826935
0.645415481442713,0.0504307712837938,0.5465729860139,0.744257976871526,0,"Oracle: true predictors",,,,,,,,,,,,,,,,,,,,,,,,,,,,,,,,,,,,,,,,,,,,,,,,,,TRUE,17,"Factors: fixed measurement parameters",
0.532039344123165,0.0459453411367188,0.44198813023779,0.622090558008541,0,"Likelihood-only / naive OLS",,,,,,,,,,,,,,,,,,,,,,,,,,,,,,,,,,,,,,,,,,,,,,,,,,TRUE,17,"Factors: fixed measurement parameters",
0.687522732352264,0.0625065591649024,0.565012127591534,0.810033337112995,0,"Conditional posterior mean / naive OLS",,,,,,,,,,,,,,,,,,,,,,,,,,,,,,,,,,,,,,,,,,,,,,,,,,TRUE,17,"Factors: fixed measurement parameters",
0.696347896144199,0.0673015993479868,0.564439185320201,0.828256606968198,0,"REPAIR / stabilized","stabilized",0.696347896144199,0.0673015993479868,"ok","ok",2.53976678823178,2.54049520916124,,0.582367335332428,0.736792885990461,0.739794534242905,0.986666666666667,0.986666666666667,,1,1,"modified","modified","supplied",0,4,4,4,4,,,FALSE,2.6283662607265,0.441756157446517,1.48682954808128,0.297112845259629,2.62793978022135,179.74811438108,604.854009326721,0.297176031917458,,,,,,,,,,,,,,,TRUE,17,"Factors: fixed measurement parameters",
0.696347812056495,0.0677580768800721,0.563544421709858,0.829151202403133,0,"REPAIR / fuller_equations","fuller_equations",0.696347812056495,0.0677580768800721,"ok","ok",2.53976678823178,2.54049560412037,,0.582371529958045,0.738036005982503,0.741044353981394,0.986666666666667,0.986666666666667,,1,1,"fuller","fuller","supplied",0,4,4,4,4,,,FALSE,2.63909481890068,0.438294231210088,1.48682954808128,0.294784450427217,2.62793954905652,179.445287593089,603.834924874758,0.297176066174556,,,,,,,,,,,,,,,TRUE,17,"Factors: fixed measurement parameters",
0.549677808159375,0.0740217875143555,0.404597770559961,0.694757845758788,0,"Oracle: true predictors",,,,,,,,,,,,,,,,,,,,,,,,,,,,,,,,,,,,,,,,,,,,,,,,,,TRUE,18,"Stress: pooled residual variance",2.2956552668373
0.329726636785041,0.0639843242279069,0.20431966572321,0.455133607846872,0,"Likelihood-only / naive OLS",,,,,,,,,,,,,,,,,,,,,,,,,,,,,,,,,,,,,,,,,,,,,,,,,,FALSE,18,"Stress: pooled residual variance",2.2956552668373
0.507328705574504,0.103403404577954,0.30466175672289,0.709995654426118,0,"Conditional posterior mean / naive OLS",,,,,,,,,,,,,,,,,,,,,,,,,,,,,,,,,,,,,,,,,,,,,,,,,,TRUE,18,"Stress: pooled residual variance",2.2956552668373
0.517066416409308,0.11304951482905,0.295493438874643,0.738639393943972,0,"REPAIR / stabilized","stabilized",0.517066416409308,0.11304951482905,"ok","ok",2.16723871802003,2.22071024365113,,0.595344388791134,0.6283726141537,0.702094295199715,0.986666666666667,0.986666666666667,,1,1,"modified","modified","supplied",0,4,4,4,4,,,FALSE,8.10878044741315,0.267479556499131,2.36162598806201,0.113260760955053,7.97693710085655,122.927284830787,1065.3130530187,0.115390761882113,,,,,,,,,,,,,,,TRUE,18,"Stress: pooled residual variance",2.2956552668373
0.517049455077173,0.114243683573976,0.293135949810989,0.740962960343356,0,"REPAIR / fuller_equations","fuller_equations",0.517049455077173,0.114243683573976,"ok","ok",2.16723871802003,2.22138275735082,,0.595347587297245,0.628814494664093,0.70354252786861,0.986666666666667,0.986666666666667,,1,1,"fuller","fuller","supplied",0,4,4,4,4,,,FALSE,8.18469581125801,0.264680521873669,2.36162598806201,0.112075545921169,7.97535406822117,122.7857143298,1063.84586361848,0.115416827313843,,,,,,,,,,,,,,,TRUE,18,"Stress: pooled residual variance",2.2956552668373
0.520789523026758,0.0537159443841626,0.415508206638243,0.626070839415273,0,"Oracle: true predictors",,,,,,,,,,,,,,,,,,,,,,,,,,,,,,,,,,,,,,,,,,,,,,,,,,TRUE,18,"Factors: fixed measurement parameters",
0.381216903970801,0.0495425266648491,0.284115336004581,0.47831847193702,0,"Likelihood-only / naive OLS",,,,,,,,,,,,,,,,,,,,,,,,,,,,,,,,,,,,,,,,,,,,,,,,,,FALSE,18,"Factors: fixed measurement parameters",
0.4761630661816,0.0671145104282814,0.34462104290213,0.607705089461069,0,"Conditional posterior mean / naive OLS",,,,,,,,,,,,,,,,,,,,,,,,,,,,,,,,,,,,,,,,,,,,,,,,,,TRUE,18,"Factors: fixed measurement parameters",
0.502759783970787,0.0739686820351314,0.357783831198035,0.64773573674354,0,"REPAIR / stabilized","stabilized",0.502759783970787,0.0739686820351314,"ok","ok",2.71558451749956,2.71627494033109,,0.635996464653329,0.750984492193237,0.760040672409086,0.986666666666667,0.986666666666667,,1,1,"modified","modified","supplied",0,4,4,4,4,,,FALSE,2.36536141238259,0.446740693161513,1.38529748262033,0.322487190488854,2.36459363250249,177.945469296805,551.613170595487,0.322591045287599,,,,,,,,,,,,,,,TRUE,18,"Factors: fixed measurement parameters",
0.502757790477655,0.0744934981919705,0.356753216938993,0.648762364016317,0,"REPAIR / fuller_equations","fuller_equations",0.502757790477655,0.0744934981919705,"ok","ok",2.71558451749956,2.71627951141377,,0.635999819723327,0.751962015373804,0.761090592091885,0.986666666666667,0.986666666666667,,1,1,"fuller","fuller","supplied",0,4,4,4,4,,,FALSE,2.3735919809444,0.443321251460792,1.38529748262033,0.320018809694389,2.36458854771639,177.710740007793,550.884358365938,0.322591733290319,,,,,,,,,,,,,,,TRUE,18,"Factors: fixed measurement parameters",
0.643430266578408,0.0765064082997388,0.493480461724404,0.793380071432413,0,"Oracle: true predictors",,,,,,,,,,,,,,,,,,,,,,,,,,,,,,,,,,,,,,,,,,,,,,,,,,TRUE,19,"Stress: pooled residual variance",2.30218461238238
0.393125546595421,0.0693406165747437,0.257220435443122,0.52903065774772,0,"Likelihood-only / naive OLS",,,,,,,,,,,,,,,,,,,,,,,,,,,,,,,,,,,,,,,,,,,,,,,,,,FALSE,19,"Stress: pooled residual variance",2.30218461238238
0.605113210703909,0.112748143965488,0.384130909207815,0.826095512200003,0,"Conditional posterior mean / naive OLS",,,,,,,,,,,,,,,,,,,,,,,,,,,,,,,,,,,,,,,,,,,,,,,,,,TRUE,19,"Stress: pooled residual variance",2.30218461238238
0.667625509894966,0.130794031863553,0.411273918049617,0.923977101740314,0,"REPAIR / stabilized","stabilized",0.667625509894966,0.130794031863553,"ok","ok",2.00308292422971,2.06309055744859,,0.633280903446288,0.68292458626229,0.795222207960648,0.986666666666667,0.986666666666667,,1,1,"modified","modified","supplied",0,4,4,4,4,,,FALSE,7.8093908274301,0.252779534474429,2.16718010346283,0.116639837210818,7.74364908714451,104.254861815746,883.153589992649,0.118048392711186,,,,,,,,,,,,,,,TRUE,19,"Stress: pooled residual variance",2.30218461238238
0.667518044095726,0.132384190883111,0.408049797842353,0.926986290349099,0,"REPAIR / fuller_equations","fuller_equations",0.667518044095726,0.132384190883111,"ok","ok",2.00308292422971,2.06408342267003,,0.633287555085588,0.683841774389204,0.798228165496109,0.986666666666667,0.986666666666667,,1,1,"fuller","fuller","supplied",0,4,4,4,4,,,FALSE,7.88669647652873,0.249970940119788,2.16718010346283,0.115343869999716,7.74263024694923,104.014756009095,880.953913864386,0.118070598668237,,,,,,,,,,,,,,,TRUE,19,"Stress: pooled residual variance",2.30218461238238
0.597352184695657,0.0501479194308546,0.499064068711565,0.695640300679748,0,"Oracle: true predictors",,,,,,,,,,,,,,,,,,,,,,,,,,,,,,,,,,,,,,,,,,,,,,,,,,TRUE,19,"Factors: fixed measurement parameters",
0.476900472286355,0.048722948291837,0.381405248413748,0.572395696158963,0,"Likelihood-only / naive OLS",,,,,,,,,,,,,,,,,,,,,,,,,,,,,,,,,,,,,,,,,,,,,,,,,,FALSE,19,"Factors: fixed measurement parameters",
0.614095037003232,0.0666773541676752,0.483409824250167,0.744780249756297,0,"Conditional posterior mean / naive OLS",,,,,,,,,,,,,,,,,,,,,,,,,,,,,,,,,,,,,,,,,,,,,,,,,,TRUE,19,"Factors: fixed measurement parameters",
0.629463640291601,0.0746925278284743,0.483068975833536,0.775858304749666,0,"REPAIR / stabilized","stabilized",0.629463640291601,0.0746925278284743,"ok","ok",2.33398592566242,2.33417175405793,,0.639894922130267,0.769365553730837,0.77254778626444,0.986666666666667,0.986666666666667,,1,1,"modified","modified","supplied",0,4,4,4,4,,,FALSE,3.21039994415446,0.360952651680487,1.48446649470495,0.243153114582239,3.21073414514564,140.616506476183,578.331453602623,0.243141723660774,,,,,,,,,,,,,,,TRUE,19,"Factors: fixed measurement parameters",
0.629463646662191,0.0752906258220443,0.481896731677503,0.777030561646879,0,"REPAIR / fuller_equations","fuller_equations",0.629463646662191,0.0752906258220443,"ok","ok",2.33398592566242,2.33417178033846,,0.6398985089225,0.770428525916088,0.773615607552517,0.986666666666667,0.986666666666667,,1,1,"fuller","fuller","supplied",0,4,4,4,4,,,FALSE,3.22919613188426,0.357490195804157,1.48446649470495,0.240820656498018,3.21073419245559,140.422477292523,577.533448844945,0.243141722048073,,,,,,,,,,,,,,,TRUE,19,"Factors: fixed measurement parameters",
0.58582024056972,0.0861213329152407,0.417025529755265,0.754614951384176,0,"Oracle: true predictors",,,,,,,,,,,,,,,,,,,,,,,,,,,,,,,,,,,,,,,,,,,,,,,,,,TRUE,20,"Stress: pooled residual variance",2.22912946154256
0.225866560821039,0.0673284755919428,0.0939051735268469,0.357827948115231,0,"Likelihood-only / naive OLS",,,,,,,,,,,,,,,,,,,,,,,,,,,,,,,,,,,,,,,,,,,,,,,,,,FALSE,20,"Stress: pooled residual variance",2.22912946154256
0.354182751864119,0.113192885555164,0.132328772869834,0.576036730858405,0,"Conditional posterior mean / naive OLS",,,,,,,,,,,,,,,,,,,,,,,,,,,,,,,,,,,,,,,,,,,,,,,,,,FALSE,20,"Stress: pooled residual variance",2.22912946154256
0.346600711578821,0.118944324271267,0.113474119841685,0.579727303315957,0,"REPAIR / stabilized","stabilized",0.346600711578821,0.118944324271267,"ok","ok",2.25055645941927,2.26789334487388,,0.642717722032244,0.666177000085292,0.716346755997166,0.986666666666667,0.986666666666667,,1,1,"modified","modified","supplied",0,4,4,4,4,,,FALSE,8.40461675716518,0.273237278846558,2.48400642548705,0.109998619988667,8.41359013750936,118.39134500762,1076.09067025917,0.110019860110028,,,,,,,,,,,,,,,FALSE,20,"Stress: pooled residual variance",2.22912946154256
0.346636883014556,0.12019588192423,0.111057283353036,0.582216482676075,0,"REPAIR / fuller_equations","fuller_equations",0.346636883014556,0.12019588192423,"ok","ok",2.25055645941927,2.26805388442196,,0.642719300219396,0.666398929886066,0.717059366611975,0.986666666666667,0.986666666666667,,1,1,"fuller","fuller","supplied",0,4,4,4,4,,,FALSE,8.47950354963833,0.270525345811638,2.48400642548705,0.108906862331725,8.41367276376246,118.31105805725,1075.35912221807,0.110020044106957,,,,,,,,,,,,,,,FALSE,20,"Stress: pooled residual variance",2.22912946154256
0.553480542899735,0.047629318515119,0.460128794001915,0.646832291797555,0,"Oracle: true predictors",,,,,,,,,,,,,,,,,,,,,,,,,,,,,,,,,,,,,,,,,,,,,,,,,,TRUE,20,"Factors: fixed measurement parameters",
0.393026223314833,0.0438058729920424,0.307168289939094,0.478884156690572,0,"Likelihood-only / naive OLS",,,,,,,,,,,,,,,,,,,,,,,,,,,,,,,,,,,,,,,,,,,,,,,,,,FALSE,20,"Factors: fixed measurement parameters",
0.494985509560325,0.0599571197417844,0.377471714249672,0.612499304870978,0,"Conditional posterior mean / naive OLS",,,,,,,,,,,,,,,,,,,,,,,,,,,,,,,,,,,,,,,,,,,,,,,,,,TRUE,20,"Factors: fixed measurement parameters",
0.469391638084724,0.0601055974632326,0.351586831787526,0.587196444381922,0,"REPAIR / stabilized","stabilized",0.469391638084724,0.0601055974632326,"ok","ok",2.39135426152548,2.39268939869645,,0.668677888913483,0.77471022425004,0.783879350631035,0.986666666666667,0.986666666666667,,1,1,"modified","modified","supplied",0,4,4,4,4,,,FALSE,3.29380741152168,0.395869224454036,1.62263055777129,0.243967564001611,3.29302863828067,152.855072921877,626.413987784404,0.244016059511247,,,,,,,,,,,,,,,FALSE,20,"Factors: fixed measurement parameters",
0.469390950437206,0.0604525919905967,0.350906047363542,0.58787585351087,0,"REPAIR / fuller_equations","fuller_equations",0.469390950437206,0.0604525919905967,"ok","ok",2.39135426152548,2.39270450374458,,0.668680798282913,0.775544337903379,0.78482825649202,0.986666666666667,0.986666666666667,,1,1,"fuller","fuller","supplied",0,4,4,4,4,,,FALSE,3.31276585328399,0.39230679251212,1.62263055777129,0.241772096940514,3.29301986995679,152.685685775097,625.718424205035,0.24401660534302,,,,,,,,,,,,,,,FALSE,20,"Factors: fixed measurement parameters",
0.602133335912748,0.0846398911643832,0.436242197575167,0.768024474250329,0,"Oracle: true predictors",,,,,,,,,,,,,,,,,,,,,,,,,,,,,,,,,,,,,,,,,,,,,,,,,,TRUE,21,"Stress: pooled residual variance",2.21150313474836
0.389000271854034,0.0753811991275,0.241255836452692,0.536744707255376,0,"Likelihood-only / naive OLS",,,,,,,,,,,,,,,,,,,,,,,,,,,,,,,,,,,,,,,,,,,,,,,,,,FALSE,21,"Stress: pooled residual variance",2.21150313474836
0.609942296345268,0.118686547832605,0.377320937143972,0.842563655546565,0,"Conditional posterior mean / naive OLS",,,,,,,,,,,,,,,,,,,,,,,,,,,,,,,,,,,,,,,,,,,,,,,,,,TRUE,21,"Stress: pooled residual variance",2.21150313474836
0.703010922676839,0.150679341524104,0.407684840075384,0.998337005278294,0,"REPAIR / stabilized","stabilized",0.703010922676839,0.150679341524104,"ok","ok",1.88774076814658,1.95442954275884,,0.662011508136521,0.716824813460198,0.840053443439266,0.986666666666667,0.986666666666667,,1,1,"modified","modified","supplied",0,4,4,4,4,,,FALSE,8.68216643458416,0.215013105346262,2.05216554986426,0.104773762214498,8.49922998613961,85.9747627551038,799.751126453554,0.107501896416643,,,,,,,,,,,,,,,TRUE,21,"Stress: pooled residual variance",2.21150313474836
0.703001105744615,0.152729402543659,0.403656977378723,1.00234523411051,0,"REPAIR / fuller_equations","fuller_equations",0.703001105744615,0.152729402543659,"ok","ok",1.88774076814658,1.95563098042265,,0.662019512684881,0.717927341619018,0.843665461673292,0.986666666666667,0.986666666666667,,1,1,"fuller","fuller","supplied",0,4,4,4,4,,,FALSE,8.780770469115,0.212313359521959,2.05216554986426,0.103458202743927,8.49617539055905,85.7785768315059,797.57901801152,0.107548687834547,,,,,,,,,,,,,,,TRUE,21,"Stress: pooled residual variance",2.21150313474836
0.510735453083222,0.0565406922569595,0.399917732598619,0.621553173567825,0,"Oracle: true predictors",,,,,,,,,,,,,,,,,,,,,,,,,,,,,,,,,,,,,,,,,,,,,,,,,,TRUE,21,"Factors: fixed measurement parameters",
0.341662315826654,0.0504793776009286,0.242724553766836,0.440600077886472,0,"Likelihood-only / naive OLS",,,,,,,,,,,,,,,,,,,,,,,,,,,,,,,,,,,,,,,,,,,,,,,,,,FALSE,21,"Factors: fixed measurement parameters",
0.419293820732515,0.0685108560834804,0.285015010258887,0.553572631206143,0,"Conditional posterior mean / naive OLS",,,,,,,,,,,,,,,,,,,,,,,,,,,,,,,,,,,,,,,,,,,,,,,,,,FALSE,21,"Factors: fixed measurement parameters",
0.419155636466101,0.0704450293401043,0.281085916069629,0.557225356862573,0,"REPAIR / stabilized","stabilized",0.419155636466101,0.0704450293401043,"ok","ok",2.51008864965582,2.51320876272128,,0.782250079990456,0.906824054835405,0.922867687488962,0.986666666666667,0.986666666666667,,1,1,"modified","modified","supplied",0,4,4,4,4,,,FALSE,2.45224799105618,0.443665383316282,1.41009405255749,0.314635312808819,2.45170697995238,146.327738247541,464.823320172629,0.314802919511862,,,,,,,,,,,,,,,FALSE,21,"Factors: fixed measurement parameters",
0.419160186064879,0.070860918758512,0.280275337386777,0.558045034742982,0,"REPAIR / fuller_equations","fuller_equations",0.419160186064879,0.070860918758512,"ok","ok",2.51008864965582,2.51324310961522,,0.782254327746707,0.908032928437423,0.92427710584854,0.986666666666667,0.986666666666667,,1,1,"fuller","fuller","supplied",0,4,4,4,4,,,FALSE,2.46197382592429,0.440148924768818,1.41009405255749,0.312141536921255,2.45170105274483,146.128029952236,464.186214850308,0.31480475998056,,,,,,,,,,,,,,,FALSE,21,"Factors: fixed measurement parameters",
0.514110433617688,0.0845783997783173,0.348339816182155,0.67988105105322,0,"Oracle: true predictors",,,,,,,,,,,,,,,,,,,,,,,,,,,,,,,,,,,,,,,,,,,,,,,,,,TRUE,22,"Stress: pooled residual variance",2.18748427835095
0.333400884526287,0.0641273454657499,0.207713596989259,0.459088172063315,0,"Likelihood-only / naive OLS",,,,,,,,,,,,,,,,,,,,,,,,,,,,,,,,,,,,,,,,,,,,,,,,,,FALSE,22,"Stress: pooled residual variance",2.18748427835095
0.496598299214633,0.105592595112649,0.289640615759722,0.703555982669544,0,"Conditional posterior mean / naive OLS",,,,,,,,,,,,,,,,,,,,,,,,,,,,,,,,,,,,,,,,,,,,,,,,,,TRUE,22,"Stress: pooled residual variance",2.18748427835095
0.493555496523334,0.104667144986393,0.288411661985371,0.698699331061296,0,"REPAIR / stabilized","stabilized",0.493555496523334,0.104667144986393,"ok","ok",2.46101201204277,2.49870322826703,,0.638532818856322,0.6700153133806,0.73968106909504,0.986666666666667,0.986666666666667,,1,1,"modified","modified","supplied",0,4,4,4,4,,,FALSE,6.2995916641373,0.322018747600113,2.21193230083838,0.145582551273409,6.34225588635123,137.022846723977,945.294061606681,0.144952615581953,,,,,,,,,,,,,,,TRUE,22,"Stress: pooled residual variance",2.18748427835095
0.493524630500829,0.105573926345795,0.286603537156586,0.700445723845071,0,"REPAIR / fuller_equations","fuller_equations",0.493524630500829,0.105573926345795,"ok","ok",2.46101201204277,2.49909639415226,,0.638535309668837,0.670361872435616,0.740809249338639,0.986666666666667,0.986666666666667,,1,1,"fuller","fuller","supplied",0,4,4,4,4,,,FALSE,6.34451933191577,0.319347985868058,2.21193230083838,0.14437511751468,6.34269169053739,136.882707195609,944.369063142684,0.144946200101143,,,,,,,,,,,,,,,TRUE,22,"Stress: pooled residual variance",2.18748427835095
0.60596185563122,0.0524993428705392,0.503065034392943,0.708858676869496,0,"Oracle: true predictors",,,,,,,,,,,,,,,,,,,,,,,,,,,,,,,,,,,,,,,,,,,,,,,,,,TRUE,22,"Factors: fixed measurement parameters",
0.465667215728427,0.0489831687760548,0.369661969078713,0.561672462378141,0,"Likelihood-only / naive OLS",,,,,,,,,,,,,,,,,,,,,,,,,,,,,,,,,,,,,,,,,,,,,,,,,,FALSE,22,"Factors: fixed measurement parameters",
0.588206130280368,0.0661626064339576,0.458529804546513,0.717882456014223,0,"Conditional posterior mean / naive OLS",,,,,,,,,,,,,,,,,,,,,,,,,,,,,,,,,,,,,,,,,,,,,,,,,,TRUE,22,"Factors: fixed measurement parameters",
0.604535892109155,0.0690045584163451,0.469289442844028,0.739782341374281,0,"REPAIR / stabilized","stabilized",0.604535892109155,0.0690045584163451,"ok","ok",2.86849187674398,2.86873524425035,,0.686576413256461,0.837032049562706,0.846724839941556,0.986666666666667,0.986666666666667,,1,1,"modified","modified","supplied",0,4,4,4,4,,,FALSE,1.99881159187956,0.5435538161065,1.41316904913685,0.384634673706233,1.99910762101067,194.226811961596,505.022049029633,0.384590756650705,,,,,,,,,,,,,,,TRUE,22,"Factors: fixed measurement parameters",
0.604536679231583,0.0694070617791018,0.468501337871797,0.740572020591369,0,"REPAIR / fuller_equations","fuller_equations",0.604536679231583,0.0694070617791018,"ok","ok",2.86849187674398,2.86873689702048,,0.686580654581629,0.83827030959736,0.848045204183611,0.986666666666667,0.986666666666667,,1,1,"fuller","fuller","supplied",0,4,4,4,4,,,FALSE,2.00340844628731,0.540105231227988,1.41316904913685,0.382194353575659,1.99910967292242,193.935856829446,504.26591632853,0.384590452278548,,,,,,,,,,,,,,,TRUE,22,"Factors: fixed measurement parameters",
0.641790754327668,0.0829843735547149,0.479144370880808,0.804437137774527,0,"Oracle: true predictors",,,,,,,,,,,,,,,,,,,,,,,,,,,,,,,,,,,,,,,,,,,,,,,,,,TRUE,23,"Stress: pooled residual variance",2.26561996536496
0.482443165858695,0.063142838871443,0.35868547578905,0.606200855928339,0,"Likelihood-only / naive OLS",,,,,,,,,,,,,,,,,,,,,,,,,,,,,,,,,,,,,,,,,,,,,,,,,,TRUE,23,"Stress: pooled residual variance",2.26561996536496
0.778666696194289,0.106273199148872,0.570375053340647,0.986958339047931,0,"Conditional posterior mean / naive OLS",,,,,,,,,,,,,,,,,,,,,,,,,,,,,,,,,,,,,,,,,,,,,,,,,,TRUE,23,"Stress: pooled residual variance",2.26561996536496
0.740841237699618,0.108254289576564,0.528666728957583,0.953015746441653,0,"REPAIR / stabilized","stabilized",0.740841237699618,0.108254289576564,"ok","ok",2.19587189155996,2.25088208953395,,0.618017593438117,0.672918038922027,0.79830495036515,0.986666666666667,0.986666666666667,,1,1,"modified","modified","supplied",0,4,4,4,4,,,FALSE,6.91779875994708,0.309061971566526,2.32902000036077,0.132700436887039,6.90889818083649,126.400867728892,948.354989862635,0.133284338755048,,,,,,,,,,,,,,,TRUE,23,"Stress: pooled residual variance",2.26561996536496
0.740799990080341,0.109319921350804,0.526536881440014,0.955063098720669,0,"REPAIR / fuller_equations","fuller_equations",0.740799990080341,0.109319921350804,"ok","ok",2.19587189155996,2.25160994863879,,0.618023637392929,0.673753574279596,0.801041660497145,0.986666666666667,0.986666666666667,,1,1,"fuller","fuller","supplied",0,4,4,4,4,,,FALSE,6.97151387187336,0.306310538274928,2.32902000036077,0.13151906734484,6.9087846008487,126.111141902236,946.128120065903,0.133291822986354,,,,,,,,,,,,,,,TRUE,23,"Stress: pooled residual variance",2.26561996536496
0.582562129277934,0.0470192924178855,0.490406009560322,0.674718248995547,0,"Oracle: true predictors",,,,,,,,,,,,,,,,,,,,,,,,,,,,,,,,,,,,,,,,,,,,,,,,,,TRUE,23,"Factors: fixed measurement parameters",
0.462324872797006,0.0464581541197391,0.371268563934107,0.553381181659906,0,"Likelihood-only / naive OLS",,,,,,,,,,,,,,,,,,,,,,,,,,,,,,,,,,,,,,,,,,,,,,,,,,FALSE,23,"Factors: fixed measurement parameters",
0.589175203329962,0.0624327992411238,0.466809165363339,0.711541241296584,0,"Conditional posterior mean / naive OLS",,,,,,,,,,,,,,,,,,,,,,,,,,,,,,,,,,,,,,,,,,,,,,,,,,TRUE,23,"Factors: fixed measurement parameters",
0.62596773492362,0.0676123769058007,0.493449911279103,0.758485558568137,0,"REPAIR / stabilized","stabilized",0.62596773492362,0.0676123769058007,"ok","ok",2.48293995334536,2.482785955754,,0.561826186999565,0.713376440934744,0.721667484824282,0.986666666666667,0.986666666666667,,1,1,"modified","modified","supplied",0,4,4,4,4,,,FALSE,1.72986704400728,0.498658460880602,1.1846628708992,0.420928580721115,1.72827891936089,209.168587463518,496.536623989419,0.421255104574068,,,,,,,,,,,,,,,TRUE,23,"Factors: fixed measurement parameters",
0.625971695974508,0.0680525769959805,0.492591096007247,0.759352295941769,0,"REPAIR / fuller_equations","fuller_equations",0.625971695974508,0.0680525769959805,"ok","ok",2.48293995334536,2.48278438531285,,0.56183149700963,0.714925791050319,0.723316719025899,0.986666666666667,0.986666666666667,,1,1,"fuller","fuller","supplied",0,4,4,4,4,,,FALSE,1.73343301815128,0.495132830542989,1.1846628708992,0.417952518565189,1.72826341676395,208.710089151184,495.444462153399,0.421258294510038,,,,,,,,,,,,,,,TRUE,23,"Factors: fixed measurement parameters",
0.458416046255631,0.0904067608892743,0.281222050953729,0.635610041557533,0,"Oracle: true predictors",,,,,,,,,,,,,,,,,,,,,,,,,,,,,,,,,,,,,,,,,,,,,,,,,,TRUE,24,"Stress: pooled residual variance",2.23672027649032
0.32180709147463,0.069317606035435,0.185947080150641,0.457667102798619,0,"Likelihood-only / naive OLS",,,,,,,,,,,,,,,,,,,,,,,,,,,,,,,,,,,,,,,,,,,,,,,,,,FALSE,24,"Stress: pooled residual variance",2.23672027649032
0.474981830391786,0.116609017234415,0.246432356339723,0.703531304443849,0,"Conditional posterior mean / naive OLS",,,,,,,,,,,,,,,,,,,,,,,,,,,,,,,,,,,,,,,,,,,,,,,,,,TRUE,24,"Stress: pooled residual variance",2.23672027649032
0.484196147117701,0.122800721573991,0.243511155557148,0.724881138678254,0,"REPAIR / stabilized","stabilized",0.484196147117701,0.122800721573991,"ok","ok",2.18022313639786,2.20525343305532,,0.727080990979656,0.754645375206254,0.816406627504988,0.986666666666667,0.986666666666667,,1,1,"modified","modified","supplied",0,4,4,4,4,,,FALSE,8.00389154018099,0.252937477900532,2.21385869898939,0.114251861700115,7.99662105081943,96.6525161601589,843.878706092139,0.114533659236101,,,,,,,,,,,,,,,TRUE,24,"Stress: pooled residual variance",2.23672027649032
0.484144909119623,0.124125353084527,0.240863687505634,0.727426130733613,0,"REPAIR / fuller_equations","fuller_equations",0.484144909119623,0.124125353084527,"ok","ok",2.18022313639786,2.20555195904711,,0.727083462597074,0.754985905744543,0.817526864047212,0.986666666666667,0.986666666666667,,1,1,"fuller","fuller","supplied",0,4,4,4,4,,,FALSE,8.08020027209919,0.250232128160034,2.21385869898939,0.113029855190967,7.99653602090327,96.5651211368878,843.091334603042,0.114536963165864,,,,,,,,,,,,,,,TRUE,24,"Stress: pooled residual variance",2.23672027649032
0.673241871077433,0.0521897872371472,0.570951767731817,0.77553197442305,0,"Oracle: true predictors",,,,,,,,,,,,,,,,,,,,,,,,,,,,,,,,,,,,,,,,,,,,,,,,,,TRUE,24,"Factors: fixed measurement parameters",
0.542520870316632,0.0500344399683144,0.444455169992105,0.64058657064116,0,"Likelihood-only / naive OLS",,,,,,,,,,,,,,,,,,,,,,,,,,,,,,,,,,,,,,,,,,,,,,,,,,TRUE,24,"Factors: fixed measurement parameters",
0.685565701247809,0.0677797124407834,0.552719905981393,0.818411496514226,0,"Conditional posterior mean / naive OLS",,,,,,,,,,,,,,,,,,,,,,,,,,,,,,,,,,,,,,,,,,,,,,,,,,TRUE,24,"Factors: fixed measurement parameters",
0.723075612710109,0.0757614741563888,0.574585851947925,0.871565373472293,0,"REPAIR / stabilized","stabilized",0.723075612710109,0.0757614741563888,"ok","ok",2.42217400608564,2.42237717097161,,0.589564916471615,0.799813093155611,0.812571895831551,0.986666666666667,0.986666666666667,,1,1,"modified","modified","supplied",0,4,4,4,4,,,FALSE,2.25337208249528,0.446907069357954,1.33478048689761,0.334816903412101,2.2544223269097,166.94205728277,498.765353210096,0.334710613334139,,,,,,,,,,,,,,,TRUE,24,"Factors: fixed measurement parameters",
0.723075073877728,0.0763250826893277,0.573480660689604,0.872669487065852,0,"REPAIR / fuller_equations","fuller_equations",0.723075073877728,0.0763250826893277,"ok","ok",2.42217400608564,2.42237834163974,,0.589571299244837,0.801680681402246,0.814544093827723,0.986666666666667,0.986666666666667,,1,1,"fuller","fuller","supplied",0,4,4,4,4,,,FALSE,2.26083398879254,0.443474312612273,1.33478048689761,0.332245127169208,2.25442840981842,166.549202022285,497.592552733519,0.334709997381087,,,,,,,,,,,,,,,TRUE,24,"Factors: fixed measurement parameters",
0.56354649441561,0.0801226839211055,0.406508919585557,0.720584069245663,0,"Oracle: true predictors",,,,,,,,,,,,,,,,,,,,,,,,,,,,,,,,,,,,,,,,,,,,,,,,,,TRUE,25,"Stress: pooled residual variance",2.22887565562704
0.27464060430286,0.0626451859391448,0.151858296057321,0.397422912548399,0,"Likelihood-only / naive OLS",,,,,,,,,,,,,,,,,,,,,,,,,,,,,,,,,,,,,,,,,,,,,,,,,,FALSE,25,"Stress: pooled residual variance",2.22887565562704
0.39006449251919,0.105293682579673,0.183692666863438,0.596436318174941,0,"Conditional posterior mean / naive OLS",,,,,,,,,,,,,,,,,,,,,,,,,,,,,,,,,,,,,,,,,,,,,,,,,,FALSE,25,"Stress: pooled residual variance",2.22887565562704
0.405008790521154,0.107254940762726,0.194792969462235,0.615224611580073,0,"REPAIR / stabilized","stabilized",0.405008790521154,0.107254940762726,"ok","ok",2.28481313927376,2.31436702093461,,0.594056142637293,0.617979814340448,0.670499152617776,0.986666666666667,0.986666666666667,,1,1,"modified","modified","supplied",0,4,4,4,4,,,FALSE,6.55434723272132,0.270574557964996,1.96215346342648,0.137896735912029,6.52022873821127,126.216445471967,909.113540743844,0.138834633756192,,,,,,,,,,,,,,,TRUE,25,"Stress: pooled residual variance",2.22887565562704
0.404948548721955,0.108314659350623,0.192655717397009,0.6172413800469,0,"REPAIR / fuller_equations","fuller_equations",0.404948548721955,0.108314659350623,"ok","ok",2.28481313927376,2.31467888403342,,0.594058035754757,0.618244194647401,0.67135568068333,0.986666666666667,0.986666666666667,,1,1,"fuller","fuller","supplied",0,4,4,4,4,,,FALSE,6.61079334209329,0.267878623610918,1.96215346342648,0.136522768786456,6.51988531843905,126.111036426276,908.291638056089,0.138844211641293,,,,,,,,,,,,,,,TRUE,25,"Stress: pooled residual variance",2.22887565562704
0.622386084841931,0.0517373995512783,0.520982645067667,0.723789524616195,0,"Oracle: true predictors",,,,,,,,,,,,,,,,,,,,,,,,,,,,,,,,,,,,,,,,,,,,,,,,,,TRUE,25,"Factors: fixed measurement parameters",
0.509268889600711,0.0462862826964556,0.418549442537418,0.599988336664003,0,"Likelihood-only / naive OLS",,,,,,,,,,,,,,,,,,,,,,,,,,,,,,,,,,,,,,,,,,,,,,,,,,FALSE,25,"Factors: fixed measurement parameters",
0.648392056586462,0.0635619387465314,0.523812945855719,0.772971167317204,0,"Conditional posterior mean / naive OLS",,,,,,,,,,,,,,,,,,,,,,,,,,,,,,,,,,,,,,,,,,,,,,,,,,TRUE,25,"Factors: fixed measurement parameters",
0.632110518519995,0.0687995426249393,0.497265892822285,0.766955144217704,0,"REPAIR / stabilized","stabilized",0.632110518519995,0.0687995426249393,"ok","ok",2.25874882221633,2.25963804357266,,0.629127916394301,0.779446063998062,0.786986075588873,0.986666666666667,0.986666666666667,,1,1,"modified","modified","supplied",0,4,4,4,4,,,FALSE,3.7523278763966,0.337234164725546,1.58744730259397,0.212438021831961,3.75276714407556,129.518871861313,609.699087742258,0.212430811305502,,,,,,,,,,,,,,,TRUE,25,"Factors: fixed measurement parameters",
0.632113831050699,0.0693235919003393,0.496242087647081,0.767985574454316,0,"REPAIR / fuller_equations","fuller_equations",0.632113831050699,0.0693235919003393,"ok","ok",2.25874882221633,2.2596444816096,,0.629131477916541,0.780487383581079,0.788092619039901,0.986666666666667,0.986666666666667,,1,1,"fuller","fuller","supplied",0,4,4,4,4,,,FALSE,3.77882571088879,0.333719735178516,1.58744730259397,0.210224134453598,3.75277035422451,129.344054333195,608.876302672597,0.212430757717871,,,,,,,,,,,,,,,TRUE,25,"Factors: fixed measurement parameters",
0.581715903795442,0.0859636504978749,0.413230244840019,0.750201562750866,0,"Oracle: true predictors",,,,,,,,,,,,,,,,,,,,,,,,,,,,,,,,,,,,,,,,,,,,,,,,,,TRUE,26,"Stress: pooled residual variance",2.29443843204441
0.421201186409843,0.0650980698792237,0.293611313983492,0.548791058836193,0,"Likelihood-only / naive OLS",,,,,,,,,,,,,,,,,,,,,,,,,,,,,,,,,,,,,,,,,,,,,,,,,,FALSE,26,"Stress: pooled residual variance",2.29443843204441
0.68299888792747,0.111159461636499,0.46513034657907,0.90086742927587,0,"Conditional posterior mean / naive OLS",,,,,,,,,,,,,,,,,,,,,,,,,,,,,,,,,,,,,,,,,,,,,,,,,,TRUE,26,"Stress: pooled residual variance",2.29443843204441
0.661532802774879,0.117268764257606,0.431690248318454,0.891375357231304,0,"REPAIR / stabilized","stabilized",0.661532802774879,0.117268764257606,"ok","ok",2.13307085307463,2.16272356547381,,0.609196849193265,0.659724591157091,0.773021175901143,0.986666666666667,0.986666666666667,,1,1,"modified","modified","supplied",0,4,4,4,4,,,FALSE,7.30945239921479,0.269045705788375,2.16035855819597,0.124537523999277,7.52632317225751,111.357146425231,916.486303683026,0.12150443053838,,,,,,,,,,,,,,,TRUE,26,"Stress: pooled residual variance",2.29443843204441
0.661605663642664,0.118572811663638,0.429207223236282,0.894004104049046,0,"REPAIR / fuller_equations","fuller_equations",0.661605663642664,0.118572811663638,"ok","ok",2.13307085307463,2.16308183721914,,0.609201763914126,0.660403416901242,0.77524721257792,0.986666666666667,0.986666666666667,,1,1,"fuller","fuller","supplied",0,4,4,4,4,,,FALSE,7.37598164701618,0.266264059466207,2.16035855819597,0.123249938514166,7.52888626756744,111.12473683463,914.83678994785,0.121469466527428,,,,,,,,,,,,,,,TRUE,26,"Stress: pooled residual variance",2.29443843204441
0.612184984691056,0.0479356154614586,0.518232904809836,0.706137064572276,0,"Oracle: true predictors",,,,,,,,,,,,,,,,,,,,,,,,,,,,,,,,,,,,,,,,,,,,,,,,,,TRUE,26,"Factors: fixed measurement parameters",
0.516048537803098,0.0460297520512334,0.425831881565372,0.606265194040824,0,"Likelihood-only / naive OLS",,,,,,,,,,,,,,,,,,,,,,,,,,,,,,,,,,,,,,,,,,,,,,,,,,TRUE,26,"Factors: fixed measurement parameters",
0.668711542881941,0.0623862588962218,0.546436722315155,0.790986363448727,0,"Conditional posterior mean / naive OLS",,,,,,,,,,,,,,,,,,,,,,,,,,,,,,,,,,,,,,,,,,,,,,,,,,TRUE,26,"Factors: fixed measurement parameters",
0.672679171731009,0.0651556731653476,0.544976398938465,0.800381944523553,0,"REPAIR / stabilized","stabilized",0.672679171731009,0.0651556731653476,"ok","ok",2.73984709437199,2.73992936062901,,0.619190281503252,0.763134379226472,0.765911378931006,0.986666666666667,0.986666666666667,,1,1,"modified","modified","supplied",0,4,4,4,4,,,FALSE,2.28693294371293,0.488940987527332,1.44264393795065,0.338920072143303,2.28664211105482,192.064837224366,566.617259115485,0.338967502550466,,,,,,,,,,,,,,,TRUE,26,"Factors: fixed measurement parameters",
0.672679113237036,0.0655434979431586,0.54421621784767,0.801142008626402,0,"REPAIR / fuller_equations","fuller_equations",0.672679113237036,0.0655434979431586,"ok","ok",2.73984709437199,2.73992962880843,,0.619194193508088,0.764292138725548,0.767082466962702,0.986666666666667,0.986666666666667,,1,1,"fuller","fuller","supplied",0,4,4,4,4,,,FALSE,2.29431746848588,0.485459395925713,1.44264393795065,0.336506731255763,2.28664116088044,191.773420596697,565.757281938683,0.338967657543083,,,,,,,,,,,,,,,TRUE,26,"Factors: fixed measurement parameters",
0.759319949663141,0.0877263007143415,0.587379559766101,0.931260339560181,0,"Oracle: true predictors",,,,,,,,,,,,,,,,,,,,,,,,,,,,,,,,,,,,,,,,,,,,,,,,,,TRUE,27,"Stress: pooled residual variance",2.29162513039226
0.479674993071172,0.0712719052363829,0.33998462569831,0.619365360444034,0,"Likelihood-only / naive OLS",,,,,,,,,,,,,,,,,,,,,,,,,,,,,,,,,,,,,,,,,,,,,,,,,,TRUE,27,"Stress: pooled residual variance",2.29162513039226
0.728991674471824,0.117478994688693,0.498737075942014,0.959246273001634,0,"Conditional posterior mean / naive OLS",,,,,,,,,,,,,,,,,,,,,,,,,,,,,,,,,,,,,,,,,,,,,,,,,,TRUE,27,"Stress: pooled residual variance",2.29162513039226
0.782178681142237,0.132759892420637,0.521974073406377,1.0423832888781,0,"REPAIR / stabilized","stabilized",0.782178681142237,0.132759892420637,"ok","ok",2.00070503689857,2.07770075156323,,0.666209199728666,0.736263590106157,0.894549222650565,0.986666666666667,0.986666666666667,,1,1,"modified","modified","supplied",0,4,4,4,4,,,FALSE,7.40102078495978,0.257013859095601,2.09460013405984,0.122703066287619,7.40013444036491,96.3872802756748,781.253358541334,0.123375188371206,,,,,,,,,,,,,,,TRUE,27,"Stress: pooled residual variance",2.29162513039226
0.781944609162545,0.134329149280066,0.518664314499712,1.04522490382538,0,"REPAIR / fuller_equations","fuller_equations",0.781944609162545,0.134329149280066,"ok","ok",2.00070503689857,2.07883600097963,,0.666217848043543,0.737456820498478,0.898460298874824,0.986666666666667,0.986666666666667,,1,1,"fuller","fuller","supplied",0,4,4,4,4,,,FALSE,7.47210895956158,0.254220736905989,2.09460013405984,0.121369579220473,7.40012850637494,96.125194757807,779.070550964915,0.123384454256102,,,,,,,,,,,,,,,TRUE,27,"Stress: pooled residual variance",2.29162513039226
0.64457191348346,0.0474754718213148,0.551521698564637,0.737622128402284,0,"Oracle: true predictors",,,,,,,,,,,,,,,,,,,,,,,,,,,,,,,,,,,,,,,,,,,,,,,,,,TRUE,27,"Factors: fixed measurement parameters",
0.502011471265984,0.0437126391353526,0.416336272891497,0.587686669640472,0,"Likelihood-only / naive OLS",,,,,,,,,,,,,,,,,,,,,,,,,,,,,,,,,,,,,,,,,,,,,,,,,,FALSE,27,"Factors: fixed measurement parameters",
0.640722852427599,0.0591811944160966,0.524729842809987,0.756715862045211,0,"Conditional posterior mean / naive OLS",,,,,,,,,,,,,,,,,,,,,,,,,,,,,,,,,,,,,,,,,,,,,,,,,,TRUE,27,"Factors: fixed measurement parameters",
0.634259554517753,0.0600346276885532,0.516593846422918,0.751925262612588,0,"REPAIR / stabilized","stabilized",0.634259554517753,0.0600346276885532,"ok","ok",2.78389676470968,2.78539612239903,,0.586200424981491,0.736827202086113,0.744208837918758,0.986666666666667,0.986666666666667,,1,1,"modified","modified","supplied",0,4,4,4,4,,,FALSE,2.23349167757482,0.521872889572721,1.48821981440982,0.350669225419282,2.23409007132374,212.049146885358,604.749873467525,0.350639423319772,,,,,,,,,,,,,,,TRUE,27,"Factors: fixed measurement parameters",
0.634257984756656,0.0603574311361586,0.515959593530429,0.752556375982884,0,"REPAIR / fuller_equations","fuller_equations",0.634257984756656,0.0603574311361586,"ok","ok",2.78389676470968,2.7854068936213,,0.586204295323695,0.737960027789947,0.745406520663841,0.986666666666667,0.986666666666667,,1,1,"fuller","fuller","supplied",0,4,4,4,4,,,FALSE,2.24021930094,0.518363918609341,1.48821981440982,0.34831139431839,2.23409436787684,211.720544559996,603.813090278165,0.35063920933291,,,,,,,,,,,,,,,TRUE,27,"Factors: fixed measurement parameters",
0.597812138689639,0.0844385762747882,0.432315570285216,0.763308707094062,0,"Oracle: true predictors",,,,,,,,,,,,,,,,,,,,,,,,,,,,,,,,,,,,,,,,,,,,,,,,,,TRUE,28,"Stress: pooled residual variance",2.25779128075764
0.402763995035827,0.0638561230699953,0.277608293626278,0.527919696445375,0,"Likelihood-only / naive OLS",,,,,,,,,,,,,,,,,,,,,,,,,,,,,,,,,,,,,,,,,,,,,,,,,,FALSE,28,"Stress: pooled residual variance",2.25779128075764
0.6311244169725,0.106047089680696,0.423275940533047,0.838972893411953,0,"Conditional posterior mean / naive OLS",,,,,,,,,,,,,,,,,,,,,,,,,,,,,,,,,,,,,,,,,,,,,,,,,,TRUE,28,"Stress: pooled residual variance",2.25779128075764
0.621270615668574,0.112484349119232,0.400805342570449,0.841735888766698,0,"REPAIR / stabilized","stabilized",0.621270615668574,0.112484349119232,"ok","ok",2.18188992189466,2.22907421046432,,0.569654087520723,0.621429369807839,0.735630203997761,0.986666666666667,0.986666666666667,,1,1,"modified","modified","supplied",0,4,4,4,4,,,FALSE,7.13313289622842,0.27330431506903,2.13924822350767,0.127757177528889,7.18766404556681,121.140788779602,951.601110178056,0.127302067519588,,,,,,,,,,,,,,,TRUE,28,"Stress: pooled residual variance",2.25779128075764
0.621321965569408,0.113663480499468,0.39854563743298,0.844098293705836,0,"REPAIR / fuller_equations","fuller_equations",0.621321965569408,0.113663480499468,"ok","ok",2.18188992189466,2.22957460068501,,0.569658482663624,0.622040597469584,0.737619464405811,0.986666666666667,0.986666666666667,,1,1,"fuller","fuller","supplied",0,4,4,4,4,,,FALSE,7.19616222711619,0.270554301815616,2.13924822350767,0.126471673012305,7.18821909194962,120.921018131305,949.909181517547,0.127297451676512,,,,,,,,,,,,,,,TRUE,28,"Stress: pooled residual variance",2.25779128075764
0.622900427913447,0.046977199604677,0.530826808593731,0.714974047233163,0,"Oracle: true predictors",,,,,,,,,,,,,,,,,,,,,,,,,,,,,,,,,,,,,,,,,,,,,,,,,,TRUE,28,"Factors: fixed measurement parameters",
0.47377642797636,0.0438021954696085,0.387925702412144,0.559627153540576,0,"Likelihood-only / naive OLS",,,,,,,,,,,,,,,,,,,,,,,,,,,,,,,,,,,,,,,,,,,,,,,,,,FALSE,28,"Factors: fixed measurement parameters",
0.607679730360575,0.0596552532222658,0.490757582556317,0.724601878164833,0,"Conditional posterior mean / naive OLS",,,,,,,,,,,,,,,,,,,,,,,,,,,,,,,,,,,,,,,,,,,,,,,,,,TRUE,28,"Factors: fixed measurement parameters",
0.587885706396624,0.0595597328527047,0.471150775076495,0.704620637716752,0,"REPAIR / stabilized","stabilized",0.587885706396624,0.0595597328527047,"ok","ok",2.84593598833978,2.84681137476996,,0.645552345788601,0.767647688603917,0.772431831913076,0.986666666666667,0.986666666666667,,1,1,"modified","modified","supplied",0,4,4,4,4,,,FALSE,2.66263598970126,0.492518517517996,1.63381998559326,0.301452131728673,2.6621650632858,192.214059870831,637.509055375676,0.301507968004567,,,,,,,,,,,,,,,TRUE,28,"Factors: fixed measurement parameters",
0.58788713564296,0.0598719250752326,0.470540318810423,0.705233952475496,0,"REPAIR / fuller_equations","fuller_equations",0.58788713564296,0.0598719250752326,"ok","ok",2.84593598833978,2.84681654683508,,0.645555096069478,0.768456212509381,0.773273868774322,0.986666666666667,0.986666666666667,,1,1,"fuller","fuller","supplied",0,4,4,4,4,,,FALSE,2.672852770526,0.489008759368828,1.63381998559326,0.299303940263201,2.66216227910684,192.010263699377,636.832434904985,0.301508298219806,,,,,,,,,,,,,,,TRUE,28,"Factors: fixed measurement parameters",
0.636231967591111,0.0863578588324339,0.466973674497547,0.805490260684676,0,"Oracle: true predictors",,,,,,,,,,,,,,,,,,,,,,,,,,,,,,,,,,,,,,,,,,,,,,,,,,TRUE,29,"Stress: pooled residual variance",2.19667946960626
0.399518666584297,0.0714299065127048,0.259518622400333,0.539518710768262,0,"Likelihood-only / naive OLS",,,,,,,,,,,,,,,,,,,,,,,,,,,,,,,,,,,,,,,,,,,,,,,,,,FALSE,29,"Stress: pooled residual variance",2.19667946960626
0.681810560867626,0.120357466438445,0.445914261377785,0.917706860357467,0,"Conditional posterior mean / naive OLS",,,,,,,,,,,,,,,,,,,,,,,,,,,,,,,,,,,,,,,,,,,,,,,,,,TRUE,29,"Stress: pooled residual variance",2.19667946960626
0.672136025387625,0.132993964790571,0.411472644236917,0.932799406538333,0,"REPAIR / stabilized","stabilized",0.672136025387625,0.132993964790571,"ok","ok",2.0734077093208,2.09130192540011,,0.680207195356148,0.725798541470492,0.828818716853238,0.986666666666667,0.986666666666667,,1,1,"modified","modified","supplied",0,4,4,4,4,,,FALSE,7.40775413241071,0.243665689681736,1.98901286217885,0.122505839109967,7.48642229685079,93.0328477999774,765.421468530391,0.121544602059046,,,,,,,,,,,,,,,TRUE,29,"Stress: pooled residual variance",2.19667946960626
0.672336875423729,0.134588324713499,0.408548606245689,0.936125144601769,0,"REPAIR / fuller_equations","fuller_equations",0.672336875423729,0.134588324713499,"ok","ok",2.0734077093208,2.09157338544418,,0.68021269034493,0.726556977615889,0.831304329053438,0.986666666666667,0.986666666666667,,1,1,"fuller","fuller","supplied",0,4,4,4,4,,,FALSE,7.47993277241416,0.240982059039148,1.98901286217885,0.121156611715002,7.48759280990254,92.8303832919368,763.844877387717,0.12153041283645,,,,,,,,,,,,,,,TRUE,29,"Stress: pooled residual variance",2.19667946960626
0.625375863213232,0.0476148740487823,0.532052424949207,0.718699301477256,0,"Oracle: true predictors",,,,,,,,,,,,,,,,,,,,,,,,,,,,,,,,,,,,,,,,,,,,,,,,,,TRUE,29,"Factors: fixed measurement parameters",
0.510091409884434,0.046969268489122,0.418033335265563,0.602149484503306,0,"Likelihood-only / naive OLS",,,,,,,,,,,,,,,,,,,,,,,,,,,,,,,,,,,,,,,,,,,,,,,,,,TRUE,29,"Factors: fixed measurement parameters",
0.654738115973988,0.0639191816572074,0.529458822004588,0.780017409943387,0,"Conditional posterior mean / naive OLS",,,,,,,,,,,,,,,,,,,,,,,,,,,,,,,,,,,,,,,,,,,,,,,,,,TRUE,29,"Factors: fixed measurement parameters",
0.65492527196466,0.0675505199800444,0.522528685666819,0.7873218582625,0,"REPAIR / stabilized","stabilized",0.65492527196466,0.0675505199800444,"ok","ok",2.60674111945858,2.60744675069539,,0.63640054265282,0.785464342573702,0.790841589228879,0.986666666666667,0.986666666666667,,1,1,"modified","modified","supplied",0,4,4,4,4,,,FALSE,2.73339635353832,0.427822201005809,1.49316724937455,0.28651994690147,2.73294686965247,163.160005346187,569.33749253961,0.286578712071796,,,,,,,,,,,,,,,TRUE,29,"Factors: fixed measurement parameters",
0.654925170761845,0.0679850780732347,0.521676866252161,0.788173475271528,0,"REPAIR / fuller_equations","fuller_equations",0.654925170761845,0.0679850780732347,"ok","ok",2.60674111945858,2.60745041833509,,0.636404392948372,0.786598439495087,0.79201160843272,0.986666666666667,0.986666666666667,,1,1,"fuller","fuller","supplied",0,4,4,4,4,,,FALSE,2.74558993552197,0.424331280615719,1.49316724937455,0.284182016979987,2.73294453689729,162.923508968179,568.511646547625,0.286579017259465,,,,,,,,,,,,,,,TRUE,29,"Factors: fixed measurement parameters",
0.496246579903641,0.0766263839418968,0.346061627111985,0.646431532695297,0,"Oracle: true predictors",,,,,,,,,,,,,,,,,,,,,,,,,,,,,,,,,,,,,,,,,,,,,,,,,,TRUE,30,"Stress: pooled residual variance",2.28420921982337
0.358902319546773,0.060185652625549,0.240940608014659,0.476864031078888,0,"Likelihood-only / naive OLS",,,,,,,,,,,,,,,,,,,,,,,,,,,,,,,,,,,,,,,,,,,,,,,,,,FALSE,30,"Stress: pooled residual variance",2.28420921982337
0.535939771853828,0.100674409745609,0.338621554587607,0.73325798912005,0,"Conditional posterior mean / naive OLS",,,,,,,,,,,,,,,,,,,,,,,,,,,,,,,,,,,,,,,,,,,,,,,,,,TRUE,30,"Stress: pooled residual variance",2.28420921982337
0.565749394405426,0.110981525885269,0.348229600720999,0.783269188089854,0,"REPAIR / stabilized","stabilized",0.565749394405426,0.110981525885269,"ok","ok",2.06546802156623,2.11761285453952,,0.4980266868211,0.53670454015143,0.623423391034948,0.986666666666667,0.986666666666667,,1,1,"modified","modified","supplied",0,4,4,4,4,,,FALSE,7.50137061136049,0.251660047823148,2.08070682793254,0.120949306478321,7.5063295768721,131.000959955763,1079.82919564481,0.12131637159295,,,,,,,,,,,,,,,TRUE,30,"Stress: pooled residual variance",2.28420921982337
0.565638885362604,0.112276726848992,0.345580544436538,0.78569722628867,0,"REPAIR / fuller_equations","fuller_equations",0.565638885362604,0.112276726848992,"ok","ok",2.06546802156623,2.1182994251061,,0.498030753650364,0.537265355845474,0.625264175098684,0.986666666666667,0.986666666666667,,1,1,"fuller","fuller","supplied",0,4,4,4,4,,,FALSE,7.57436553582037,0.24889069499971,2.08070682793254,0.119618339142481,7.50639743797928,130.750432639051,1077.72348717392,0.121320945674027,,,,,,,,,,,,,,,TRUE,30,"Stress: pooled residual variance",2.28420921982337
0.522432527521281,0.0486377007046886,0.427104385849253,0.617760669193309,0,"Oracle: true predictors",,,,,,,,,,,,,,,,,,,,,,,,,,,,,,,,,,,,,,,,,,,,,,,,,,TRUE,30,"Factors: fixed measurement parameters",
0.418237890916401,0.045807592957383,0.32845665850146,0.508019123331342,0,"Likelihood-only / naive OLS",,,,,,,,,,,,,,,,,,,,,,,,,,,,,,,,,,,,,,,,,,,,,,,,,,FALSE,30,"Factors: fixed measurement parameters",
0.522673745829731,0.0617684617615874,0.40160978539658,0.643737706262882,0,"Conditional posterior mean / naive OLS",,,,,,,,,,,,,,,,,,,,,,,,,,,,,,,,,,,,,,,,,,,,,,,,,,TRUE,30,"Factors: fixed measurement parameters",
0.534673642196512,0.0631883358330791,0.410826779720655,0.658520504672369,0,"REPAIR / stabilized","stabilized",0.534673642196512,0.0631883358330791,"ok","ok",2.88283238056203,2.88354836454995,,0.63080911814362,0.762963282977993,0.773677112899773,0.986666666666667,0.986666666666667,,1,1,"modified","modified","supplied",0,4,4,4,4,,,FALSE,1.91369874310456,0.575948310231694,1.42826895135671,0.403249198748317,1.91569830664778,225.597767768446,559.932949497348,0.402901397338674,,,,,,,,,,,,,,,TRUE,30,"Factors: fixed measurement parameters",
0.534672742380268,0.0635313412227646,0.410153601694124,0.659191883066411,0,"REPAIR / fuller_equations","fuller_equations",0.534672742380268,0.0635313412227646,"ok","ok",2.88283238056203,2.88355374159882,,0.630812813382764,0.764035797966017,0.774846496986633,0.986666666666667,0.986666666666667,,1,1,"fuller","fuller","supplied",0,4,4,4,4,,,FALSE,1.9175728943767,0.572489893787443,1.42826895135671,0.400827794543622,1.91571342366935,225.274571656519,559.13442355156,0.402898770255639,,,,,,,,,,,,,,,TRUE,30,"Factors: fixed measurement parameters",
0.620853723583622,0.0763079144715322,0.471292959484056,0.770414487683188,0,"Oracle: true predictors",,,,,,,,,,,,,,,,,,,,,,,,,,,,,,,,,,,,,,,,,,,,,,,,,,TRUE,31,"Stress: pooled residual variance",2.28483133627708
0.421421685653404,0.0618053027521312,0.300285518205632,0.542557853101175,0,"Likelihood-only / naive OLS",,,,,,,,,,,,,,,,,,,,,,,,,,,,,,,,,,,,,,,,,,,,,,,,,,FALSE,31,"Stress: pooled residual variance",2.28483133627708
0.670935493446308,0.101795083282325,0.471420796409696,0.87045019048292,0,"Conditional posterior mean / naive OLS",,,,,,,,,,,,,,,,,,,,,,,,,,,,,,,,,,,,,,,,,,,,,,,,,,TRUE,31,"Stress: pooled residual variance",2.28483133627708
0.646972280655686,0.103477097091796,0.444160897131012,0.849783664180361,0,"REPAIR / stabilized","stabilized",0.646972280655686,0.103477097091796,"ok","ok",2.28940079162217,2.34727147656527,,0.585990671736262,0.633269878746453,0.739650943021491,0.986666666666667,0.986666666666667,,1,1,"modified","modified","supplied",0,4,4,4,4,,,FALSE,6.29417360724895,0.315430633827852,2.17813891347907,0.144816582576923,6.27403925532955,138.793975446314,952.184822388442,0.145763692282099,,,,,,,,,,,,,,,TRUE,31,"Stress: pooled residual variance",2.28483133627708
0.646991304281842,0.104434041094874,0.442304344975913,0.851678263587771,0,"REPAIR / fuller_equations","fuller_equations",0.646991304281842,0.104434041094874,"ok","ok",2.28940079162217,2.34796070710942,,0.585995218229479,0.633900388998358,0.741710398046683,0.986666666666667,0.986666666666667,,1,1,"fuller","fuller","supplied",0,4,4,4,4,,,FALSE,6.34166365346423,0.312657854030188,2.17813891347907,0.14354357846295,6.27381491208826,138.542989360918,950.392756211778,0.145774458459831,,,,,,,,,,,,,,,TRUE,31,"Stress: pooled residual variance",2.28483133627708
0.621787949659961,0.0538940172272163,0.516157616912436,0.727418282407487,0,"Oracle: true predictors",,,,,,,,,,,,,,,,,,,,,,,,,,,,,,,,,,,,,,,,,,,,,,,,,,TRUE,31,"Factors: fixed measurement parameters",
0.503261789327705,0.0504365917990818,0.404407885898556,0.602115692756853,0,"Likelihood-only / naive OLS",,,,,,,,,,,,,,,,,,,,,,,,,,,,,,,,,,,,,,,,,,,,,,,,,,TRUE,31,"Factors: fixed measurement parameters",
0.650079068172577,0.0681132328347685,0.51657958494584,0.783578551399314,0,"Conditional posterior mean / naive OLS",,,,,,,,,,,,,,,,,,,,,,,,,,,,,,,,,,,,,,,,,,,,,,,,,,TRUE,31,"Factors: fixed measurement parameters",
0.682222949440286,0.0739091657658451,0.537363646411829,0.827082252468744,0,"REPAIR / stabilized","stabilized",0.682222949440286,0.0739091657658451,"ok","ok",2.65066711614894,2.65074442083267,,0.676613437868399,0.826902114892002,0.830238979051593,0.986666666666667,0.986666666666667,,1,1,"modified","modified","supplied",0,4,4,4,4,,,FALSE,2.02318278993461,0.460140663084884,1.25593372473319,0.366373363516962,2.02400526669854,166.762817339823,455.309795268407,0.366262309910367,,,,,,,,,,,,,,,TRUE,31,"Factors: fixed measurement parameters",
0.682222530511914,0.0743990682455141,0.536403036267369,0.828042024756459,0,"REPAIR / fuller_equations","fuller_equations",0.682222530511914,0.0743990682455141,"ok","ok",2.65066711614894,2.65074485137125,,0.676618282475983,0.82833288958811,0.831694251620707,0.986666666666667,0.986666666666667,,1,1,"fuller","fuller","supplied",0,4,4,4,4,,,FALSE,2.0289857535482,0.456664565282468,1.25593372473319,0.36360562368009,2.02400986057716,166.473787717806,454.521431929632,0.366261689819676,,,,,,,,,,,,,,,TRUE,31,"Factors: fixed measurement parameters",
0.639070246755243,0.0826824099565916,0.477015701085348,0.801124792425139,0,"Oracle: true predictors",,,,,,,,,,,,,,,,,,,,,,,,,,,,,,,,,,,,,,,,,,,,,,,,,,TRUE,32,"Stress: pooled residual variance",2.34339098916965
0.465950602417668,0.070288274678456,0.328188115512436,0.603713089322901,0,"Likelihood-only / naive OLS",,,,,,,,,,,,,,,,,,,,,,,,,,,,,,,,,,,,,,,,,,,,,,,,,,TRUE,32,"Stress: pooled residual variance",2.34339098916965
0.735954592096291,0.117658622893325,0.505347928754795,0.966561255437787,0,"Conditional posterior mean / naive OLS",,,,,,,,,,,,,,,,,,,,,,,,,,,,,,,,,,,,,,,,,,,,,,,,,,TRUE,32,"Stress: pooled residual variance",2.34339098916965
0.767232856491012,0.135464859148302,0.501726611389549,1.03273910159248,0,"REPAIR / stabilized","stabilized",0.767232856491012,0.135464859148302,"ok","ok",1.93776270692235,2.00011195804357,,0.665555407813726,0.730552111068664,0.878046177277672,0.986666666666667,0.986666666666667,,1,1,"modified","modified","supplied",0,4,4,4,4,,,FALSE,8.42859118739084,0.235234295291109,2.18003254866861,0.107904028971848,8.36187074654852,89.7423718337411,821.184511695635,0.109284053164173,,,,,,,,,,,,,,,TRUE,32,"Stress: pooled residual variance",2.34339098916965
0.767114512037341,0.137202377725817,0.498202793101479,1.0360262309732,0,"REPAIR / fuller_equations","fuller_equations",0.767114512037341,0.137202377725817,"ok","ok",1.93776270692235,2.00107853657786,,0.665563791612213,0.731705510996034,0.881836102155403,0.986666666666667,0.986666666666667,,1,1,"fuller","fuller","supplied",0,4,4,4,4,,,FALSE,8.52044161477655,0.23238556367461,2.18003254866861,0.106597290859961,8.36090075462375,89.5084847955006,818.892019801152,0.10930438034704,,,,,,,,,,,,,,,TRUE,32,"Stress: pooled residual variance",2.34339098916965
0.546628122000675,0.046222889349613,0.456032923614054,0.637223320387296,0,"Oracle: true predictors",,,,,,,,,,,,,,,,,,,,,,,,,,,,,,,,,,,,,,,,,,,,,,,,,,TRUE,32,"Factors: fixed measurement parameters",
0.403186852507149,0.0419749513480708,0.32091745961211,0.485456245402189,0,"Likelihood-only / naive OLS",,,,,,,,,,,,,,,,,,,,,,,,,,,,,,,,,,,,,,,,,,,,,,,,,,FALSE,32,"Factors: fixed measurement parameters",
0.508192040269961,0.0571648478702091,0.39615099726264,0.620233083277282,0,"Conditional posterior mean / naive OLS",,,,,,,,,,,,,,,,,,,,,,,,,,,,,,,,,,,,,,,,,,,,,,,,,,TRUE,32,"Factors: fixed measurement parameters",
0.482768331668021,0.0553379426867958,0.37430795702336,0.591228706312683,0,"REPAIR / stabilized","stabilized",0.482768331668021,0.0553379426867958,"ok","ok",2.77571313460723,2.77554446341445,,0.653922247001934,0.758576872051699,0.766644455682177,0.986666666666667,0.986666666666667,,1,1,"modified","modified","supplied",0,4,4,4,4,,,FALSE,2.75537033351429,0.50296940833798,1.70540794001321,0.294926156104377,2.75618349508389,198.310424726727,672.604356894747,0.294839637438983,,,,,,,,,,,,,,,FALSE,32,"Factors: fixed measurement parameters",
0.482768021983436,0.0555986596314856,0.373796651517023,0.591739392449848,0,"REPAIR / fuller_equations","fuller_equations",0.482768021983436,0.0555986596314856,"ok","ok",2.77571313460723,2.77554296835603,,0.653924722322764,0.759291842509713,0.767439006377054,0.986666666666667,0.986666666666667,,1,1,"fuller","fuller","supplied",0,4,4,4,4,,,FALSE,2.76633464712197,0.49941858591312,1.70540794001321,0.292844060471098,2.75619068813864,198.118380927566,671.954750615119,0.294838872329133,,,,,,,,,,,,,,,FALSE,32,"Factors: fixed measurement parameters",
0.739507547796472,0.0749772106662548,0.59255491522934,0.886460180363604,0,"Oracle: true predictors",,,,,,,,,,,,,,,,,,,,,,,,,,,,,,,,,,,,,,,,,,,,,,,,,,TRUE,33,"Stress: pooled residual variance",2.28728453223491
0.485136756962626,0.0624292930370884,0.362777591029635,0.607495922895616,0,"Likelihood-only / naive OLS",,,,,,,,,,,,,,,,,,,,,,,,,,,,,,,,,,,,,,,,,,,,,,,,,,TRUE,33,"Stress: pooled residual variance",2.28728453223491
0.730620866539016,0.103804746469202,0.527167302035068,0.934074431042964,0,"Conditional posterior mean / naive OLS",,,,,,,,,,,,,,,,,,,,,,,,,,,,,,,,,,,,,,,,,,,,,,,,,,TRUE,33,"Stress: pooled residual variance",2.28728453223491
0.710379254811804,0.104336925804606,0.505882637977148,0.914875871646459,0,"REPAIR / stabilized","stabilized",0.710379254811804,0.104336925804606,"ok","ok",2.25981028211615,2.3334319526086,,0.594783484691928,0.656173792872939,0.793720054054214,0.986666666666667,0.986666666666667,,1,1,"modified","modified","supplied",0,4,4,4,4,,,FALSE,6.06149322550702,0.318461036739424,2.12238945474234,0.150048350470195,6.0550349818581,133.14108918703,882.493980865241,0.150869118740609,,,,,,,,,,,,,,,TRUE,33,"Stress: pooled residual variance",2.28728453223491
0.710277020170428,0.10529846008286,0.503895830780494,0.916658209560361,0,"REPAIR / fuller_equations","fuller_equations",0.710277020170428,0.10529846008286,"ok","ok",2.25981028211615,2.33418804357475,,0.594788686727747,0.65689471831198,0.796078182657215,0.986666666666667,0.986666666666667,,1,1,"fuller","fuller","supplied",0,4,4,4,4,,,FALSE,6.10681377098393,0.315672782672302,2.12238945474234,0.148734616998286,6.05497452576163,132.884100402523,880.744005961754,0.150877098797189,,,,,,,,,,,,,,,TRUE,33,"Stress: pooled residual variance",2.28728453223491
0.602730314367014,0.0467475523282667,0.51110679543821,0.694353833295818,0,"Oracle: true predictors",,,,,,,,,,,,,,,,,,,,,,,,,,,,,,,,,,,,,,,,,,,,,,,,,,TRUE,33,"Factors: fixed measurement parameters",
0.478253152675669,0.0449379771702846,0.390176335883828,0.56632996946751,0,"Likelihood-only / naive OLS",,,,,,,,,,,,,,,,,,,,,,,,,,,,,,,,,,,,,,,,,,,,,,,,,,FALSE,33,"Factors: fixed measurement parameters",
0.607975276307501,0.0612752198037264,0.487878052347422,0.72807250026758,0,"Conditional posterior mean / naive OLS",,,,,,,,,,,,,,,,,,,,,,,,,,,,,,,,,,,,,,,,,,,,,,,,,,TRUE,33,"Factors: fixed measurement parameters",
0.592038644326492,0.0629706122468896,0.468618512238152,0.715458776414833,0,"REPAIR / stabilized","stabilized",0.592038644326492,0.0629706122468896,"ok","ok",2.6906293096781,2.69326780805495,,0.627748332604728,0.766625333687529,0.774751982108284,0.986666666666667,0.986666666666667,,1,1,"modified","modified","supplied",0,4,4,4,4,,,FALSE,2.82427360377492,0.456680349227709,1.61358571683776,0.283022057311398,2.82102869826481,178.442553739749,629.75352730678,0.28335300399647,,,,,,,,,,,,,,,TRUE,33,"Factors: fixed measurement parameters",
0.592040290319506,0.0633448111775067,0.467886741804103,0.716193838834909,0,"REPAIR / fuller_equations","fuller_equations",0.592040290319506,0.0633448111775067,"ok","ok",2.6906293096781,2.69328538611272,,0.62775157377932,0.767571748968789,0.775763055271246,0.986666666666667,0.986666666666667,,1,1,"fuller","fuller","supplied",0,4,4,4,4,,,FALSE,2.83637963724739,0.45319074182274,1.61358571683776,0.280859415830034,2.82100711212187,178.220755587633,628.965871981002,0.283355208171002,,,,,,,,,,,,,,,TRUE,33,"Factors: fixed measurement parameters",
0.643614535282078,0.0777637680558523,0.491200350590482,0.796028719973675,0,"Oracle: true predictors",,,,,,,,,,,,,,,,,,,,,,,,,,,,,,,,,,,,,,,,,,,,,,,,,,TRUE,34,"Stress: pooled residual variance",2.32850783341627
0.426808892032041,0.0641406587044975,0.30109551102655,0.552522273037531,0,"Likelihood-only / naive OLS",,,,,,,,,,,,,,,,,,,,,,,,,,,,,,,,,,,,,,,,,,,,,,,,,,FALSE,34,"Stress: pooled residual variance",2.32850783341627
0.64599724610133,0.110582952917997,0.429258641077967,0.862735851124692,0,"Conditional posterior mean / naive OLS",,,,,,,,,,,,,,,,,,,,,,,,,,,,,,,,,,,,,,,,,,,,,,,,,,TRUE,34,"Stress: pooled residual variance",2.32850783341627
0.647668902598225,0.112176546269398,0.427806912000115,0.867530893196335,0,"REPAIR / stabilized","stabilized",0.647668902598225,0.112176546269398,"ok","ok",2.20418056049729,2.25285570653464,,0.615911386320418,0.667461314927474,0.78309076240855,0.986666666666667,0.986666666666667,,1,1,"modified","modified","supplied",0,4,4,4,4,,,FALSE,7.17491166823768,0.299503383732848,2.34516701006558,0.127710897538369,7.28525108162535,122.966692880127,974.229067637428,0.126219486735629,,,,,,,,,,,,,,,TRUE,34,"Stress: pooled residual variance",2.32850783341627
0.647549178562946,0.113333402651497,0.425419791120635,0.869678566005257,0,"REPAIR / fuller_equations","fuller_equations",0.647549178562946,0.113333402651497,"ok","ok",2.20418056049729,2.25342396165731,,0.61591626907446,0.668136444734817,0.78530277146973,0.986666666666667,0.986666666666667,,1,1,"fuller","fuller","supplied",0,4,4,4,4,,,FALSE,7.23437515782405,0.296675081264946,2.34516701006558,0.126504884296769,7.28651327399245,122.720971860672,972.412186986782,0.126202626317291,,,,,,,,,,,,,,,TRUE,34,"Stress: pooled residual variance",2.32850783341627
0.577024782937066,0.0499972894997534,0.479031896192926,0.675017669681205,0,"Oracle: true predictors",,,,,,,,,,,,,,,,,,,,,,,,,,,,,,,,,,,,,,,,,,,,,,,,,,TRUE,34,"Factors: fixed measurement parameters",
0.467289599409974,0.0460996206472846,0.376936003240338,0.557643195579611,0,"Likelihood-only / naive OLS",,,,,,,,,,,,,,,,,,,,,,,,,,,,,,,,,,,,,,,,,,,,,,,,,,FALSE,34,"Factors: fixed measurement parameters",
0.596833298990373,0.0629177344759043,0.473516805428747,0.720149792552,0,"Conditional posterior mean / naive OLS",,,,,,,,,,,,,,,,,,,,,,,,,,,,,,,,,,,,,,,,,,,,,,,,,,TRUE,34,"Factors: fixed measurement parameters",
0.595607108185301,0.0672554583140107,0.463788832126105,0.727425384244496,0,"REPAIR / stabilized","stabilized",0.595607108185301,0.0672554583140107,"ok","ok",2.49047903235683,2.4920069203309,,0.601808599173218,0.737100055067305,0.744145202673341,0.986666666666667,0.986666666666667,,1,1,"modified","modified","supplied",0,4,4,4,4,,,FALSE,2.87939493616839,0.395543298127456,1.46287733098736,0.270387194981336,2.87811948000041,160.709432141405,594.059707132715,0.270527406945481,,,,,,,,,,,,,,,TRUE,34,"Factors: fixed measurement parameters",
0.595605654616822,0.0677150450156884,0.462886605174564,0.72832470405908,0,"REPAIR / fuller_equations","fuller_equations",0.595605654616822,0.0677150450156884,"ok","ok",2.49047903235683,2.49201753859984,,0.601812153043014,0.738140232730947,0.74524475893092,0.986666666666667,0.986666666666667,,1,1,"fuller","fuller","supplied",0,4,4,4,4,,,FALSE,2.89386413675026,0.392055229196732,1.46287733098736,0.268002805766439,2.8781106127355,160.48104380108,593.213334867702,0.270528382233467,,,,,,,,,,,,,,,TRUE,34,"Factors: fixed measurement parameters",
0.570271065738747,0.083468713134594,0.406675394159037,0.733866737318456,0,"Oracle: true predictors",,,,,,,,,,,,,,,,,,,,,,,,,,,,,,,,,,,,,,,,,,,,,,,,,,TRUE,35,"Stress: pooled residual variance",2.26128109921646
0.363476709875999,0.066451668228448,0.233233833435636,0.493719586316361,0,"Likelihood-only / naive OLS",,,,,,,,,,,,,,,,,,,,,,,,,,,,,,,,,,,,,,,,,,,,,,,,,,FALSE,35,"Stress: pooled residual variance",2.26128109921646
0.507744248081829,0.108864431689213,0.29437388277355,0.721114613390108,0,"Conditional posterior mean / naive OLS",,,,,,,,,,,,,,,,,,,,,,,,,,,,,,,,,,,,,,,,,,,,,,,,,,TRUE,35,"Stress: pooled residual variance",2.26128109921646
0.530441681504961,0.109965118192472,0.314914010292026,0.745969352717897,0,"REPAIR / stabilized","stabilized",0.530441681504961,0.109965118192472,"ok","ok",2.38243287213005,2.44871374233519,,0.666184828969386,0.712103929335714,0.812211034032618,0.986666666666667,0.986666666666667,,1,1,"modified","modified","supplied",0,4,4,4,4,,,FALSE,6.2927951827177,0.323566600368377,2.22615446351359,0.145347776028841,6.25393769750501,128.526447214302,876.411929341692,0.146650727712987,,,,,,,,,,,,,,,TRUE,35,"Stress: pooled residual variance",2.26128109921646
0.53033220474475,0.110950438861954,0.312873340506407,0.747791068983092,0,"REPAIR / fuller_equations","fuller_equations",0.53033220474475,0.110950438861954,"ok","ok",2.38243287213005,2.44933872149814,,0.666188165033926,0.712570166164617,0.81372037652218,0.986666666666667,0.986666666666667,,1,1,"fuller","fuller","supplied",0,4,4,4,4,,,FALSE,6.33882065174024,0.320812222669335,2.22615446351359,0.144110495442886,6.25358534904477,128.375842117257,875.313807883123,0.146662649396248,,,,,,,,,,,,,,,TRUE,35,"Stress: pooled residual variance",2.26128109921646
0.596119907227609,0.0537532648848137,0.490765444001933,0.701474370453286,0,"Oracle: true predictors",,,,,,,,,,,,,,,,,,,,,,,,,,,,,,,,,,,,,,,,,,,,,,,,,,TRUE,35,"Factors: fixed measurement parameters",
0.48866455558201,0.0493693544220935,0.391902398974714,0.585426712189307,0,"Likelihood-only / naive OLS",,,,,,,,,,,,,,,,,,,,,,,,,,,,,,,,,,,,,,,,,,,,,,,,,,FALSE,35,"Factors: fixed measurement parameters",
0.617667941577413,0.0678911516967283,0.48460372938288,0.750732153771946,0,"Conditional posterior mean / naive OLS",,,,,,,,,,,,,,,,,,,,,,,,,,,,,,,,,,,,,,,,,,,,,,,,,,TRUE,35,"Factors: fixed measurement parameters",
0.613926984641931,0.0775094084768218,0.462011335564357,0.765842633719506,0,"REPAIR / stabilized","stabilized",0.613926984641931,0.0775094084768218,"ok","ok",2.27598945594982,2.27674945810403,,0.636768705534745,0.79108808124971,0.800908193442056,0.986666666666667,0.986666666666667,,1,1,"modified","modified","supplied",0,4,4,4,4,,,FALSE,3.82834399424231,0.334606025189524,1.60733495716275,0.208174421702472,3.82903646107231,126.535608391662,607.868427428703,0.208162823864549,,,,,,,,,,,,,,,TRUE,35,"Factors: fixed measurement parameters",
0.613928149158485,0.0781857071657831,0.460686979007755,0.767169319309215,0,"REPAIR / fuller_equations","fuller_equations",0.613928149158485,0.0781857071657831,"ok","ok",2.27598945594982,2.27675346358305,,0.636772355374665,0.792155596039561,0.802041415918739,0.986666666666667,0.986666666666667,,1,1,"fuller","fuller","supplied",0,4,4,4,4,,,FALSE,3.85494093729243,0.331154207997701,1.60733495716275,0.206026881031848,3.82904012438887,126.36321899206,607.040459833946,0.208162762374399,,,,,,,,,,,,,,,TRUE,35,"Factors: fixed measurement parameters",
0.642200641792328,0.0822919118517124,0.480911458344027,0.803489825240629,0,"Oracle: true predictors",,,,,,,,,,,,,,,,,,,,,,,,,,,,,,,,,,,,,,,,,,,,,,,,,,TRUE,36,"Stress: pooled residual variance",2.23169739203699
0.389172848967118,0.0693043880572166,0.253338744404386,0.525006953529851,0,"Likelihood-only / naive OLS",,,,,,,,,,,,,,,,,,,,,,,,,,,,,,,,,,,,,,,,,,,,,,,,,,FALSE,36,"Stress: pooled residual variance",2.23169739203699
0.597675581525221,0.110972789065499,0.380172911692884,0.815178251357559,0,"Conditional posterior mean / naive OLS",,,,,,,,,,,,,,,,,,,,,,,,,,,,,,,,,,,,,,,,,,,,,,,,,,TRUE,36,"Stress: pooled residual variance",2.23169739203699
0.61137413693219,0.121120628772565,0.373982066753117,0.848766207111263,0,"REPAIR / stabilized","stabilized",0.61137413693219,0.121120628772565,"ok","ok",2.17350615066926,2.22663758039406,,0.697522305991091,0.738173631466303,0.829886602168912,0.986666666666667,0.986666666666667,,1,1,"modified","modified","supplied",0,4,4,4,4,,,FALSE,7.55796792193246,0.264975500900196,2.19036787961498,0.120973058163532,7.43715200557752,102.925055942378,835.398754922363,0.123204703545366,,,,,,,,,,,,,,,TRUE,36,"Stress: pooled residual variance",2.23169739203699
0.611356159438481,0.122375563260408,0.371504462860278,0.851207856016684,0,"REPAIR / fuller_equations","fuller_equations",0.611356159438481,0.122375563260408,"ok","ok",2.17350615066926,2.2273526968135,,0.697526581459664,0.738764181042055,0.831822678147518,0.986666666666667,0.986666666666667,,1,1,"fuller","fuller","supplied",0,4,4,4,4,,,FALSE,7.62657514278176,0.262259337070638,2.19036787961498,0.119733009012503,7.43559526810327,102.78419286789,834.057123991727,0.123233996702736,,,,,,,,,,,,,,,TRUE,36,"Stress: pooled residual variance",2.23169739203699
0.547665586593701,0.0477095408318685,0.454156604844296,0.641174568343106,0,"Oracle: true predictors",,,,,,,,,,,,,,,,,,,,,,,,,,,,,,,,,,,,,,,,,,,,,,,,,,TRUE,36,"Factors: fixed measurement parameters",
0.42153923881197,0.0430054160705171,0.337250172173597,0.505828305450344,0,"Likelihood-only / naive OLS",,,,,,,,,,,,,,,,,,,,,,,,,,,,,,,,,,,,,,,,,,,,,,,,,,FALSE,36,"Factors: fixed measurement parameters",
0.532007675354417,0.0583573756276441,0.417629320891959,0.646386029816875,0,"Conditional posterior mean / naive OLS",,,,,,,,,,,,,,,,,,,,,,,,,,,,,,,,,,,,,,,,,,,,,,,,,,TRUE,36,"Factors: fixed measurement parameters",
0.524154282940762,0.0591777413578943,0.408168041192863,0.640140524688662,0,"REPAIR / stabilized","stabilized",0.524154282940762,0.0591777413578943,"ok","ok",2.78482669131208,2.78551290886602,,0.583262492577683,0.701979389484722,0.710473058752551,0.986666666666667,0.986666666666667,,1,1,"modified","modified","supplied",0,4,4,4,4,,,FALSE,2.46705604784691,0.493822864106834,1.54176234473146,0.320297655338603,2.46528661120399,210.504678243123,656.758719514454,0.320520568647723,,,,,,,,,,,,,,,TRUE,36,"Factors: fixed measurement parameters",
0.524153425342929,0.0595024118134473,0.407530841195302,0.640776009490557,0,"REPAIR / fuller_equations","fuller_equations",0.524153425342929,0.0595024118134473,"ok","ok",2.78482669131208,2.78551825947265,,0.583265514852295,0.702857184802527,0.711428655958157,0.986666666666667,0.986666666666667,,1,1,"fuller","fuller","supplied",0,4,4,4,4,,,FALSE,2.47574322748396,0.490327554375737,1.54176234473146,0.318030568103634,2.46527276675586,210.23759459897,655.921867010442,0.320522313971922,,,,,,,,,,,,,,,TRUE,36,"Factors: fixed measurement parameters",
0.62424875931915,0.0909362030574487,0.44601707643573,0.802480442202571,0,"Oracle: true predictors",,,,,,,,,,,,,,,,,,,,,,,,,,,,,,,,,,,,,,,,,,,,,,,,,,TRUE,37,"Stress: pooled residual variance",2.26939988012785
0.324904754266637,0.0702557830365727,0.187205949809294,0.46260355872398,0,"Likelihood-only / naive OLS",,,,,,,,,,,,,,,,,,,,,,,,,,,,,,,,,,,,,,,,,,,,,,,,,,FALSE,37,"Stress: pooled residual variance",2.26939988012785
0.561504240780472,0.117944086576321,0.330338078901409,0.792670402659536,0,"Conditional posterior mean / naive OLS",,,,,,,,,,,,,,,,,,,,,,,,,,,,,,,,,,,,,,,,,,,,,,,,,,TRUE,37,"Stress: pooled residual variance",2.26939988012785
0.523300161804192,0.127956665763911,0.272509705325097,0.774090618283288,0,"REPAIR / stabilized","stabilized",0.523300161804192,0.127956665763911,"ok","ok",2.13236989703532,2.15227404092682,,0.701245169769029,0.735227584263502,0.810540312416723,0.986666666666667,0.986666666666667,,1,1,"modified","modified","supplied",0,4,4,4,4,,,FALSE,8.14466305599484,0.25018711758559,2.22813773782784,0.112285301459636,8.16143351979099,96.8214429281214,862.465744618984,0.112261204032973,,,,,,,,,,,,,,,TRUE,37,"Stress: pooled residual variance",2.26939988012785
0.523453966334943,0.129415246289008,0.269804744558107,0.777103188111779,0,"REPAIR / fuller_equations","fuller_equations",0.523453966334943,0.129415246289008,"ok","ok",2.13236989703532,2.15251786594148,,0.701248334725455,0.735665750190028,0.81197281379624,0.986666666666667,0.986666666666667,,1,1,"fuller","fuller","supplied",0,4,4,4,4,,,FALSE,8.22536845773465,0.247419516740151,2.22813773782784,0.111043187564048,8.16163643520112,96.7037100739591,861.419332814908,0.112260900574352,,,,,,,,,,,,,,,TRUE,37,"Stress: pooled residual variance",2.26939988012785
0.614242804622346,0.0529268536582525,0.510508077637149,0.717977531607543,0,"Oracle: true predictors",,,,,,,,,,,,,,,,,,,,,,,,,,,,,,,,,,,,,,,,,,,,,,,,,,TRUE,37,"Factors: fixed measurement parameters",
0.541090990246038,0.0492666574611485,0.444530115983516,0.637651864508561,0,"Likelihood-only / naive OLS",,,,,,,,,,,,,,,,,,,,,,,,,,,,,,,,,,,,,,,,,,,,,,,,,,TRUE,37,"Factors: fixed measurement parameters",
0.69570902056249,0.0668253369977474,0.564733766792153,0.826684274332827,0,"Conditional posterior mean / naive OLS",,,,,,,,,,,,,,,,,,,,,,,,,,,,,,,,,,,,,,,,,,,,,,,,,,TRUE,37,"Factors: fixed measurement parameters",
0.709243356057833,0.0712763645017886,0.569544248685378,0.848942463430288,0,"REPAIR / stabilized","stabilized",0.709243356057833,0.0712763645017886,"ok","ok",2.67992133416775,2.68005114509247,,0.66997457753531,0.83812818719226,0.842987063024954,0.986666666666667,0.986666666666667,,1,1,"modified","modified","supplied",0,4,4,4,4,,,FALSE,2.35194244010269,0.48721777558231,1.47304676713664,0.33075513042222,2.35156136425189,174.182929440487,526.51879741359,0.33081996368624,,,,,,,,,,,,,,,TRUE,37,"Factors: fixed measurement parameters",
0.70924335903628,0.0717335622251524,0.568648160592218,0.849838557480342,0,"REPAIR / fuller_equations","fuller_equations",0.70924335903628,0.0717335622251524,"ok","ok",2.67992133416775,2.68005153053363,,0.669979171612707,0.839486028657664,0.844367333232414,0.986666666666667,0.986666666666667,,1,1,"fuller","fuller","supplied",0,4,4,4,4,,,FALSE,2.35954123399683,0.483776490642076,1.47304676713664,0.328418962272635,2.35156022970371,173.900564666399,525.664960603627,0.3308201567529,,,,,,,,,,,,,,,TRUE,37,"Factors: fixed measurement parameters",
0.637206060283587,0.0830025530174127,0.474524045744582,0.799888074822592,0,"Oracle: true predictors",,,,,,,,,,,,,,,,,,,,,,,,,,,,,,,,,,,,,,,,,,,,,,,,,,TRUE,38,"Stress: pooled residual variance",2.27256471166406
0.471718765921342,0.0680670427637635,0.338309813570218,0.605127718272466,0,"Likelihood-only / naive OLS",,,,,,,,,,,,,,,,,,,,,,,,,,,,,,,,,,,,,,,,,,,,,,,,,,TRUE,38,"Stress: pooled residual variance",2.27256471166406
0.770438103650888,0.11521536684602,0.544620134167118,0.996256073134657,0,"Conditional posterior mean / naive OLS",,,,,,,,,,,,,,,,,,,,,,,,,,,,,,,,,,,,,,,,,,,,,,,,,,TRUE,38,"Stress: pooled residual variance",2.27256471166406
0.742195962192414,0.119822886675486,0.507347419784836,0.977044504599991,0,"REPAIR / stabilized","stabilized",0.742195962192414,0.119822886675486,"ok","ok",2.17606979147939,2.21585399737816,,0.665775505597928,0.726959514764023,0.86456574676382,0.986666666666667,0.986666666666667,,1,1,"modified","modified","supplied",0,4,4,4,4,,,FALSE,6.77999340728569,0.295434163508254,2.19394394048683,0.134658939117058,6.79501393061494,110.817834068226,822.35888072931,0.134756049536362,,,,,,,,,,,,,,,TRUE,38,"Stress: pooled residual variance",2.27256471166406
0.742283069112095,0.121072744200366,0.504984850969946,0.979581287254244,0,"REPAIR / fuller_equations","fuller_equations",0.742283069112095,0.121072744200366,"ok","ok",2.17606979147939,2.21633675708255,,0.665781564491572,0.72779674007762,0.86731017416164,0.986666666666667,0.986666666666667,,1,1,"fuller","fuller","supplied",0,4,4,4,4,,,FALSE,6.83532741660318,0.292665205778962,2.19394394048683,0.133396847739884,6.79519394917409,110.572188785661,820.529493725859,0.134757116753446,,,,,,,,,,,,,,,TRUE,38,"Stress: pooled residual variance",2.27256471166406
0.649124835345254,0.0529915472816746,0.54526331118812,0.752986359502387,0,"Oracle: true predictors",,,,,,,,,,,,,,,,,,,,,,,,,,,,,,,,,,,,,,,,,,,,,,,,,,TRUE,38,"Factors: fixed measurement parameters",
0.508650733964794,0.0482800231121234,0.414023627492271,0.603277840437318,0,"Likelihood-only / naive OLS",,,,,,,,,,,,,,,,,,,,,,,,,,,,,,,,,,,,,,,,,,,,,,,,,,TRUE,38,"Factors: fixed measurement parameters",
0.654140146849767,0.0658434194692919,0.525089416070991,0.783190877628542,0,"Conditional posterior mean / naive OLS",,,,,,,,,,,,,,,,,,,,,,,,,,,,,,,,,,,,,,,,,,,,,,,,,,TRUE,38,"Factors: fixed measurement parameters",
0.657649732744876,0.0702283344654322,0.520004726498396,0.795294738991356,0,"REPAIR / stabilized","stabilized",0.657649732744876,0.0702283344654322,"ok","ok",2.5824737008398,2.58224109379139,,0.664871734727118,0.811877840430447,0.816598930589638,0.986666666666667,0.986666666666667,,1,1,"modified","modified","supplied",0,4,4,4,4,,,FALSE,2.78183242588226,0.422508670102106,1.50033349336891,0.281609836725959,2.78152102411259,155.880477594251,553.490668484596,0.281631627179978,,,,,,,,,,,,,,,TRUE,38,"Factors: fixed measurement parameters",
0.657650443678777,0.0706969416552612,0.519086984217336,0.796213903140218,0,"REPAIR / fuller_equations","fuller_equations",0.657650443678777,0.0706969416552612,"ok","ok",2.5824737008398,2.58224019819174,,0.664875555269256,0.813005817628823,0.817751599012665,0.986666666666667,0.986666666666667,,1,1,"fuller","fuller","supplied",0,4,4,4,4,,,FALSE,2.79441963696773,0.419035918463337,1.50033349336891,0.279295183581097,2.78151983612716,155.663283973686,552.719307819868,0.281631710293747,,,,,,,,,,,,,,,TRUE,38,"Factors: fixed measurement parameters",
0.603428492033357,0.0935728827047298,0.420029012002495,0.786827972064218,0,"Oracle: true predictors",,,,,,,,,,,,,,,,,,,,,,,,,,,,,,,,,,,,,,,,,,,,,,,,,,TRUE,39,"Stress: pooled residual variance",2.23999993074292
0.410867997305662,0.0720891353833426,0.269575888277678,0.552160106333645,0,"Likelihood-only / naive OLS",,,,,,,,,,,,,,,,,,,,,,,,,,,,,,,,,,,,,,,,,,,,,,,,,,FALSE,39,"Stress: pooled residual variance",2.23999993074292
0.559860784156857,0.116292370233402,0.331931926822592,0.787789641491122,0,"Conditional posterior mean / naive OLS",,,,,,,,,,,,,,,,,,,,,,,,,,,,,,,,,,,,,,,,,,,,,,,,,,TRUE,39,"Stress: pooled residual variance",2.23999993074292
0.629139403176518,0.128923256379182,0.376454463903698,0.881824342449338,0,"REPAIR / stabilized","stabilized",0.629139403176518,0.128923256379182,"ok","ok",2.09851018702008,2.16460429013898,,0.732811518167107,0.779937511614064,0.886067911667187,0.986666666666667,0.986666666666667,,1,1,"modified","modified","supplied",0,4,4,4,4,,,FALSE,6.92331788762213,0.246909342038261,1.89849984164449,0.130054971099912,6.85392977973373,90.6116648658931,687.202967155075,0.131855753244217,,,,,,,,,,,,,,,TRUE,39,"Stress: pooled residual variance",2.23999993074292
0.628825488463199,0.130337998443176,0.373367705697536,0.884283271228862,0,"REPAIR / fuller_equations","fuller_equations",0.628825488463199,0.130337998443176,"ok","ok",2.09851018702008,2.16549989746998,,0.732816571763434,0.780635387011633,0.88835568588332,0.986666666666667,0.986666666666667,,1,1,"fuller","fuller","supplied",0,4,4,4,4,,,FALSE,6.98989869408112,0.244192045941278,1.89849984164449,0.128623685177533,6.8530299256054,90.4767744098516,686.056733757773,0.131879434976578,,,,,,,,,,,,,,,TRUE,39,"Stress: pooled residual variance",2.23999993074292
0.593521551960872,0.045902036341829,0.503555213913839,0.683487890007906,0,"Oracle: true predictors",,,,,,,,,,,,,,,,,,,,,,,,,,,,,,,,,,,,,,,,,,,,,,,,,,TRUE,39,"Factors: fixed measurement parameters",
0.501106634406733,0.0444907001293895,0.413906464506158,0.588306804307308,0,"Likelihood-only / naive OLS",,,,,,,,,,,,,,,,,,,,,,,,,,,,,,,,,,,,,,,,,,,,,,,,,,FALSE,39,"Factors: fixed measurement parameters",
0.64408914608145,0.0602170451704063,0.526065906292032,0.762112385870868,0,"Conditional posterior mean / naive OLS",,,,,,,,,,,,,,,,,,,,,,,,,,,,,,,,,,,,,,,,,,,,,,,,,,TRUE,39,"Factors: fixed measurement parameters",
0.639582677623812,0.061211866928341,0.519609623017805,0.759555732229818,0,"REPAIR / stabilized","stabilized",0.639582677623812,0.061211866928341,"ok","ok",2.70882208474202,2.70779789893482,,0.612585985857284,0.754749652274305,0.759877513134616,0.986666666666667,0.986666666666667,,1,1,"modified","modified","supplied",0,4,4,4,4,,,FALSE,2.29098799171606,0.478167283280339,1.41469809681327,0.337999523967307,2.29275814344546,189.576969852391,561.312161801016,0.33773893165635,,,,,,,,,,,,,,,TRUE,39,"Factors: fixed measurement parameters",
0.639582432870184,0.0615423979272105,0.518961549410619,0.76020331632975,0,"REPAIR / fuller_equations","fuller_equations",0.639582432870184,0.0615423979272105,"ok","ok",2.70882208474202,2.7077894490328,,0.612589797261164,0.755868444419238,0.761046455494439,0.986666666666667,0.986666666666667,,1,1,"fuller","fuller","supplied",0,4,4,4,4,,,FALSE,2.29911388806637,0.474607415577388,1.41469809681327,0.33548317951829,2.29277274945696,189.292373233964,560.4730746346,0.33773678308699,,,,,,,,,,,,,,,TRUE,39,"Factors: fixed measurement parameters",
0.499517697901603,0.0799006812690046,0.34291524027414,0.656120155529066,0,"Oracle: true predictors",,,,,,,,,,,,,,,,,,,,,,,,,,,,,,,,,,,,,,,,,,,,,,,,,,TRUE,40,"Stress: pooled residual variance",2.17639261441446
0.318434265670717,0.0645849905720261,0.191850010207687,0.445018521133747,0,"Likelihood-only / naive OLS",,,,,,,,,,,,,,,,,,,,,,,,,,,,,,,,,,,,,,,,,,,,,,,,,,FALSE,40,"Stress: pooled residual variance",2.17639261441446
0.495011050444827,0.104335111634785,0.290517989317682,0.699504111571972,0,"Conditional posterior mean / naive OLS",,,,,,,,,,,,,,,,,,,,,,,,,,,,,,,,,,,,,,,,,,,,,,,,,,TRUE,40,"Stress: pooled residual variance",2.17639261441446
0.484104675975206,0.105093547859841,0.27812510716238,0.690084244788031,0,"REPAIR / stabilized","stabilized",0.484104675975206,0.105093547859841,"ok","ok",2.47239911522725,2.50984689583726,,0.640949363638107,0.670628131236087,0.736279239801208,0.986666666666667,0.986666666666667,,1,1,"modified","modified","supplied",0,4,4,4,4,,,FALSE,5.04725952550805,0.323635574889634,1.81565413602091,0.178247370173097,5.03343527965708,138.272572616491,772.025260541233,0.179103689585952,,,,,,,,,,,,,,,TRUE,40,"Stress: pooled residual variance",2.17639261441446
0.484122764405907,0.105995819903071,0.276374774884094,0.69187075392772,0,"REPAIR / fuller_equations","fuller_equations",0.484122764405907,0.105995819903071,"ok","ok",2.47239911522725,2.51026922979166,,0.640951897915169,0.670981707605808,0.737426002708075,0.986666666666667,0.986666666666667,,1,1,"fuller","fuller","supplied",0,4,4,4,4,,,FALSE,5.08142708085552,0.320975073739463,1.81565413602091,0.176782057425813,5.03328425741427,138.131384148446,771.196339044237,0.179113122242821,,,,,,,,,,,,,,,TRUE,40,"Stress: pooled residual variance",2.17639261441446
0.643048291413945,0.0513413549585669,0.542421084777667,0.743675498050223,0,"Oracle: true predictors",,,,,,,,,,,,,,,,,,,,,,,,,,,,,,,,,,,,,,,,,,,,,,,,,,TRUE,40,"Factors: fixed measurement parameters",
0.486039962913419,0.0459366272556656,0.396005827921074,0.576074097905765,0,"Likelihood-only / naive OLS",,,,,,,,,,,,,,,,,,,,,,,,,,,,,,,,,,,,,,,,,,,,,,,,,,FALSE,40,"Factors: fixed measurement parameters",
0.618622574048365,0.0620704574268763,0.496966712987761,0.740278435108969,0,"Conditional posterior mean / naive OLS",,,,,,,,,,,,,,,,,,,,,,,,,,,,,,,,,,,,,,,,,,,,,,,,,,TRUE,40,"Factors: fixed measurement parameters",
0.627998949618217,0.0651211750035477,0.500363791980333,0.755634107256101,0,"REPAIR / stabilized","stabilized",0.627998949618217,0.0651211750035477,"ok","ok",2.66583988603795,2.66666950814476,,0.595244334414916,0.748681760743194,0.757169496803939,0.986666666666667,0.986666666666667,,1,1,"modified","modified","supplied",0,4,4,4,4,,,FALSE,2.20579827528467,0.475087008584222,1.3713845549898,0.346428729166893,2.2034209902042,190.140860974301,548.177252218005,0.346860181090995,,,,,,,,,,,,,,,TRUE,40,"Factors: fixed measurement parameters",
0.627996837125007,0.0655141201941339,0.499591521065677,0.756402153184338,0,"REPAIR / fuller_equations","fuller_equations",0.627996837125007,0.0655141201941339,"ok","ok",2.66583988603795,2.66667600986437,,0.595248735349706,0.749967207890685,0.758537185485909,0.986666666666667,0.986666666666667,,1,1,"fuller","fuller","supplied",0,4,4,4,4,,,FALSE,2.21291174492859,0.471589125946155,1.3713845549898,0.343878107880297,2.20340226328466,189.813163219232,547.227128780433,0.346863584125034,,,,,,,,,,,,,,,TRUE,40,"Factors: fixed measurement parameters",
0.59593701824302,0.083584908506705,0.432113607918803,0.759760428567238,0,"Oracle: true predictors",,,,,,,,,,,,,,,,,,,,,,,,,,,,,,,,,,,,,,,,,,,,,,,,,,TRUE,41,"Stress: pooled residual variance",2.19634405237517
0.319892303017379,0.0685934315814681,0.185451647541689,0.454332958493069,0,"Likelihood-only / naive OLS",,,,,,,,,,,,,,,,,,,,,,,,,,,,,,,,,,,,,,,,,,,,,,,,,,FALSE,41,"Stress: pooled residual variance",2.19634405237517
0.519093879485797,0.113578300558011,0.29648450096683,0.741703258004764,0,"Conditional posterior mean / naive OLS",,,,,,,,,,,,,,,,,,,,,,,,,,,,,,,,,,,,,,,,,,,,,,,,,,TRUE,41,"Stress: pooled residual variance",2.19634405237517
0.523014867368944,0.121853219071919,0.284186946587713,0.761842788150174,0,"REPAIR / stabilized","stabilized",0.523014867368944,0.121853219071919,"ok","ok",2.21525567524357,2.23919163889059,,0.641073575827931,0.67650901160169,0.754599618374627,0.986666666666667,0.986666666666667,,1,1,"modified","modified","supplied",0,4,4,4,4,,,FALSE,6.88389510483779,0.284411304972399,2.142138216287,0.132769819804333,6.96525324193707,118.326220823797,899.528522817665,0.131542489006524,,,,,,,,,,,,,,,TRUE,41,"Stress: pooled residual variance",2.19634405237517
0.523119680323592,0.123151563048722,0.281747052108283,0.764492308538902,0,"REPAIR / fuller_equations","fuller_equations",0.523119680323592,0.123151563048722,"ok","ok",2.21525567524357,2.23948913830791,,0.641076944914958,0.676977026099554,0.756123083712628,0.986666666666667,0.986666666666667,,1,1,"fuller","fuller","supplied",0,4,4,4,4,,,FALSE,6.94051730621736,0.281732291332652,2.142138216287,0.13151919385528,6.9662496068486,118.155012600017,898.328679187081,0.131527597122847,,,,,,,,,,,,,,,TRUE,41,"Stress: pooled residual variance",2.19634405237517
0.460763229050423,0.0498833777359483,0.362993605260758,0.558532852840089,0,"Oracle: true predictors",,,,,,,,,,,,,,,,,,,,,,,,,,,,,,,,,,,,,,,,,,,,,,,,,,FALSE,41,"Factors: fixed measurement parameters",
0.362891001277907,0.0486958063302186,0.267448974672541,0.458333027883273,0,"Likelihood-only / naive OLS",,,,,,,,,,,,,,,,,,,,,,,,,,,,,,,,,,,,,,,,,,,,,,,,,,FALSE,41,"Factors: fixed measurement parameters",
0.457834846506689,0.0653496416319822,0.329751902505404,0.585917790507973,0,"Conditional posterior mean / naive OLS",,,,,,,,,,,,,,,,,,,,,,,,,,,,,,,,,,,,,,,,,,,,,,,,,,FALSE,41,"Factors: fixed measurement parameters",
0.479443449576457,0.0674785961343485,0.34718783142581,0.611699067727104,0,"REPAIR / stabilized","stabilized",0.479443449576457,0.0674785961343485,"ok","ok",2.84429154974152,2.84559000399618,,0.716860740945054,0.816443895683603,0.823621126821244,0.986666666666667,0.986666666666667,,1,1,"modified","modified","supplied",0,4,4,4,4,,,FALSE,1.70290826220256,0.548994109445167,1.2567726451443,0.436828500020489,1.70080304299083,201.397739753229,460.562555254533,0.43728639563832,,,,,,,,,,,,,,,TRUE,41,"Factors: fixed measurement parameters",
0.479444988170163,0.0678465846533277,0.346468125775593,0.612421850564733,0,"REPAIR / fuller_equations","fuller_equations",0.479444988170163,0.0678465846533277,"ok","ok",2.84429154974152,2.84560322481399,,0.716864044939925,0.817403138262798,0.824662686411958,0.986666666666667,0.986666666666667,,1,1,"fuller","fuller","supplied",0,4,4,4,4,,,FALSE,1.70597840991987,0.545466969622697,1.2567726451443,0.434021994137267,1.70078157836261,201.158047620927,460.009503586857,0.437291069102761,,,,,,,,,,,,,,,TRUE,41,"Factors: fixed measurement parameters",
0.524638863519176,0.0822127971764699,0.363504741984998,0.685772985053353,0,"Oracle: true predictors",,,,,,,,,,,,,,,,,,,,,,,,,,,,,,,,,,,,,,,,,,,,,,,,,,TRUE,42,"Stress: pooled residual variance",2.28936334101565
0.41135046954777,0.0647781040668386,0.284387718589979,0.538313220505561,0,"Likelihood-only / naive OLS",,,,,,,,,,,,,,,,,,,,,,,,,,,,,,,,,,,,,,,,,,,,,,,,,,FALSE,42,"Stress: pooled residual variance",2.28936334101565
0.665647875178924,0.105066279883092,0.459721750618458,0.871573999739391,0,"Conditional posterior mean / naive OLS",,,,,,,,,,,,,,,,,,,,,,,,,,,,,,,,,,,,,,,,,,,,,,,,,,TRUE,42,"Stress: pooled residual variance",2.28936334101565
0.679993232620797,0.119312964008346,0.446144120275716,0.913842344965878,0,"REPAIR / stabilized","stabilized",0.679993232620797,0.119312964008346,"ok","ok",2.0245662855622,2.08630312479212,,0.583213890863435,0.630405033137481,0.737826096559989,0.986666666666667,0.986666666666667,,1,1,"modified","modified","supplied",0,4,4,4,4,,,FALSE,8.50518873885308,0.251774597109965,2.3334394187066,0.107898493139162,8.38643566205459,113.090387632819,1029.83272745076,0.109814326752619,,,,,,,,,,,,,,,TRUE,42,"Stress: pooled residual variance",2.28936334101565
0.680034159782832,0.120698579102121,0.443469291757516,0.916599027808148,0,"REPAIR / fuller_equations","fuller_equations",0.680034159782832,0.120698579102121,"ok","ok",2.0245662855622,2.08727066940454,,0.583219937582583,0.631238120287835,0.740560263819513,0.986666666666667,0.986666666666667,,1,1,"fuller","fuller","supplied",0,4,4,4,4,,,FALSE,8.59017312742789,0.248981678097982,2.3334394187066,0.106701582266057,8.3847094451394,112.847157757913,1027.35160499738,0.109842781389533,,,,,,,,,,,,,,,TRUE,42,"Stress: pooled residual variance",2.28936334101565
0.628003444689318,0.0471436993153714,0.535603491933205,0.720403397445432,0,"Oracle: true predictors",,,,,,,,,,,,,,,,,,,,,,,,,,,,,,,,,,,,,,,,,,,,,,,,,,TRUE,42,"Factors: fixed measurement parameters",
0.523794569223179,0.044168697716564,0.437225512454677,0.610363625991681,0,"Likelihood-only / naive OLS",,,,,,,,,,,,,,,,,,,,,,,,,,,,,,,,,,,,,,,,,,,,,,,,,,TRUE,42,"Factors: fixed measurement parameters",
0.673788315963151,0.0599195860460489,0.556348085344347,0.791228546581956,0,"Conditional posterior mean / naive OLS",,,,,,,,,,,,,,,,,,,,,,,,,,,,,,,,,,,,,,,,,,,,,,,,,,TRUE,42,"Factors: fixed measurement parameters",
0.673163937614593,0.0623255262277733,0.55100815089065,0.795319724338535,0,"REPAIR / stabilized","stabilized",0.673163937614593,0.0623255262277733,"ok","ok",2.70800042783257,2.70758857161245,,0.56792956066973,0.721467752827511,0.726295290549737,0.986666666666667,0.986666666666667,,1,1,"modified","modified","supplied",0,4,4,4,4,,,FALSE,2.4267214707709,0.458956363749229,1.43557843424769,0.319701350201561,2.42771320110274,190.439739369563,595.916970504258,0.319574284330945,,,,,,,,,,,,,,,TRUE,42,"Factors: fixed measurement parameters",
0.673164146809305,0.0626963823112078,0.550281495518383,0.796046798100226,0,"REPAIR / fuller_equations","fuller_equations",0.673164146809305,0.0626963823112078,"ok","ok",2.70800042783257,2.70758603852004,,0.567933620752929,0.722663543654933,0.727528960374872,0.986666666666667,0.986666666666667,,1,1,"fuller","fuller","supplied",0,4,4,4,4,,,FALSE,2.43595564927314,0.455435667495015,1.43557843424769,0.317248891896098,2.42771930102143,190.12214933668,594.924633943612,0.319573503077871,,,,,,,,,,,,,,,TRUE,42,"Factors: fixed measurement parameters",
0.593569370762863,0.0777050237755157,0.441270322745024,0.745868418780703,0,"Oracle: true predictors",,,,,,,,,,,,,,,,,,,,,,,,,,,,,,,,,,,,,,,,,,,,,,,,,,TRUE,43,"Stress: pooled residual variance",2.17886508320473
0.392039882260557,0.0633227069386318,0.267929657257254,0.51615010726386,0,"Likelihood-only / naive OLS",,,,,,,,,,,,,,,,,,,,,,,,,,,,,,,,,,,,,,,,,,,,,,,,,,FALSE,43,"Stress: pooled residual variance",2.17886508320473
0.632068563734123,0.101610736446393,0.432915179856601,0.831221947611646,0,"Conditional posterior mean / naive OLS",,,,,,,,,,,,,,,,,,,,,,,,,,,,,,,,,,,,,,,,,,,,,,,,,,TRUE,43,"Stress: pooled residual variance",2.17886508320473
0.599708894489813,0.104419086216551,0.395051246206791,0.804366542772835,0,"REPAIR / stabilized","stabilized",0.599708894489813,0.104419086216551,"ok","ok",2.35513187576997,2.40174442518893,,0.611836363466302,0.649331240373928,0.733838139093393,0.986666666666667,0.986666666666667,,1,1,"modified","modified","supplied",0,4,4,4,4,,,FALSE,5.91760371249666,0.306675767812511,1.99783045379681,0.153504401351818,5.87151217379052,134.196409348631,865.168176849139,0.155110200466876,,,,,,,,,,,,,,,TRUE,43,"Stress: pooled residual variance",2.17886508320473
0.599785590193794,0.105351265060837,0.39330090494882,0.806270275438768,0,"REPAIR / fuller_equations","fuller_equations",0.599785590193794,0.105351265060837,"ok","ok",2.35513187576997,2.40229531044237,,0.611839839189574,0.6498124473508,0.735413408124265,0.986666666666667,0.986666666666667,,1,1,"fuller","fuller","supplied",0,4,4,4,4,,,FALSE,5.96114096075463,0.304021110329588,1.99783045379681,0.152175631196234,5.87098741828719,134.016353137027,863.904447060098,0.155128676085752,,,,,,,,,,,,,,,TRUE,43,"Stress: pooled residual variance",2.17886508320473
0.595745441936054,0.0478226305503552,0.502014808411393,0.689476075460715,0,"Oracle: true predictors",,,,,,,,,,,,,,,,,,,,,,,,,,,,,,,,,,,,,,,,,,,,,,,,,,TRUE,43,"Factors: fixed measurement parameters",
0.51799596512783,0.0454640164002213,0.428888130390858,0.607103799864802,0,"Likelihood-only / naive OLS",,,,,,,,,,,,,,,,,,,,,,,,,,,,,,,,,,,,,,,,,,,,,,,,,,TRUE,43,"Factors: fixed measurement parameters",
0.661457002038593,0.061395841239506,0.541123364408622,0.781790639668564,0,"Conditional posterior mean / naive OLS",,,,,,,,,,,,,,,,,,,,,,,,,,,,,,,,,,,,,,,,,,,,,,,,,,TRUE,43,"Factors: fixed measurement parameters",
0.66397717309652,0.0632751220543305,0.539960212752656,0.787994133440384,0,"REPAIR / stabilized","stabilized",0.66397717309652,0.0632751220543305,"ok","ok",2.71404688249752,2.71484670240633,,0.606485553437331,0.769282826300546,0.7768549334473,0.986666666666667,0.986666666666667,,1,1,"modified","modified","supplied",0,4,4,4,4,,,FALSE,2.12487777837213,0.51367229561907,1.41422958770705,0.363217047701505,2.12521195932474,199.944012663009,550.455036175254,0.363234050963157,,,,,,,,,,,,,,,TRUE,43,"Factors: fixed measurement parameters",
0.663973526856868,0.063630956285171,0.53925914423609,0.788687909477645,0,"REPAIR / fuller_equations","fuller_equations",0.663973526856868,0.063630956285171,"ok","ok",2.71404688249752,2.71485254602424,,0.606489990673702,0.770582657864456,0.778223664837865,0.986666666666667,0.986666666666667,,1,1,"fuller","fuller","supplied",0,4,4,4,4,,,FALSE,2.13096253119338,0.510163968695011,1.41422958770705,0.360736314053621,2.12521441505468,199.604004305371,549.518789760538,0.363234175108647,,,,,,,,,,,,,,,TRUE,43,"Factors: fixed measurement parameters",
0.559260491617519,0.0745053780212782,0.413232634041272,0.705288349193767,0,"Oracle: true predictors",,,,,,,,,,,,,,,,,,,,,,,,,,,,,,,,,,,,,,,,,,,,,,,,,,TRUE,44,"Stress: pooled residual variance",2.30677874314601
0.358169072746961,0.055786244300839,0.248830043084564,0.467508102409358,0,"Likelihood-only / naive OLS",,,,,,,,,,,,,,,,,,,,,,,,,,,,,,,,,,,,,,,,,,,,,,,,,,FALSE,44,"Stress: pooled residual variance",2.30677874314601
0.565680822470215,0.0941064142226274,0.381235639879657,0.750126005060773,0,"Conditional posterior mean / naive OLS",,,,,,,,,,,,,,,,,,,,,,,,,,,,,,,,,,,,,,,,,,,,,,,,,,TRUE,44,"Stress: pooled residual variance",2.30677874314601
0.504586700692781,0.0864994901932837,0.335050815232869,0.674122586152692,0,"REPAIR / stabilized","stabilized",0.504586700692781,0.0864994901932837,"ok","ok",2.63785753311772,2.67475884197052,,0.551051567427485,0.589341456837405,0.673077622048207,0.986666666666667,0.986666666666667,,1,1,"modified","modified","supplied",0,4,4,4,4,,,FALSE,4.9291949015928,0.374796543707972,2.04212165558595,0.183532916701004,5.04085164281305,176.063838090109,977.358924710519,0.180142457022385,,,,,,,,,,,,,,,TRUE,44,"Stress: pooled residual variance",2.30677874314601
0.504627019503405,0.0871564882749022,0.333803441465609,0.675450597541201,0,"REPAIR / fuller_equations","fuller_equations",0.504627019503405,0.0871564882749022,"ok","ok",2.63785753311772,2.67506005275479,,0.551054051543265,0.5896911304986,0.674201177992136,0.986666666666667,0.986666666666667,,1,1,"fuller","fuller","supplied",0,4,4,4,4,,,FALSE,4.95920951692659,0.371997846130899,2.04212165558595,0.182162431465995,5.04177293748052,175.848016800789,976.309808664741,0.180114975021391,,,,,,,,,,,,,,,TRUE,44,"Stress: pooled residual variance",2.30677874314601
0.566171737983995,0.047327304607935,0.473411925467086,0.658931550500904,0,"Oracle: true predictors",,,,,,,,,,,,,,,,,,,,,,,,,,,,,,,,,,,,,,,,,,,,,,,,,,TRUE,44,"Factors: fixed measurement parameters",
0.449433812996752,0.0436394664455321,0.363902030458965,0.53496559553454,0,"Likelihood-only / naive OLS",,,,,,,,,,,,,,,,,,,,,,,,,,,,,,,,,,,,,,,,,,,,,,,,,,FALSE,44,"Factors: fixed measurement parameters",
0.576661840981068,0.0593675182290241,0.460303643400655,0.69302003856148,0,"Conditional posterior mean / naive OLS",,,,,,,,,,,,,,,,,,,,,,,,,,,,,,,,,,,,,,,,,,,,,,,,,,TRUE,44,"Factors: fixed measurement parameters",
0.557205349753394,0.0589376384131982,0.441689701129681,0.672720998377107,0,"REPAIR / stabilized","stabilized",0.557205349753394,0.0589376384131982,"ok","ok",2.83052103281627,2.83131593152708,,0.655790837336613,0.765246860792699,0.769471998666686,0.986666666666667,0.986666666666667,,1,1,"modified","modified","supplied",0,4,4,4,4,,,FALSE,2.63739968426238,0.491883036483103,1.61877603797337,0.303861080807025,2.63715649466672,192.618489934137,633.815250883525,0.303903211015561,,,,,,,,,,,,,,,TRUE,44,"Factors: fixed measurement parameters",
0.557204710969016,0.0592383376460646,0.441099702678706,0.673309719259326,0,"REPAIR / fuller_equations","fuller_equations",0.557204710969016,0.0592383376460646,"ok","ok",2.83052103281627,2.83132104940542,,0.655793324362154,0.765977699942022,0.770234210620001,0.986666666666667,0.986666666666667,,1,1,"fuller","fuller","supplied",0,4,4,4,4,,,FALSE,2.64755155784272,0.488359465837063,1.61877603797337,0.301684392640544,2.63715492962114,192.433329489498,633.20541149753,0.303903482180282,,,,,,,,,,,,,,,TRUE,44,"Factors: fixed measurement parameters",
0.628381748750598,0.0768596591807665,0.477739584892272,0.779023912608923,0,"Oracle: true predictors",,,,,,,,,,,,,,,,,,,,,,,,,,,,,,,,,,,,,,,,,,,,,,,,,,TRUE,45,"Stress: pooled residual variance",2.25197612284778
0.323697687503478,0.0643150178338652,0.197642568884051,0.449752806122905,0,"Likelihood-only / naive OLS",,,,,,,,,,,,,,,,,,,,,,,,,,,,,,,,,,,,,,,,,,,,,,,,,,FALSE,45,"Stress: pooled residual variance",2.25197612284778
0.523404714323815,0.105805778579267,0.316029198952233,0.730780229695398,0,"Conditional posterior mean / naive OLS",,,,,,,,,,,,,,,,,,,,,,,,,,,,,,,,,,,,,,,,,,,,,,,,,,TRUE,45,"Stress: pooled residual variance",2.25197612284778
0.507904177363063,0.109695076100246,0.292905778925202,0.722902575800925,0,"REPAIR / stabilized","stabilized",0.507904177363063,0.109695076100246,"ok","ok",2.30773087926197,2.34228165934794,,0.612780178484903,0.646054828441098,0.719655638294414,0.986666666666667,0.986666666666667,,1,1,"modified","modified","supplied",0,4,4,4,4,,,FALSE,5.87579933860185,0.299394696989476,1.94855612121424,0.153649511928304,5.90440019801675,131.527472751242,857.748870216985,0.153340304275737,,,,,,,,,,,,,,,TRUE,45,"Stress: pooled residual variance",2.25197612284778
0.507971037759642,0.110758028162473,0.290889291562522,0.725052783956761,0,"REPAIR / fuller_equations","fuller_equations",0.507971037759642,0.110758028162473,"ok","ok",2.30773087926197,2.34268668362957,,0.61278316488582,0.64647027023534,0.721006961328745,0.986666666666667,0.986666666666667,,1,1,"fuller","fuller","supplied",0,4,4,4,4,,,FALSE,5.92147162416199,0.296653412666529,1.94855612121424,0.152242683408918,5.90472743701246,131.361885309145,856.688727851297,0.153336773367639,,,,,,,,,,,,,,,TRUE,45,"Stress: pooled residual variance",2.25197612284778
0.693529788996356,0.0515256365973134,0.592541396985123,0.79451818100759,0,"Oracle: true predictors",,,,,,,,,,,,,,,,,,,,,,,,,,,,,,,,,,,,,,,,,,,,,,,,,,TRUE,45,"Factors: fixed measurement parameters",
0.54412334258462,0.0477676786521729,0.450500412801279,0.637746272367962,0,"Likelihood-only / naive OLS",,,,,,,,,,,,,,,,,,,,,,,,,,,,,,,,,,,,,,,,,,,,,,,,,,TRUE,45,"Factors: fixed measurement parameters",
0.697562050773854,0.0649723414405153,0.570218601559205,0.824905499988503,0,"Conditional posterior mean / naive OLS",,,,,,,,,,,,,,,,,,,,,,,,,,,,,,,,,,,,,,,,,,,,,,,,,,TRUE,45,"Factors: fixed measurement parameters",
0.698694414196203,0.0687700042970276,0.563907682557364,0.833481145835042,0,"REPAIR / stabilized","stabilized",0.698694414196203,0.0687700042970276,"ok","ok",2.69033908401986,2.69095261595141,,0.642887463768375,0.81421763399996,0.820668700285036,0.986666666666667,0.986666666666667,,1,1,"modified","modified","supplied",0,4,4,4,4,,,FALSE,2.60343536967907,0.456966202693834,1.51524071279419,0.301579939632932,2.60149653693439,168.05258231774,556.893456600681,0.301767924054173,,,,,,,,,,,,,,,TRUE,45,"Factors: fixed measurement parameters",
0.698692643883356,0.0692097461928949,0.563044033966124,0.834341253800588,0,"REPAIR / fuller_equations","fuller_equations",0.698692643883356,0.0692097461928949,"ok","ok",2.69033908401986,2.69095530866095,,0.642891839601047,0.815507070290661,0.821996904880199,0.986666666666667,0.986666666666667,,1,1,"fuller","fuller","supplied",0,4,4,4,4,,,FALSE,2.61363360765032,0.453501789132419,1.51524071279419,0.299293561282508,2.60148802161354,167.785476920125,556.006799285522,0.30176875019466,,,,,,,,,,,,,,,TRUE,45,"Factors: fixed measurement parameters",
0.764087953600029,0.0776847973245822,0.611828548697554,0.916347358502503,0,"Oracle: true predictors",,,,,,,,,,,,,,,,,,,,,,,,,,,,,,,,,,,,,,,,,,,,,,,,,,FALSE,46,"Stress: pooled residual variance",2.24354205537437
0.54418629252199,0.0644712710259895,0.41782492327353,0.67054766177045,0,"Likelihood-only / naive OLS",,,,,,,,,,,,,,,,,,,,,,,,,,,,,,,,,,,,,,,,,,,,,,,,,,TRUE,46,"Stress: pooled residual variance",2.24354205537437
0.866030586800044,0.104127868183147,0.661943715374142,1.07011745822595,0,"Conditional posterior mean / naive OLS",,,,,,,,,,,,,,,,,,,,,,,,,,,,,,,,,,,,,,,,,,,,,,,,,,FALSE,46,"Stress: pooled residual variance",2.24354205537437
0.823993317043531,0.106534180103602,0.615190160917967,1.03279647316909,0,"REPAIR / stabilized","stabilized",0.823993317043531,0.106534180103602,"ok","ok",2.22273497729389,2.30710695450462,,0.624160632663946,0.694645580690945,0.854442088854371,0.986666666666667,0.986666666666667,,1,1,"modified","modified","supplied",0,4,4,4,4,,,FALSE,5.90155048969642,0.324969997058156,2.1062774078598,0.154286418230332,5.79174869659307,128.838765686673,816.125964352685,0.157866274710255,,,,,,,,,,,,,,,FALSE,46,"Stress: pooled residual variance",2.24354205537437
0.824015463548697,0.107483382476965,0.613351904957302,1.03467902214009,0,"REPAIR / fuller_equations","fuller_equations",0.824015463548697,0.107483382476965,"ok","ok",2.22273497729389,2.3080628322572,,0.624167392925911,0.695581163708772,0.857506385985981,0.986666666666667,0.986666666666667,,1,1,"fuller","fuller","supplied",0,4,4,4,4,,,FALSE,5.94371743285821,0.322236184104331,2.1062774078598,0.152988482382174,5.79058766827916,128.553991156011,814.122269479371,0.157905017434569,,,,,,,,,,,,,,,FALSE,46,"Stress: pooled residual variance",2.24354205537437
0.574152889582994,0.0486236268303513,0.47885233219779,0.669453446968198,0,"Oracle: true predictors",,,,,,,,,,,,,,,,,,,,,,,,,,,,,,,,,,,,,,,,,,,,,,,,,,TRUE,46,"Factors: fixed measurement parameters",
0.463015047690992,0.0463327634934804,0.372204499939558,0.553825595442425,0,"Likelihood-only / naive OLS",,,,,,,,,,,,,,,,,,,,,,,,,,,,,,,,,,,,,,,,,,,,,,,,,,FALSE,46,"Factors: fixed measurement parameters",
0.58911063566103,0.0632885972158313,0.465067264485938,0.713154006836121,0,"Conditional posterior mean / naive OLS",,,,,,,,,,,,,,,,,,,,,,,,,,,,,,,,,,,,,,,,,,,,,,,,,,TRUE,46,"Factors: fixed measurement parameters",
0.575374325171231,0.066125391955892,0.445770938474088,0.704977711868374,0,"REPAIR / stabilized","stabilized",0.575374325171231,0.066125391955892,"ok","ok",2.56211144054596,2.56281675393211,,0.662509622145157,0.790399153238852,0.797362388549578,0.986666666666667,0.986666666666667,,1,1,"modified","modified","supplied",0,4,4,4,4,,,FALSE,3.08748579671391,0.416454689281092,1.60972722538719,0.258711341097509,3.08455440008339,157.761430546951,609.286141095112,0.258928309551561,,,,,,,,,,,,,,,TRUE,46,"Factors: fixed measurement parameters",
0.575375980559576,0.0665485334431139,0.444943251787113,0.705808709332038,0,"REPAIR / fuller_equations","fuller_equations",0.575375980559576,0.0665485334431139,"ok","ok",2.56211144054596,2.56282131720858,,0.662512601153559,0.791270617358275,0.798286957765355,0.986666666666667,0.986666666666667,,1,1,"fuller","fuller","supplied",0,4,4,4,4,,,FALSE,3.10297323077196,0.412967294913627,1.60972722538719,0.25654489058809,3.08453543259927,157.585705388358,608.604175234262,0.258929714584525,,,,,,,,,,,,,,,TRUE,46,"Factors: fixed measurement parameters",
0.469240135380685,0.0887910131982245,0.295212947361345,0.643267323400026,0,"Oracle: true predictors",,,,,,,,,,,,,,,,,,,,,,,,,,,,,,,,,,,,,,,,,,,,,,,,,,TRUE,47,"Stress: pooled residual variance",2.259055640266
0.226831452784306,0.0669639061276718,0.095584608509948,0.358078297058664,0,"Likelihood-only / naive OLS",,,,,,,,,,,,,,,,,,,,,,,,,,,,,,,,,,,,,,,,,,,,,,,,,,FALSE,47,"Stress: pooled residual variance",2.259055640266
0.332894461705678,0.112882583602339,0.111648663363262,0.554140260048094,0,"Conditional posterior mean / naive OLS",,,,,,,,,,,,,,,,,,,,,,,,,,,,,,,,,,,,,,,,,,,,,,,,,,FALSE,47,"Stress: pooled residual variance",2.259055640266
0.322155762402902,0.121818444391665,0.0833959987425435,0.56091552606326,0,"REPAIR / stabilized","stabilized",0.322155762402902,0.121818444391665,"ok","ok",2.14318717948201,2.16209446763951,,0.637106192823622,0.662457338225517,0.716062126771083,0.986666666666667,0.986666666666667,,1,1,"modified","modified","supplied",0,4,4,4,4,,,FALSE,8.24875373634583,0.241191581878125,2.18072599066603,0.110601507438567,8.28685285676671,104.698742345418,949.337077264752,0.110286161630891,,,,,,,,,,,,,,,FALSE,47,"Stress: pooled residual variance",2.259055640266
0.322159612596329,0.12320307239683,0.0806860279138613,0.563633197278796,0,"REPAIR / fuller_equations","fuller_equations",0.322159612596329,0.12320307239683,"ok","ok",2.14318717948201,2.16223751635299,,0.637107587963762,0.662655572655042,0.716691257200673,0.986666666666667,0.986666666666667,,1,1,"fuller","fuller","supplied",0,4,4,4,4,,,FALSE,8.33247244240706,0.238458266625805,2.18072599066603,0.109348110512947,8.28714051514136,104.635009923984,948.779751947143,0.110283772086457,,,,,,,,,,,,,,,FALSE,47,"Stress: pooled residual variance",2.259055640266
0.591431157845496,0.0480385200806165,0.497277388616883,0.685584927074109,0,"Oracle: true predictors",,,,,,,,,,,,,,,,,,,,,,,,,,,,,,,,,,,,,,,,,,,,,,,,,,TRUE,47,"Factors: fixed measurement parameters",
0.499112408218491,0.0429178203820339,0.414995025974746,0.583229790462237,0,"Likelihood-only / naive OLS",,,,,,,,,,,,,,,,,,,,,,,,,,,,,,,,,,,,,,,,,,,,,,,,,,FALSE,47,"Factors: fixed measurement parameters",
0.63554384772461,0.0579465979433334,0.521970602729054,0.749117092720166,0,"Conditional posterior mean / naive OLS",,,,,,,,,,,,,,,,,,,,,,,,,,,,,,,,,,,,,,,,,,,,,,,,,,TRUE,47,"Factors: fixed measurement parameters",
0.633526960710958,0.0592232040328011,0.5174516137576,0.749602307664315,0,"REPAIR / stabilized","stabilized",0.633526960710958,0.0592232040328011,"ok","ok",2.62122888077882,2.62159046984018,,0.54961696865422,0.706096476701437,0.714794766392422,0.986666666666667,0.986666666666667,,1,1,"modified","modified","supplied",0,4,4,4,4,,,FALSE,2.22161192565788,0.51191902821505,1.45847844628331,0.350995264633214,2.2184343981672,216.971021581146,617.377158335512,0.351439988751955,,,,,,,,,,,,,,,TRUE,47,"Factors: fixed measurement parameters",
0.633523592417742,0.0595477606233382,0.516812126235986,0.750235058599497,0,"REPAIR / fuller_equations","fuller_equations",0.633523592417742,0.0595477606233382,"ok","ok",2.62122888077882,2.62159343553755,,0.549621266170463,0.70734999248163,0.71613607876183,0.986666666666667,0.986666666666667,,1,1,"fuller","fuller","supplied",0,4,4,4,4,,,FALSE,2.22852603221606,0.50838852116851,1.45847844628331,0.348574586387651,2.21840828048088,216.582192724156,616.264352593948,0.351443648837595,,,,,,,,,,,,,,,TRUE,47,"Factors: fixed measurement parameters",
0.518406191270392,0.0853262603528036,0.351169794043409,0.685642588497375,0,"Oracle: true predictors",,,,,,,,,,,,,,,,,,,,,,,,,,,,,,,,,,,,,,,,,,,,,,,,,,TRUE,48,"Stress: pooled residual variance",2.3045352228859
0.347766639845329,0.0672316922008732,0.215994944511935,0.479538335178723,0,"Likelihood-only / naive OLS",,,,,,,,,,,,,,,,,,,,,,,,,,,,,,,,,,,,,,,,,,,,,,,,,,FALSE,48,"Stress: pooled residual variance",2.3045352228859
0.544439537171752,0.115853577927703,0.317370696953349,0.771508377390155,0,"Conditional posterior mean / naive OLS",,,,,,,,,,,,,,,,,,,,,,,,,,,,,,,,,,,,,,,,,,,,,,,,,,TRUE,48,"Stress: pooled residual variance",2.3045352228859
0.564702868825414,0.126787654518871,0.316203632284119,0.813202105366709,0,"REPAIR / stabilized","stabilized",0.564702868825414,0.126787654518871,"ok","ok",2.04828452652072,2.07177287545242,,0.632932427045838,0.669399726316878,0.751553291652838,0.986666666666667,0.986666666666667,,1,1,"modified","modified","supplied",0,4,4,4,4,,,FALSE,7.75740063947247,0.241856942189302,2.0700587756603,0.116835785067096,7.8913009279633,101.302302753571,879.13846016837,0.11522906498047,,,,,,,,,,,,,,,TRUE,48,"Stress: pooled residual variance",2.3045352228859
0.564662903332695,0.1283548414295,0.313092036889526,0.816233769775864,0,"REPAIR / fuller_equations","fuller_equations",0.564662903332695,0.1283548414295,"ok","ok",2.04828452652072,2.07211867711002,,0.632936618648425,0.669977028814419,0.753449631344057,0.986666666666667,0.986666666666667,,1,1,"fuller","fuller","supplied",0,4,4,4,4,,,FALSE,7.83743713488612,0.239052876595109,2.0700587756603,0.11548120246917,7.89323671695233,101.119405103659,877.725674820808,0.115206160654128,,,,,,,,,,,,,,,TRUE,48,"Stress: pooled residual variance",2.3045352228859
0.54365892369397,0.0484984435641211,0.448603721002044,0.638714126385896,0,"Oracle: true predictors",,,,,,,,,,,,,,,,,,,,,,,,,,,,,,,,,,,,,,,,,,,,,,,,,,TRUE,48,"Factors: fixed measurement parameters",
0.418459922534391,0.0454198691878982,0.32943861474359,0.507481230325192,0,"Likelihood-only / naive OLS",,,,,,,,,,,,,,,,,,,,,,,,,,,,,,,,,,,,,,,,,,,,,,,,,,FALSE,48,"Factors: fixed measurement parameters",
0.529719682100707,0.0616881393425222,0.408813150716075,0.650626213485339,0,"Conditional posterior mean / naive OLS",,,,,,,,,,,,,,,,,,,,,,,,,,,,,,,,,,,,,,,,,,,,,,,,,,TRUE,48,"Factors: fixed measurement parameters",
0.544803014688017,0.0672768513974403,0.412942808955781,0.676663220420253,0,"REPAIR / stabilized","stabilized",0.544803014688017,0.0672768513974403,"ok","ok",2.63046566805792,2.6326398849882,,0.547019506737232,0.66817239044271,0.675817683183676,0.986666666666667,0.986666666666667,,1,1,"modified","modified","supplied",0,4,4,4,4,,,FALSE,2.56334882736283,0.426329806301124,1.41971474228578,0.300292582448445,2.55969674878455,191.079293933958,635.426440018168,0.300710329158628,,,,,,,,,,,,,,,TRUE,48,"Factors: fixed measurement parameters",
0.544803618556205,0.0677488132069776,0.412018384675197,0.677588852437213,0,"REPAIR / fuller_equations","fuller_equations",0.544803618556205,0.0677488132069776,"ok","ok",2.63046566805792,2.63265385706236,,0.547022895124242,0.669162826304773,0.676869069917743,0.986666666666667,0.986666666666667,,1,1,"fuller","fuller","supplied",0,4,4,4,4,,,FALSE,2.57379416559111,0.422884719748967,1.41971474228578,0.297865977687963,2.55967331163521,190.794320596935,634.473108434641,0.30071301377557,,,,,,,,,,,,,,,TRUE,48,"Factors: fixed measurement parameters",
0.68154467865058,0.0848500269937204,0.515241681655637,0.847847675645524,0,"Oracle: true predictors",,,,,,,,,,,,,,,,,,,,,,,,,,,,,,,,,,,,,,,,,,,,,,,,,,TRUE,49,"Stress: pooled residual variance",2.23358345330224
0.411980722892782,0.0649322308465724,0.284715888997659,0.539245556787904,0,"Likelihood-only / naive OLS",,,,,,,,,,,,,,,,,,,,,,,,,,,,,,,,,,,,,,,,,,,,,,,,,,FALSE,49,"Stress: pooled residual variance",2.23358345330224
0.653916102017125,0.106374027196868,0.44542683982078,0.86240536421347,0,"Conditional posterior mean / naive OLS",,,,,,,,,,,,,,,,,,,,,,,,,,,,,,,,,,,,,,,,,,,,,,,,,,TRUE,49,"Stress: pooled residual variance",2.23358345330224
0.686789920572211,0.121480057506787,0.448693383019054,0.924886458125367,0,"REPAIR / stabilized","stabilized",0.686789920572211,0.121480057506787,"ok","ok",2.00347168174081,2.0610374325736,,0.564061643735,0.611280449425778,0.719028226201393,0.986666666666667,0.986666666666667,,1,1,"modified","modified","supplied",0,4,4,4,4,,,FALSE,8.36823119263603,0.24426904949592,2.2315997293651,0.109459167915124,8.23564692031072,112.154160681413,1005.29527137824,0.111563402190933,,,,,,,,,,,,,,,TRUE,49,"Stress: pooled residual variance",2.23358345330224
0.686697419450958,0.122939502683292,0.445740421914441,0.927654416987474,0,"REPAIR / fuller_equations","fuller_equations",0.686697419450958,0.122939502683292,"ok","ok",2.00347168174081,2.06200377605643,,0.564068165456167,0.61217976348459,0.721975417519863,0.986666666666667,0.986666666666667,,1,1,"fuller","fuller","supplied",0,4,4,4,4,,,FALSE,8.45208516745374,0.241545911956221,2.2315997293651,0.108238905381541,8.23354076771404,111.874858639812,1002.48551134365,0.111597481832794,,,,,,,,,,,,,,,TRUE,49,"Stress: pooled residual variance",2.23358345330224
0.567910575790938,0.0505812740444664,0.468773100371633,0.667048051210242,0,"Oracle: true predictors",,,,,,,,,,,,,,,,,,,,,,,,,,,,,,,,,,,,,,,,,,,,,,,,,,TRUE,49,"Factors: fixed measurement parameters",
0.440086682122041,0.0472055192770326,0.347565564467546,0.532607799776537,0,"Likelihood-only / naive OLS",,,,,,,,,,,,,,,,,,,,,,,,,,,,,,,,,,,,,,,,,,,,,,,,,,FALSE,49,"Factors: fixed measurement parameters",
0.5561115085821,0.0639640652980671,0.43074424429312,0.68147877287108,0,"Conditional posterior mean / naive OLS",,,,,,,,,,,,,,,,,,,,,,,,,,,,,,,,,,,,,,,,,,,,,,,,,,TRUE,49,"Factors: fixed measurement parameters",
0.547766303910556,0.0633599133849028,0.423583155612569,0.671949452208543,0,"REPAIR / stabilized","stabilized",0.547766303910556,0.0633599133849028,"ok","ok",3.06773984678753,3.068416409911,,0.746979676229158,0.873105095041061,0.881598350520546,0.986666666666667,0.986666666666667,,1,1,"modified","modified","supplied",0,4,4,4,4,,,FALSE,2.16482864564457,0.571881982804142,1.56202060914672,0.366116797342733,2.16596894580107,195.921286560281,535.402762890128,0.365932528070437,,,,,,,,,,,,,,,TRUE,49,"Factors: fixed measurement parameters",
0.547763846769426,0.0636702586335841,0.422972432961251,0.672555260577602,0,"REPAIR / fuller_equations","fuller_equations",0.547763846769426,0.0636702586335841,"ok","ok",3.06773984678753,3.06842133185456,,0.746982789813286,0.87401172736467,0.882576471679089,0.986666666666667,0.986666666666667,,1,1,"fuller","fuller","supplied",0,4,4,4,4,,,FALSE,2.17042481844764,0.568393736834445,1.56202060914672,0.36388363476519,2.16597729441823,195.71383760656,534.837828777627,0.365931179650968,,,,,,,,,,,,,,,TRUE,49,"Factors: fixed measurement parameters",
0.489627163361325,0.0927656403354739,0.307809849301,0.671444477421649,0,"Oracle: true predictors",,,,,,,,,,,,,,,,,,,,,,,,,,,,,,,,,,,,,,,,,,,,,,,,,,TRUE,50,"Stress: pooled residual variance",2.18121554919893
0.341306641739629,0.0736420572001251,0.196970861879945,0.485642421599312,0,"Likelihood-only / naive OLS",,,,,,,,,,,,,,,,,,,,,,,,,,,,,,,,,,,,,,,,,,,,,,,,,,FALSE,50,"Stress: pooled residual variance",2.18121554919893
0.549794176822155,0.121717253712868,0.311232743247809,0.788355610396501,0,"Conditional posterior mean / naive OLS",,,,,,,,,,,,,,,,,,,,,,,,,,,,,,,,,,,,,,,,,,,,,,,,,,TRUE,50,"Stress: pooled residual variance",2.18121554919893
0.56901470133126,0.131799311862744,0.310692796893119,0.827336605769402,0,"REPAIR / stabilized","stabilized",0.56901470133126,0.131799311862744,"ok","ok",2.19626279774154,2.22024954412397,,0.730511201132187,0.769672552869397,0.856579912526736,0.986666666666667,0.986666666666667,,1,1,"modified","modified","supplied",0,4,4,4,4,,,FALSE,6.46418451716062,0.265607621459517,1.89985086925177,0.139804458212093,6.53543661207348,97.5752572649963,703.545712971474,0.13869071400191,,,,,,,,,,,,,,,TRUE,50,"Stress: pooled residual variance",2.18121554919893
0.56910147620755,0.133230870580464,0.307973768240923,0.830229184174177,0,"REPAIR / fuller_equations","fuller_equations",0.56910147620755,0.133230870580464,"ok","ok",2.19626279774154,2.22059667187337,,0.730515558351655,0.770279329548274,0.858548156094781,0.986666666666667,0.986666666666667,,1,1,"fuller","fuller","supplied",0,4,4,4,4,,,FALSE,6.52022661762708,0.262945684873035,1.89985086925177,0.138403328981602,6.53644575099675,97.4190688184967,702.498802588262,0.138675067430107,,,,,,,,,,,,,,,TRUE,50,"Stress: pooled residual variance",2.18121554919893
0.638925085192355,0.0536190401703011,0.533833697572958,0.744016472811751,0,"Oracle: true predictors",,,,,,,,,,,,,,,,,,,,,,,,,,,,,,,,,,,,,,,,,,,,,,,,,,TRUE,50,"Factors: fixed measurement parameters",
0.503899936502185,0.0479265435567162,0.409965637227531,0.597834235776839,0,"Likelihood-only / naive OLS",,,,,,,,,,,,,,,,,,,,,,,,,,,,,,,,,,,,,,,,,,,,,,,,,,FALSE,50,"Factors: fixed measurement parameters",
0.643482437023573,0.0648430854605221,0.516392324874497,0.770572549172649,0,"Conditional posterior mean / naive OLS",,,,,,,,,,,,,,,,,,,,,,,,,,,,,,,,,,,,,,,,,,,,,,,,,,TRUE,50,"Factors: fixed measurement parameters",
0.671311372485091,0.070390703257974,0.533348129253016,0.809274615717166,0,"REPAIR / stabilized","stabilized",0.671311372485091,0.070390703257974,"ok","ok",2.62009929898435,2.61995564886038,,0.595637607698996,0.758233964234479,0.765200696510038,0.986666666666667,0.986666666666667,,1,1,"modified","modified","supplied",0,4,4,4,4,,,FALSE,2.14319054422263,0.475257807410392,1.34539027203462,0.353249029139823,2.14369043307182,187.576943985946,531.09996083842,0.353185761282731,,,,,,,,,,,,,,,TRUE,50,"Factors: fixed measurement parameters",
0.671312346804487,0.0708634526810175,0.532422531729534,0.81020216187944,0,"REPAIR / fuller_equations","fuller_equations",0.671312346804487,0.0708634526810175,"ok","ok",2.62009929898435,2.61995481928425,,0.595642495380583,0.759670722577946,0.766691127826537,0.986666666666667,0.986666666666667,,1,1,"fuller","fuller","supplied",0,4,4,4,4,,,FALSE,2.14949633800857,0.471810986788911,1.34539027203462,0.350687080615944,2.14369331387966,187.219533335546,530.088545868418,0.353185396656389,,,,,,,,,,,,,,,TRUE,50,"Factors: fixed measurement parameters",
0.767734795161959,0.0953122387444341,0.580926239936985,0.954543350386933,0,"Oracle: true predictors",,,,,,,,,,,,,,,,,,,,,,,,,,,,,,,,,,,,,,,,,,,,,,,,,,TRUE,51,"Stress: pooled residual variance",2.17364446232587
0.545305884805549,0.0744615681413666,0.399363893016096,0.691247876595003,0,"Likelihood-only / naive OLS",,,,,,,,,,,,,,,,,,,,,,,,,,,,,,,,,,,,,,,,,,,,,,,,,,TRUE,51,"Stress: pooled residual variance",2.17364446232587
0.844078647018485,0.124480193150708,0.600101951654509,1.08805534238246,0,"Conditional posterior mean / naive OLS",,,,,,,,,,,,,,,,,,,,,,,,,,,,,,,,,,,,,,,,,,,,,,,,,,FALSE,51,"Stress: pooled residual variance",2.17364446232587
0.937079126577117,0.149808446112296,0.643459967617107,1.23069828553713,0,"REPAIR / stabilized","stabilized",0.937079126577117,0.149808446112296,"ok","ok",1.86409126449811,1.92835456585976,,0.638840982554854,0.728169740152716,0.931791772974299,0.986666666666667,0.986666666666667,,1,1,"modified","modified","supplied",0,4,4,4,4,,,FALSE,9.14693081551367,0.246359959990666,2.43625602819988,0.101122360350894,9.32670642301905,88.3426100471973,886.851633172793,0.0996137423022423,,,,,,,,,,,,,,,FALSE,51,"Stress: pooled residual variance",2.17364446232587
0.936686706559678,0.151887160451065,0.638993342361534,1.23438007075782,0,"REPAIR / fuller_equations","fuller_equations",0.936686706559678,0.151887160451065,"ok","ok",1.86409126449811,1.92944517455641,,0.638854562100092,0.730041500940876,0.937923531689092,0.986666666666667,0.986666666666667,,1,1,"fuller","fuller","supplied",0,4,4,4,4,,,FALSE,9.23607719602408,0.243714665490896,2.43625602819988,0.100036557188521,9.32965968267666,87.9291251345411,882.917191325437,0.0995893227569188,,,,,,,,,,,,,,,FALSE,51,"Stress: pooled residual variance",2.17364446232587
0.611611340833592,0.0442846748626788,0.524814973035675,0.698407708631509,0,"Oracle: true predictors",,,,,,,,,,,,,,,,,,,,,,,,,,,,,,,,,,,,,,,,,,,,,,,,,,TRUE,51,"Factors: fixed measurement parameters",
0.501096539628462,0.043772303216423,0.415304401803906,0.586888677453018,0,"Likelihood-only / naive OLS",,,,,,,,,,,,,,,,,,,,,,,,,,,,,,,,,,,,,,,,,,,,,,,,,,FALSE,51,"Factors: fixed measurement parameters",
0.632046544708026,0.0591254917835439,0.516162710244062,0.747930379171991,0,"Conditional posterior mean / naive OLS",,,,,,,,,,,,,,,,,,,,,,,,,,,,,,,,,,,,,,,,,,,,,,,,,,TRUE,51,"Factors: fixed measurement parameters",
0.626130562788284,0.0595501347318923,0.509414443439267,0.7428466821373,0,"REPAIR / stabilized","stabilized",0.626130562788284,0.0595501347318923,"ok","ok",2.32975446855602,2.33225969632363,,0.587255189186422,0.772602076673441,0.788217668537235,0.986666666666667,0.986666666666667,,1,1,"modified","modified","supplied",0,4,4,4,4,,,FALSE,2.36241565563699,0.471068657520886,1.42638675370591,0.330253107228454,2.36246255391932,182.229486246313,551.622580359959,0.330351752691849,,,,,,,,,,,,,,,TRUE,51,"Factors: fixed measurement parameters",
0.626132894049344,0.0598704763974955,0.508788916572998,0.743476871525691,0,"REPAIR / fuller_equations","fuller_equations",0.626132894049344,0.0598704763974955,"ok","ok",2.32975446855602,2.33228738371041,,0.587261150537087,0.774316782639629,0.7901425608158,0.986666666666667,0.986666666666667,,1,1,"fuller","fuller","supplied",0,4,4,4,4,,,FALSE,2.37180477055948,0.467426160462478,1.42638675370591,0.327699454056238,2.36246307779774,181.818423941858,550.376451432636,0.330352840257941,,,,,,,,,,,,,,,TRUE,51,"Factors: fixed measurement parameters",
0.628045306002782,0.0768030300521081,0.477514133197103,0.778576478808461,0,"Oracle: true predictors",,,,,,,,,,,,,,,,,,,,,,,,,,,,,,,,,,,,,,,,,,,,,,,,,,TRUE,52,"Stress: pooled residual variance",2.24648365753463
0.3911195827468,0.0584824796615264,0.276496028883612,0.505743136609988,0,"Likelihood-only / naive OLS",,,,,,,,,,,,,,,,,,,,,,,,,,,,,,,,,,,,,,,,,,,,,,,,,,FALSE,52,"Stress: pooled residual variance",2.24648365753463
0.640147287416196,0.0992029454493905,0.4457130871751,0.834581487657293,0,"Conditional posterior mean / naive OLS",,,,,,,,,,,,,,,,,,,,,,,,,,,,,,,,,,,,,,,,,,,,,,,,,,TRUE,52,"Stress: pooled residual variance",2.24648365753463
0.571815767492716,0.0952599779873943,0.385109641469345,0.758521893516087,0,"REPAIR / stabilized","stabilized",0.571815767492716,0.0952599779873943,"ok","ok",2.42210139381896,2.45653201097524,,0.562832766669586,0.600442441800501,0.684603282353625,0.986666666666667,0.986666666666667,,1,1,"modified","modified","supplied",0,4,4,4,4,,,FALSE,6.11739371490988,0.324779227858072,2.17664327377947,0.149211049771208,6.19912727820047,151.050323197439,1022.39977656106,0.147740958732905,,,,,,,,,,,,,,,TRUE,52,"Stress: pooled residual variance",2.24648365753463
0.571871943977255,0.0960843846994304,0.38355001048968,0.76019387746483,0,"REPAIR / fuller_equations","fuller_equations",0.571871943977255,0.0960843846994304,"ok","ok",2.42210139381896,2.45686831194966,,0.562835677899298,0.600846303452044,0.685923580060517,0.986666666666667,0.986666666666667,,1,1,"fuller","fuller","supplied",0,4,4,4,4,,,FALSE,6.16113469921932,0.322057184521375,2.17664327377947,0.147960480433784,6.1999193739492,150.848388719956,1021.13072583242,0.147726813916979,,,,,,,,,,,,,,,TRUE,52,"Stress: pooled residual variance",2.24648365753463
0.649554719342347,0.0491934287507748,0.553137370714791,0.745972067969903,0,"Oracle: true predictors",,,,,,,,,,,,,,,,,,,,,,,,,,,,,,,,,,,,,,,,,,,,,,,,,,TRUE,52,"Factors: fixed measurement parameters",
0.484232484170168,0.0460244564348302,0.394026207149868,0.574438761190467,0,"Likelihood-only / naive OLS",,,,,,,,,,,,,,,,,,,,,,,,,,,,,,,,,,,,,,,,,,,,,,,,,,FALSE,52,"Factors: fixed measurement parameters",
0.621460440672566,0.0626169608121774,0.498733452659342,0.744187428685789,0,"Conditional posterior mean / naive OLS",,,,,,,,,,,,,,,,,,,,,,,,,,,,,,,,,,,,,,,,,,,,,,,,,,TRUE,52,"Factors: fixed measurement parameters",
0.618776468841389,0.0645277238851548,0.492304454022141,0.745248483660637,0,"REPAIR / stabilized","stabilized",0.618776468841389,0.0645277238851548,"ok","ok",2.80509588267744,2.80422572626171,,0.646611867823075,0.777633688318897,0.781992818446349,0.986666666666667,0.986666666666667,,1,1,"modified","modified","supplied",0,4,4,4,4,,,FALSE,2.47294063046673,0.481700945879112,1.51575315600452,0.317796432731079,2.47495317661751,185.461641869594,584.024867715062,0.317557782419769,,,,,,,,,,,,,,,TRUE,52,"Factors: fixed measurement parameters",
0.618776573425366,0.0649028308341695,0.491569362495698,0.745983784355034,0,"REPAIR / fuller_equations","fuller_equations",0.618776573425366,0.0649028308341695,"ok","ok",2.80509588267744,2.80422148271505,,0.646615156362095,0.778603382083117,0.782989319193955,0.986666666666667,0.986666666666667,,1,1,"fuller","fuller","supplied",0,4,4,4,4,,,FALSE,2.48177783151706,0.478221183560094,1.51575315600452,0.315500701196407,2.47496299575799,185.228855209893,583.293951917772,0.317556618924115,,,,,,,,,,,,,,,TRUE,52,"Factors: fixed measurement parameters",
0.573683784959813,0.072717875911863,0.431159367140309,0.716208202779317,0,"Oracle: true predictors",,,,,,,,,,,,,,,,,,,,,,,,,,,,,,,,,,,,,,,,,,,,,,,,,,TRUE,53,"Stress: pooled residual variance",2.30139567560049
0.37320561044326,0.0585846398909195,0.258381826209809,0.488029394676711,0,"Likelihood-only / naive OLS",,,,,,,,,,,,,,,,,,,,,,,,,,,,,,,,,,,,,,,,,,,,,,,,,,FALSE,53,"Stress: pooled residual variance",2.30139567560049
0.527802169986074,0.0983206534839681,0.335097230221054,0.720507109751094,0,"Conditional posterior mean / naive OLS",,,,,,,,,,,,,,,,,,,,,,,,,,,,,,,,,,,,,,,,,,,,,,,,,,TRUE,53,"Stress: pooled residual variance",2.30139567560049
0.526102221493513,0.0941889329101487,0.341495305247362,0.710709137739664,0,"REPAIR / stabilized","stabilized",0.526102221493513,0.0941889329101487,"ok","ok",2.47932582153174,2.55207661424822,,0.555601880295194,0.601598576333474,0.70193858664338,0.986666666666667,0.986666666666667,,1,1,"modified","modified","supplied",0,4,4,4,4,,,FALSE,5.22622944829867,0.343889258659579,1.99082762532356,0.172736832805245,5.27004117601698,159.147198390467,924.801118632892,0.172088025396995,,,,,,,,,,,,,,,TRUE,53,"Stress: pooled residual variance",2.30139567560049
0.525973244233165,0.0949731869977549,0.339829218220578,0.712117270245753,0,"REPAIR / fuller_equations","fuller_equations",0.525973244233165,0.0949731869977549,"ok","ok",2.47932582153174,2.55275644374494,,0.555605292880988,0.602079740701577,0.703480053830783,0.986666666666667,0.986666666666667,,1,1,"fuller","fuller","supplied",0,4,4,4,4,,,FALSE,5.26147541194512,0.341088530384332,1.99082762532356,0.171330016745622,5.27044420315158,158.916803611356,923.495031265853,0.172081925978016,,,,,,,,,,,,,,,TRUE,53,"Stress: pooled residual variance",2.30139567560049
0.632778621355519,0.0483171406633783,0.538078765819342,0.727478476891696,0,"Oracle: true predictors",,,,,,,,,,,,,,,,,,,,,,,,,,,,,,,,,,,,,,,,,,,,,,,,,,TRUE,53,"Factors: fixed measurement parameters",
0.522509883383833,0.0435266717639158,0.437199174359661,0.607820592408004,0,"Likelihood-only / naive OLS",,,,,,,,,,,,,,,,,,,,,,,,,,,,,,,,,,,,,,,,,,,,,,,,,,TRUE,53,"Factors: fixed measurement parameters",
0.670498474280886,0.0593286521837729,0.554216452749388,0.786780495812385,0,"Conditional posterior mean / naive OLS",,,,,,,,,,,,,,,,,,,,,,,,,,,,,,,,,,,,,,,,,,,,,,,,,,TRUE,53,"Factors: fixed measurement parameters",
0.654215925545854,0.060254663589958,0.536118955008959,0.772312896082748,0,"REPAIR / stabilized","stabilized",0.654215925545854,0.060254663589958,"ok","ok",2.87684059427145,2.87638155375758,,0.598453256051962,0.742971280341876,0.747423817815219,0.986666666666667,0.986666666666667,,1,1,"modified","modified","supplied",0,4,4,4,4,,,FALSE,2.64305346362543,0.521644774645064,1.70435513682867,0.306065774305524,2.64409120839264,210.274291099758,687.260988898516,0.305959882048256,,,,,,,,,,,,,,,TRUE,53,"Factors: fixed measurement parameters",
0.654216065541378,0.0605897720155288,0.535462294559449,0.772969836523307,0,"REPAIR / fuller_equations","fuller_equations",0.654216065541378,0.0605897720155288,"ok","ok",2.87684059427145,2.87638025598316,,0.598456463587196,0.743919383844406,0.74839025914136,0.986666666666667,0.986666666666667,,1,1,"fuller","fuller","supplied",0,4,4,4,4,,,FALSE,2.65223221632723,0.518181982896895,1.70435513682867,0.304034042964243,2.64409414324573,210.00529482646,686.382472440991,0.305959582679341,,,,,,,,,,,,,,,TRUE,53,"Factors: fixed measurement parameters",
0.591743055915761,0.0739665054450888,0.446771369181101,0.736714742650421,0,"Oracle: true predictors",,,,,,,,,,,,,,,,,,,,,,,,,,,,,,,,,,,,,,,,,,,,,,,,,,TRUE,54,"Stress: pooled residual variance",2.19868125320476
0.391579630917108,0.0613446563803215,0.271346313767692,0.511812948066523,0,"Likelihood-only / naive OLS",,,,,,,,,,,,,,,,,,,,,,,,,,,,,,,,,,,,,,,,,,,,,,,,,,FALSE,54,"Stress: pooled residual variance",2.19868125320476
0.60127299190025,0.100505705145487,0.404285429574294,0.798260554226206,0,"Conditional posterior mean / naive OLS",,,,,,,,,,,,,,,,,,,,,,,,,,,,,,,,,,,,,,,,,,,,,,,,,,TRUE,54,"Stress: pooled residual variance",2.19868125320476
0.554275430926175,0.0986429535210425,0.360938794696273,0.747612067156077,0,"REPAIR / stabilized","stabilized",0.554275430926175,0.0986429535210425,"ok","ok",2.44988012567826,2.49816537688983,,0.61885837881977,0.656476657098929,0.74006695948495,0.986666666666667,0.986666666666667,,1,1,"modified","modified","supplied",0,4,4,4,4,,,FALSE,6.14124940127162,0.315455953889221,2.12326140817027,0.148571415971369,6.08237154766649,136.163641315621,905.929578452959,0.150302677552648,,,,,,,,,,,,,,,TRUE,54,"Stress: pooled residual variance",2.19868125320476
0.554286019384093,0.099473410853765,0.359321716691358,0.749250322076828,0,"REPAIR / fuller_equations","fuller_equations",0.554286019384093,0.099473410853765,"ok","ok",2.44988012567826,2.49858917401701,,0.618860924445935,0.656829909332968,0.741221922681349,0.986666666666667,0.986666666666667,,1,1,"fuller","fuller","supplied",0,4,4,4,4,,,FALSE,6.18547965734667,0.312794063693558,2.12326140817027,0.147317736049801,6.08187211921733,136.026331078052,904.926550051039,0.150317538003918,,,,,,,,,,,,,,,TRUE,54,"Stress: pooled residual variance",2.19868125320476
0.645084280289698,0.0511969765259401,0.544740050181513,0.745428510397883,0,"Oracle: true predictors",,,,,,,,,,,,,,,,,,,,,,,,,,,,,,,,,,,,,,,,,,,,,,,,,,TRUE,54,"Factors: fixed measurement parameters",
0.490396752170955,0.0492166774138466,0.39393383700109,0.586859667340821,0,"Likelihood-only / naive OLS",,,,,,,,,,,,,,,,,,,,,,,,,,,,,,,,,,,,,,,,,,,,,,,,,,FALSE,54,"Factors: fixed measurement parameters",
0.635748889441438,0.0664457857158497,0.505517542513907,0.76598023636897,0,"Conditional posterior mean / naive OLS",,,,,,,,,,,,,,,,,,,,,,,,,,,,,,,,,,,,,,,,,,,,,,,,,,TRUE,54,"Factors: fixed measurement parameters",
0.666568769007412,0.0718467179544233,0.525751789409335,0.807385748605489,0,"REPAIR / stabilized","stabilized",0.666568769007412,0.0718467179544233,"ok","ok",2.67315104732091,2.67281476614408,,0.648625513913676,0.788222860885614,0.790581134458751,0.986666666666667,0.986666666666667,,1,1,"modified","modified","supplied",0,4,4,4,4,,,FALSE,1.98541549049147,0.53490164501082,1.3908564279906,0.384584371360029,1.98581906279736,203.403914751153,528.985637727848,0.384516894683254,,,,,,,,,,,,,,,TRUE,54,"Factors: fixed measurement parameters",
0.66656902527093,0.0723135280578258,0.524837114682565,0.808300935859295,0,"REPAIR / fuller_equations","fuller_equations",0.66656902527093,0.0723135280578258,"ok","ok",2.67315104732091,2.67281398908667,,0.648629967895885,0.789541462253031,0.791909148695462,0.986666666666667,0.986666666666667,,1,1,"fuller","fuller","supplied",0,4,4,4,4,,,FALSE,1.98981455258973,0.531486069706839,1.3908564279906,0.382128636005004,1.98581999497516,203.063795302303,528.101314675943,0.384516738851347,,,,,,,,,,,,,,,TRUE,54,"Factors: fixed measurement parameters",
0.637335755885107,0.0853266677187958,0.470098560235451,0.804572951534764,0,"Oracle: true predictors",,,,,,,,,,,,,,,,,,,,,,,,,,,,,,,,,,,,,,,,,,,,,,,,,,TRUE,55,"Stress: pooled residual variance",2.26450238909782
0.329687084182146,0.0713959553221665,0.189753583108869,0.469620585255423,0,"Likelihood-only / naive OLS",,,,,,,,,,,,,,,,,,,,,,,,,,,,,,,,,,,,,,,,,,,,,,,,,,FALSE,55,"Stress: pooled residual variance",2.26450238909782
0.554032200320267,0.120440491029429,0.317973175622267,0.790091225018268,0,"Conditional posterior mean / naive OLS",,,,,,,,,,,,,,,,,,,,,,,,,,,,,,,,,,,,,,,,,,,,,,,,,,TRUE,55,"Stress: pooled residual variance",2.26450238909782
0.534086200643377,0.135879444503905,0.267767383176414,0.800405018110341,0,"REPAIR / stabilized","stabilized",0.534086200643377,0.135879444503905,"ok","ok",2.01359896114118,2.03709367715386,,0.709977990915182,0.742362764455803,0.814927193283028,0.986666666666667,0.986666666666667,,1,1,"modified","modified","supplied",0,4,4,4,4,,,FALSE,8.08851666113983,0.22128734264447,1.98132801386797,0.111686374540514,8.10794698071844,85.4973425264579,765.365989664571,0.111707789059098,,,,,,,,,,,,,,,TRUE,55,"Stress: pooled residual variance",2.26450238909782
0.53418945734084,0.137597832135438,0.264502662004594,0.803876252677087,0,"REPAIR / fuller_equations","fuller_equations",0.53418945734084,0.137597832135438,"ok","ok",2.01359896114118,2.03741575611166,,0.709981379696227,0.742828842142478,0.816461008060575,0.986666666666667,0.986666666666667,,1,1,"fuller","fuller","supplied",0,4,4,4,4,,,FALSE,8.17819875503344,0.218544465406335,1.98132801386797,0.110302011517866,8.10820891515222,85.3934032224535,764.433712061275,0.11170805509374,,,,,,,,,,,,,,,TRUE,55,"Stress: pooled residual variance",2.26450238909782
0.535506209402571,0.0546563894784653,0.428381654499785,0.642630764305357,0,"Oracle: true predictors",,,,,,,,,,,,,,,,,,,,,,,,,,,,,,,,,,,,,,,,,,,,,,,,,,TRUE,55,"Factors: fixed measurement parameters",
0.441909436388505,0.0538472089235946,0.336370846230256,0.547448026546754,0,"Likelihood-only / naive OLS",,,,,,,,,,,,,,,,,,,,,,,,,,,,,,,,,,,,,,,,,,,,,,,,,,FALSE,55,"Factors: fixed measurement parameters",
0.561575957898498,0.0732683893203309,0.41797255362539,0.705179362171605,0,"Conditional posterior mean / naive OLS",,,,,,,,,,,,,,,,,,,,,,,,,,,,,,,,,,,,,,,,,,,,,,,,,,TRUE,55,"Factors: fixed measurement parameters",
0.594784001657617,0.083711086494312,0.430713287022048,0.758854716293186,0,"REPAIR / stabilized","stabilized",0.594784001657617,0.083711086494312,"ok","ok",2.41790176545727,2.41867113484504,,0.727757044584937,0.858408570073537,0.864510608950924,0.986666666666667,0.986666666666667,,1,1,"modified","modified","supplied",0,4,4,4,4,,,FALSE,2.8074028128534,0.3737907154713,1.37727582374498,0.271398589176507,2.80638141285033,130.446748480931,480.460665510539,0.271503492054481,,,,,,,,,,,,,,,TRUE,55,"Factors: fixed measurement parameters",
0.59478335573147,0.0843912436427684,0.429379557581099,0.760187153881841,0,"REPAIR / fuller_equations","fuller_equations",0.59478335573147,0.0843912436427684,"ok","ok",2.41790176545727,2.41867448231285,,0.727760969103833,0.859564095268657,0.865701074959114,0.986666666666667,0.986666666666667,,1,1,"fuller","fuller","supplied",0,4,4,4,4,,,FALSE,2.82144312927683,0.370360856469243,1.37727582374498,0.268908268107245,2.8063769704786,130.27057542223,479.810979363129,0.271503948482261,,,,,,,,,,,,,,,TRUE,55,"Factors: fixed measurement parameters",
0.683998243237753,0.080116032309446,0.526973705326991,0.841022781148514,0,"Oracle: true predictors",,,,,,,,,,,,,,,,,,,,,,,,,,,,,,,,,,,,,,,,,,,,,,,,,,TRUE,56,"Stress: pooled residual variance",2.26252232118478
0.423792315685539,0.0727185216658041,0.281266632211567,0.566317999159511,0,"Likelihood-only / naive OLS",,,,,,,,,,,,,,,,,,,,,,,,,,,,,,,,,,,,,,,,,,,,,,,,,,FALSE,56,"Stress: pooled residual variance",2.26252232118478
0.660329772258324,0.115940893728484,0.43308979621511,0.887569748301538,0,"Conditional posterior mean / naive OLS",,,,,,,,,,,,,,,,,,,,,,,,,,,,,,,,,,,,,,,,,,,,,,,,,,TRUE,56,"Stress: pooled residual variance",2.26252232118478
0.721799328125838,0.139946043219791,0.447510123636161,0.996088532615515,0,"REPAIR / stabilized","stabilized",0.721799328125838,0.139946043219791,"ok","ok",1.9409512302376,2.01400213810497,,0.661477229234829,0.720019489256326,0.851945155635318,0.986666666666667,0.986666666666667,,1,1,"modified","modified","supplied",0,4,4,4,4,,,FALSE,8.31207140593768,0.227574827707443,2.08117776493795,0.109349057798639,7.98088503693177,90.1751929967928,789.458161589937,0.114224157003056,,,,,,,,,,,,,,,TRUE,56,"Stress: pooled residual variance",2.26252232118478
0.72172725205005,0.141714191481526,0.443972540648046,0.999481963452055,0,"REPAIR / fuller_equations","fuller_equations",0.72172725205005,0.141714191481526,"ok","ok",1.9409512302376,2.01517171925049,,0.661484881623325,0.72107301728473,0.855402921519692,0.986666666666667,0.986666666666667,,1,1,"fuller","fuller","supplied",0,4,4,4,4,,,FALSE,8.40285267668136,0.224811407566065,2.08117776493795,0.108021242276134,7.97597059598619,89.9779808470877,787.210466580358,0.114299777082426,,,,,,,,,,,,,,,TRUE,56,"Stress: pooled residual variance",2.26252232118478
0.578377849982923,0.0550857618982994,0.470411740601307,0.686343959364538,0,"Oracle: true predictors",,,,,,,,,,,,,,,,,,,,,,,,,,,,,,,,,,,,,,,,,,,,,,,,,,TRUE,56,"Factors: fixed measurement parameters",
0.449319358578922,0.0510160020243156,0.349329831976041,0.549308885181803,0,"Likelihood-only / naive OLS",,,,,,,,,,,,,,,,,,,,,,,,,,,,,,,,,,,,,,,,,,,,,,,,,,FALSE,56,"Factors: fixed measurement parameters",
0.567651344980565,0.0688244719427467,0.432757858717794,0.702544831243336,0,"Conditional posterior mean / naive OLS",,,,,,,,,,,,,,,,,,,,,,,,,,,,,,,,,,,,,,,,,,,,,,,,,,TRUE,56,"Factors: fixed measurement parameters",
0.614846691690809,0.0763805467451298,0.465143570950877,0.764549812430741,0,"REPAIR / stabilized","stabilized",0.614846691690809,0.0763805467451298,"ok","ok",2.62361294324468,2.62429162308725,,0.645630875677369,0.797125229711356,0.806258752720053,0.986666666666667,0.986666666666667,,1,1,"modified","modified","supplied",0,4,4,4,4,,,FALSE,1.94517806888503,0.466225834520956,1.23471794820208,0.377597033557215,1.9476446954568,174.831298595425,463.508985868698,0.377190742629856,,,,,,,,,,,,,,,TRUE,56,"Factors: fixed measurement parameters",
0.614848325513326,0.0769232118880627,0.46408160063758,0.765615050389072,0,"REPAIR / fuller_equations","fuller_equations",0.614848325513326,0.0769232118880627,"ok","ok",2.62361294324468,2.62429685481046,,0.64563604825863,0.798636898296556,0.807859214776605,0.986666666666667,0.986666666666667,,1,1,"fuller","fuller","supplied",0,4,4,4,4,,,FALSE,1.95003776028299,0.462793815781981,1.23471794820208,0.37481743620547,1.94766381828762,174.495490145531,462.62255708975,0.377187595959958,,,,,,,,,,,,,,,TRUE,56,"Factors: fixed measurement parameters",
0.532872590328477,0.0861154485694197,0.364089412619903,0.701655768037051,0,"Oracle: true predictors",,,,,,,,,,,,,,,,,,,,,,,,,,,,,,,,,,,,,,,,,,,,,,,,,,TRUE,57,"Stress: pooled residual variance",2.30164525412559
0.308466374802205,0.0639523849680802,0.183122003539327,0.433810746065083,0,"Likelihood-only / naive OLS",,,,,,,,,,,,,,,,,,,,,,,,,,,,,,,,,,,,,,,,,,,,,,,,,,FALSE,57,"Stress: pooled residual variance",2.30164525412559
0.476378526612184,0.106052044055991,0.268520339775587,0.684236713448781,0,"Conditional posterior mean / naive OLS",,,,,,,,,,,,,,,,,,,,,,,,,,,,,,,,,,,,,,,,,,,,,,,,,,TRUE,57,"Stress: pooled residual variance",2.30164525412559
0.474735466979616,0.108890426643716,0.261314152496732,0.688156781462501,0,"REPAIR / stabilized","stabilized",0.474735466979616,0.108890426643716,"ok","ok",2.2552545388794,2.29118429771693,,0.660203755389057,0.684358496204482,0.739195644277686,0.986666666666667,0.986666666666667,,1,1,"modified","modified","supplied",0,4,4,4,4,,,FALSE,6.59221289566873,0.285174577483505,2.07409891760449,0.137493238660416,6.52728602136439,121.044639386771,870.432924646085,0.139062569853946,,,,,,,,,,,,,,,TRUE,57,"Stress: pooled residual variance",2.30164525412559
0.474694714130812,0.109958480126917,0.259180053287292,0.690209374974331,0,"REPAIR / fuller_equations","fuller_equations",0.474694714130812,0.109958480126917,"ok","ok",2.2552545388794,2.29167787993044,,0.660206288538766,0.684708250092069,0.740343159750354,0.986666666666667,0.986666666666667,,1,1,"fuller","fuller","supplied",0,4,4,4,4,,,FALSE,6.6481362009114,0.282381155053568,2.07409891760449,0.136146426121136,6.5264178295981,120.931334010656,869.485378175121,0.139083804105443,,,,,,,,,,,,,,,TRUE,57,"Stress: pooled residual variance",2.30164525412559
0.611282302824381,0.0532772943503846,0.506860724703888,0.715703880944874,0,"Oracle: true predictors",,,,,,,,,,,,,,,,,,,,,,,,,,,,,,,,,,,,,,,,,,,,,,,,,,TRUE,57,"Factors: fixed measurement parameters",
0.483797174227932,0.0466197067976496,0.392424227934722,0.575170120521143,0,"Likelihood-only / naive OLS",,,,,,,,,,,,,,,,,,,,,,,,,,,,,,,,,,,,,,,,,,,,,,,,,,FALSE,57,"Factors: fixed measurement parameters",
0.628914999641081,0.0634343768805313,0.504585905573499,0.753244093708662,0,"Conditional posterior mean / naive OLS",,,,,,,,,,,,,,,,,,,,,,,,,,,,,,,,,,,,,,,,,,,,,,,,,,TRUE,57,"Factors: fixed measurement parameters",
0.625355430220256,0.0657561849115103,0.49647567603294,0.754235184407572,0,"REPAIR / stabilized","stabilized",0.625355430220256,0.0657561849115103,"ok","ok",2.54639706762602,2.54637943195897,,0.677305844595847,0.79761369922261,0.799117738614787,0.986666666666667,0.986666666666667,,1,1,"modified","modified","supplied",0,4,4,4,4,,,FALSE,2.75133833748275,0.419989400961093,1.47691383900113,0.284369602254619,2.75163072303261,157.877590075394,555.237840659517,0.284342273732398,,,,,,,,,,,,,,,TRUE,57,"Factors: fixed measurement parameters",
0.625355354016999,0.0661524375086515,0.495698959010505,0.755011749023492,0,"REPAIR / fuller_equations","fuller_equations",0.625355354016999,0.0661524375086515,"ok","ok",2.54639706762602,2.54637941503193,,0.677308993987807,0.798547715295273,0.800054955278757,0.986666666666667,0.986666666666667,,1,1,"fuller","fuller","supplied",0,4,4,4,4,,,FALSE,2.76422814424502,0.416463458082918,1.47691383900113,0.281982230164883,2.75163100222549,157.692844174692,554.588160866606,0.284342247638822,,,,,,,,,,,,,,,TRUE,57,"Factors: fixed measurement parameters",
0.562988715498452,0.0830800355995904,0.400154837888949,0.725822593107954,0,"Oracle: true predictors",,,,,,,,,,,,,,,,,,,,,,,,,,,,,,,,,,,,,,,,,,,,,,,,,,TRUE,58,"Stress: pooled residual variance",2.23599664904298
0.433642939061202,0.0731543944640834,0.290262960600762,0.577022917521642,0,"Likelihood-only / naive OLS",,,,,,,,,,,,,,,,,,,,,,,,,,,,,,,,,,,,,,,,,,,,,,,,,,FALSE,58,"Stress: pooled residual variance",2.23599664904298
0.670163371717713,0.122193012634419,0.430669467791805,0.909657275643622,0,"Conditional posterior mean / naive OLS",,,,,,,,,,,,,,,,,,,,,,,,,,,,,,,,,,,,,,,,,,,,,,,,,,TRUE,58,"Stress: pooled residual variance",2.23599664904298
0.742848490047649,0.144736974045878,0.45916923368642,1.02652774640888,0,"REPAIR / stabilized","stabilized",0.742848490047649,0.144736974045878,"ok","ok",1.93054445915271,1.9760271848513,,0.649953760636792,0.71240019739651,0.85281546642007,0.986666666666667,0.986666666666667,,1,1,"modified","modified","supplied",0,4,4,4,4,,,FALSE,7.69789917886141,0.23456062120945,1.99377286929046,0.117646611016894,7.84174188937733,89.3975360637714,770.430781527494,0.116035779212413,,,,,,,,,,,,,,,TRUE,58,"Stress: pooled residual variance",2.23599664904298
0.742780835785443,0.146693187929622,0.455267470666018,1.03029420090487,0,"REPAIR / fuller_equations","fuller_equations",0.742780835785443,0.146693187929622,"ok","ok",1.93054445915271,1.97673885892296,,0.649961887383609,0.713519421087439,0.856487141508703,0.986666666666667,0.986666666666667,,1,1,"fuller","fuller","supplied",0,4,4,4,4,,,FALSE,7.7772543697554,0.231840444924644,1.99377286929046,0.116282274924902,7.84394044167744,89.1279625293234,768.268338098413,0.11601150029159,,,,,,,,,,,,,,,TRUE,58,"Stress: pooled residual variance",2.23599664904298
0.564870439238254,0.0496063941702609,0.467643693261645,0.662097185214863,0,"Oracle: true predictors",,,,,,,,,,,,,,,,,,,,,,,,,,,,,,,,,,,,,,,,,,,,,,,,,,TRUE,58,"Factors: fixed measurement parameters",
0.41693172467875,0.0447733650226291,0.329177541767731,0.504685907589768,0,"Likelihood-only / naive OLS",,,,,,,,,,,,,,,,,,,,,,,,,,,,,,,,,,,,,,,,,,,,,,,,,,FALSE,58,"Factors: fixed measurement parameters",
0.519966871253627,0.0605188501590274,0.401352104556158,0.638581637951097,0,"Conditional posterior mean / naive OLS",,,,,,,,,,,,,,,,,,,,,,,,,,,,,,,,,,,,,,,,,,,,,,,,,,TRUE,58,"Factors: fixed measurement parameters",
0.514196124356223,0.0597865228238143,0.397016692860665,0.631375555851781,0,"REPAIR / stabilized","stabilized",0.514196124356223,0.0597865228238143,"ok","ok",2.56213042087983,2.56173993550544,,0.670821564594349,0.810502412779987,0.824193660608901,0.986666666666667,0.986666666666667,,1,1,"modified","modified","supplied",0,4,4,4,4,,,FALSE,2.28773764695975,0.502527732290229,1.46619008872851,0.342743915781087,2.29285256949484,184.976813146684,540.781289577887,0.342054758016997,,,,,,,,,,,,,,,TRUE,58,"Factors: fixed measurement parameters",
0.514192419883543,0.0600824908540093,0.396432901708227,0.631951938058858,0,"REPAIR / fuller_equations","fuller_equations",0.514192419883543,0.0600824908540093,"ok","ok",2.56213042087983,2.56173574945231,,0.670825912860681,0.811749718071368,0.82560922857349,0.986666666666667,0.986666666666667,,1,1,"fuller","fuller","supplied",0,4,4,4,4,,,FALSE,2.29569904595098,0.498929195284269,1.46619008872851,0.340289570308679,2.29290685731948,184.681738816965,539.930159858046,0.342047458259268,,,,,,,,,,,,,,,TRUE,58,"Factors: fixed measurement parameters",
0.546203061763209,0.080378040571408,0.38866499709535,0.703741126431068,0,"Oracle: true predictors",,,,,,,,,,,,,,,,,,,,,,,,,,,,,,,,,,,,,,,,,,,,,,,,,,TRUE,59,"Stress: pooled residual variance",2.19571410958485
0.299290061648046,0.0669659475321863,0.168039216294362,0.43054090700173,0,"Likelihood-only / naive OLS",,,,,,,,,,,,,,,,,,,,,,,,,,,,,,,,,,,,,,,,,,,,,,,,,,FALSE,59,"Stress: pooled residual variance",2.19571410958485
0.465685945081345,0.108770794986631,0.252499104337758,0.678872785824932,0,"Conditional posterior mean / naive OLS",,,,,,,,,,,,,,,,,,,,,,,,,,,,,,,,,,,,,,,,,,,,,,,,,,TRUE,59,"Stress: pooled residual variance",2.19571410958485
0.476159130441814,0.114571932949705,0.251602268221254,0.700715992662374,0,"REPAIR / stabilized","stabilized",0.476159130441814,0.114571932949705,"ok","ok",2.30145967486302,2.32898226710933,,0.662625284434019,0.686328261336491,0.73992317953098,0.986666666666667,0.986666666666667,,1,1,"modified","modified","supplied",0,4,4,4,4,,,FALSE,6.49798083117466,0.294806785310588,2.10054147652224,0.140347995317228,6.52847713623958,124.151375749813,886.937890637141,0.139977530625766,,,,,,,,,,,,,,,TRUE,59,"Stress: pooled residual variance",2.19571410958485
0.476156600160656,0.115693953482781,0.249400618105353,0.702912582215959,0,"REPAIR / fuller_equations","fuller_equations",0.476156600160656,0.115693953482781,"ok","ok",2.30145967486302,2.32937834047265,,0.662627876162272,0.686686421412632,0.741096587267216,0.986666666666667,0.986666666666667,,1,1,"fuller","fuller","supplied",0,4,4,4,4,,,FALSE,6.54880442455534,0.29213743311117,2.10054147652224,0.139077202890964,6.52891004148052,124.022529824626,886.050726839606,0.13997226802916,,,,,,,,,,,,,,,TRUE,59,"Stress: pooled residual variance",2.19571410958485
0.61581933174113,0.0560106249347136,0.50604052411751,0.72559813936475,0,"Oracle: true predictors",,,,,,,,,,,,,,,,,,,,,,,,,,,,,,,,,,,,,,,,,,,,,,,,,,TRUE,59,"Factors: fixed measurement parameters",
0.425468535496283,0.0477099534194899,0.331958745089999,0.518978325902566,0,"Likelihood-only / naive OLS",,,,,,,,,,,,,,,,,,,,,,,,,,,,,,,,,,,,,,,,,,,,,,,,,,FALSE,59,"Factors: fixed measurement parameters",
0.536472802597138,0.0644685795861869,0.410116708473758,0.662828896720518,0,"Conditional posterior mean / naive OLS",,,,,,,,,,,,,,,,,,,,,,,,,,,,,,,,,,,,,,,,,,,,,,,,,,TRUE,59,"Factors: fixed measurement parameters",
0.54325200637908,0.0659450013226068,0.414002178826325,0.672501833931836,0,"REPAIR / stabilized","stabilized",0.54325200637908,0.0659450013226068,"ok","ok",2.89548257945106,2.8947406525829,,0.695478287294058,0.822805409476595,0.83191263070514,0.986666666666667,0.986666666666667,,1,1,"modified","modified","supplied",0,4,4,4,4,,,FALSE,2.11316994207323,0.529365416939021,1.44310593301272,0.366823671657897,2.11293212626568,192.421166183521,524.53015688133,0.366844810844792,,,,,,,,,,,,,,,TRUE,59,"Factors: fixed measurement parameters",
0.543254198936619,0.0663062162721045,0.413296403092171,0.673211994781068,0,"REPAIR / fuller_equations","fuller_equations",0.543254198936619,0.0663062162721045,"ok","ok",2.89548257945106,2.89473466751781,,0.695481831483163,0.823835997947233,0.833028434480523,0.986666666666667,0.986666666666667,,1,1,"fuller","fuller","supplied",0,4,4,4,4,,,FALSE,2.11883958979045,0.525883292799096,1.44310593301272,0.364410734353527,2.11293021920831,192.175747035185,523.860915213317,0.366844980135482,,,,,,,,,,,,,,,TRUE,59,"Factors: fixed measurement parameters",
0.544444828188871,0.0836760869684703,0.380442711363428,0.708446945014314,0,"Oracle: true predictors",,,,,,,,,,,,,,,,,,,,,,,,,,,,,,,,,,,,,,,,,,,,,,,,,,TRUE,60,"Stress: pooled residual variance",2.23212022444965
0.253004848477002,0.0654629309980558,0.124699861398383,0.381309835555622,0,"Likelihood-only / naive OLS",,,,,,,,,,,,,,,,,,,,,,,,,,,,,,,,,,,,,,,,,,,,,,,,,,FALSE,60,"Stress: pooled residual variance",2.23212022444965
0.413457594075026,0.111844066620729,0.1942472516139,0.632667936536153,0,"Conditional posterior mean / naive OLS",,,,,,,,,,,,,,,,,,,,,,,,,,,,,,,,,,,,,,,,,,,,,,,,,,TRUE,60,"Stress: pooled residual variance",2.23212022444965
0.367763944935381,0.108791675580818,0.154536178979213,0.580991710891549,0,"REPAIR / stabilized","stabilized",0.367763944935381,0.108791675580818,"ok","ok",2.38746165843629,2.39980516909339,,0.694217046887872,0.714360630685802,0.758326411917895,0.986666666666667,0.986666666666667,,1,1,"modified","modified","supplied",0,4,4,4,4,,,FALSE,6.17868466868133,0.293198519245793,1.99961403536534,0.146627556148467,6.25603738683406,118.650121058207,817.796069472389,0.14508521804801,,,,,,,,,,,,,,,FALSE,60,"Stress: pooled residual variance",2.23212022444965
0.367796903175898,0.10979397144161,0.152604673430723,0.582989132921074,0,"REPAIR / fuller_equations","fuller_equations",0.367796903175898,0.10979397144161,"ok","ok",2.38746165843629,2.39992096208794,,0.694218431104751,0.714554684181286,0.758952675869128,0.986666666666667,0.986666666666667,,1,1,"fuller","fuller","supplied",0,4,4,4,4,,,FALSE,6.22763858897843,0.290485853077122,1.99961403536534,0.145270961265307,6.25675992829942,118.5775979806,817.376507159545,0.1450709641664,,,,,,,,,,,,,,,FALSE,60,"Stress: pooled residual variance",2.23212022444965
0.611164279200494,0.0456061280090781,0.521777910828377,0.70055064757261,0,"Oracle: true predictors",,,,,,,,,,,,,,,,,,,,,,,,,,,,,,,,,,,,,,,,,,,,,,,,,,TRUE,60,"Factors: fixed measurement parameters",
0.471323255388043,0.0431151605596895,0.38681909350339,0.555827417272696,0,"Likelihood-only / naive OLS",,,,,,,,,,,,,,,,,,,,,,,,,,,,,,,,,,,,,,,,,,,,,,,,,,FALSE,60,"Factors: fixed measurement parameters",
0.5988254942596,0.0587550227667343,0.48366776572597,0.71398322279323,0,"Conditional posterior mean / naive OLS",,,,,,,,,,,,,,,,,,,,,,,,,,,,,,,,,,,,,,,,,,,,,,,,,,TRUE,60,"Factors: fixed measurement parameters",
0.56881290002241,0.0578988593248172,0.455333220999818,0.682292579045003,0,"REPAIR / stabilized","stabilized",0.56881290002241,0.0578988593248172,"ok","ok",2.73116984864865,2.73344161654263,,0.654179992180493,0.78432510284481,0.792216253211576,0.986666666666667,0.986666666666667,,1,1,"modified","modified","supplied",0,4,4,4,4,,,FALSE,2.92557889874088,0.477969897508282,1.71896282827775,0.278057145649372,2.9227618860204,182.577089153855,655.9499503926,0.278339969451296,,,,,,,,,,,,,,,TRUE,60,"Factors: fixed measurement parameters",
0.568810977680874,0.0581940464201928,0.454752742582644,0.682869212779104,0,"REPAIR / fuller_equations","fuller_equations",0.568810977680874,0.0581940464201928,"ok","ok",2.73116984864865,2.73345929979846,,0.654182879289641,0.785164942775467,0.793126506308373,0.986666666666667,0.986666666666667,,1,1,"fuller","fuller","supplied",0,4,4,4,4,,,FALSE,2.9382621456704,0.474435068968054,1.71896282827775,0.276000772770286,2.92273998301197,182.37990757463,655.236348412084,0.278342170755048,,,,,,,,,,,,,,,TRUE,60,"Factors: fixed measurement parameters",
0.657605120801497,0.0785601449740527,0.503630066032108,0.811580175570885,0,"Oracle: true predictors",,,,,,,,,,,,,,,,,,,,,,,,,,,,,,,,,,,,,,,,,,,,,,,,,,TRUE,61,"Stress: pooled residual variance",2.26926273283838
0.44792847967359,0.0644161831263573,0.321675080724393,0.574181878622787,0,"Likelihood-only / naive OLS",,,,,,,,,,,,,,,,,,,,,,,,,,,,,,,,,,,,,,,,,,,,,,,,,,FALSE,61,"Stress: pooled residual variance",2.26926273283838
0.742639461447126,0.108684310492879,0.529622127196515,0.955656795697737,0,"Conditional posterior mean / naive OLS",,,,,,,,,,,,,,,,,,,,,,,,,,,,,,,,,,,,,,,,,,,,,,,,,,TRUE,61,"Stress: pooled residual variance",2.26926273283838
0.676106059695975,0.10907859703691,0.462315938019474,0.889896181372475,0,"REPAIR / stabilized","stabilized",0.676106059695975,0.10907859703691,"ok","ok",2.26625709419431,2.29990055846126,,0.665896984223546,0.712831705429322,0.819277780738729,0.986666666666667,0.986666666666667,,1,1,"modified","modified","supplied",0,4,4,4,4,,,FALSE,6.3418018188659,0.30005099215378,2.09485840872988,0.143232111012076,6.40138828336164,117.342270569762,824.018883953177,0.142402404671626,,,,,,,,,,,,,,,TRUE,61,"Stress: pooled residual variance",2.26926273283838
0.676198267321902,0.110128455042785,0.460350461765005,0.892046072878799,0,"REPAIR / fuller_equations","fuller_equations",0.676198267321902,0.110128455042785,"ok","ok",2.26625709419431,2.30029123327948,,0.665901338566951,0.713432440551744,0.821251995916102,0.986666666666667,0.986666666666667,,1,1,"fuller","fuller","supplied",0,4,4,4,4,,,FALSE,6.39166556053977,0.297304381400287,2.09485840872988,0.141920991013681,6.40206210636507,117.149965638451,822.722448072546,0.142393058452346,,,,,,,,,,,,,,,TRUE,61,"Stress: pooled residual variance",2.26926273283838
0.671960824186376,0.0486308694406463,0.57664607154584,0.767275576826912,0,"Oracle: true predictors",,,,,,,,,,,,,,,,,,,,,,,,,,,,,,,,,,,,,,,,,,,,,,,,,,TRUE,61,"Factors: fixed measurement parameters",
0.475046469388128,0.043304436502458,0.390171333472509,0.559921605303748,0,"Likelihood-only / naive OLS",,,,,,,,,,,,,,,,,,,,,,,,,,,,,,,,,,,,,,,,,,,,,,,,,,FALSE,61,"Factors: fixed measurement parameters",
0.615230547792294,0.0592381017351754,0.499126001878831,0.731335093705758,0,"Conditional posterior mean / naive OLS",,,,,,,,,,,,,,,,,,,,,,,,,,,,,,,,,,,,,,,,,,,,,,,,,,TRUE,61,"Factors: fixed measurement parameters",
0.586301150528563,0.0589547005351542,0.470752060760317,0.701850240296809,0,"REPAIR / stabilized","stabilized",0.586301150528563,0.0589547005351542,"ok","ok",2.56199388576091,2.56226511383878,,0.671821765168662,0.781499846629252,0.783679501578815,0.986666666666667,0.986666666666667,,1,1,"modified","modified","supplied",0,4,4,4,4,,,FALSE,3.25560172262673,0.422546455240604,1.6948610061765,0.249310388108958,3.25544989169269,162.103934933222,650.174335814167,0.249323798255172,,,,,,,,,,,,,,,TRUE,61,"Factors: fixed measurement parameters",
0.586301027291493,0.0592752383081934,0.470123695032405,0.702478359550581,0,"REPAIR / fuller_equations","fuller_equations",0.586301027291493,0.0592752383081934,"ok","ok",2.56199388576091,2.56226612341984,,0.671824087467593,0.782187224895139,0.784376934479135,0.986666666666667,0.986666666666667,,1,1,"fuller","fuller","supplied",0,4,4,4,4,,,FALSE,3.27294945254098,0.418991745982542,1.6948610061765,0.247213042518313,3.25544932670613,161.961100434706,649.60131823987,0.249323848162052,,,,,,,,,,,,,,,TRUE,61,"Factors: fixed measurement parameters",
0.476608352077954,0.0830603296540663,0.31381309741196,0.639403606743948,0,"Oracle: true predictors",,,,,,,,,,,,,,,,,,,,,,,,,,,,,,,,,,,,,,,,,,,,,,,,,,TRUE,62,"Stress: pooled residual variance",2.28565569108401
0.356415498522611,0.0612224742659574,0.236421653916904,0.476409343128318,0,"Likelihood-only / naive OLS",,,,,,,,,,,,,,,,,,,,,,,,,,,,,,,,,,,,,,,,,,,,,,,,,,FALSE,62,"Stress: pooled residual variance",2.28565569108401
0.621564854674121,0.10370102767791,0.418314575265626,0.824815134082616,0,"Conditional posterior mean / naive OLS",,,,,,,,,,,,,,,,,,,,,,,,,,,,,,,,,,,,,,,,,,,,,,,,,,TRUE,62,"Stress: pooled residual variance",2.28565569108401
0.546003780490732,0.0998195834375529,0.350360992001338,0.741646568980127,0,"REPAIR / stabilized","stabilized",0.546003780490732,0.0998195834375529,"ok","ok",2.45582353724298,2.47613586732005,,0.620302155807882,0.652605633078334,0.725348144737765,0.986666666666667,0.986666666666667,,1,1,"modified","modified","supplied",0,4,4,4,4,,,FALSE,5.18642114110009,0.345667535375868,1.98530408007273,0.174113144099923,5.22281821362186,149.60055724696,863.131928976592,0.173322932711272,,,,,,,,,,,,,,,TRUE,62,"Stress: pooled residual variance",2.28565569108401
0.546127315313971,0.100682602933968,0.348793039693648,0.743461590934294,0,"REPAIR / fuller_equations","fuller_equations",0.546127315313971,0.100682602933968,"ok","ok",2.45582353724298,2.47637196294203,,0.620305075073645,0.653010296204234,0.726671263982763,0.986666666666667,0.986666666666667,,1,1,"fuller","fuller","supplied",0,4,4,4,4,,,FALSE,5.22085468028147,0.342889541227851,1.98530408007273,0.172713865180436,5.22323688300705,149.407586529437,862.063666355609,0.173313865739244,,,,,,,,,,,,,,,TRUE,62,"Stress: pooled residual variance",2.28565569108401
0.549612797151734,0.0502418525326682,0.451140575671132,0.648085018632336,0,"Oracle: true predictors",,,,,,,,,,,,,,,,,,,,,,,,,,,,,,,,,,,,,,,,,,,,,,,,,,TRUE,62,"Factors: fixed measurement parameters",
0.373586093319954,0.0482515730261604,0.279014747991275,0.468157438648633,0,"Likelihood-only / naive OLS",,,,,,,,,,,,,,,,,,,,,,,,,,,,,,,,,,,,,,,,,,,,,,,,,,FALSE,62,"Factors: fixed measurement parameters",
0.459504072961908,0.0654289168261032,0.331265752435279,0.587742393488537,0,"Conditional posterior mean / naive OLS",,,,,,,,,,,,,,,,,,,,,,,,,,,,,,,,,,,,,,,,,,,,,,,,,,FALSE,62,"Factors: fixed measurement parameters",
0.466806712151235,0.0677621152625859,0.333995406720315,0.599618017582155,0,"REPAIR / stabilized","stabilized",0.466806712151235,0.0677621152625859,"ok","ok",2.67741026277844,2.67822211393272,,0.687591101526716,0.818173723845891,0.832828527836038,0.986666666666667,0.986666666666667,,1,1,"modified","modified","supplied",0,4,4,4,4,,,FALSE,2.22917787547109,0.492361418397677,1.42249401306874,0.346125476715019,2.23229438246225,179.491859893905,519.275832407716,0.345658027375661,,,,,,,,,,,,,,,FALSE,62,"Factors: fixed measurement parameters",
0.466804919858034,0.0681634743168433,0.3332069651359,0.600402874580168,0,"REPAIR / fuller_equations","fuller_equations",0.466804919858034,0.0681634743168433,"ok","ok",2.67741026277844,2.67822935236098,,0.687595032028888,0.819301060719181,0.834110568441326,0.986666666666667,0.986666666666667,,1,1,"fuller","fuller","supplied",0,4,4,4,4,,,FALSE,2.23605514332254,0.488886516996912,1.42249401306874,0.343682653498302,2.23232262164744,179.235510374117,518.540549665001,0.345653797933277,,,,,,,,,,,,,,,TRUE,62,"Factors: fixed measurement parameters",
0.568251365497374,0.0767602113490692,0.417804115807516,0.718698615187232,0,"Oracle: true predictors",,,,,,,,,,,,,,,,,,,,,,,,,,,,,,,,,,,,,,,,,,,,,,,,,,TRUE,63,"Stress: pooled residual variance",2.19531043235725
0.271741799430614,0.0666397496601836,0.141130290157889,0.402353308703339,0,"Likelihood-only / naive OLS",,,,,,,,,,,,,,,,,,,,,,,,,,,,,,,,,,,,,,,,,,,,,,,,,,FALSE,63,"Stress: pooled residual variance",2.19531043235725
0.451764082416749,0.107001383779049,0.242045223913864,0.661482940919634,0,"Conditional posterior mean / naive OLS",,,,,,,,,,,,,,,,,,,,,,,,,,,,,,,,,,,,,,,,,,,,,,,,,,TRUE,63,"Stress: pooled residual variance",2.19531043235725
0.425640756657179,0.120816033730807,0.18884568178982,0.662435831524537,0,"REPAIR / stabilized","stabilized",0.425640756657179,0.120816033730807,"ok","ok",2.11875857807619,2.14891400292004,,0.620286950285382,0.643376917187067,0.694324296617335,0.986666666666667,0.986666666666667,,1,1,"modified","modified","supplied",0,4,4,4,4,,,FALSE,8.38081145638159,0.235252734792385,2.15594869495506,0.109117965257188,8.30144670952559,106.586303768338,966.029338260354,0.110334437627206,,,,,,,,,,,,,,,TRUE,63,"Stress: pooled residual variance",2.19531043235725
0.425723961361476,0.122182635714705,0.186250395824477,0.665197526898475,0,"REPAIR / fuller_equations","fuller_equations",0.425723961361476,0.122182635714705,"ok","ok",2.11875857807619,2.14925643860045,,0.620288897987234,0.643646238931531,0.695206314777975,0.986666666666667,0.986666666666667,,1,1,"fuller","fuller","supplied",0,4,4,4,4,,,FALSE,8.4665234194894,0.232576958256312,2.15594869495506,0.107876851986573,8.30056934027834,106.508311270547,965.203487932963,0.110348038110223,,,,,,,,,,,,,,,TRUE,63,"Stress: pooled residual variance",2.19531043235725
0.630749468798909,0.0515263017917105,0.529759773030615,0.731739164567203,0,"Oracle: true predictors",,,,,,,,,,,,,,,,,,,,,,,,,,,,,,,,,,,,,,,,,,,,,,,,,,TRUE,63,"Factors: fixed measurement parameters",
0.511331940330942,0.0512701700406983,0.410844253569929,0.611819627091955,0,"Likelihood-only / naive OLS",,,,,,,,,,,,,,,,,,,,,,,,,,,,,,,,,,,,,,,,,,,,,,,,,,TRUE,63,"Factors: fixed measurement parameters",
0.657444680419051,0.0695211097470488,0.521185809149579,0.793703551688523,0,"Conditional posterior mean / naive OLS",,,,,,,,,,,,,,,,,,,,,,,,,,,,,,,,,,,,,,,,,,,,,,,,,,TRUE,63,"Factors: fixed measurement parameters",
0.685494714677036,0.07638292223169,0.535786938069,0.835202491285072,0,"REPAIR / stabilized","stabilized",0.685494714677036,0.07638292223169,"ok","ok",2.53625085169912,2.5370887151379,,0.688333031913255,0.847020913396021,0.851890700126763,0.986666666666667,0.986666666666667,,1,1,"modified","modified","supplied",0,4,4,4,4,,,FALSE,2.39736150658251,0.412345533694822,1.31392733041101,0.31382674227945,2.39699518121026,145.892661709598,464.775665543196,0.313899096974213,,,,,,,,,,,,,,,TRUE,63,"Factors: fixed measurement parameters",
0.68549363570463,0.0769252955455644,0.534722826935224,0.836264444474036,0,"REPAIR / fuller_equations","fuller_equations",0.68549363570463,0.0769252955455644,"ok","ok",2.53625085169912,2.53709291182967,,0.688337888679858,0.84845354826087,0.853356109165849,0.986666666666667,0.986666666666667,,1,1,"fuller","fuller","supplied",0,4,4,4,4,,,FALSE,2.40695974547182,0.40887714456886,1.31392733041101,0.311187030747704,2.39699334717108,145.645554832186,463.987912417261,0.313899459305758,,,,,,,,,,,,,,,TRUE,63,"Factors: fixed measurement parameters",
0.672279747128957,0.0749213165563164,0.525436665004252,0.819122829253661,0,"Oracle: true predictors",,,,,,,,,,,,,,,,,,,,,,,,,,,,,,,,,,,,,,,,,,,,,,,,,,TRUE,64,"Stress: pooled residual variance",2.20725981116397
0.418127982023852,0.0632732517410133,0.29411468742673,0.542141276620974,0,"Likelihood-only / naive OLS",,,,,,,,,,,,,,,,,,,,,,,,,,,,,,,,,,,,,,,,,,,,,,,,,,FALSE,64,"Stress: pooled residual variance",2.20725981116397
0.645495335623986,0.104607704375869,0.440468002541869,0.850522668706103,0,"Conditional posterior mean / naive OLS",,,,,,,,,,,,,,,,,,,,,,,,,,,,,,,,,,,,,,,,,,,,,,,,,,TRUE,64,"Stress: pooled residual variance",2.20725981116397
0.629487577729215,0.104316108510041,0.425031762042162,0.833943393416267,0,"REPAIR / stabilized","stabilized",0.629487577729215,0.104316108510041,"ok","ok",2.3698186053237,2.41829498558379,,0.611497605446856,0.656086563393256,0.756194902762819,0.986666666666667,0.986666666666667,,1,1,"modified","modified","supplied",0,4,4,4,4,,,FALSE,6.05710787280335,0.331146956022119,2.19119036963891,0.151126511238131,6.08470398062379,140.128938269749,928.968798405856,0.15084353587571,,,,,,,,,,,,,,,TRUE,64,"Stress: pooled residual variance",2.20725981116397
0.629466799161198,0.105242257936439,0.423195763954104,0.835737834368293,0,"REPAIR / fuller_equations","fuller_equations",0.629466799161198,0.105242257936439,"ok","ok",2.3698186053237,2.41884253035011,,0.611501610009459,0.656641613446778,0.758009649772589,0.986666666666667,0.986666666666667,,1,1,"fuller","fuller","supplied",0,4,4,4,4,,,FALSE,6.09908168539714,0.32845731957699,2.19119036963891,0.149899033935202,6.08500757992633,139.895879220723,927.442897041728,0.150840423347842,,,,,,,,,,,,,,,TRUE,64,"Stress: pooled residual variance",2.20725981116397
0.645362810373112,0.0495701088869085,0.548207182245043,0.742518438501182,0,"Oracle: true predictors",,,,,,,,,,,,,,,,,,,,,,,,,,,,,,,,,,,,,,,,,,,,,,,,,,TRUE,64,"Factors: fixed measurement parameters",
0.492711320403995,0.0462624629570884,0.402038559171983,0.583384081636006,0,"Likelihood-only / naive OLS",,,,,,,,,,,,,,,,,,,,,,,,,,,,,,,,,,,,,,,,,,,,,,,,,,FALSE,64,"Factors: fixed measurement parameters",
0.62647717323853,0.0633149810996979,0.502382090601288,0.750572255875772,0,"Conditional posterior mean / naive OLS",,,,,,,,,,,,,,,,,,,,,,,,,,,,,,,,,,,,,,,,,,,,,,,,,,TRUE,64,"Factors: fixed measurement parameters",
0.606533458587164,0.0663836469380668,0.47642390142613,0.736643015748197,0,"REPAIR / stabilized","stabilized",0.606533458587164,0.0663836469380668,"ok","ok",2.5212051629903,2.52272789478271,,0.651963592107797,0.798394774276585,0.807071632000856,0.986666666666667,0.986666666666667,,1,1,"modified","modified","supplied",0,4,4,4,4,,,FALSE,3.26869780293919,0.404609303349889,1.6463259982476,0.245764996592757,3.264435025139,151.732844775319,616.636102491947,0.246065457669665,,,,,,,,,,,,,,,TRUE,64,"Factors: fixed measurement parameters",
0.606535267718692,0.0668203180730456,0.475569850860012,0.737500684577372,0,"REPAIR / fuller_equations","fuller_equations",0.606535267718692,0.0668203180730456,"ok","ok",2.5212051629903,2.52273799298866,,0.651966928589607,0.799368560202019,0.808114089597178,0.986666666666667,0.986666666666667,,1,1,"fuller","fuller","supplied",0,4,4,4,4,,,FALSE,3.28623776166493,0.401120065815983,1.6463259982476,0.24364558795946,3.26440677880137,151.54601810334,615.871857351609,0.246067451036037,,,,,,,,,,,,,,,TRUE,64,"Factors: fixed measurement parameters",
0.737839427290276,0.0854377639863336,0.570384486957428,0.905294367623123,0,"Oracle: true predictors",,,,,,,,,,,,,,,,,,,,,,,,,,,,,,,,,,,,,,,,,,,,,,,,,,TRUE,65,"Stress: pooled residual variance",2.30106401697656
0.427156154692755,0.0706833172738274,0.288619398528235,0.565692910857274,0,"Likelihood-only / naive OLS",,,,,,,,,,,,,,,,,,,,,,,,,,,,,,,,,,,,,,,,,,,,,,,,,,FALSE,65,"Stress: pooled residual variance",2.30106401697656
0.69074749951034,0.114918179072289,0.465512007359729,0.915982991660952,0,"Conditional posterior mean / naive OLS",,,,,,,,,,,,,,,,,,,,,,,,,,,,,,,,,,,,,,,,,,,,,,,,,,TRUE,65,"Stress: pooled residual variance",2.30106401697656
0.702694414170832,0.125003850591802,0.457691369082074,0.94769745925959,0,"REPAIR / stabilized","stabilized",0.702694414170832,0.125003850591802,"ok","ok",2.15119474701084,2.2080940793367,,0.70134598482109,0.758077882782471,0.885428941124758,0.986666666666667,0.986666666666667,,1,1,"modified","modified","supplied",0,4,4,4,4,,,FALSE,6.34260310263458,0.299952879352118,2.09584960240485,0.143117559107267,6.25381007017417,111.24494452156,763.935705823083,0.145620820801539,,,,,,,,,,,,,,,TRUE,65,"Stress: pooled residual variance",2.30106401697656
0.702769411450826,0.126314812555308,0.455196928128495,0.950341894773157,0,"REPAIR / fuller_equations","fuller_equations",0.702769411450826,0.126314812555308,"ok","ok",2.15119474701084,2.20888800202751,,0.701352354341773,0.758959959294661,0.888310215653667,0.986666666666667,0.986666666666667,,1,1,"fuller","fuller","supplied",0,4,4,4,4,,,FALSE,6.39363609227489,0.297150104866069,2.09584960240485,0.141780261582276,6.25263390233015,111.023256394003,762.23669725116,0.145654567399319,,,,,,,,,,,,,,,TRUE,65,"Stress: pooled residual variance",2.30106401697656
0.624290106700435,0.0478980372044573,0.53041167884954,0.718168534551331,0,"Oracle: true predictors",,,,,,,,,,,,,,,,,,,,,,,,,,,,,,,,,,,,,,,,,,,,,,,,,,TRUE,65,"Factors: fixed measurement parameters",
0.457101310851263,0.043357357471198,0.372122451742886,0.542080169959639,0,"Likelihood-only / naive OLS",,,,,,,,,,,,,,,,,,,,,,,,,,,,,,,,,,,,,,,,,,,,,,,,,,FALSE,65,"Factors: fixed measurement parameters",
0.582254838133981,0.0590625066580837,0.46649445224748,0.698015224020482,0,"Conditional posterior mean / naive OLS",,,,,,,,,,,,,,,,,,,,,,,,,,,,,,,,,,,,,,,,,,,,,,,,,,TRUE,65,"Factors: fixed measurement parameters",
0.570553085900768,0.0600033200115928,0.452948739725215,0.688157432076322,0,"REPAIR / stabilized","stabilized",0.570553085900768,0.0600033200115928,"ok","ok",2.83389888028469,2.83293960475291,,0.598924009643107,0.719769803981735,0.72553483797019,0.986666666666667,0.986666666666667,,1,1,"modified","modified","supplied",0,4,4,4,4,,,FALSE,2.63265040810847,0.488089478880473,1.60886658851081,0.303374737449335,2.63380535658498,202.881952470261,669.070992079362,0.303229335708812,,,,,,,,,,,,,,,TRUE,65,"Factors: fixed measurement parameters",
0.570553443058385,0.060339171317327,0.452290840419432,0.688816045697338,0,"REPAIR / fuller_equations","fuller_equations",0.570553443058385,0.060339171317327,"ok","ok",2.83389888028469,2.83293390558096,,0.59892682455573,0.720595550685146,0.726401651399495,0.986666666666667,0.986666666666667,,1,1,"fuller","fuller","supplied",0,4,4,4,4,,,FALSE,2.6425828359431,0.484601079221617,1.60886658851081,0.301206503188168,2.63381221475672,202.64619037514,668.295389783625,0.303228472727833,,,,,,,,,,,,,,,TRUE,65,"Factors: fixed measurement parameters",
0.7163840344614,0.079785808517644,0.560006723289408,0.872761345633391,0,"Oracle: true predictors",,,,,,,,,,,,,,,,,,,,,,,,,,,,,,,,,,,,,,,,,,,,,,,,,,TRUE,66,"Stress: pooled residual variance",2.29012337918467
0.405460056752734,0.0679338697247513,0.272312118761786,0.538607994743682,0,"Likelihood-only / naive OLS",,,,,,,,,,,,,,,,,,,,,,,,,,,,,,,,,,,,,,,,,,,,,,,,,,FALSE,66,"Stress: pooled residual variance",2.29012337918467
0.65396094813601,0.111948609098368,0.434545706183856,0.873376190088164,0,"Conditional posterior mean / naive OLS",,,,,,,,,,,,,,,,,,,,,,,,,,,,,,,,,,,,,,,,,,,,,,,,,,TRUE,66,"Stress: pooled residual variance",2.29012337918467
0.641100204534291,0.1143636398707,0.416951589246811,0.865248819821772,0,"REPAIR / stabilized","stabilized",0.641100204534291,0.1143636398707,"ok","ok",2.31524142291818,2.35793736753896,,0.701738623472082,0.749354695958277,0.856096815306978,0.986666666666667,0.986666666666667,,1,1,"modified","modified","supplied",0,4,4,4,4,,,FALSE,4.79692787849887,0.328298220478764,1.76871696234764,0.185613768323344,4.84368018196956,122.166997034175,662.086376338269,0.184518216051856,,,,,,,,,,,,,,,TRUE,66,"Stress: pooled residual variance",2.29012337918467
0.641162507955836,0.115433971910171,0.414916080419492,0.86740893549218,0,"REPAIR / fuller_equations","fuller_equations",0.641162507955836,0.115433971910171,"ok","ok",2.31524142291818,2.35848696865818,,0.70174348017564,0.75002969278456,0.858294610171915,0.986666666666667,0.986666666666667,,1,1,"fuller","fuller","supplied",0,4,4,4,4,,,FALSE,4.82970447923585,0.325527933400199,1.76871696234764,0.184047499023316,4.84427251018517,121.948929763688,660.954205223037,0.184504355672473,,,,,,,,,,,,,,,TRUE,66,"Stress: pooled residual variance",2.29012337918467
0.676411713571419,0.0452886933565621,0.587647505685679,0.765175921457159,0,"Oracle: true predictors",,,,,,,,,,,,,,,,,,,,,,,,,,,,,,,,,,,,,,,,,,,,,,,,,,TRUE,66,"Factors: fixed measurement parameters",
0.565533449283718,0.044877543614628,0.477575080084422,0.653491818483014,0,"Likelihood-only / naive OLS",,,,,,,,,,,,,,,,,,,,,,,,,,,,,,,,,,,,,,,,,,,,,,,,,,TRUE,66,"Factors: fixed measurement parameters",
0.721728905690057,0.0612055335722801,0.601768264233831,0.841689547146283,0,"Conditional posterior mean / naive OLS",,,,,,,,,,,,,,,,,,,,,,,,,,,,,,,,,,,,,,,,,,,,,,,,,,FALSE,66,"Factors: fixed measurement parameters",
0.71015666065813,0.0645626447878645,0.583616202127263,0.836697119188997,0,"REPAIR / stabilized","stabilized",0.71015666065813,0.0645626447878645,"ok","ok",2.41573569705784,2.41746443005111,,0.56325117911609,0.754852101234113,0.764733367212075,0.986666666666667,0.986666666666667,,1,1,"modified","modified","supplied",0,4,4,4,4,,,FALSE,2.81828112969408,0.414474062807184,1.48969944766226,0.278226633874104,2.81722450457811,164.235017631164,590.074057772307,0.278329500285433,,,,,,,,,,,,,,,TRUE,66,"Factors: fixed measurement parameters",
0.710156929229298,0.0649879444176605,0.582782898741393,0.837530959717204,0,"REPAIR / fuller_equations","fuller_equations",0.710156929229298,0.0649879444176605,"ok","ok",2.41573569705784,2.41747793440611,,0.563256127879037,0.756296919203318,0.766275181861928,0.986666666666667,0.986666666666667,,1,1,"fuller","fuller","supplied",0,4,4,4,4,,,FALSE,2.83188683744502,0.410951494229888,1.48969944766226,0.275862016915412,2.81721626596765,163.917466349978,588.931441217565,0.278330302778694,,,,,,,,,,,,,,,TRUE,66,"Factors: fixed measurement parameters",
0.619504052327306,0.0831019254637593,0.456627271372406,0.782380833282207,0,"Oracle: true predictors",,,,,,,,,,,,,,,,,,,,,,,,,,,,,,,,,,,,,,,,,,,,,,,,,,TRUE,67,"Stress: pooled residual variance",2.28942418047356
0.412832313267241,0.0644224801827036,0.286566572314396,0.539098054220085,0,"Likelihood-only / naive OLS",,,,,,,,,,,,,,,,,,,,,,,,,,,,,,,,,,,,,,,,,,,,,,,,,,FALSE,67,"Stress: pooled residual variance",2.28942418047356
0.667371299973035,0.108541486847128,0.454633894924236,0.880108705021834,0,"Conditional posterior mean / naive OLS",,,,,,,,,,,,,,,,,,,,,,,,,,,,,,,,,,,,,,,,,,,,,,,,,,TRUE,67,"Stress: pooled residual variance",2.28942418047356
0.616142686383893,0.106574613752207,0.4072602817633,0.825025091004485,0,"REPAIR / stabilized","stabilized",0.616142686383893,0.106574613752207,"ok","ok",2.37356211538929,2.40765230683857,,0.671346359084666,0.715447857771963,0.814262829386492,0.986666666666667,0.986666666666667,,1,1,"modified","modified","supplied",0,4,4,4,4,,,FALSE,6.88339483242311,0.323971394090795,2.42308129657198,0.133702238777184,6.95385597269815,126.363868196439,952.259758826565,0.132698947976288,,,,,,,,,,,,,,,TRUE,67,"Stress: pooled residual variance",2.28942418047356
0.616197209676103,0.107535094224388,0.405432297922181,0.826962121430025,0,"REPAIR / fuller_equations","fuller_equations",0.616197209676103,0.107535094224388,"ok","ok",2.37356211538929,2.40801374224804,,0.671350019580433,0.715954744578102,0.815922536863309,0.986666666666667,0.986666666666667,,1,1,"fuller","fuller","supplied",0,4,4,4,4,,,FALSE,6.93484138482984,0.321191877768686,2.42308129657198,0.13255513887342,6.95458436169253,126.183349274776,950.973159360103,0.13268865480881,,,,,,,,,,,,,,,TRUE,67,"Stress: pooled residual variance",2.28942418047356
0.650221364404009,0.0493036232918069,0.553588038444738,0.746854690363281,0,"Oracle: true predictors",,,,,,,,,,,,,,,,,,,,,,,,,,,,,,,,,,,,,,,,,,,,,,,,,,TRUE,67,"Factors: fixed measurement parameters",
0.49051327457639,0.0488951911927675,0.394680460821366,0.586346088331415,0,"Likelihood-only / naive OLS",,,,,,,,,,,,,,,,,,,,,,,,,,,,,,,,,,,,,,,,,,,,,,,,,,FALSE,67,"Factors: fixed measurement parameters",
0.646234946974524,0.066592167992204,0.515716696057363,0.776753197891685,0,"Conditional posterior mean / naive OLS",,,,,,,,,,,,,,,,,,,,,,,,,,,,,,,,,,,,,,,,,,,,,,,,,,TRUE,67,"Factors: fixed measurement parameters",
0.673958594868238,0.0741899213787519,0.528549020950026,0.81936816878645,0,"REPAIR / stabilized","stabilized",0.673958594868238,0.0741899213787519,"ok","ok",2.28711790517468,2.28711361668832,,0.646609490276217,0.778629701098503,0.778705576165206,0.986666666666667,0.986666666666667,,1,1,"modified","modified","supplied",0,4,4,4,4,,,FALSE,2.7891087761445,0.371037493102287,1.35932820037974,0.272956518520424,2.78910920149101,142.954053992025,523.724811331027,0.272956428450875,,,,,,,,,,,,,,,TRUE,67,"Factors: fixed measurement parameters",
0.673958471881904,0.074762868593474,0.527425942057795,0.820491001706014,0,"REPAIR / fuller_equations","fuller_equations",0.673958471881904,0.074762868593474,"ok","ok",2.28711790517468,2.28711390398394,,0.646614134741487,0.780006825766988,0.780077742702653,0.986666666666667,0.986666666666667,,1,1,"fuller","fuller","supplied",0,4,4,4,4,,,FALSE,2.80361550335033,0.367556223536437,1.35932820037974,0.270395496417831,2.78910917299561,142.701920020775,522.801084686226,0.27295643448487,,,,,,,,,,,,,,,TRUE,67,"Factors: fixed measurement parameters",
0.58024589592622,0.0885061883405426,0.406776954369838,0.753714837482603,0,"Oracle: true predictors",,,,,,,,,,,,,,,,,,,,,,,,,,,,,,,,,,,,,,,,,,,,,,,,,,TRUE,68,"Stress: pooled residual variance",2.21570271243166
0.349200457974895,0.0699090680318319,0.212181202439744,0.486219713510046,0,"Likelihood-only / naive OLS",,,,,,,,,,,,,,,,,,,,,,,,,,,,,,,,,,,,,,,,,,,,,,,,,,FALSE,68,"Stress: pooled residual variance",2.21570271243166
0.505312403012763,0.114706767045449,0.280491270820657,0.73013353520487,0,"Conditional posterior mean / naive OLS",,,,,,,,,,,,,,,,,,,,,,,,,,,,,,,,,,,,,,,,,,,,,,,,,,TRUE,68,"Stress: pooled residual variance",2.21570271243166
0.554897902189795,0.126439916604589,0.307080219436552,0.802715584943038,0,"REPAIR / stabilized","stabilized",0.554897902189795,0.126439916604589,"ok","ok",2.14695606060702,2.19075703229812,,0.650879967338093,0.693964930879144,0.788804518324053,0.986666666666667,0.986666666666667,,1,1,"modified","modified","supplied",0,4,4,4,4,,,FALSE,7.98947575982363,0.267444510405862,2.32357946297592,0.115100221303959,8.04913601420186,108.534274653044,947.07014548011,0.114600037991931,,,,,,,,,,,,,,,TRUE,68,"Stress: pooled residual variance",2.21570271243166
0.554822859118662,0.127844084619779,0.304253057627405,0.80539266060992,0,"REPAIR / fuller_equations","fuller_equations",0.554822859118662,0.127844084619779,"ok","ok",2.14695606060702,2.19129325527529,,0.650884054617303,0.69453267036742,0.790652592052277,0.986666666666667,0.986666666666667,,1,1,"fuller","fuller","supplied",0,4,4,4,4,,,FALSE,8.06111896812648,0.26475445628709,2.32357946297592,0.113942501431824,8.04984794201441,108.366745358957,945.657500501074,0.114594073754543,,,,,,,,,,,,,,,TRUE,68,"Stress: pooled residual variance",2.21570271243166
0.640330040166004,0.0459125070664079,0.550343179875904,0.730316900456104,0,"Oracle: true predictors",,,,,,,,,,,,,,,,,,,,,,,,,,,,,,,,,,,,,,,,,,,,,,,,,,TRUE,68,"Factors: fixed measurement parameters",
0.520544601266429,0.0445015382574101,0.433323189025274,0.607766013507584,0,"Likelihood-only / naive OLS",,,,,,,,,,,,,,,,,,,,,,,,,,,,,,,,,,,,,,,,,,,,,,,,,,TRUE,68,"Factors: fixed measurement parameters",
0.664146482896163,0.0607732129130989,0.545033174361705,0.783259791430622,0,"Conditional posterior mean / naive OLS",,,,,,,,,,,,,,,,,,,,,,,,,,,,,,,,,,,,,,,,,,,,,,,,,,TRUE,68,"Factors: fixed measurement parameters",
0.649660361768847,0.0623610996925325,0.527434852335171,0.771885871202522,0,"REPAIR / stabilized","stabilized",0.649660361768847,0.0623610996925325,"ok","ok",2.76770269073103,2.76732337675019,,0.603109457039104,0.75911459108781,0.766464052950697,0.986666666666667,0.986666666666667,,1,1,"modified","modified","supplied",0,4,4,4,4,,,FALSE,2.73581846342892,0.470357416276777,1.61089705616062,0.291984776108424,2.7383469671274,185.280539568365,635.121777206637,0.291724431782605,,,,,,,,,,,,,,,TRUE,68,"Factors: fixed measurement parameters",
0.649662222535839,0.0627285067812345,0.526716608440643,0.772607836631035,0,"REPAIR / fuller_equations","fuller_equations",0.649662222535839,0.0627285067812345,"ok","ok",2.76770269073103,2.76732112956575,,0.603113071405368,0.760175151349789,0.767576237321158,0.986666666666667,0.986666666666667,,1,1,"fuller","fuller","supplied",0,4,4,4,4,,,FALSE,2.74687579162105,0.466871907751243,1.61089705616062,0.289821069549892,2.73836108992552,185.018691311655,634.227347938679,0.291722979012162,,,,,,,,,,,,,,,TRUE,68,"Factors: fixed measurement parameters",
0.64301462594069,0.0789442540882109,0.488286731141418,0.797742520739963,0,"Oracle: true predictors",,,,,,,,,,,,,,,,,,,,,,,,,,,,,,,,,,,,,,,,,,,,,,,,,,TRUE,69,"Stress: pooled residual variance",2.27524766756514
0.442530520999533,0.0636912172153299,0.317698029125969,0.567363012873097,0,"Likelihood-only / naive OLS",,,,,,,,,,,,,,,,,,,,,,,,,,,,,,,,,,,,,,,,,,,,,,,,,,FALSE,69,"Stress: pooled residual variance",2.27524766756514
0.718082531889028,0.102987082710868,0.516231558902879,0.919933504875178,0,"Conditional posterior mean / naive OLS",,,,,,,,,,,,,,,,,,,,,,,,,,,,,,,,,,,,,,,,,,,,,,,,,,TRUE,69,"Stress: pooled residual variance",2.27524766756514
0.727663171672758,0.114282597300631,0.503673396903827,0.95165294644169,0,"REPAIR / stabilized","stabilized",0.727663171672758,0.114282597300631,"ok","ok",2.07498537427821,2.1390980585775,,0.550976760804932,0.607013857825697,0.733756991415785,0.986666666666667,0.986666666666667,,1,1,"modified","modified","supplied",0,4,4,4,4,,,FALSE,7.09813214930875,0.288028616792536,2.23521805549062,0.128859292311557,6.98984452612226,131.611522858748,1001.96936146214,0.131352841634491,,,,,,,,,,,,,,,TRUE,69,"Stress: pooled residual variance",2.27524766756514
0.727758428539255,0.115520831538863,0.501341759258965,0.954175097819545,0,"REPAIR / fuller_equations","fuller_equations",0.727758428539255,0.115520831538863,"ok","ok",2.07498537427821,2.13999344318008,,0.550983286532201,0.607914680709933,0.736709964369799,0.986666666666667,0.986666666666667,,1,1,"fuller","fuller","supplied",0,4,4,4,4,,,FALSE,7.15820532716253,0.285251383198013,2.23521805549062,0.127616803424309,6.98842676295937,131.286507723006,999.241645045661,0.131386145057041,,,,,,,,,,,,,,,TRUE,69,"Stress: pooled residual variance",2.27524766756514
0.608761881763419,0.0476855061921032,0.515300007042335,0.702223756484503,0,"Oracle: true predictors",,,,,,,,,,,,,,,,,,,,,,,,,,,,,,,,,,,,,,,,,,,,,,,,,,TRUE,69,"Factors: fixed measurement parameters",
0.498652168833458,0.045033544702285,0.410388043120805,0.586916294546111,0,"Likelihood-only / naive OLS",,,,,,,,,,,,,,,,,,,,,,,,,,,,,,,,,,,,,,,,,,,,,,,,,,FALSE,69,"Factors: fixed measurement parameters",
0.6297474039442,0.0612651873198322,0.509669843291229,0.749824964597171,0,"Conditional posterior mean / naive OLS",,,,,,,,,,,,,,,,,,,,,,,,,,,,,,,,,,,,,,,,,,,,,,,,,,TRUE,69,"Factors: fixed measurement parameters",
0.626272893411686,0.0642497815074077,0.5003456356426,0.752200151180773,0,"REPAIR / stabilized","stabilized",0.626272893411686,0.0642497815074077,"ok","ok",2.4396302041903,2.44285632784462,,0.569787469682826,0.742678427923531,0.755603125089065,0.986666666666667,0.986666666666667,,1,1,"modified","modified","supplied",0,4,4,4,4,,,FALSE,2.64026985044936,0.423731130002512,1.44081105908915,0.294092086071567,2.63829580659251,170.522328656652,579.406948941529,0.29430494226582,,,,,,,,,,,,,,,TRUE,69,"Factors: fixed measurement parameters",
0.626278182917246,0.06465871408603,0.499549432021954,0.753006933812537,0,"REPAIR / fuller_equations","fuller_equations",0.626278182917246,0.06465871408603,"ok","ok",2.4396302041903,2.44288505266815,,0.569792351592437,0.744091642058735,0.757157706035399,0.986666666666667,0.986666666666667,,1,1,"fuller","fuller","supplied",0,4,4,4,4,,,FALSE,2.65203276814663,0.420214407557837,1.44081105908915,0.291651292448773,2.63827827547956,170.192793053769,578.28352321038,0.29430683431707,,,,,,,,,,,,,,,TRUE,69,"Factors: fixed measurement parameters",
0.689299247331458,0.0794598166804633,0.533560868419595,0.845037626243321,0,"Oracle: true predictors",,,,,,,,,,,,,,,,,,,,,,,,,,,,,,,,,,,,,,,,,,,,,,,,,,TRUE,70,"Stress: pooled residual variance",2.25708808756186
0.473840353338205,0.0644522138028203,0.347516335560802,0.600164371115608,0,"Likelihood-only / naive OLS",,,,,,,,,,,,,,,,,,,,,,,,,,,,,,,,,,,,,,,,,,,,,,,,,,TRUE,70,"Stress: pooled residual variance",2.25708808756186
0.759930339590834,0.106202909172331,0.551776462559688,0.968084216621981,0,"Conditional posterior mean / naive OLS",,,,,,,,,,,,,,,,,,,,,,,,,,,,,,,,,,,,,,,,,,,,,,,,,,TRUE,70,"Stress: pooled residual variance",2.25708808756186
0.772330176780973,0.121526651665468,0.534142316354911,1.01051803720703,0,"REPAIR / stabilized","stabilized",0.772330176780973,0.121526651665468,"ok","ok",1.95394774892988,2.02453164465309,,0.553400431527237,0.614273844690836,0.752816736977216,0.986666666666667,0.986666666666667,,1,1,"modified","modified","supplied",0,4,4,4,4,,,FALSE,7.64821600927178,0.236139256119159,1.9970154092191,0.118246086148878,7.49599261722679,106.48308061825,878.499089055874,0.121210234529312,,,,,,,,,,,,,,,TRUE,70,"Stress: pooled residual variance",2.25708808756186
0.772311208725899,0.123014598211385,0.53120702665892,1.01341539079288,0,"REPAIR / fuller_equations","fuller_equations",0.772311208725899,0.123014598211385,"ok","ok",1.95394774892988,2.02557414004796,,0.553408099525118,0.615329880361135,0.756284251713164,0.986666666666667,0.986666666666667,,1,1,"fuller","fuller","supplied",0,4,4,4,4,,,FALSE,7.72667721525813,0.233407462331644,1.9970154092191,0.116878147887158,7.49389200177174,106.187828446569,875.760125745265,0.121252184616426,,,,,,,,,,,,,,,TRUE,70,"Stress: pooled residual variance",2.25708808756186
0.565049966587886,0.0539870788562423,0.459237236399127,0.670862696776644,0,"Oracle: true predictors",,,,,,,,,,,,,,,,,,,,,,,,,,,,,,,,,,,,,,,,,,,,,,,,,,TRUE,70,"Factors: fixed measurement parameters",
0.409467620397152,0.0511932742526889,0.3091306466112,0.509804594183104,0,"Likelihood-only / naive OLS",,,,,,,,,,,,,,,,,,,,,,,,,,,,,,,,,,,,,,,,,,,,,,,,,,FALSE,70,"Factors: fixed measurement parameters",
0.51016830004496,0.0695287370508353,0.373894479534768,0.646442120555153,0,"Conditional posterior mean / naive OLS",,,,,,,,,,,,,,,,,,,,,,,,,,,,,,,,,,,,,,,,,,,,,,,,,,TRUE,70,"Factors: fixed measurement parameters",
0.522865193900622,0.0746769674548945,0.376501027214359,0.669229360586885,0,"REPAIR / stabilized","stabilized",0.522865193900622,0.0746769674548945,"ok","ok",2.71015394721062,2.71175000585159,,0.719197539554552,0.853853309490101,0.865913305589486,0.986666666666667,0.986666666666667,,1,1,"modified","modified","supplied",0,4,4,4,4,,,FALSE,2.49419736045045,0.450035032694918,1.44987595337483,0.310395542216826,2.49383025318171,157.668477760818,507.800132170988,0.310493179839755,,,,,,,,,,,,,,,TRUE,70,"Factors: fixed measurement parameters",
0.522865899781388,0.0751757599355105,0.375524117797358,0.670207681765418,0,"REPAIR / fuller_equations","fuller_equations",0.522865899781388,0.0751757599355105,"ok","ok",2.71015394721062,2.71176180731611,,0.719201255388618,0.854929873124032,0.867095290846063,0.986666666666667,0.986666666666667,,1,1,"fuller","fuller","supplied",0,4,4,4,4,,,FALSE,2.50349373136486,0.446597731329985,1.44987595337483,0.308024786734654,2.49382754426753,157.466619640292,507.148833410573,0.310493900935017,,,,,,,,,,,,,,,TRUE,70,"Factors: fixed measurement parameters",
0.566643424253644,0.08448507358438,0.401055722797043,0.732231125710245,0,"Oracle: true predictors",,,,,,,,,,,,,,,,,,,,,,,,,,,,,,,,,,,,,,,,,,,,,,,,,,TRUE,71,"Stress: pooled residual variance",2.23687341932201
0.308914376662328,0.0668169391440649,0.177955582382756,0.439873170941899,0,"Likelihood-only / naive OLS",,,,,,,,,,,,,,,,,,,,,,,,,,,,,,,,,,,,,,,,,,,,,,,,,,FALSE,71,"Stress: pooled residual variance",2.23687341932201
0.50160286062591,0.110783605601734,0.284470983569023,0.718734737682798,0,"Conditional posterior mean / naive OLS",,,,,,,,,,,,,,,,,,,,,,,,,,,,,,,,,,,,,,,,,,,,,,,,,,TRUE,71,"Stress: pooled residual variance",2.23687341932201
0.432006645008917,0.106375988566957,0.223513538597837,0.640499751419996,0,"REPAIR / stabilized","stabilized",0.432006645008917,0.106375988566957,"ok","ok",2.51229621809175,2.54175179484769,,0.769723537708466,0.798348883145512,0.860663572063915,0.986666666666667,0.986666666666667,,1,1,"modified","modified","supplied",0,4,4,4,4,,,FALSE,7.24974274192284,0.31725564701248,2.48955537052594,0.127434661935419,7.2296717126075,115.007373686647,898.784629325286,0.127958767800672,,,,,,,,,,,,,,,TRUE,71,"Stress: pooled residual variance",2.23687341932201
0.432047195246024,0.107252225048749,0.221836696888692,0.642257693603356,0,"REPAIR / fuller_equations","fuller_equations",0.432047195246024,0.107252225048749,"ok","ok",2.51229621809175,2.54198985196086,,0.76972524734729,0.798589306510945,0.861437168067125,0.986666666666667,0.986666666666667,,1,1,"fuller","fuller","supplied",0,4,4,4,4,,,FALSE,7.30391193093648,0.314552147631678,2.48955537052594,0.126348725300786,7.22951359162896,114.94053916857,898.23314825668,0.127962922980131,,,,,,,,,,,,,,,TRUE,71,"Stress: pooled residual variance",2.23687341932201
0.554077588838964,0.050955909743838,0.454205840941568,0.65394933673636,0,"Oracle: true predictors",,,,,,,,,,,,,,,,,,,,,,,,,,,,,,,,,,,,,,,,,,,,,,,,,,TRUE,71,"Factors: fixed measurement parameters",
0.398218643042749,0.0458209163992239,0.308411297161649,0.488025988923848,0,"Likelihood-only / naive OLS",,,,,,,,,,,,,,,,,,,,,,,,,,,,,,,,,,,,,,,,,,,,,,,,,,FALSE,71,"Factors: fixed measurement parameters",
0.504548993170556,0.0623990659330123,0.382249071272911,0.6268489150682,0,"Conditional posterior mean / naive OLS",,,,,,,,,,,,,,,,,,,,,,,,,,,,,,,,,,,,,,,,,,,,,,,,,,TRUE,71,"Factors: fixed measurement parameters",
0.496651901589883,0.0635152956544196,0.372164209639807,0.621139593539959,0,"REPAIR / stabilized","stabilized",0.496651901589883,0.0635152956544196,"ok","ok",2.51164321126077,2.5109166939719,,0.680902350970745,0.782184347299212,0.788662264186022,0.986666666666667,0.986666666666667,,1,1,"modified","modified","supplied",0,4,4,4,4,,,FALSE,2.78310633798786,0.415222800161628,1.4757472144749,0.281364447846424,2.78579881993578,158.792614760227,564.890243388145,0.281103482701008,,,,,,,,,,,,,,,TRUE,71,"Factors: fixed measurement parameters",
0.496651824330689,0.0638798021324717,0.371449712811499,0.621853935849878,0,"REPAIR / fuller_equations","fuller_equations",0.496651824330689,0.0638798021324717,"ok","ok",2.51164321126077,2.5109094277202,,0.680905096777737,0.782981228992652,0.789530944705346,0.986666666666667,0.986666666666667,,1,1,"fuller","fuller","supplied",0,4,4,4,4,,,FALSE,2.79658445953623,0.411678747682333,1.4757472144749,0.27896291698495,2.78582574786813,158.626396236625,564.304170560074,0.281100875223352,,,,,,,,,,,,,,,TRUE,71,"Factors: fixed measurement parameters",
0.614727677627808,0.0834844804680334,0.451101102642425,0.778354252613191,0,"Oracle: true predictors",,,,,,,,,,,,,,,,,,,,,,,,,,,,,,,,,,,,,,,,,,,,,,,,,,TRUE,72,"Stress: pooled residual variance",2.25536012404964
0.369217087115517,0.0664574332648524,0.238962911411432,0.499471262819602,0,"Likelihood-only / naive OLS",,,,,,,,,,,,,,,,,,,,,,,,,,,,,,,,,,,,,,,,,,,,,,,,,,FALSE,72,"Stress: pooled residual variance",2.25536012404964
0.602013138670786,0.11044320818509,0.385548428290951,0.818477849050621,0,"Conditional posterior mean / naive OLS",,,,,,,,,,,,,,,,,,,,,,,,,,,,,,,,,,,,,,,,,,,,,,,,,,TRUE,72,"Stress: pooled residual variance",2.25536012404964
0.560294246866447,0.113986259853138,0.336885282821873,0.78370321091102,0,"REPAIR / stabilized","stabilized",0.560294246866447,0.113986259853138,"ok","ok",2.25706331676079,2.29079664446679,,0.68213834062729,0.718236103994255,0.799040588679312,0.986666666666667,0.986666666666667,,1,1,"modified","modified","supplied",0,4,4,4,4,,,FALSE,6.99022906770126,0.279529311118127,2.14428935463476,0.130359883806698,6.94806429323449,110.955973069006,844.33803024885,0.131411791360748,,,,,,,,,,,,,,,TRUE,72,"Stress: pooled residual variance",2.25536012404964
0.560359750923938,0.115118157447619,0.334732308359994,0.785987193487883,0,"REPAIR / fuller_equations","fuller_equations",0.560359750923938,0.115118157447619,"ok","ok",2.25706331676079,2.29117438150291,,0.682141455645921,0.718666566852808,0.800452653705236,0.986666666666667,0.986666666666667,,1,1,"fuller","fuller","supplied",0,4,4,4,4,,,FALSE,7.05004840205626,0.276792817930502,2.14428935463476,0.129083706605281,6.94760943417608,110.829369377701,843.301000878275,0.131423263179192,,,,,,,,,,,,,,,TRUE,72,"Stress: pooled residual variance",2.25536012404964
0.611182246063221,0.046843853631905,0.519369980047622,0.702994512078821,0,"Oracle: true predictors",,,,,,,,,,,,,,,,,,,,,,,,,,,,,,,,,,,,,,,,,,,,,,,,,,TRUE,72,"Factors: fixed measurement parameters",
0.535056890634332,0.0435651233555931,0.449670817875324,0.620442963393339,0,"Likelihood-only / naive OLS",,,,,,,,,,,,,,,,,,,,,,,,,,,,,,,,,,,,,,,,,,,,,,,,,,TRUE,72,"Factors: fixed measurement parameters",
0.674855091490762,0.0588939676604036,0.559425035969704,0.790285147011819,0,"Conditional posterior mean / naive OLS",,,,,,,,,,,,,,,,,,,,,,,,,,,,,,,,,,,,,,,,,,,,,,,,,,TRUE,72,"Factors: fixed measurement parameters",
0.674202219398012,0.0612566286539718,0.554141433421883,0.794263005374141,0,"REPAIR / stabilized","stabilized",0.674202219398012,0.0612566286539718,"ok","ok",2.15048868489962,2.15017236678143,,0.525615370276691,0.735603168732666,0.7525781943706,0.986666666666667,0.986666666666667,,1,1,"modified","modified","supplied",0,4,4,4,4,,,FALSE,2.58909871266709,0.405709634015994,1.36549061704767,0.297116383628603,2.58954091905301,164.538538195112,553.846292693575,0.297083397263337,,,,,,,,,,,,,,,TRUE,72,"Factors: fixed measurement parameters",
0.674196356626548,0.0616335426865114,0.553396832721374,0.794995880531723,0,"REPAIR / fuller_equations","fuller_equations",0.674196356626548,0.0616335426865114,"ok","ok",2.15048868489962,2.1501685887126,,0.525622509673741,0.737656150935775,0.754881745232046,0.986666666666667,0.986666666666667,,1,1,"fuller","fuller","supplied",0,4,4,4,4,,,FALSE,2.6018664658339,0.402089602072934,1.36549061704767,0.294465298445105,2.58954616365531,164.069887576602,552.269517049626,0.297083004785612,,,,,,,,,,,,,,,TRUE,72,"Factors: fixed measurement parameters",
0.587158233749204,0.0853894297499012,0.419798026778985,0.754518440719424,0,"Oracle: true predictors",,,,,,,,,,,,,,,,,,,,,,,,,,,,,,,,,,,,,,,,,,,,,,,,,,TRUE,73,"Stress: pooled residual variance",2.2568675720326
0.35115980234777,0.0670165578395474,0.219809762614412,0.482509842081129,0,"Likelihood-only / naive OLS",,,,,,,,,,,,,,,,,,,,,,,,,,,,,,,,,,,,,,,,,,,,,,,,,,FALSE,73,"Stress: pooled residual variance",2.2568675720326
0.575349971856739,0.110325238607361,0.359116477600523,0.791583466112955,0,"Conditional posterior mean / naive OLS",,,,,,,,,,,,,,,,,,,,,,,,,,,,,,,,,,,,,,,,,,,,,,,,,,TRUE,73,"Stress: pooled residual variance",2.2568675720326
0.500135881485597,0.108047278643566,0.288367106716644,0.71190465625455,0,"REPAIR / stabilized","stabilized",0.500135881485597,0.108047278643566,"ok","ok",2.44766324844946,2.48258568288963,,0.770615335298011,0.803405460707418,0.875806119088708,0.986666666666667,0.986666666666667,,1,1,"modified","modified","supplied",0,4,4,4,4,,,FALSE,6.57391827811455,0.319262771387489,2.28908852010086,0.139471570707725,6.54779706796921,114.43318482841,815.906787422473,0.140252767341127,,,,,,,,,,,,,,,TRUE,73,"Stress: pooled residual variance",2.2568675720326
0.500194937702335,0.108968562523029,0.286620479710098,0.713769395694572,0,"REPAIR / fuller_equations","fuller_equations",0.500194937702335,0.108968562523029,"ok","ok",2.44766324844946,2.48288901760192,,0.770617472657031,0.803703139083397,0.876775206389282,0.986666666666667,0.986666666666667,,1,1,"fuller","fuller","supplied",0,4,4,4,4,,,FALSE,6.62271340979876,0.316522321801422,2.28908852010086,0.138274391323003,6.54757505373065,114.351795544307,815.287666213147,0.140259444958181,,,,,,,,,,,,,,,TRUE,73,"Stress: pooled residual variance",2.2568675720326
0.629342717180627,0.0451735985579922,0.540804090954892,0.717881343406362,0,"Oracle: true predictors",,,,,,,,,,,,,,,,,,,,,,,,,,,,,,,,,,,,,,,,,,,,,,,,,,TRUE,73,"Factors: fixed measurement parameters",
0.523672370077492,0.0422139514157357,0.440934545657527,0.606410194497458,0,"Likelihood-only / naive OLS",,,,,,,,,,,,,,,,,,,,,,,,,,,,,,,,,,,,,,,,,,,,,,,,,,TRUE,73,"Factors: fixed measurement parameters",
0.677720069199851,0.057267705496172,0.565477428950108,0.789962709449595,0,"Conditional posterior mean / naive OLS",,,,,,,,,,,,,,,,,,,,,,,,,,,,,,,,,,,,,,,,,,,,,,,,,,TRUE,73,"Factors: fixed measurement parameters",
0.666930428829795,0.058283133979593,0.55269758532367,0.78116327233592,0,"REPAIR / stabilized","stabilized",0.666930428829795,0.058283133979593,"ok","ok",2.81202020526832,2.81199520850215,,0.54887896886529,0.691856762723593,0.694920426043771,0.986666666666667,0.986666666666667,,1,1,"modified","modified","supplied",0,4,4,4,4,,,FALSE,2.32661047492349,0.537003454936121,1.57399095130722,0.341173152545848,2.32713755302134,232.596349787504,681.866831673381,0.341116973261019,,,,,,,,,,,,,,,TRUE,73,"Factors: fixed measurement parameters",
0.666930813510965,0.0586004716448964,0.552075999609907,0.781785627412022,0,"REPAIR / fuller_equations","fuller_equations",0.666930813510965,0.0586004716448964,"ok","ok",2.81202020526832,2.81199512454515,,0.548882472123181,0.692893244607884,0.695971781679911,0.986666666666667,0.986666666666667,,1,1,"fuller","fuller","supplied",0,4,4,4,4,,,FALSE,2.33357174380163,0.533524574766134,1.57399095130722,0.338962923721408,2.32713931399349,232.247558951161,680.844709980393,0.341116785585144,,,,,,,,,,,,,,,TRUE,73,"Factors: fixed measurement parameters",
0.490700057794355,0.0832215659690878,0.327588785757919,0.653811329830792,0,"Oracle: true predictors",,,,,,,,,,,,,,,,,,,,,,,,,,,,,,,,,,,,,,,,,,,,,,,,,,TRUE,74,"Stress: pooled residual variance",2.21126430970487
0.316735617293311,0.0631271426936066,0.193008691166922,0.440462543419701,0,"Likelihood-only / naive OLS",,,,,,,,,,,,,,,,,,,,,,,,,,,,,,,,,,,,,,,,,,,,,,,,,,FALSE,74,"Stress: pooled residual variance",2.21126430970487
0.480873840664035,0.103399357580655,0.278214823781373,0.683532857546698,0,"Conditional posterior mean / naive OLS",,,,,,,,,,,,,,,,,,,,,,,,,,,,,,,,,,,,,,,,,,,,,,,,,,TRUE,74,"Stress: pooled residual variance",2.21126430970487
0.469571971386415,0.103754120664913,0.266217631635563,0.672926311137268,0,"REPAIR / stabilized","stabilized",0.469571971386415,0.103754120664913,"ok","ok",2.40596905289505,2.44112761042762,,0.63425745712217,0.66046835067677,0.718979980905383,0.986666666666667,0.986666666666667,,1,1,"modified","modified","supplied",0,4,4,4,4,,,FALSE,6.1579958022084,0.303353133761396,2.0543685038925,0.147662473011351,6.16037561371431,132.364402663479,894.847103801119,0.147918456796947,,,,,,,,,,,,,,,TRUE,74,"Stress: pooled residual variance",2.21126430970487
0.469558290249439,0.10467747558811,0.264394208104173,0.674722372394706,0,"REPAIR / fuller_equations","fuller_equations",0.469558290249439,0.10467747558811,"ok","ok",2.40596905289505,2.44151482002665,,0.634259636068321,0.660770633813183,0.719967504117493,0.986666666666667,0.986666666666667,,1,1,"fuller","fuller","supplied",0,4,4,4,4,,,FALSE,6.2046502383936,0.300666446509379,2.0543685038925,0.146354680739942,6.16040147422436,132.24785918525,894.042592527357,0.147921206764211,,,,,,,,,,,,,,,TRUE,74,"Stress: pooled residual variance",2.21126430970487
0.611837318381134,0.052828706449556,0.508294956390165,0.715379680372102,0,"Oracle: true predictors",,,,,,,,,,,,,,,,,,,,,,,,,,,,,,,,,,,,,,,,,,,,,,,,,,TRUE,74,"Factors: fixed measurement parameters",
0.496656200900038,0.0490457745220824,0.400528249242884,0.592784152557192,0,"Likelihood-only / naive OLS",,,,,,,,,,,,,,,,,,,,,,,,,,,,,,,,,,,,,,,,,,,,,,,,,,FALSE,74,"Factors: fixed measurement parameters",
0.629115249429349,0.0670332264783218,0.497732539764322,0.760497959094377,0,"Conditional posterior mean / naive OLS",,,,,,,,,,,,,,,,,,,,,,,,,,,,,,,,,,,,,,,,,,,,,,,,,,TRUE,74,"Factors: fixed measurement parameters",
0.629279875786861,0.0718425956908137,0.488470975676994,0.770088775896729,0,"REPAIR / stabilized","stabilized",0.629279875786861,0.0718425956908137,"ok","ok",2.65665887950988,2.65633430277055,,0.674300410712035,0.829279908299148,0.838057752276019,0.986666666666667,0.986666666666667,,1,1,"modified","modified","supplied",0,4,4,4,4,,,FALSE,2.94758123899669,0.434437633284734,1.60756841459582,0.270245191022842,2.94904971643927,156.718586060388,580.151519976919,0.270133888585905,,,,,,,,,,,,,,,TRUE,74,"Factors: fixed measurement parameters",
0.62928191416326,0.0723333427981356,0.487511167397525,0.771052660928995,0,"REPAIR / fuller_equations","fuller_equations",0.62928191416326,0.0723333427981356,"ok","ok",2.65665887950988,2.65633275844011,,0.674304102724531,0.83036320298813,0.839193495739752,0.986666666666667,0.986666666666667,,1,1,"fuller","fuller","supplied",0,4,4,4,4,,,FALSE,2.96087482965397,0.430995437344238,1.60756841459582,0.268103947198167,2.94905652242948,156.512086889559,579.38819339525,0.270133372881468,,,,,,,,,,,,,,,TRUE,74,"Factors: fixed measurement parameters",
0.627475856247335,0.0800197987332633,0.470639932679995,0.784311779814675,0,"Oracle: true predictors",,,,,,,,,,,,,,,,,,,,,,,,,,,,,,,,,,,,,,,,,,,,,,,,,,TRUE,75,"Stress: pooled residual variance",2.31252479215168
0.435181334719122,0.0681549222754313,0.30160014169015,0.568762527748094,0,"Likelihood-only / naive OLS",,,,,,,,,,,,,,,,,,,,,,,,,,,,,,,,,,,,,,,,,,,,,,,,,,FALSE,75,"Stress: pooled residual variance",2.31252479215168
0.692707685503433,0.115125205151558,0.467066429693595,0.918348941313271,0,"Conditional posterior mean / naive OLS",,,,,,,,,,,,,,,,,,,,,,,,,,,,,,,,,,,,,,,,,,,,,,,,,,TRUE,75,"Stress: pooled residual variance",2.31252479215168
0.701149764749902,0.125083745637733,0.455990128248576,0.946309401251227,0,"REPAIR / stabilized","stabilized",0.701149764749902,0.125083745637733,"ok","ok",2.03956947694698,2.09111502955635,,0.672684742771316,0.724262635055658,0.84181353994435,0.986666666666667,0.986666666666667,,1,1,"modified","modified","supplied",0,4,4,4,4,,,FALSE,7.26856495862394,0.25298240448359,2.03413763066668,0.124368381307944,7.23639035421786,98.0881965758522,782.151740104922,0.125408142111522,,,,,,,,,,,,,,,TRUE,75,"Stress: pooled residual variance",2.31252479215168
0.701049086353723,0.126540766919352,0.453033740615716,0.949064432091731,0,"REPAIR / fuller_equations","fuller_equations",0.701049086353723,0.126540766919352,"ok","ok",2.03956947694698,2.09190878090319,,0.672691206916609,0.725153955396625,0.844737221507029,0.986666666666667,0.986666666666667,,1,1,"fuller","fuller","supplied",0,4,4,4,4,,,FALSE,7.33946937743219,0.250178899500608,2.03413763066668,0.12299015353185,7.23593672633465,97.8752486775061,780.359815821466,0.125423230019187,,,,,,,,,,,,,,,TRUE,75,"Stress: pooled residual variance",2.31252479215168
0.552033428557025,0.0508809756758645,0.452308548734072,0.651758308379978,0,"Oracle: true predictors",,,,,,,,,,,,,,,,,,,,,,,,,,,,,,,,,,,,,,,,,,,,,,,,,,TRUE,75,"Factors: fixed measurement parameters",
0.448284306904244,0.046980456090918,0.35620430498878,0.540364308819709,0,"Likelihood-only / naive OLS",,,,,,,,,,,,,,,,,,,,,,,,,,,,,,,,,,,,,,,,,,,,,,,,,,FALSE,75,"Factors: fixed measurement parameters",
0.577124420458002,0.0642689790131609,0.451159536269046,0.703089304646958,0,"Conditional posterior mean / naive OLS",,,,,,,,,,,,,,,,,,,,,,,,,,,,,,,,,,,,,,,,,,,,,,,,,,TRUE,75,"Factors: fixed measurement parameters",
0.567023233346702,0.0675661892177542,0.434595935907286,0.699450530786119,0,"REPAIR / stabilized","stabilized",0.567023233346702,0.0675661892177542,"ok","ok",2.45835012738889,2.45934148407697,,0.695156160160529,0.803280668249359,0.806532547870568,0.986666666666667,0.986666666666667,,1,1,"modified","modified","supplied",0,4,4,4,4,,,FALSE,3.25490295096773,0.388444914366054,1.58750058917217,0.244689619024718,3.25345823142026,145.004961181616,592.328164006396,0.244805109723012,,,,,,,,,,,,,,,TRUE,75,"Factors: fixed measurement parameters",
0.567023533824517,0.0680131673374759,0.433720175368568,0.700326892280465,0,"REPAIR / fuller_equations","fuller_equations",0.567023533824517,0.0680131673374759,"ok","ok",2.45835012738889,2.45934532023027,,0.695158714482375,0.804035278904842,0.80730284821474,0.986666666666667,0.986666666666667,,1,1,"fuller","fuller","supplied",0,4,4,4,4,,,FALSE,3.27315917819238,0.38494623594245,1.58750058917217,0.242485727922273,3.25345264414859,144.868611108063,591.770109822729,0.244805556589298,,,,,,,,,,,,,,,TRUE,75,"Factors: fixed measurement parameters",
0.610803971614563,0.0810951176112648,0.451860461774444,0.769747481454682,0,"Oracle: true predictors",,,,,,,,,,,,,,,,,,,,,,,,,,,,,,,,,,,,,,,,,,,,,,,,,,TRUE,76,"Stress: pooled residual variance",2.22383783432532
0.310725692406495,0.0651481952945437,0.183037575971408,0.438413808841583,0,"Likelihood-only / naive OLS",,,,,,,,,,,,,,,,,,,,,,,,,,,,,,,,,,,,,,,,,,,,,,,,,,FALSE,76,"Stress: pooled residual variance",2.22383783432532
0.478810523254442,0.108996682487668,0.265180951144266,0.692440095364618,0,"Conditional posterior mean / naive OLS",,,,,,,,,,,,,,,,,,,,,,,,,,,,,,,,,,,,,,,,,,,,,,,,,,TRUE,76,"Stress: pooled residual variance",2.22383783432532
0.447084599690551,0.109238564979223,0.232980946608436,0.661188252772666,0,"REPAIR / stabilized","stabilized",0.447084599690551,0.109238564979223,"ok","ok",2.31274065645288,2.33774312249532,,0.685031894396922,0.711091662039721,0.768723922047563,0.986666666666667,0.986666666666667,,1,1,"modified","modified","supplied",0,4,4,4,4,,,FALSE,7.49975369513552,0.28223376575066,2.30452157640357,0.122469569667086,7.49139555663693,114.551883456173,932.897645047573,0.122791480999324,,,,,,,,,,,,,,,TRUE,76,"Stress: pooled residual variance",2.22383783432532
0.447087821018922,0.110275664341547,0.230951490538263,0.663224151499582,0,"REPAIR / fuller_equations","fuller_equations",0.447087821018922,0.110275664341547,"ok","ok",2.31274065645288,2.33798141287393,,0.685033748188515,0.711349361127725,0.76956426127195,0.986666666666667,0.986666666666667,,1,1,"fuller","fuller","supplied",0,4,4,4,4,,,FALSE,7.56299942413524,0.279538034790266,2.30452157640357,0.121299812356937,7.49132165416682,114.469642203849,932.20547907623,0.122794431885643,,,,,,,,,,,,,,,TRUE,76,"Stress: pooled residual variance",2.22383783432532
0.609855689434913,0.0547610728956054,0.502525958804754,0.717185420065072,0,"Oracle: true predictors",,,,,,,,,,,,,,,,,,,,,,,,,,,,,,,,,,,,,,,,,,,,,,,,,,TRUE,76,"Factors: fixed measurement parameters",
0.476122279932434,0.0497594924352004,0.378595466870448,0.57364909299442,0,"Likelihood-only / naive OLS",,,,,,,,,,,,,,,,,,,,,,,,,,,,,,,,,,,,,,,,,,,,,,,,,,FALSE,76,"Factors: fixed measurement parameters",
0.60457990538675,0.06756417191401,0.472156561790017,0.737003248983482,0,"Conditional posterior mean / naive OLS",,,,,,,,,,,,,,,,,,,,,,,,,,,,,,,,,,,,,,,,,,,,,,,,,,TRUE,76,"Factors: fixed measurement parameters",
0.615663713257585,0.072219807175319,0.474115492223532,0.757211934291637,0,"REPAIR / stabilized","stabilized",0.615663713257585,0.072219807175319,"ok","ok",2.41693771856253,2.41864393570622,,0.683368924826199,0.840719352301578,0.851073453368405,0.986666666666667,0.986666666666667,,1,1,"modified","modified","supplied",0,4,4,4,4,,,FALSE,2.52488385541354,0.395220326700496,1.31962240266601,0.299495011529086,2.52310642650449,140.644745094196,469.306123177753,0.299686575879014,,,,,,,,,,,,,,,TRUE,76,"Factors: fixed measurement parameters",
0.61566710121652,0.0727015495854825,0.473174682408721,0.758159520024318,0,"REPAIR / fuller_equations","fuller_equations",0.61566710121652,0.0727015495854825,"ok","ok",2.41693771856253,2.4186610071457,,0.683373804230177,0.84213611064575,0.852612410153224,0.986666666666667,0.986666666666667,,1,1,"fuller","fuller","supplied",0,4,4,4,4,,,FALSE,2.53652236609861,0.391697474049788,1.31962240266601,0.296825420103849,2.52308864756143,140.404302767955,468.500813063542,0.29968849328104,,,,,,,,,,,,,,,TRUE,76,"Factors: fixed measurement parameters",
0.383914593246319,0.0899830643570234,0.207551027888004,0.560278158604635,0,"Oracle: true predictors",,,,,,,,,,,,,,,,,,,,,,,,,,,,,,,,,,,,,,,,,,,,,,,,,,FALSE,77,"Stress: pooled residual variance",2.18264444357403
0.259034296098122,0.0664561364019943,0.128782662198532,0.389285929997712,0,"Likelihood-only / naive OLS",,,,,,,,,,,,,,,,,,,,,,,,,,,,,,,,,,,,,,,,,,,,,,,,,,FALSE,77,"Stress: pooled residual variance",2.18264444357403
0.376046599977057,0.111288273563016,0.157925591891904,0.594167608062209,0,"Conditional posterior mean / naive OLS",,,,,,,,,,,,,,,,,,,,,,,,,,,,,,,,,,,,,,,,,,,,,,,,,,FALSE,77,"Stress: pooled residual variance",2.18264444357403
0.373699500348708,0.110628568939923,0.156871489565252,0.590527511132165,0,"REPAIR / stabilized","stabilized",0.373699500348708,0.110628568939923,"ok","ok",2.41577168954692,2.4367767839107,,0.673089005120598,0.698800095087447,0.75404260650514,0.986666666666667,0.986666666666667,,1,1,"modified","modified","supplied",0,4,4,4,4,,,FALSE,5.90059927410622,0.291259405331524,1.90194895939217,0.153137340459759,5.97614881658212,119.703476713996,789.735375934148,0.151574160613488,,,,,,,,,,,,,,,FALSE,77,"Stress: pooled residual variance",2.18264444357403
0.373684929559977,0.111642882103453,0.154868901506958,0.592500957612996,0,"REPAIR / fuller_equations","fuller_equations",0.373684929559977,0.111642882103453,"ok","ok",2.41577168954692,2.43696598688878,,0.673090704975234,0.699040474496714,0.754809866523208,0.986666666666667,0.986666666666667,,1,1,"fuller","fuller","supplied",0,4,4,4,4,,,FALSE,5.94639252253646,0.288599861648072,1.90194895939217,0.151739014984032,5.97682086183697,119.616908693905,789.235908106942,0.151560398437543,,,,,,,,,,,,,,,FALSE,77,"Stress: pooled residual variance",2.18264444357403
0.613181421145762,0.0489136207897433,0.517312486044415,0.709050356247108,0,"Oracle: true predictors",,,,,,,,,,,,,,,,,,,,,,,,,,,,,,,,,,,,,,,,,,,,,,,,,,TRUE,77,"Factors: fixed measurement parameters",
0.48943128942359,0.0471289347907971,0.39706027460389,0.581802304243289,0,"Likelihood-only / naive OLS",,,,,,,,,,,,,,,,,,,,,,,,,,,,,,,,,,,,,,,,,,,,,,,,,,FALSE,77,"Factors: fixed measurement parameters",
0.6224252467046,0.063771912683595,0.497434594619521,0.74741589878968,0,"Conditional posterior mean / naive OLS",,,,,,,,,,,,,,,,,,,,,,,,,,,,,,,,,,,,,,,,,,,,,,,,,,TRUE,77,"Factors: fixed measurement parameters",
0.643056827312359,0.0679032376260095,0.509968927131715,0.776144727493003,0,"REPAIR / stabilized","stabilized",0.643056827312359,0.0679032376260095,"ok","ok",2.70217617720623,2.70357152894134,,0.596573416085124,0.75433789581166,0.76256270124152,0.986666666666667,0.986666666666667,,1,1,"modified","modified","supplied",0,4,4,4,4,,,FALSE,1.99839349646683,0.54447884604889,1.41599603759324,0.38452003508028,1.99789722087328,215.881396595843,561.342265248485,0.384580691604043,,,,,,,,,,,,,,,TRUE,77,"Factors: fixed measurement parameters",
0.643055585232672,0.0683300923168926,0.509131065231266,0.776980105234079,0,"REPAIR / fuller_equations","fuller_equations",0.643055585232672,0.0683300923168926,"ok","ok",2.70217617720623,2.70357910404984,,0.596577877795215,0.755647159136771,0.763931455460797,0.986666666666667,0.986666666666667,,1,1,"fuller","fuller","supplied",0,4,4,4,4,,,FALSE,2.00287702315435,0.54104878329438,1.41599603759324,0.382097667599407,1.99789451901316,215.503788018548,560.359913206005,0.384581021839301,,,,,,,,,,,,,,,TRUE,77,"Factors: fixed measurement parameters",
0.590074849470497,0.0795497180561795,0.43416026710007,0.745989431840925,0,"Oracle: true predictors",,,,,,,,,,,,,,,,,,,,,,,,,,,,,,,,,,,,,,,,,,,,,,,,,,TRUE,78,"Stress: pooled residual variance",2.31812950365634
0.359541094650531,0.0661738147977485,0.22984280092732,0.489239388373741,0,"Likelihood-only / naive OLS",,,,,,,,,,,,,,,,,,,,,,,,,,,,,,,,,,,,,,,,,,,,,,,,,,FALSE,78,"Stress: pooled residual variance",2.31812950365634
0.523210707418884,0.11104652645226,0.305563514964181,0.740857899873587,0,"Conditional posterior mean / naive OLS",,,,,,,,,,,,,,,,,,,,,,,,,,,,,,,,,,,,,,,,,,,,,,,,,,TRUE,78,"Stress: pooled residual variance",2.31812950365634
0.535631025211642,0.109149200169736,0.321702523937607,0.749559526485678,0,"REPAIR / stabilized","stabilized",0.535631025211642,0.109149200169736,"ok","ok",2.38371120615864,2.42681082094279,,0.723183743059656,0.756548454598985,0.831870676577924,0.986666666666667,0.986666666666667,,1,1,"modified","modified","supplied",0,4,4,4,4,,,FALSE,5.698340156733,0.322584688888578,2.03339433361824,0.158643448324442,5.71852473968129,122.327016736144,771.626474765435,0.158531388873521,,,,,,,,,,,,,,,TRUE,78,"Stress: pooled residual variance",2.31812950365634
0.535502939584169,0.110126912419575,0.319658157513206,0.751347721655132,0,"REPAIR / fuller_equations","fuller_equations",0.535502939584169,0.110126912419575,"ok","ok",2.38371120615864,2.42734236794129,,0.723186912631745,0.756987159023577,0.833307102219823,0.986666666666667,0.986666666666667,,1,1,"fuller","fuller","supplied",0,4,4,4,4,,,FALSE,5.74031651005832,0.319766380241205,2.03339433361824,0.157257436471857,5.71877235179251,122.191792233499,770.780690491468,0.158529908365487,,,,,,,,,,,,,,,TRUE,78,"Stress: pooled residual variance",2.31812950365634
0.650716367049987,0.0458900872292525,0.560773448833251,0.740659285266724,0,"Oracle: true predictors",,,,,,,,,,,,,,,,,,,,,,,,,,,,,,,,,,,,,,,,,,,,,,,,,,TRUE,78,"Factors: fixed measurement parameters",
0.503095087361711,0.0447306113926816,0.415424700025598,0.590765474697824,0,"Likelihood-only / naive OLS",,,,,,,,,,,,,,,,,,,,,,,,,,,,,,,,,,,,,,,,,,,,,,,,,,FALSE,78,"Factors: fixed measurement parameters",
0.646936563303763,0.0609067881226289,0.527561452169398,0.766311674438127,0,"Conditional posterior mean / naive OLS",,,,,,,,,,,,,,,,,,,,,,,,,,,,,,,,,,,,,,,,,,,,,,,,,,TRUE,78,"Factors: fixed measurement parameters",
0.634712835646706,0.0624028234855806,0.512405549081357,0.757020122212054,0,"REPAIR / stabilized","stabilized",0.634712835646706,0.0624028234855806,"ok","ok",2.74564113291823,2.74681284915469,,0.622027858400626,0.761082120826475,0.765950883257141,0.986666666666667,0.986666666666667,,1,1,"modified","modified","supplied",0,4,4,4,4,,,FALSE,2.66775658540221,0.464692210882334,1.56282601977234,0.297340973981242,2.66681429992615,182.973969892588,615.121354604956,0.297459954077026,,,,,,,,,,,,,,,TRUE,78,"Factors: fixed measurement parameters",
0.634714379138781,0.0627628836057603,0.511701387705612,0.757727370571951,0,"REPAIR / fuller_equations","fuller_equations",0.634714379138781,0.0627628836057603,"ok","ok",2.74564113291823,2.74681896401997,,0.622031184380545,0.762061842780602,0.766962505676918,0.986666666666667,0.986666666666667,,1,1,"fuller","fuller","supplied",0,4,4,4,4,,,FALSE,2.67854851854376,0.461192515716487,1.56282601977234,0.295101636318847,2.66680937245111,182.737710308151,614.32581230838,0.297460576532669,,,,,,,,,,,,,,,TRUE,78,"Factors: fixed measurement parameters",
0.544503628598227,0.0892030510000569,0.369668861327026,0.719338395869428,0,"Oracle: true predictors",,,,,,,,,,,,,,,,,,,,,,,,,,,,,,,,,,,,,,,,,,,,,,,,,,TRUE,79,"Stress: pooled residual variance",2.24940906667433
0.320495315666092,0.067283158360821,0.188622748512778,0.452367882819406,0,"Likelihood-only / naive OLS",,,,,,,,,,,,,,,,,,,,,,,,,,,,,,,,,,,,,,,,,,,,,,,,,,FALSE,79,"Stress: pooled residual variance",2.24940906667433
0.504890031875572,0.113079635056311,0.28325801978027,0.726522043970875,0,"Conditional posterior mean / naive OLS",,,,,,,,,,,,,,,,,,,,,,,,,,,,,,,,,,,,,,,,,,,,,,,,,,TRUE,79,"Stress: pooled residual variance",2.24940906667433
0.472932230308655,0.106834292460544,0.263540864772169,0.68232359584514,0,"REPAIR / stabilized","stabilized",0.472932230308655,0.106834292460544,"ok","ok",2.58355244533904,2.60548326726343,,0.767221037373342,0.795392845730769,0.857950073484982,0.986666666666667,0.986666666666667,,1,1,"modified","modified","supplied",0,4,4,4,4,,,FALSE,5.37784345229538,0.349271558982646,2.06768839818709,0.16891885609499,5.41466051490877,126.115135860899,750.370508707427,0.168070485709976,,,,,,,,,,,,,,,TRUE,79,"Stress: pooled residual variance",2.24940906667433
0.472946694918236,0.1076965753605,0.261865285953353,0.684028103883119,0,"REPAIR / fuller_equations","fuller_equations",0.472946694918236,0.1076965753605,"ok","ok",2.58355244533904,2.60571729772188,,0.767223288551711,0.795706755132826,0.85896957489484,0.986666666666667,0.986666666666667,,1,1,"fuller","fuller","supplied",0,4,4,4,4,,,FALSE,5.41291141568094,0.346536158243478,2.06768839818709,0.167595929129029,5.41504841311364,126.008756256627,749.777237159398,0.168061592179062,,,,,,,,,,,,,,,TRUE,79,"Stress: pooled residual variance",2.24940906667433
0.564906219934707,0.0516262354023761,0.463720657888663,0.66609178198075,0,"Oracle: true predictors",,,,,,,,,,,,,,,,,,,,,,,,,,,,,,,,,,,,,,,,,,,,,,,,,,TRUE,79,"Factors: fixed measurement parameters",
0.423304751835732,0.0470928239057105,0.331004513050252,0.515604990621211,0,"Likelihood-only / naive OLS",,,,,,,,,,,,,,,,,,,,,,,,,,,,,,,,,,,,,,,,,,,,,,,,,,FALSE,79,"Factors: fixed measurement parameters",
0.534006843665887,0.0637083124336554,0.409140845780098,0.658872841551677,0,"Conditional posterior mean / naive OLS",,,,,,,,,,,,,,,,,,,,,,,,,,,,,,,,,,,,,,,,,,,,,,,,,,TRUE,79,"Factors: fixed measurement parameters",
0.557973985182895,0.0681841850744828,0.424335438121695,0.691612532244094,0,"REPAIR / stabilized","stabilized",0.557973985182895,0.0681841850744828,"ok","ok",2.84604393527412,2.84610907353133,,0.603011417711736,0.725051968299092,0.731960505680099,0.986666666666667,0.986666666666667,,1,1,"modified","modified","supplied",0,4,4,4,4,,,FALSE,2.19900273421087,0.52693986041793,1.48767230339685,0.354204255342222,2.20083059697397,217.415729462091,614.247961957448,0.353954335915489,,,,,,,,,,,,,,,TRUE,79,"Factors: fixed measurement parameters",
0.557973479497291,0.068618379844354,0.423483926324868,0.692463032669714,0,"REPAIR / fuller_equations","fuller_equations",0.557973479497291,0.068618379844354,"ok","ok",2.84604393527412,2.84610938292818,,0.603014798000964,0.726044445630636,0.732995976742281,0.986666666666667,0.986666666666667,,1,1,"fuller","fuller","supplied",0,4,4,4,4,,,FALSE,2.2048544601707,0.5235255466034,1.48767230339685,0.351909184171821,2.20083939896033,217.115591604842,613.402089662062,0.353953133293785,,,,,,,,,,,,,,,TRUE,79,"Factors: fixed measurement parameters",
0.623657782135128,0.0807561615702633,0.465378613927714,0.781936950342541,0,"Oracle: true predictors",,,,,,,,,,,,,,,,,,,,,,,,,,,,,,,,,,,,,,,,,,,,,,,,,,TRUE,80,"Stress: pooled residual variance",2.26971823730584
0.444275334094235,0.0705203469406992,0.306057993913196,0.582492674275275,0,"Likelihood-only / naive OLS",,,,,,,,,,,,,,,,,,,,,,,,,,,,,,,,,,,,,,,,,,,,,,,,,,FALSE,80,"Stress: pooled residual variance",2.26971823730584
0.701102789679332,0.116401005200157,0.472961011722764,0.9292445676359,0,"Conditional posterior mean / naive OLS",,,,,,,,,,,,,,,,,,,,,,,,,,,,,,,,,,,,,,,,,,,,,,,,,,TRUE,80,"Stress: pooled residual variance",2.26971823730584
0.777995084948091,0.142037669987968,0.499606367323687,1.0563838025725,0,"REPAIR / stabilized","stabilized",0.777995084948091,0.142037669987968,"ok","ok",1.87619051983084,1.93730387849472,,0.591977801763102,0.659173298303024,0.810834100877648,0.986666666666667,0.986666666666667,,1,1,"modified","modified","supplied",0,4,4,4,4,,,FALSE,9.02703661637215,0.229486353975239,2.26181146213047,0.10146131002408,8.97511382052896,95.6591286218512,932.908516038277,0.102538595132651,,,,,,,,,,,,,,,TRUE,80,"Stress: pooled residual variance",2.26971823730584
0.77792287465397,0.144009164591954,0.49567009861004,1.0601756506979,0,"REPAIR / fuller_equations","fuller_equations",0.77792287465397,0.144009164591954,"ok","ok",1.87619051983084,1.93832214747731,,0.591987278494642,0.66047747439346,0.815113291613301,0.986666666666667,0.986666666666667,,1,1,"fuller","fuller","supplied",0,4,4,4,4,,,FALSE,9.12604218828019,0.226715097238221,2.26181146213047,0.100236072296084,8.97432457808266,95.3450072386107,929.693258043305,0.102555338993509,,,,,,,,,,,,,,,TRUE,80,"Stress: pooled residual variance",2.26971823730584
0.648438554590988,0.0463396467755125,0.557614515854676,0.7392625933273,0,"Oracle: true predictors",,,,,,,,,,,,,,,,,,,,,,,,,,,,,,,,,,,,,,,,,,,,,,,,,,TRUE,80,"Factors: fixed measurement parameters",
0.507348890554927,0.0419919791918659,0.425046123699315,0.58965165741054,0,"Likelihood-only / naive OLS",,,,,,,,,,,,,,,,,,,,,,,,,,,,,,,,,,,,,,,,,,,,,,,,,,FALSE,80,"Factors: fixed measurement parameters",
0.654966045390862,0.0570512377586015,0.543147674110571,0.766784416671152,0,"Conditional posterior mean / naive OLS",,,,,,,,,,,,,,,,,,,,,,,,,,,,,,,,,,,,,,,,,,,,,,,,,,TRUE,80,"Factors: fixed measurement parameters",
0.639347077846658,0.0577140431271635,0.526229631915226,0.75246452377809,0,"REPAIR / stabilized","stabilized",0.639347077846658,0.0577140431271635,"ok","ok",2.58966051750107,2.58986873369914,,0.560300067902201,0.696975726306717,0.700933201097693,0.986666666666667,0.986666666666667,,1,1,"modified","modified","supplied",0,4,4,4,4,,,FALSE,2.6505452872358,0.441150402241144,1.48730509261718,0.296610563919242,2.65044184959563,189.587708443715,639.177747863876,0.296611872170636,,,,,,,,,,,,,,,TRUE,80,"Factors: fixed measurement parameters",
0.639347280600235,0.0580295746732046,0.525611404202576,0.753083156997893,0,"REPAIR / fuller_equations","fuller_equations",0.639347280600235,0.0580295746732046,"ok","ok",2.58966051750107,2.58987029691528,,0.560303460476406,0.69797413947426,0.70196719414797,0.986666666666667,0.986666666666667,,1,1,"fuller","fuller","supplied",0,4,4,4,4,,,FALSE,2.66241178873096,0.437575221770036,1.48730509261718,0.294206766279568,2.65044107298099,189.31428719223,638.255911947803,0.296611881924428,,,,,,,,,,,,,,,TRUE,80,"Factors: fixed measurement parameters",
0.515159309067634,0.0759863529316653,0.36622879400502,0.664089824130247,0,"Oracle: true predictors",,,,,,,,,,,,,,,,,,,,,,,,,,,,,,,,,,,,,,,,,,,,,,,,,,TRUE,81,"Stress: pooled residual variance",2.22450390722429
0.329124725416072,0.0620158980733691,0.207575798723361,0.450673652108782,0,"Likelihood-only / naive OLS",,,,,,,,,,,,,,,,,,,,,,,,,,,,,,,,,,,,,,,,,,,,,,,,,,FALSE,81,"Stress: pooled residual variance",2.22450390722429
0.500941996206687,0.100581561236047,0.303805758675224,0.69807823373815,0,"Conditional posterior mean / naive OLS",,,,,,,,,,,,,,,,,,,,,,,,,,,,,,,,,,,,,,,,,,,,,,,,,,TRUE,81,"Stress: pooled residual variance",2.22450390722429
0.479347305696981,0.101830968329597,0.279762275260133,0.67893233613383,0,"REPAIR / stabilized","stabilized",0.479347305696981,0.101830968329597,"ok","ok",2.37809791401354,2.42411848882997,,0.612629645025161,0.64256347749549,0.708786141086792,0.986666666666667,0.986666666666667,,1,1,"modified","modified","supplied",0,4,4,4,4,,,FALSE,6.75086162099252,0.29852156129929,2.20277724060827,0.135520540069161,6.69143498171887,133.783966288461,976.583447842923,0.13699184292337,,,,,,,,,,,,,,,TRUE,81,"Stress: pooled residual variance",2.22450390722429
0.479345187687351,0.102738435712912,0.27798155386206,0.680708821512643,0,"REPAIR / fuller_equations","fuller_equations",0.479345187687351,0.102738435712912,"ok","ok",2.37809791401354,2.42457574114354,,0.612631898497731,0.64287734695034,0.70980702370758,0.986666666666667,0.986666666666667,,1,1,"fuller","fuller","supplied",0,4,4,4,4,,,FALSE,6.80395760071212,0.295819685438038,2.20277724060827,0.134293963086504,6.69086388286696,133.667120327843,975.628700413639,0.137006137961268,,,,,,,,,,,,,,,TRUE,81,"Stress: pooled residual variance",2.22450390722429
0.588775959375966,0.0534097150576765,0.484094841438374,0.693457077313559,0,"Oracle: true predictors",,,,,,,,,,,,,,,,,,,,,,,,,,,,,,,,,,,,,,,,,,,,,,,,,,TRUE,81,"Factors: fixed measurement parameters",
0.401868681785084,0.0475062180831553,0.308758205300394,0.494979158269774,0,"Likelihood-only / naive OLS",,,,,,,,,,,,,,,,,,,,,,,,,,,,,,,,,,,,,,,,,,,,,,,,,,FALSE,81,"Factors: fixed measurement parameters",
0.514259408716353,0.0650669388726692,0.386730551941652,0.641788265491054,0,"Conditional posterior mean / naive OLS",,,,,,,,,,,,,,,,,,,,,,,,,,,,,,,,,,,,,,,,,,,,,,,,,,TRUE,81,"Factors: fixed measurement parameters",
0.50827776672824,0.0685086523205155,0.374003275550654,0.642552257905827,0,"REPAIR / stabilized","stabilized",0.50827776672824,0.0685086523205155,"ok","ok",2.60280043833554,2.60275138858721,,0.701158346913662,0.79349196768749,0.797299310709318,0.986666666666667,0.986666666666667,,1,1,"modified","modified","supplied",0,4,4,4,4,,,FALSE,3.11908340962812,0.421780824462865,1.64156659360422,0.25693799210229,3.11979308474904,159.260044888615,619.954010772574,0.256890095267145,,,,,,,,,,,,,,,TRUE,81,"Factors: fixed measurement parameters",
0.508278533811284,0.0689573681004216,0.373124575865786,0.643432491756781,0,"REPAIR / fuller_equations","fuller_equations",0.508278533811284,0.0689573681004216,"ok","ok",2.60280043833554,2.60275119461223,,0.701160491576323,0.794124376112473,0.797949717410901,0.986666666666667,0.986666666666667,,1,1,"fuller","fuller","supplied",0,4,4,4,4,,,FALSE,3.1343378607624,0.418323703479059,1.64156659360422,0.254832003227227,3.11979586196352,159.13241601359,619.457639797934,0.256889907864401,,,,,,,,,,,,,,,TRUE,81,"Factors: fixed measurement parameters",
0.520519276888347,0.0783947410526206,0.366868407847867,0.674170145928827,0,"Oracle: true predictors",,,,,,,,,,,,,,,,,,,,,,,,,,,,,,,,,,,,,,,,,,,,,,,,,,TRUE,82,"Stress: pooled residual variance",2.2346100750825
0.326276049217028,0.060898975364274,0.206916250807659,0.445635847626397,0,"Likelihood-only / naive OLS",,,,,,,,,,,,,,,,,,,,,,,,,,,,,,,,,,,,,,,,,,,,,,,,,,FALSE,82,"Stress: pooled residual variance",2.2346100750825
0.493137631112516,0.0997582253225809,0.297615102318626,0.688660159906406,0,"Conditional posterior mean / naive OLS",,,,,,,,,,,,,,,,,,,,,,,,,,,,,,,,,,,,,,,,,,,,,,,,,,TRUE,82,"Stress: pooled residual variance",2.2346100750825
0.488720025141984,0.0986119367719859,0.295444180623151,0.681995869660817,0,"REPAIR / stabilized","stabilized",0.488720025141984,0.0986119367719859,"ok","ok",2.4772764355964,2.53131591451899,,0.565363309873289,0.60729942912882,0.697742128062856,0.986666666666667,0.986666666666667,,1,1,"modified","modified","supplied",0,4,4,4,4,,,FALSE,5.69619733832482,0.345853410471335,2.15733749736845,0.160314930275495,5.73515300350493,159.107267899382,996.00714620558,0.159745106755028,,,,,,,,,,,,,,,TRUE,82,"Stress: pooled residual variance",2.2346100750825
0.488740405385912,0.0994459692351781,0.293829887277285,0.683650923494539,0,"REPAIR / fuller_equations","fuller_equations",0.488740405385912,0.0994459692351781,"ok","ok",2.4772764355964,2.53182213951906,,0.565366358114225,0.607729785886917,0.699117912327416,0.986666666666667,0.986666666666667,,1,1,"fuller","fuller","supplied",0,4,4,4,4,,,FALSE,5.73411740712018,0.343124975959794,2.15733749736845,0.159050207201396,5.73550869786418,158.895250015024,994.71230505921,0.159739905907332,,,,,,,,,,,,,,,TRUE,82,"Stress: pooled residual variance",2.2346100750825
0.648836973884439,0.0497727844430218,0.551284108965841,0.746389838803037,0,"Oracle: true predictors",,,,,,,,,,,,,,,,,,,,,,,,,,,,,,,,,,,,,,,,,,,,,,,,,,TRUE,82,"Factors: fixed measurement parameters",
0.504236860840126,0.0489026131704552,0.40838950027614,0.600084221404112,0,"Likelihood-only / naive OLS",,,,,,,,,,,,,,,,,,,,,,,,,,,,,,,,,,,,,,,,,,,,,,,,,,TRUE,82,"Factors: fixed measurement parameters",
0.650372541153841,0.0663171815994055,0.520393253662804,0.780351828644878,0,"Conditional posterior mean / naive OLS",,,,,,,,,,,,,,,,,,,,,,,,,,,,,,,,,,,,,,,,,,,,,,,,,,TRUE,82,"Factors: fixed measurement parameters",
0.670286446246116,0.0717577740459808,0.52964379350523,0.810929098987001,0,"REPAIR / stabilized","stabilized",0.670286446246116,0.0717577740459808,"ok","ok",2.62433698408826,2.6251029990907,,0.648736243512696,0.795494562574419,0.799078984519802,0.986666666666667,0.986666666666667,,1,1,"modified","modified","supplied",0,4,4,4,4,,,FALSE,2.37304898875592,0.457256308931209,1.41193881674407,0.32384994555617,2.37227736320732,172.329740453037,531.92852658474,0.323971608666082,,,,,,,,,,,,,,,TRUE,82,"Factors: fixed measurement parameters",
0.670286176346946,0.07224085143032,0.52869670933101,0.811875643362882,0,"REPAIR / fuller_equations","fuller_equations",0.670286176346946,0.07224085143032,"ok","ok",2.62433698408826,2.62510493907715,,0.648740500704319,0.796753973466936,0.800353197310971,0.986666666666667,0.986666666666667,,1,1,"fuller","fuller","supplied",0,4,4,4,4,,,FALSE,2.38134346893785,0.453810467153829,1.41193881674407,0.321409441947574,2.37227540904794,172.057058387934,531.086336236997,0.323971916895926,,,,,,,,,,,,,,,TRUE,82,"Factors: fixed measurement parameters",
0.70329534534425,0.0869072428964645,0.532960279271505,0.873630411416995,0,"Oracle: true predictors",,,,,,,,,,,,,,,,,,,,,,,,,,,,,,,,,,,,,,,,,,,,,,,,,,TRUE,83,"Stress: pooled residual variance",2.20827092633652
0.438010978148305,0.0693765660729692,0.302035407274222,0.573986549022388,0,"Likelihood-only / naive OLS",,,,,,,,,,,,,,,,,,,,,,,,,,,,,,,,,,,,,,,,,,,,,,,,,,FALSE,83,"Stress: pooled residual variance",2.20827092633652
0.706871078617508,0.11282085379961,0.485746268465213,0.927995888769803,0,"Conditional posterior mean / naive OLS",,,,,,,,,,,,,,,,,,,,,,,,,,,,,,,,,,,,,,,,,,,,,,,,,,TRUE,83,"Stress: pooled residual variance",2.20827092633652
0.707475767951381,0.136017509074525,0.440886348898462,0.9740651870043,0,"REPAIR / stabilized","stabilized",0.707475767951381,0.136017509074525,"ok","ok",1.89019256241589,1.94837816212802,,0.637596904756297,0.68851049783291,0.803860283261088,0.986666666666667,0.986666666666667,,1,1,"modified","modified","supplied",0,4,4,4,4,,,FALSE,9.75753543565971,0.208582053541975,2.22148726950245,0.0938929771984205,9.54956404430237,85.9204397672703,892.872205898363,0.0962292690932421,,,,,,,,,,,,,,,TRUE,83,"Stress: pooled residual variance",2.20827092633652
0.70755217509664,0.137855620847276,0.43736012316957,0.977744227023709,0,"REPAIR / fuller_equations","fuller_equations",0.70755217509664,0.137855620847276,"ok","ok",1.89019256241589,1.94922654488292,,0.637602924605837,0.689336014869712,0.806582357145633,0.986666666666667,0.986666666666667,,1,1,"fuller","fuller","supplied",0,4,4,4,4,,,FALSE,9.87234949437575,0.205901402021577,2.22148726950245,0.0926862849264464,9.54669956076916,85.7530388923017,890.827194450849,0.0962622598709104,,,,,,,,,,,,,,,TRUE,83,"Stress: pooled residual variance",2.20827092633652
0.499708892492885,0.0541407109419682,0.393595048949233,0.605822736036536,0,"Oracle: true predictors",,,,,,,,,,,,,,,,,,,,,,,,,,,,,,,,,,,,,,,,,,,,,,,,,,TRUE,83,"Factors: fixed measurement parameters",
0.392834877773335,0.0502330516129863,0.29437990577834,0.49128984976833,0,"Likelihood-only / naive OLS",,,,,,,,,,,,,,,,,,,,,,,,,,,,,,,,,,,,,,,,,,,,,,,,,,FALSE,83,"Factors: fixed measurement parameters",
0.496948864314099,0.0678864084119965,0.363893948786809,0.630003779841389,0,"Conditional posterior mean / naive OLS",,,,,,,,,,,,,,,,,,,,,,,,,,,,,,,,,,,,,,,,,,,,,,,,,,TRUE,83,"Factors: fixed measurement parameters",
0.522277160781275,0.072806122009466,0.379579783788693,0.664974537773857,0,"REPAIR / stabilized","stabilized",0.522277160781275,0.072806122009466,"ok","ok",2.88310506242525,2.88397404689553,,0.695919538941904,0.80316256367974,0.809261768377183,0.986666666666667,0.986666666666667,,1,1,"modified","modified","supplied",0,4,4,4,4,,,FALSE,2.12811983719159,0.497721556768433,1.38768999195138,0.358669126141448,2.12813849371165,185.613240088527,517.458292291863,0.35870183714021,,,,,,,,,,,,,,,TRUE,83,"Factors: fixed measurement parameters",
0.522274382346412,0.0732708833498264,0.378666089865317,0.665882674827507,0,"REPAIR / fuller_equations","fuller_equations",0.522274382346412,0.0732708833498264,"ok","ok",2.88310506242525,2.88397946592572,,0.695922709574001,0.804092018254722,0.810236589877961,0.986666666666667,0.986666666666667,,1,1,"fuller","fuller","supplied",0,4,4,4,4,,,FALSE,2.13387216441405,0.494300253060389,1.38768999195138,0.356203659266362,2.12813861200069,185.396839060309,516.854709276505,0.358702040888489,,,,,,,,,,,,,,,TRUE,83,"Factors: fixed measurement parameters",
0.711803625373199,0.0735820699976587,0.567585418269882,0.856021832476515,0,"Oracle: true predictors",,,,,,,,,,,,,,,,,,,,,,,,,,,,,,,,,,,,,,,,,,,,,,,,,,TRUE,84,"Stress: pooled residual variance",2.25677030067765
0.484046720392777,0.0605910657930244,0.365290413653553,0.602803027132002,0,"Likelihood-only / naive OLS",,,,,,,,,,,,,,,,,,,,,,,,,,,,,,,,,,,,,,,,,,,,,,,,,,TRUE,84,"Stress: pooled residual variance",2.25677030067765
0.768534342953745,0.100011900695676,0.572514619564824,0.964554066342665,0,"Conditional posterior mean / naive OLS",,,,,,,,,,,,,,,,,,,,,,,,,,,,,,,,,,,,,,,,,,,,,,,,,,TRUE,84,"Stress: pooled residual variance",2.25677030067765
0.688569271623195,0.0959570517909968,0.500496906050197,0.876641637196193,0,"REPAIR / stabilized","stabilized",0.688569271623195,0.0959570517909968,"ok","ok",2.43927915595927,2.50535600485184,,0.625382787681771,0.678006799275526,0.796424283219037,0.986666666666667,0.986666666666667,,1,1,"modified","modified","supplied",0,4,4,4,4,,,FALSE,6.00678708067595,0.349186060142585,2.28816715200841,0.152605136314491,5.90475215323265,143.291264410486,920.997524118494,0.155582681449261,,,,,,,,,,,,,,,TRUE,84,"Stress: pooled residual variance",2.25677030067765
0.688597803796408,0.0967270162178266,0.499016335677446,0.87817927191537,0,"REPAIR / fuller_equations","fuller_equations",0.688597803796408,0.0967270162178266,"ok","ok",2.43927915595927,2.50595818037759,,0.625386657675411,0.678542426986107,0.79818099647283,0.986666666666667,0.986666666666667,,1,1,"fuller","fuller","supplied",0,4,4,4,4,,,FALSE,6.04676870629064,0.34645119100563,2.28816715200841,0.151409913695132,5.90386237186296,143.087509105595,919.53140620312,0.155609159339564,,,,,,,,,,,,,,,TRUE,84,"Stress: pooled residual variance",2.25677030067765
0.610323075568061,0.05246233450607,0.507498789391271,0.713147361744851,0,"Oracle: true predictors",,,,,,,,,,,,,,,,,,,,,,,,,,,,,,,,,,,,,,,,,,,,,,,,,,TRUE,84,"Factors: fixed measurement parameters",
0.416261864538508,0.0462393094987864,0.325634483250886,0.506889245826131,0,"Likelihood-only / naive OLS",,,,,,,,,,,,,,,,,,,,,,,,,,,,,,,,,,,,,,,,,,,,,,,,,,FALSE,84,"Factors: fixed measurement parameters",
0.521909256540219,0.0629860725302344,0.398458822853332,0.645359690227106,0,"Conditional posterior mean / naive OLS",,,,,,,,,,,,,,,,,,,,,,,,,,,,,,,,,,,,,,,,,,,,,,,,,,TRUE,84,"Factors: fixed measurement parameters",
0.513602889826233,0.0652612860168373,0.385693119648465,0.641512660004002,0,"REPAIR / stabilized","stabilized",0.513602889826233,0.0652612860168373,"ok","ok",2.51421177567628,2.51595829716418,,0.647646496286544,0.777480722673263,0.789066844229193,0.986666666666667,0.986666666666667,,1,1,"modified","modified","supplied",0,4,4,4,4,,,FALSE,2.74805524083505,0.423716874423912,1.48707100288362,0.284933855614339,2.74793895312216,162.975094933921,571.873228622375,0.284984655299432,,,,,,,,,,,,,,,TRUE,84,"Factors: fixed measurement parameters",
0.513599367910796,0.065663490741435,0.384901290958404,0.642297444863188,0,"REPAIR / fuller_equations","fuller_equations",0.513599367910796,0.065663490741435,"ok","ok",2.51421177567628,2.51597489497304,,0.647650143551211,0.778531073514761,0.790244318166149,0.986666666666667,0.986666666666667,,1,1,"fuller","fuller","supplied",0,4,4,4,4,,,FALSE,2.76063280040856,0.42020996584582,1.48707100288362,0.282575589888431,2.74793784883359,162.750293040836,571.083440752021,0.284985137769923,,,,,,,,,,,,,,,TRUE,84,"Factors: fixed measurement parameters",
0.62068582611037,0.0818797521764515,0.46020446078146,0.78116719143928,0,"Oracle: true predictors",,,,,,,,,,,,,,,,,,,,,,,,,,,,,,,,,,,,,,,,,,,,,,,,,,TRUE,85,"Stress: pooled residual variance",2.31384894402894
0.342765373408992,0.0650703073408358,0.215229914558001,0.470300832259982,0,"Likelihood-only / naive OLS",,,,,,,,,,,,,,,,,,,,,,,,,,,,,,,,,,,,,,,,,,,,,,,,,,FALSE,85,"Stress: pooled residual variance",2.31384894402894
0.545369761021772,0.108935289473363,0.331860517008535,0.75887900503501,0,"Conditional posterior mean / naive OLS",,,,,,,,,,,,,,,,,,,,,,,,,,,,,,,,,,,,,,,,,,,,,,,,,,TRUE,85,"Stress: pooled residual variance",2.31384894402894
0.508590664149652,0.103909719305705,0.304931356666805,0.7122499716325,0,"REPAIR / stabilized","stabilized",0.508590664149652,0.103909719305705,"ok","ok",2.53155437608368,2.56232712210528,,0.728782192080926,0.760496068292733,0.831300138520119,0.986666666666667,0.986666666666667,,1,1,"modified","modified","supplied",0,4,4,4,4,,,FALSE,5.31735090168845,0.351909063933115,2.06609978087018,0.170325299480406,5.33736388039774,132.318767276818,778.163153648971,0.1700398774426,,,,,,,,,,,,,,,TRUE,85,"Stress: pooled residual variance",2.31384894402894
0.508612467861372,0.104762021646445,0.303282678486735,0.713942257236008,0,"REPAIR / fuller_equations","fuller_equations",0.508612467861372,0.104762021646445,"ok","ok",2.53155437608368,2.56266360706106,,0.728784826294605,0.760862603289545,0.832493577125657,0.986666666666667,0.986666666666667,,1,1,"fuller","fuller","supplied",0,4,4,4,4,,,FALSE,5.35264985754399,0.34909648765407,2.06609978087018,0.168964002071111,5.33757926772274,132.188539457186,777.411352363172,0.170036801051799,,,,,,,,,,,,,,,TRUE,85,"Stress: pooled residual variance",2.31384894402894
0.62912053177678,0.050473262643666,0.530194754812964,0.728046308740596,0,"Oracle: true predictors",,,,,,,,,,,,,,,,,,,,,,,,,,,,,,,,,,,,,,,,,,,,,,,,,,TRUE,85,"Factors: fixed measurement parameters",
0.45824618398487,0.0487556959051448,0.362686775969599,0.553805592000141,0,"Likelihood-only / naive OLS",,,,,,,,,,,,,,,,,,,,,,,,,,,,,,,,,,,,,,,,,,,,,,,,,,FALSE,85,"Factors: fixed measurement parameters",
0.581894074517724,0.066503840491151,0.451548942321472,0.712239206713976,0,"Conditional posterior mean / naive OLS",,,,,,,,,,,,,,,,,,,,,,,,,,,,,,,,,,,,,,,,,,,,,,,,,,TRUE,85,"Factors: fixed measurement parameters",
0.580722658853438,0.07131234428484,0.440953032402031,0.720492285304846,0,"REPAIR / stabilized","stabilized",0.580722658853438,0.07131234428484,"ok","ok",2.44075505261856,2.44226601766541,,0.680684910697495,0.81594305021485,0.824078086603977,0.986666666666667,0.986666666666667,,1,1,"modified","modified","supplied",0,4,4,4,4,,,FALSE,2.94263566234809,0.386521386782137,1.46129033489417,0.264506907048098,2.94097516417417,141.866112058432,536.002755551622,0.264674221520433,,,,,,,,,,,,,,,TRUE,85,"Factors: fixed measurement parameters",
0.580720217924746,0.0718070273810716,0.439981030420964,0.721459405428528,0,"REPAIR / fuller_equations","fuller_equations",0.580720217924746,0.0718070273810716,"ok","ok",2.44075505261856,2.44227787806904,,0.680688504103079,0.816991014078682,0.825200902174433,0.986666666666667,0.986666666666667,,1,1,"fuller","fuller","supplied",0,4,4,4,4,,,FALSE,2.95802895230478,0.383032603060734,1.46129033489417,0.262119439179397,2.94096214349839,141.682205689848,535.305259880566,0.264675534332429,,,,,,,,,,,,,,,TRUE,85,"Factors: fixed measurement parameters",
0.569070078285485,0.0817873882784943,0.408769742870043,0.729370413700927,0,"Oracle: true predictors",,,,,,,,,,,,,,,,,,,,,,,,,,,,,,,,,,,,,,,,,,,,,,,,,,TRUE,86,"Stress: pooled residual variance",2.17849787522005
0.34015065594466,0.0654293448814747,0.211911496444919,0.4683898154444,0,"Likelihood-only / naive OLS",,,,,,,,,,,,,,,,,,,,,,,,,,,,,,,,,,,,,,,,,,,,,,,,,,FALSE,86,"Stress: pooled residual variance",2.17849787522005
0.531618893946226,0.108051847810268,0.319841163775097,0.743396624117354,0,"Conditional posterior mean / naive OLS",,,,,,,,,,,,,,,,,,,,,,,,,,,,,,,,,,,,,,,,,,,,,,,,,,TRUE,86,"Stress: pooled residual variance",2.17849787522005
0.527768679561153,0.110021969368182,0.312129582091347,0.743407777030959,0,"REPAIR / stabilized","stabilized",0.527768679561153,0.110021969368182,"ok","ok",2.35692592765042,2.38757278281464,,0.63504658716664,0.66622485869189,0.736126421995324,0.986666666666667,0.986666666666667,,1,1,"modified","modified","supplied",0,4,4,4,4,,,FALSE,6.61821525662786,0.308644639206288,2.22549864301745,0.138685611053804,6.62196168503798,131.437822005944,946.820896600312,0.138820153291809,,,,,,,,,,,,,,,TRUE,86,"Stress: pooled residual variance",2.17849787522005
0.527765795369471,0.111051332414123,0.310109183402604,0.745422407336338,0,"REPAIR / fuller_equations","fuller_equations",0.527765795369471,0.111051332414123,"ok","ok",2.35692592765042,2.38795804471881,,0.635049599451313,0.666642260993659,0.73749060635591,0.986666666666667,0.986666666666667,,1,1,"fuller","fuller","supplied",0,4,4,4,4,,,FALSE,6.66760472629906,0.305987935123365,2.22549864301745,0.137491854278774,6.62200888603156,131.267523803877,945.582944620292,0.138821797231748,,,,,,,,,,,,,,,TRUE,86,"Stress: pooled residual variance",2.17849787522005
0.5794484842947,0.0507511304469573,0.47997809644397,0.678918872145431,0,"Oracle: true predictors",,,,,,,,,,,,,,,,,,,,,,,,,,,,,,,,,,,,,,,,,,,,,,,,,,TRUE,86,"Factors: fixed measurement parameters",
0.486069086061884,0.0471892236932419,0.393579907164726,0.578558264959043,0,"Likelihood-only / naive OLS",,,,,,,,,,,,,,,,,,,,,,,,,,,,,,,,,,,,,,,,,,,,,,,,,,FALSE,86,"Factors: fixed measurement parameters",
0.620259086150721,0.0636765765244109,0.495455289504067,0.745062882797375,0,"Conditional posterior mean / naive OLS",,,,,,,,,,,,,,,,,,,,,,,,,,,,,,,,,,,,,,,,,,,,,,,,,,TRUE,86,"Factors: fixed measurement parameters",
0.647636186726223,0.0681608276634369,0.514043419349445,0.781228954103,0,"REPAIR / stabilized","stabilized",0.647636186726223,0.0681608276634369,"ok","ok",2.66356528583979,2.66479820265553,,0.595819101080377,0.747874661753732,0.754477153290412,0.986666666666667,0.986666666666667,,1,1,"modified","modified","supplied",0,4,4,4,4,,,FALSE,1.91493271387223,0.50934902406314,1.30146266624698,0.39136660410855,1.91756416746133,203.724691126325,521.153290438913,0.390911263276777,,,,,,,,,,,,,,,TRUE,86,"Factors: fixed measurement parameters",
0.647633986639091,0.0685923123017908,0.513195524911258,0.782072448366925,0,"REPAIR / fuller_equations","fuller_equations",0.647633986639091,0.0685923123017908,"ok","ok",2.66356528583979,2.66480671814514,,0.595823787694309,0.749250510528543,0.755911174368244,0.986666666666667,0.986666666666667,,1,1,"fuller","fuller","supplied",0,4,4,4,4,,,FALSE,1.91932835015613,0.505890083157351,1.30146266624698,0.388708870624913,1.917582374448,203.346502495356,520.190024290152,0.390908116265476,,,,,,,,,,,,,,,TRUE,86,"Factors: fixed measurement parameters",
0.469725033227829,0.0818062669861772,0.309387696225254,0.630062370230404,0,"Oracle: true predictors",,,,,,,,,,,,,,,,,,,,,,,,,,,,,,,,,,,,,,,,,,,,,,,,,,TRUE,87,"Stress: pooled residual variance",2.25603736598499
0.313548210687371,0.0638176410869494,0.188467932578646,0.438628488796095,0,"Likelihood-only / naive OLS",,,,,,,,,,,,,,,,,,,,,,,,,,,,,,,,,,,,,,,,,,,,,,,,,,FALSE,87,"Stress: pooled residual variance",2.25603736598499
0.473610687619297,0.107515890464748,0.262883414542638,0.684337960695956,0,"Conditional posterior mean / naive OLS",,,,,,,,,,,,,,,,,,,,,,,,,,,,,,,,,,,,,,,,,,,,,,,,,,TRUE,87,"Stress: pooled residual variance",2.25603736598499
0.502573725785971,0.114837042891591,0.277497257627372,0.72765019394457,0,"REPAIR / stabilized","stabilized",0.502573725785971,0.114837042891591,"ok","ok",2.17352408966223,2.20721698709461,,0.565827019511317,0.598493162916343,0.671054904193818,0.986666666666667,0.986666666666667,,1,1,"modified","modified","supplied",0,4,4,4,4,,,FALSE,7.05040681502278,0.272802426318904,2.11282091279204,0.129117628790602,7.04112196321196,128.846070568404,994.423128212209,0.129568658363815,,,,,,,,,,,,,,,TRUE,87,"Stress: pooled residual variance",2.25603736598499
0.50250500007724,0.116098564585063,0.27495599483372,0.730054005320761,0,"REPAIR / fuller_equations","fuller_equations",0.50250500007724,0.116098564585063,"ok","ok",2.17352408966223,2.20766553540765,,0.565830388579938,0.598960415351888,0.672578552300045,0.986666666666667,0.986666666666667,,1,1,"fuller","fuller","supplied",0,4,4,4,4,,,FALSE,7.11271536952463,0.27005277186829,2.11282091279204,0.127816214915926,7.04100883162204,128.64867016022,992.855545571482,0.129574408617691,,,,,,,,,,,,,,,TRUE,87,"Stress: pooled residual variance",2.25603736598499
0.570147929393263,0.0496579408690946,0.472820153743418,0.667475705043108,0,"Oracle: true predictors",,,,,,,,,,,,,,,,,,,,,,,,,,,,,,,,,,,,,,,,,,,,,,,,,,TRUE,87,"Factors: fixed measurement parameters",
0.480460665893811,0.0492072572720074,0.384016213862679,0.576905117924942,0,"Likelihood-only / naive OLS",,,,,,,,,,,,,,,,,,,,,,,,,,,,,,,,,,,,,,,,,,,,,,,,,,FALSE,87,"Factors: fixed measurement parameters",
0.604002395823428,0.0672957621522563,0.472105125692832,0.735899665954024,0,"Conditional posterior mean / naive OLS",,,,,,,,,,,,,,,,,,,,,,,,,,,,,,,,,,,,,,,,,,,,,,,,,,TRUE,87,"Factors: fixed measurement parameters",
0.599078708366058,0.0731301091051715,0.455746328334437,0.742411088397679,0,"REPAIR / stabilized","stabilized",0.599078708366058,0.0731301091051715,"ok","ok",2.56100415287922,2.5610894886039,,0.666911062429585,0.822876331497518,0.834149074134096,0.986666666666667,0.986666666666667,,1,1,"modified","modified","supplied",0,4,4,4,4,,,FALSE,3.18689054758678,0.408792907462383,1.62978262850884,0.250826644186534,3.18494652662995,148.490129978341,591.720405693398,0.250946441173234,,,,,,,,,,,,,,,TRUE,87,"Factors: fixed measurement parameters",
0.599076907637783,0.0736591469146046,0.454707632553213,0.743446182722353,0,"REPAIR / fuller_equations","fuller_equations",0.599076907637783,0.0736591469146046,"ok","ok",2.56100415287922,2.56108996367288,,0.666914705896966,0.823938818344968,0.835290021784646,0.986666666666667,0.986666666666667,,1,1,"fuller","fuller","supplied",0,4,4,4,4,,,FALSE,3.20305950706123,0.40535050386892,1.62978262850884,0.248714458467257,3.18493563090284,148.295606276501,590.943663660345,0.250947112890505,,,,,,,,,,,,,,,TRUE,87,"Factors: fixed measurement parameters",
0.55181164198807,0.0872013483953221,0.380900139729909,0.722723144246231,0,"Oracle: true predictors",,,,,,,,,,,,,,,,,,,,,,,,,,,,,,,,,,,,,,,,,,,,,,,,,,TRUE,88,"Stress: pooled residual variance",2.25368449671243
0.48537191803569,0.0786044106436227,0.331310104148193,0.639433731923188,0,"Likelihood-only / naive OLS",,,,,,,,,,,,,,,,,,,,,,,,,,,,,,,,,,,,,,,,,,,,,,,,,,TRUE,88,"Stress: pooled residual variance",2.25368449671243
0.662393074997899,0.129385101036415,0.408802936830449,0.915983213165348,0,"Conditional posterior mean / naive OLS",,,,,,,,,,,,,,,,,,,,,,,,,,,,,,,,,,,,,,,,,,,,,,,,,,TRUE,88,"Stress: pooled residual variance",2.25368449671243
0.823323942087574,0.166989718441011,0.496030108154708,1.15061777602044,0,"REPAIR / stabilized","stabilized",0.823323942087574,0.166989718441011,"ok","ok",1.7730074178599,1.86652350788257,,0.683494529864411,0.770105110373754,0.965550137224426,0.986666666666667,0.986666666666667,,1,1,"modified","modified","supplied",0,4,4,4,4,,,FALSE,8.49751180153628,0.195173432149874,1.84772215952009,0.105629210075917,8.36149462475919,69.6033069390908,644.489140444743,0.107997641187654,,,,,,,,,,,,,,,TRUE,88,"Stress: pooled residual variance",2.25368449671243
0.822203628245018,0.169562263439985,0.489867698765554,1.15453955772448,0,"REPAIR / fuller_equations","fuller_equations",0.822203628245018,0.169562263439985,"ok","ok",1.7730074178599,1.86821004043571,,0.683508089463909,0.771967815597593,0.97166491888166,0.986666666666667,0.986666666666667,,1,1,"fuller","fuller","supplied",0,4,4,4,4,,,FALSE,8.60553963712834,0.192426281402204,1.84772215952009,0.104142433109198,8.3592418097558,69.336879616298,641.782875708752,0.108037908521205,,,,,,,,,,,,,,,TRUE,88,"Stress: pooled residual variance",2.25368449671243
0.576452904558118,0.0479498535186458,0.482472918597601,0.670432890518635,0,"Oracle: true predictors",,,,,,,,,,,,,,,,,,,,,,,,,,,,,,,,,,,,,,,,,,,,,,,,,,TRUE,88,"Factors: fixed measurement parameters",
0.443479763399524,0.0449132924968172,0.355451327678649,0.531508199120399,0,"Likelihood-only / naive OLS",,,,,,,,,,,,,,,,,,,,,,,,,,,,,,,,,,,,,,,,,,,,,,,,,,FALSE,88,"Factors: fixed measurement parameters",
0.563587357500327,0.0611132701246476,0.44380754907855,0.683367165922104,0,"Conditional posterior mean / naive OLS",,,,,,,,,,,,,,,,,,,,,,,,,,,,,,,,,,,,,,,,,,,,,,,,,,TRUE,88,"Factors: fixed measurement parameters",
0.553567647514689,0.0620352394862177,0.431980812349385,0.675154482679992,0,"REPAIR / stabilized","stabilized",0.553567647514689,0.0620352394862177,"ok","ok",2.69032339235119,2.68983094681928,,0.64862804396782,0.766996064295264,0.77344077860602,0.986666666666667,0.986666666666667,,1,1,"modified","modified","supplied",0,4,4,4,4,,,FALSE,2.64274567808622,0.46201434632982,1.5434359176279,0.299341450495649,2.64444240650923,180.248806319497,602.502321158882,0.299166990714322,,,,,,,,,,,,,,,TRUE,88,"Factors: fixed measurement parameters",
0.553569752251992,0.0623824958535137,0.431302307113386,0.675837197390598,0,"REPAIR / fuller_equations","fuller_equations",0.553569752251992,0.0623824958535137,"ok","ok",2.69032339235119,2.68982711302181,,0.648630976122232,0.767852228514329,0.774354661489285,0.986666666666667,0.986666666666667,,1,1,"fuller","fuller","supplied",0,4,4,4,4,,,FALSE,2.65349176722656,0.458504356609506,1.5434359176279,0.297067310260719,2.64445561630679,180.044244999917,601.821282236234,0.299165633243998,,,,,,,,,,,,,,,TRUE,88,"Factors: fixed measurement parameters",
0.634707375277631,0.0837308771922354,0.470597871586904,0.798816878968359,0,"Oracle: true predictors",,,,,,,,,,,,,,,,,,,,,,,,,,,,,,,,,,,,,,,,,,,,,,,,,,TRUE,89,"Stress: pooled residual variance",2.21529626009652
0.397915748616626,0.0658927546566406,0.268768322647476,0.527063174585775,0,"Likelihood-only / naive OLS",,,,,,,,,,,,,,,,,,,,,,,,,,,,,,,,,,,,,,,,,,,,,,,,,,FALSE,89,"Stress: pooled residual variance",2.21529626009652
0.603189854766344,0.108601434701059,0.39033495408289,0.816044755449798,0,"Conditional posterior mean / naive OLS",,,,,,,,,,,,,,,,,,,,,,,,,,,,,,,,,,,,,,,,,,,,,,,,,,TRUE,89,"Stress: pooled residual variance",2.21529626009652
0.600382352665015,0.109263669493487,0.386229495639093,0.814535209690937,0,"REPAIR / stabilized","stabilized",0.600382352665015,0.109263669493487,"ok","ok",2.37917579685252,2.42664697839777,,0.646416454398384,0.695719357705027,0.804282076319943,0.986666666666667,0.986666666666667,,1,1,"modified","modified","supplied",0,4,4,4,4,,,FALSE,6.32200025374471,0.322965791395834,2.22788571897231,0.144965151778437,6.38984451144018,129.483048445468,899.467395517563,0.143955244059694,,,,,,,,,,,,,,,TRUE,89,"Stress: pooled residual variance",2.21529626009652
0.600370985152065,0.110245472207787,0.38429383016619,0.81644814013794,0,"REPAIR / fuller_equations","fuller_equations",0.600370985152065,0.110245472207787,"ok","ok",2.37917579685252,2.42714660497233,,0.64642054234855,0.69629056706843,0.806131267685688,0.986666666666667,0.986666666666667,,1,1,"fuller","fuller","supplied",0,4,4,4,4,,,FALSE,6.36742950846414,0.32026668768685,2.22788571897231,0.143753642729298,6.39053498286001,129.284441836035,898.151441871956,0.143945036225268,,,,,,,,,,,,,,,TRUE,89,"Stress: pooled residual variance",2.21529626009652
0.659133143945614,0.0494132829687406,0.562284888968996,0.755981398922232,0,"Oracle: true predictors",,,,,,,,,,,,,,,,,,,,,,,,,,,,,,,,,,,,,,,,,,,,,,,,,,TRUE,89,"Factors: fixed measurement parameters",
0.518017516516449,0.0456046149797943,0.428634113627236,0.607400919405661,0,"Likelihood-only / naive OLS",,,,,,,,,,,,,,,,,,,,,,,,,,,,,,,,,,,,,,,,,,,,,,,,,,TRUE,89,"Factors: fixed measurement parameters",
0.672866350525022,0.0621419646864715,0.551070337810978,0.794662363239066,0,"Conditional posterior mean / naive OLS",,,,,,,,,,,,,,,,,,,,,,,,,,,,,,,,,,,,,,,,,,,,,,,,,,TRUE,89,"Factors: fixed measurement parameters",
0.677043747039849,0.0659997273478668,0.547686658448567,0.806400835631132,0,"REPAIR / stabilized","stabilized",0.677043747039849,0.0659997273478668,"ok","ok",2.59580118529354,2.59552526531332,,0.599135323022683,0.74000275236904,0.74174166726887,0.986666666666667,0.986666666666667,,1,1,"modified","modified","supplied",0,4,4,4,4,,,FALSE,2.64062386886622,0.465839138939912,1.55642918421809,0.299299925536887,2.64089078506574,188.71833698862,630.595163414294,0.299270194155666,,,,,,,,,,,,,,,TRUE,89,"Factors: fixed measurement parameters",
0.677043701881251,0.0664286164515258,0.546846006093436,0.807241397669067,0,"REPAIR / fuller_equations","fuller_equations",0.677043701881251,0.0664286164515258,"ok","ok",2.59580118529354,2.59552609808404,,0.599139133091123,0.741133931047109,0.742870239215387,0.986666666666667,0.986666666666667,,1,1,"fuller","fuller","supplied",0,4,4,4,4,,,FALSE,2.65081422952463,0.46238622700342,1.55642918421809,0.297081442375877,2.64088997946752,188.43070529597,629.63386425299,0.29927028388082,,,,,,,,,,,,,,,TRUE,89,"Factors: fixed measurement parameters",
0.552825498738059,0.0823853294603752,0.391353220141257,0.714297777334861,0,"Oracle: true predictors",,,,,,,,,,,,,,,,,,,,,,,,,,,,,,,,,,,,,,,,,,,,,,,,,,TRUE,90,"Stress: pooled residual variance",2.28422430393437
0.423074478443218,0.0704780036022701,0.284940129680485,0.561208827205952,0,"Likelihood-only / naive OLS",,,,,,,,,,,,,,,,,,,,,,,,,,,,,,,,,,,,,,,,,,,,,,,,,,FALSE,90,"Stress: pooled residual variance",2.28422430393437
0.614010287409346,0.111859652346004,0.394769397488008,0.833251177330684,0,"Conditional posterior mean / naive OLS",,,,,,,,,,,,,,,,,,,,,,,,,,,,,,,,,,,,,,,,,,,,,,,,,,TRUE,90,"Stress: pooled residual variance",2.28422430393437
0.700989701911016,0.131789937435853,0.442686171011957,0.959293232810075,0,"REPAIR / stabilized","stabilized",0.700989701911016,0.131789937435853,"ok","ok",1.98422859177276,2.07645126568225,,0.635852948537748,0.694368485344714,0.826212576527368,0.986666666666667,0.986666666666667,,1,1,"modified","modified","supplied",0,4,4,4,4,,,FALSE,7.81014326063264,0.250211400008711,2.14558292223403,0.116616979663589,7.47774014271385,102.333018163204,837.985190958185,0.122117931518805,,,,,,,,,,,,,,,TRUE,90,"Stress: pooled residual variance",2.28422430393437
0.700679775893961,0.1333508998343,0.439316814912725,0.962042736875196,0,"REPAIR / fuller_equations","fuller_equations",0.700679775893961,0.1333508998343,"ok","ok",1.98422859177276,2.07789868654449,,0.6358604825875,0.695407593394896,0.829617585597032,0.986666666666667,0.986666666666667,,1,1,"fuller","fuller","supplied",0,4,4,4,4,,,FALSE,7.88775108063186,0.247421725343856,2.14558292223403,0.115316785373289,7.47290451090214,102.100763482842,835.509539039777,0.122201792693095,,,,,,,,,,,,,,,TRUE,90,"Stress: pooled residual variance",2.28422430393437
0.563369076403815,0.0486658603238814,0.467985742892351,0.65875240991528,0,"Oracle: true predictors",,,,,,,,,,,,,,,,,,,,,,,,,,,,,,,,,,,,,,,,,,,,,,,,,,TRUE,90,"Factors: fixed measurement parameters",
0.416488036316947,0.0470960193880118,0.324181534501244,0.50879453813265,0,"Likelihood-only / naive OLS",,,,,,,,,,,,,,,,,,,,,,,,,,,,,,,,,,,,,,,,,,,,,,,,,,FALSE,90,"Factors: fixed measurement parameters",
0.531156194051722,0.0638591308094677,0.405994597581134,0.656317790522311,0,"Conditional posterior mean / naive OLS",,,,,,,,,,,,,,,,,,,,,,,,,,,,,,,,,,,,,,,,,,,,,,,,,,TRUE,90,"Factors: fixed measurement parameters",
0.52919874658355,0.0650844737340125,0.401635522112142,0.656761971054957,0,"REPAIR / stabilized","stabilized",0.52919874658355,0.0650844737340125,"ok","ok",2.8949745348134,2.89654109910171,,0.700011585442182,0.807745310202266,0.813528461427856,0.986666666666667,0.986666666666667,,1,1,"modified","modified","supplied",0,4,4,4,4,,,FALSE,2.30770453359942,0.503130370008506,1.48568189761512,0.338652823875793,2.30582900082808,186.634941693896,550.68207491067,0.338915955679458,,,,,,,,,,,,,,,TRUE,90,"Factors: fixed measurement parameters",
0.529199475629536,0.0654416051935249,0.400936286359738,0.657462664899334,0,"REPAIR / fuller_equations","fuller_equations",0.529199475629536,0.0654416051935249,"ok","ok",2.8949745348134,2.89655227656813,,0.700014367211779,0.808559339939219,0.814389846431861,0.986666666666667,0.986666666666667,,1,1,"fuller","fuller","supplied",0,4,4,4,4,,,FALSE,2.31500837091038,0.499651146949405,1.48568189761512,0.336310988073199,2.30581562649369,186.445409105342,550.119795011936,0.338917833526236,,,,,,,,,,,,,,,TRUE,90,"Factors: fixed measurement parameters",
0.610141500782527,0.0849809357323119,0.443581927374683,0.776701074190372,0,"Oracle: true predictors",,,,,,,,,,,,,,,,,,,,,,,,,,,,,,,,,,,,,,,,,,,,,,,,,,TRUE,91,"Stress: pooled residual variance",2.22520847689782
0.501375609676209,0.0680763064858698,0.367948500763394,0.634802718589025,0,"Likelihood-only / naive OLS",,,,,,,,,,,,,,,,,,,,,,,,,,,,,,,,,,,,,,,,,,,,,,,,,,TRUE,91,"Stress: pooled residual variance",2.22520847689782
0.776998819154826,0.112886445441533,0.555745451746676,0.998252186562976,0,"Conditional posterior mean / naive OLS",,,,,,,,,,,,,,,,,,,,,,,,,,,,,,,,,,,,,,,,,,,,,,,,,,TRUE,91,"Stress: pooled residual variance",2.22520847689782
0.833013920174525,0.13497925051653,0.568459450501917,1.09756838984713,0,"REPAIR / stabilized","stabilized",0.833013920174525,0.13497925051653,"ok","ok",1.85239048134422,1.92828037690452,,0.590527955025057,0.661452539548967,0.823542685316146,0.986666666666667,0.986666666666667,,1,1,"modified","modified","supplied",0,4,4,4,4,,,FALSE,9.64939668632408,0.216713548814239,2.27861613313113,0.09510752849645,9.50856429197432,90.4342454644395,932.252866207595,0.0970061329307852,,,,,,,,,,,,,,,TRUE,91,"Stress: pooled residual variance",2.22520847689782
0.832642114786531,0.136821683475442,0.564476542870527,1.10080768670254,0,"REPAIR / fuller_equations","fuller_equations",0.832642114786531,0.136821683475442,"ok","ok",1.85239048134422,1.9296054215556,,0.590538753257377,0.66294115840888,0.828414223325343,0.986666666666667,0.986666666666667,,1,1,"fuller","fuller","supplied",0,4,4,4,4,,,FALSE,9.7594814348205,0.21400955748443,2.27861613313113,0.0939208471197613,9.50638836678898,90.1137672999887,928.659193474961,0.0970364240543304,,,,,,,,,,,,,,,TRUE,91,"Stress: pooled residual variance",2.22520847689782
0.591213474002649,0.0532331295673025,0.486878457266382,0.695548490738916,0,"Oracle: true predictors",,,,,,,,,,,,,,,,,,,,,,,,,,,,,,,,,,,,,,,,,,,,,,,,,,TRUE,91,"Factors: fixed measurement parameters",
0.452979200468242,0.0462903169769274,0.362251846360521,0.543706554575963,0,"Likelihood-only / naive OLS",,,,,,,,,,,,,,,,,,,,,,,,,,,,,,,,,,,,,,,,,,,,,,,,,,FALSE,91,"Factors: fixed measurement parameters",
0.579718044659957,0.0629566422051574,0.456325293350274,0.70311079596964,0,"Conditional posterior mean / naive OLS",,,,,,,,,,,,,,,,,,,,,,,,,,,,,,,,,,,,,,,,,,,,,,,,,,TRUE,91,"Factors: fixed measurement parameters",
0.576818801088333,0.064581994346456,0.45024041811951,0.703397184057156,0,"REPAIR / stabilized","stabilized",0.576818801088333,0.064581994346456,"ok","ok",2.91651450151133,2.9161967252084,,0.668303062454002,0.784319112421956,0.788588691655472,0.986666666666667,0.986666666666667,,1,1,"modified","modified","supplied",0,4,4,4,4,,,FALSE,2.49207712145797,0.509856499025757,1.59695988819211,0.319266941390092,2.49286778917015,194.727327594331,610.08441389719,0.319180957845525,,,,,,,,,,,,,,,TRUE,91,"Factors: fixed measurement parameters",
0.576819552900736,0.0649489827711574,0.449521885836755,0.704117219964717,0,"REPAIR / fuller_equations","fuller_equations",0.576819552900736,0.0649489827711574,"ok","ok",2.91651450151133,2.91619538505957,,0.668305873311983,0.785148130132202,0.789440236773546,0.986666666666667,0.986666666666667,,1,1,"fuller","fuller","supplied",0,4,4,4,4,,,FALSE,2.50036540416591,0.506404086318654,1.59695988819211,0.317105075752369,2.49287111066699,194.520499488201,609.437107014184,0.319180596733297,,,,,,,,,,,,,,,TRUE,91,"Factors: fixed measurement parameters",
0.715308953399455,0.0801215277813344,0.558273644561714,0.872344262237196,0,"Oracle: true predictors",,,,,,,,,,,,,,,,,,,,,,,,,,,,,,,,,,,,,,,,,,,,,,,,,,TRUE,92,"Stress: pooled residual variance",2.25241367208325
0.378843100665875,0.0699429015692063,0.241757532616,0.515928668715749,0,"Likelihood-only / naive OLS",,,,,,,,,,,,,,,,,,,,,,,,,,,,,,,,,,,,,,,,,,,,,,,,,,FALSE,92,"Stress: pooled residual variance",2.25241367208325
0.600397449272717,0.114500870898798,0.375979866112602,0.824815032432832,0,"Conditional posterior mean / naive OLS",,,,,,,,,,,,,,,,,,,,,,,,,,,,,,,,,,,,,,,,,,,,,,,,,,TRUE,92,"Stress: pooled residual variance",2.25241367208325
0.601189696004232,0.124112375122855,0.357933910727711,0.844445481280753,0,"REPAIR / stabilized","stabilized",0.601189696004232,0.124112375122855,"ok","ok",2.16160760619452,2.20650406638532,,0.702360426065738,0.743302355586841,0.835246638394871,0.986666666666667,0.986666666666667,,1,1,"modified","modified","supplied",0,4,4,4,4,,,FALSE,7.65835232155863,0.262811533801999,2.20217670444751,0.119341710077682,7.59940491216271,101.068992972107,838.172549504972,0.120582561468756,,,,,,,,,,,,,,,TRUE,92,"Stress: pooled residual variance",2.25241367208325
0.601210616390259,0.125439522335175,0.355353670375408,0.84706756240511,0,"REPAIR / fuller_equations","fuller_equations",0.601210616390259,0.125439522335175,"ok","ok",2.16160760619452,2.2070987325857,,0.702364658856734,0.743887183568864,0.83716301399581,0.986666666666667,0.986666666666667,,1,1,"fuller","fuller","supplied",0,4,4,4,4,,,FALSE,7.7292196665489,0.260070685500376,2.20217670444751,0.118097101370266,7.59865935640684,100.928664432475,836.898460939283,0.120598458645986,,,,,,,,,,,,,,,TRUE,92,"Stress: pooled residual variance",2.25241367208325
0.443108936986184,0.0505408954933594,0.344050602072797,0.542167271899571,0,"Oracle: true predictors",,,,,,,,,,,,,,,,,,,,,,,,,,,,,,,,,,,,,,,,,,,,,,,,,,FALSE,92,"Factors: fixed measurement parameters",
0.339313231229906,0.0461773138012672,0.248807359276618,0.429819103183194,0,"Likelihood-only / naive OLS",,,,,,,,,,,,,,,,,,,,,,,,,,,,,,,,,,,,,,,,,,,,,,,,,,FALSE,92,"Factors: fixed measurement parameters",
0.415916197260554,0.0622579178211513,0.293892920578643,0.537939473942465,0,"Conditional posterior mean / naive OLS",,,,,,,,,,,,,,,,,,,,,,,,,,,,,,,,,,,,,,,,,,,,,,,,,,FALSE,92,"Factors: fixed measurement parameters",
0.425090893643827,0.0632253331524913,0.301171517754397,0.549010269533256,0,"REPAIR / stabilized","stabilized",0.425090893643827,0.0632253331524913,"ok","ok",2.32990372061564,2.32990111000461,,0.66726071328211,0.795843165098209,0.812378067730116,0.986666666666667,0.986666666666667,,1,1,"modified","modified","supplied",0,4,4,4,4,,,FALSE,2.29332466104324,0.439262562062329,1.322443045213,0.33215990938315,2.29562637361528,164.655537028258,496.142753166334,0.331871293045082,,,,,,,,,,,,,,,FALSE,92,"Factors: fixed measurement parameters",
0.425080351529407,0.0635767445830766,0.300472221892275,0.549688481166539,0,"REPAIR / fuller_equations","fuller_equations",0.425080351529407,0.0635767445830766,"ok","ok",2.32990372061564,2.32990104549727,,0.667266034136143,0.797355033987607,0.814143163942563,0.986666666666667,0.986666666666667,,1,1,"fuller","fuller","supplied",0,4,4,4,4,,,FALSE,2.30267021485374,0.435640031706943,1.322443045213,0.32942063802587,2.29565674466197,164.331181865631,495.171077719638,0.331867488348489,,,,,,,,,,,,,,,FALSE,92,"Factors: fixed measurement parameters",
0.567799063182098,0.0802217982482305,0.410567227840528,0.725030898523669,0,"Oracle: true predictors",,,,,,,,,,,,,,,,,,,,,,,,,,,,,,,,,,,,,,,,,,,,,,,,,,TRUE,93,"Stress: pooled residual variance",2.20062439883834
0.416029706883486,0.0673853525816474,0.283956842737924,0.548102571029048,0,"Likelihood-only / naive OLS",,,,,,,,,,,,,,,,,,,,,,,,,,,,,,,,,,,,,,,,,,,,,,,,,,FALSE,93,"Stress: pooled residual variance",2.20062439883834
0.660786952705816,0.10776925049354,0.449563103097602,0.87201080231403,0,"Conditional posterior mean / naive OLS",,,,,,,,,,,,,,,,,,,,,,,,,,,,,,,,,,,,,,,,,,,,,,,,,,TRUE,93,"Stress: pooled residual variance",2.20062439883834
0.601998518839674,0.110616681602732,0.385193806808985,0.818803230870363,0,"REPAIR / stabilized","stabilized",0.601998518839674,0.110616681602732,"ok","ok",2.36309360213888,2.42067317495299,,0.704286238108658,0.753008204509185,0.85994315014905,0.986666666666667,0.986666666666667,,1,1,"modified","modified","supplied",0,4,4,4,4,,,FALSE,6.58048200891346,0.299528350908615,2.1561161940024,0.138920319666354,6.47561756038568,112.880886241455,797.813125462417,0.141487878099309,,,,,,,,,,,,,,,TRUE,93,"Stress: pooled residual variance",2.20062439883834
0.602101012605835,0.111602171976813,0.383364774934836,0.820837250276834,0,"REPAIR / fuller_equations","fuller_equations",0.602101012605835,0.111602171976813,"ok","ok",2.36309360213888,2.42115604471451,,0.704289402128438,0.753449611657036,0.861376828754676,0.986666666666667,0.986666666666667,,1,1,"fuller","fuller","supplied",0,4,4,4,4,,,FALSE,6.63143274825559,0.296849951618034,2.1561161940024,0.13767808638689,6.47477687135243,112.76572212128,796.881038048255,0.141508853564228,,,,,,,,,,,,,,,TRUE,93,"Stress: pooled residual variance",2.20062439883834
0.58358955961033,0.0485280188614117,0.488476390400883,0.678702728819777,0,"Oracle: true predictors",,,,,,,,,,,,,,,,,,,,,,,,,,,,,,,,,,,,,,,,,,,,,,,,,,TRUE,93,"Factors: fixed measurement parameters",
0.475779452256694,0.0435057157499825,0.390509816265092,0.561049088248297,0,"Likelihood-only / naive OLS",,,,,,,,,,,,,,,,,,,,,,,,,,,,,,,,,,,,,,,,,,,,,,,,,,FALSE,93,"Factors: fixed measurement parameters",
0.606408240555096,0.0592561070345164,0.490268404903393,0.722548076206798,0,"Conditional posterior mean / naive OLS",,,,,,,,,,,,,,,,,,,,,,,,,,,,,,,,,,,,,,,,,,,,,,,,,,TRUE,93,"Factors: fixed measurement parameters",
0.592670955090216,0.061276040657798,0.47257212228572,0.712769787894712,0,"REPAIR / stabilized","stabilized",0.592670955090216,0.061276040657798,"ok","ok",2.44971906902413,2.45281726474724,,0.574752773324476,0.715438574792744,0.723940182122394,0.986666666666667,0.986666666666667,,1,1,"modified","modified","supplied",0,4,4,4,4,,,FALSE,2.86552533130148,0.411625092910769,1.5002358448672,0.274373588872093,2.8598168243684,172.37226433846,627.025979470705,0.2749045015391,,,,,,,,,,,,,,,TRUE,93,"Factors: fixed measurement parameters",
0.592676706755362,0.0616521589232813,0.471840695696591,0.713512717814133,0,"REPAIR / fuller_equations","fuller_equations",0.592676706755362,0.0616521589232813,"ok","ok",2.44971906902413,2.4528455141765,,0.574756470980709,0.716513259036382,0.725105975861469,0.986666666666667,0.986666666666667,,1,1,"fuller","fuller","supplied",0,4,4,4,4,,,FALSE,2.87975442613658,0.408089837280264,1.5002358448672,0.272017122292121,2.85976485430825,172.111623197819,626.066835139758,0.274909344398347,,,,,,,,,,,,,,,TRUE,93,"Factors: fixed measurement parameters",
0.701185068779626,0.0768733022787594,0.550516164940596,0.851853972618655,0,"Oracle: true predictors",,,,,,,,,,,,,,,,,,,,,,,,,,,,,,,,,,,,,,,,,,,,,,,,,,TRUE,94,"Stress: pooled residual variance",2.24249583489724
0.451014569663846,0.0634800825030063,0.326595894222322,0.575433245105369,0,"Likelihood-only / naive OLS",,,,,,,,,,,,,,,,,,,,,,,,,,,,,,,,,,,,,,,,,,,,,,,,,,FALSE,94,"Stress: pooled residual variance",2.24249583489724
0.743223398640319,0.107107409424168,0.533296733691565,0.953150063589074,0,"Conditional posterior mean / naive OLS",,,,,,,,,,,,,,,,,,,,,,,,,,,,,,,,,,,,,,,,,,,,,,,,,,TRUE,94,"Stress: pooled residual variance",2.24249583489724
0.719159390409264,0.112136100286291,0.499376672481361,0.938942108337166,0,"REPAIR / stabilized","stabilized",0.719159390409264,0.112136100286291,"ok","ok",2.16131813280613,2.19756791414454,,0.57524967733953,0.628011673912801,0.747666873174931,0.986666666666667,0.986666666666667,,1,1,"modified","modified","supplied",0,4,4,4,4,,,FALSE,6.6003065611898,0.294902773056609,2.13463550794371,0.138151348068171,6.66123155578127,128.125637956823,932.518458018154,0.137397428281606,,,,,,,,,,,,,,,TRUE,94,"Stress: pooled residual variance",2.24249583489724
0.719249528883806,0.113315096845589,0.497156020161784,0.941343037605829,0,"REPAIR / fuller_equations","fuller_equations",0.719249528883806,0.113315096845589,"ok","ok",2.16131813280613,2.19804644386583,,0.575255446498435,0.628808610576705,0.750279346590041,0.986666666666667,0.986666666666667,,1,1,"fuller","fuller","supplied",0,4,4,4,4,,,FALSE,6.65338733831705,0.292167900431454,2.13463550794371,0.136870158555968,6.66201492587882,127.815020804037,930.323185215928,0.13738776248425,,,,,,,,,,,,,,,TRUE,94,"Stress: pooled residual variance",2.24249583489724
0.469964997902079,0.0511025266885842,0.369805886073457,0.570124109730701,0,"Oracle: true predictors",,,,,,,,,,,,,,,,,,,,,,,,,,,,,,,,,,,,,,,,,,,,,,,,,,FALSE,94,"Factors: fixed measurement parameters",
0.353267569153018,0.0451761842375512,0.264723875088472,0.441811263217564,0,"Likelihood-only / naive OLS",,,,,,,,,,,,,,,,,,,,,,,,,,,,,,,,,,,,,,,,,,,,,,,,,,FALSE,94,"Factors: fixed measurement parameters",
0.430548199623396,0.0614302597838172,0.310147102886175,0.550949296360617,0,"Conditional posterior mean / naive OLS",,,,,,,,,,,,,,,,,,,,,,,,,,,,,,,,,,,,,,,,,,,,,,,,,,FALSE,94,"Factors: fixed measurement parameters",
0.423462463092093,0.0626144222552829,0.300740450558955,0.54618447562523,0,"REPAIR / stabilized","stabilized",0.423462463092093,0.0626144222552829,"ok","ok",2.6204125745873,2.61845462246892,,0.635853643565157,0.761083918515413,0.776978150551951,0.986666666666667,0.986666666666667,,1,1,"modified","modified","supplied",0,4,4,4,4,,,FALSE,2.62764221041875,0.478847537974009,1.58251269803998,0.302586853531783,2.63240247697879,187.521789256497,620.757687957803,0.302085327164316,,,,,,,,,,,,,,,FALSE,94,"Factors: fixed measurement parameters",
0.42345542479546,0.062976055555369,0.300024624018543,0.546886225572377,0,"REPAIR / fuller_equations","fuller_equations",0.42345542479546,0.062976055555369,"ok","ok",2.6204125745873,2.61843681338021,,0.635857282251701,0.762121170289733,0.778183917104623,0.986666666666667,0.986666666666667,,1,1,"fuller","fuller","supplied",0,4,4,4,4,,,FALSE,2.63768996345192,0.475364499802575,1.58251269803998,0.300385899204056,2.63244578625136,187.255490843647,619.885502260749,0.302080771627531,,,,,,,,,,,,,,,FALSE,94,"Factors: fixed measurement parameters",
0.742482317682997,0.0854047260374496,0.575092130540086,0.909872504825908,0,"Oracle: true predictors",,,,,,,,,,,,,,,,,,,,,,,,,,,,,,,,,,,,,,,,,,,,,,,,,,TRUE,95,"Stress: pooled residual variance",2.3308605379787
0.497361861247374,0.069332669914448,0.361472325263052,0.633251397231695,0,"Likelihood-only / naive OLS",,,,,,,,,,,,,,,,,,,,,,,,,,,,,,,,,,,,,,,,,,,,,,,,,,TRUE,95,"Stress: pooled residual variance",2.3308605379787
0.776663085556062,0.110918161605642,0.559267483577611,0.994058687534513,0,"Conditional posterior mean / naive OLS",,,,,,,,,,,,,,,,,,,,,,,,,,,,,,,,,,,,,,,,,,,,,,,,,,TRUE,95,"Stress: pooled residual variance",2.3308605379787
0.820055137781718,0.131137622883177,0.563030119912495,1.07708015565094,0,"REPAIR / stabilized","stabilized",0.820055137781718,0.131137622883177,"ok","ok",1.89542962456347,1.99748782608236,,0.633849872701596,0.706913824038663,0.873143547498662,0.986666666666667,0.986666666666667,,1,1,"modified","modified","supplied",0,4,4,4,4,,,FALSE,8.33697954441162,0.228288301741005,2.10026312216001,0.108695096025027,7.85868320342842,92.8652010845069,801.365081313443,0.11588376290654,,,,,,,,,,,,,,,TRUE,95,"Stress: pooled residual variance",2.3308605379787
0.819867059150334,0.132741046397186,0.559699388941689,1.08003472935898,0,"REPAIR / fuller_equations","fuller_equations",0.819867059150334,0.132741046397186,"ok","ok",1.89542962456347,1.99908296780647,,0.633859696009117,0.708265737345273,0.877582754436866,0.986666666666667,0.986666666666667,,1,1,"fuller","fuller","supplied",0,4,4,4,4,,,FALSE,8.42957937385494,0.225464763095123,2.10026312216001,0.107350722257716,7.85201344461885,92.6338355743517,798.631081466067,0.115990771864653,,,,,,,,,,,,,,,TRUE,95,"Stress: pooled residual variance",2.3308605379787
0.560661807161508,0.0515562338072308,0.459613445720809,0.661710168602207,0,"Oracle: true predictors",,,,,,,,,,,,,,,,,,,,,,,,,,,,,,,,,,,,,,,,,,,,,,,,,,TRUE,95,"Factors: fixed measurement parameters",
0.425660463080576,0.051151751979998,0.325404871453655,0.525916054707498,0,"Likelihood-only / naive OLS",,,,,,,,,,,,,,,,,,,,,,,,,,,,,,,,,,,,,,,,,,,,,,,,,,FALSE,95,"Factors: fixed measurement parameters",
0.537958022626702,0.0693140965331281,0.402104889800838,0.673811155452566,0,"Conditional posterior mean / naive OLS",,,,,,,,,,,,,,,,,,,,,,,,,,,,,,,,,,,,,,,,,,,,,,,,,,TRUE,95,"Factors: fixed measurement parameters",
0.544897307508635,0.071953098201917,0.403871826456804,0.685922788560466,0,"REPAIR / stabilized","stabilized",0.544897307508635,0.071953098201917,"ok","ok",2.6871986818876,2.68825363500886,,0.786249183806557,0.912238489976695,0.92094102867292,0.986666666666667,0.986666666666667,,1,1,"modified","modified","supplied",0,4,4,4,4,,,FALSE,2.31750368530301,0.460159427483884,1.38996334312375,0.331058678461073,2.3160232409061,150.993266478922,455.844822072025,0.331238305598358,,,,,,,,,,,,,,,TRUE,95,"Factors: fixed measurement parameters",
0.54489965409751,0.0723770659414608,0.403043211545567,0.686756096649454,0,"REPAIR / fuller_equations","fuller_equations",0.54489965409751,0.0723770659414608,"ok","ok",2.6871986818876,2.68826308929634,,0.786252809544426,0.913292221454107,0.92208343390158,0.986666666666667,0.986666666666667,,1,1,"fuller","fuller","supplied",0,4,4,4,4,,,FALSE,2.32569004777092,0.456663640776207,1.38996334312375,0.328543657669359,2.31600998483002,150.816060105121,455.307628487727,0.331239914881388,,,,,,,,,,,,,,,TRUE,95,"Factors: fixed measurement parameters",
0.581325123851221,0.0874667401570051,0.409893463298368,0.752756784404074,0,"Oracle: true predictors",,,,,,,,,,,,,,,,,,,,,,,,,,,,,,,,,,,,,,,,,,,,,,,,,,TRUE,96,"Stress: pooled residual variance",2.30434095508794
0.282969232688561,0.0679846126399194,0.149721840411413,0.41621662496571,0,"Likelihood-only / naive OLS",,,,,,,,,,,,,,,,,,,,,,,,,,,,,,,,,,,,,,,,,,,,,,,,,,FALSE,96,"Stress: pooled residual variance",2.30434095508794
0.50374811850504,0.111876702392555,0.284473811106526,0.723022425903553,0,"Conditional posterior mean / naive OLS",,,,,,,,,,,,,,,,,,,,,,,,,,,,,,,,,,,,,,,,,,,,,,,,,,TRUE,96,"Stress: pooled residual variance",2.30434095508794
0.437660789376819,0.110361088485218,0.221357030651155,0.653964548102484,0,"REPAIR / stabilized","stabilized",0.437660789376819,0.110361088485218,"ok","ok",2.47756049567472,2.50043972833429,,0.774640600842792,0.796667784416176,0.84603347909431,0.986666666666667,0.986666666666667,,1,1,"modified","modified","supplied",0,4,4,4,4,,,FALSE,6.6178112806923,0.328868392000185,2.37078671543765,0.138716987849949,6.58884380628313,120.510786706855,863.999805665716,0.139480108579423,,,,,,,,,,,,,,,TRUE,96,"Stress: pooled residual variance",2.30434095508794
0.437745859797919,0.111307496075782,0.219587176280052,0.655904543315785,0,"REPAIR / fuller_equations","fuller_equations",0.437745859797919,0.111307496075782,"ok","ok",2.47756049567472,2.50072434588821,,0.774642652352805,0.796952907071942,0.846962509887803,0.986666666666667,0.986666666666667,,1,1,"fuller","fuller","supplied",0,4,4,4,4,,,FALSE,6.66651437969334,0.326071837662843,2.37078671543765,0.137537398678502,6.58848968529772,120.427923921779,863.347618567655,0.139489495693028,,,,,,,,,,,,,,,TRUE,96,"Stress: pooled residual variance",2.30434095508794
0.483253299171585,0.0486321220041053,0.387936091551781,0.578570506791389,0,"Oracle: true predictors",,,,,,,,,,,,,,,,,,,,,,,,,,,,,,,,,,,,,,,,,,,,,,,,,,FALSE,96,"Factors: fixed measurement parameters",
0.372494475906785,0.0417370096734971,0.29069144012433,0.454297511689239,0,"Likelihood-only / naive OLS",,,,,,,,,,,,,,,,,,,,,,,,,,,,,,,,,,,,,,,,,,,,,,,,,,FALSE,96,"Factors: fixed measurement parameters",
0.458223682621979,0.056492891622719,0.347499649658925,0.568947715585033,0,"Conditional posterior mean / naive OLS",,,,,,,,,,,,,,,,,,,,,,,,,,,,,,,,,,,,,,,,,,,,,,,,,,FALSE,96,"Factors: fixed measurement parameters",
0.444744906861637,0.0544887453676713,0.337948928378228,0.551540885345046,0,"REPAIR / stabilized","stabilized",0.444744906861637,0.0544887453676713,"ok","ok",2.91834163599921,2.92057641744542,,0.622062854988654,0.747666916399694,0.762512039146451,0.986666666666667,0.986666666666667,,1,1,"modified","modified","supplied",0,4,4,4,4,,,FALSE,2.18720070867249,0.624366033786595,1.68877629458146,0.369715062788311,2.18548209496606,249.641651581199,674.574907278003,0.370072543297726,,,,,,,,,,,,,,,FALSE,96,"Factors: fixed measurement parameters",
0.444744027985277,0.0547327994011525,0.337469712385963,0.552018343584592,0,"REPAIR / fuller_equations","fuller_equations",0.444744027985277,0.0547327994011525,"ok","ok",2.91834163599921,2.92059333600272,,0.622066002383067,0.748568232535282,0.763545494032906,0.986666666666667,0.986666666666667,,1,1,"fuller","fuller","supplied",0,4,4,4,4,,,FALSE,2.19250849067195,0.620866318742987,1.68877629458146,0.367642724933477,2.18546913429175,249.334412700254,673.73977910959,0.370075243337677,,,,,,,,,,,,,,,FALSE,96,"Factors: fixed measurement parameters",
0.610919851594462,0.0923234909620769,0.429969134381783,0.791870568807142,0,"Oracle: true predictors",,,,,,,,,,,,,,,,,,,,,,,,,,,,,,,,,,,,,,,,,,,,,,,,,,TRUE,97,"Stress: pooled residual variance",2.24132450871785
0.406586890013746,0.0696933854602441,0.269990364551001,0.543183415476492,0,"Likelihood-only / naive OLS",,,,,,,,,,,,,,,,,,,,,,,,,,,,,,,,,,,,,,,,,,,,,,,,,,FALSE,97,"Stress: pooled residual variance",2.24132450871785
0.624177163785008,0.118406369717554,0.392104943598469,0.856249383971547,0,"Conditional posterior mean / naive OLS",,,,,,,,,,,,,,,,,,,,,,,,,,,,,,,,,,,,,,,,,,,,,,,,,,TRUE,97,"Stress: pooled residual variance",2.24132450871785
0.671714971422063,0.131245802893554,0.414477924628654,0.928952018215472,0,"REPAIR / stabilized","stabilized",0.671714971422063,0.131245802893554,"ok","ok",2.03510216270867,2.0687675104469,,0.657719448195905,0.70430935566299,0.810425759705895,0.986666666666667,0.986666666666667,,1,1,"modified","modified","supplied",0,4,4,4,4,,,FALSE,7.50900021306201,0.246891947610275,2.04127497860549,0.120949872113232,7.58900486649704,97.21446709354,809.708940043809,0.120061002523055,,,,,,,,,,,,,,,TRUE,97,"Stress: pooled residual variance",2.24132450871785
0.671554173762489,0.132858996482925,0.411155325633822,0.931953021891155,0,"REPAIR / fuller_equations","fuller_equations",0.671554173762489,0.132858996482925,"ok","ok",2.03510216270867,2.06932779937548,,0.657725702347775,0.705171470547834,0.813252854612333,0.986666666666667,0.986666666666667,,1,1,"fuller","fuller","supplied",0,4,4,4,4,,,FALSE,7.58300017524594,0.244148779846173,2.04127497860549,0.119606021925064,7.59030361504852,96.9767028014239,807.824965882461,0.120046677061395,,,,,,,,,,,,,,,TRUE,97,"Stress: pooled residual variance",2.24132450871785
0.634610183130415,0.0504003694728,0.535827274156215,0.733393092104615,0,"Oracle: true predictors",,,,,,,,,,,,,,,,,,,,,,,,,,,,,,,,,,,,,,,,,,,,,,,,,,TRUE,97,"Factors: fixed measurement parameters",
0.457807376018377,0.049780795587028,0.360238809546052,0.555375942490703,0,"Likelihood-only / naive OLS",,,,,,,,,,,,,,,,,,,,,,,,,,,,,,,,,,,,,,,,,,,,,,,,,,FALSE,97,"Factors: fixed measurement parameters",
0.576623042765264,0.0671787249567408,0.44495516132273,0.708290924207798,0,"Conditional posterior mean / naive OLS",,,,,,,,,,,,,,,,,,,,,,,,,,,,,,,,,,,,,,,,,,,,,,,,,,TRUE,97,"Factors: fixed measurement parameters",
0.633722066713518,0.0771508758754998,0.482509128621818,0.784935004805217,0,"REPAIR / stabilized","stabilized",0.633722066713518,0.0771508758754998,"ok","ok",2.45506678941029,2.45400923291438,,0.561613821197825,0.727650373922636,0.738496768887319,0.986666666666667,0.986666666666667,,1,1,"modified","modified","supplied",0,4,4,4,4,,,FALSE,2.03032815597463,0.465654228368563,1.27460619272524,0.365331842122112,2.02820484001175,191.412725553694,523.398281759544,0.365711413706228,,,,,,,,,,,,,,,TRUE,97,"Factors: fixed measurement parameters",
0.63372573385592,0.0777575228837104,0.481323789476799,0.786127678235042,0,"REPAIR / fuller_equations","fuller_equations",0.63372573385592,0.0777575228837104,"ok","ok",2.45506678941029,2.45400324481507,,0.561619385992393,0.72927896511966,0.740211854985771,0.986666666666667,0.986666666666667,,1,1,"fuller","fuller","supplied",0,4,4,4,4,,,FALSE,2.03568545986686,0.462243623896067,1.27460619272524,0.36265603174871,2.02819283273779,190.982064794137,522.217616111736,0.365713562510832,,,,,,,,,,,,,,,TRUE,97,"Factors: fixed measurement parameters",
0.547955263920278,0.0827485924236104,0.385771002998618,0.710139524841939,0,"Oracle: true predictors",,,,,,,,,,,,,,,,,,,,,,,,,,,,,,,,,,,,,,,,,,,,,,,,,,TRUE,98,"Stress: pooled residual variance",2.28733391469131
0.349521926659182,0.0661423488416271,0.219885305076708,0.479158548241656,0,"Likelihood-only / naive OLS",,,,,,,,,,,,,,,,,,,,,,,,,,,,,,,,,,,,,,,,,,,,,,,,,,FALSE,98,"Stress: pooled residual variance",2.28733391469131
0.553384207093054,0.107366595772593,0.342949546236102,0.763818867950006,0,"Conditional posterior mean / naive OLS",,,,,,,,,,,,,,,,,,,,,,,,,,,,,,,,,,,,,,,,,,,,,,,,,,TRUE,98,"Stress: pooled residual variance",2.28733391469131
0.581140470156786,0.118479392226046,0.34892512848354,0.813355811830031,0,"REPAIR / stabilized","stabilized",0.581140470156786,0.118479392226046,"ok","ok",2.14127953454451,2.19325808467481,,0.611490336188327,0.648689558897675,0.732792353742143,0.986666666666667,0.986666666666667,,1,1,"modified","modified","supplied",0,4,4,4,4,,,FALSE,7.40868524107428,0.291825968966406,2.35341644467692,0.124000989976284,7.30998762640532,128.069267017407,1017.05367871112,0.125921836475441,,,,,,,,,,,,,,,TRUE,98,"Stress: pooled residual variance",2.28733391469131
0.581091689548057,0.119761226445265,0.346363998970992,0.815819380125122,0,"REPAIR / fuller_equations","fuller_equations",0.581091689548057,0.119761226445265,"ok","ok",2.14127953454451,2.19407844138606,,0.611494968493579,0.649329489462923,0.734887205576875,0.986666666666667,0.986666666666667,,1,1,"fuller","fuller","supplied",0,4,4,4,4,,,FALSE,7.47144189828022,0.289028698643376,2.35341644467692,0.122812390173068,7.30849170321134,127.843867597619,1015.02524447744,0.125951416768394,,,,,,,,,,,,,,,TRUE,98,"Stress: pooled residual variance",2.28733391469131
0.572504505521103,0.0468217402435176,0.480735580950318,0.664273430091887,0,"Oracle: true predictors",,,,,,,,,,,,,,,,,,,,,,,,,,,,,,,,,,,,,,,,,,,,,,,,,,TRUE,98,"Factors: fixed measurement parameters",
0.449403407893889,0.0445137291957554,0.362158101852639,0.536648713935139,0,"Likelihood-only / naive OLS",,,,,,,,,,,,,,,,,,,,,,,,,,,,,,,,,,,,,,,,,,,,,,,,,,FALSE,98,"Factors: fixed measurement parameters",
0.576932934625233,0.060394450516142,0.458561986747509,0.695303882502958,0,"Conditional posterior mean / naive OLS",,,,,,,,,,,,,,,,,,,,,,,,,,,,,,,,,,,,,,,,,,,,,,,,,,TRUE,98,"Factors: fixed measurement parameters",
0.573399643791596,0.0615980853732529,0.452669614943397,0.694129672639795,0,"REPAIR / stabilized","stabilized",0.573399643791596,0.0615980853732529,"ok","ok",3.00876065570674,3.00948031326785,,0.62159642704877,0.733638997660999,0.737276254402953,0.986666666666667,0.986666666666667,,1,1,"modified","modified","supplied",0,4,4,4,4,,,FALSE,2.32215578745336,0.554900183923453,1.61594532670519,0.343390444437163,2.32207753770155,226.730796461183,660.184102350726,0.343435710817421,,,,,,,,,,,,,,,TRUE,98,"Factors: fixed measurement parameters",
0.573399508343544,0.0619351852942531,0.452008775790993,0.694790240896095,0,"REPAIR / fuller_equations","fuller_equations",0.573399508343544,0.0619351852942531,"ok","ok",3.00876065570674,3.00948277369275,,0.621599142435766,0.73444114594368,0.738094882061551,0.986666666666667,0.986666666666667,,1,1,"fuller","fuller","supplied",0,4,4,4,4,,,FALSE,2.3286123612766,0.551462828065625,1.61594532670519,0.341263295825746,2.32207727039793,226.482551906228,659.460978308677,0.343435865586905,,,,,,,,,,,,,,,TRUE,98,"Factors: fixed measurement parameters",
0.660807314470981,0.085528243688118,0.493175037181304,0.828439591760657,0,"Oracle: true predictors",,,,,,,,,,,,,,,,,,,,,,,,,,,,,,,,,,,,,,,,,,,,,,,,,,TRUE,99,"Stress: pooled residual variance",2.19960289290124
0.36733206009163,0.0687775067786825,0.232530623858953,0.502133496324307,0,"Likelihood-only / naive OLS",,,,,,,,,,,,,,,,,,,,,,,,,,,,,,,,,,,,,,,,,,,,,,,,,,FALSE,99,"Stress: pooled residual variance",2.19960289290124
0.546385890692741,0.109939351512448,0.330908721244654,0.761863060140828,0,"Conditional posterior mean / naive OLS",,,,,,,,,,,,,,,,,,,,,,,,,,,,,,,,,,,,,,,,,,,,,,,,,,TRUE,99,"Stress: pooled residual variance",2.19960289290124
0.596392193277104,0.122447216461385,0.35640005900561,0.836384327548598,0,"REPAIR / stabilized","stabilized",0.596392193277104,0.122447216461385,"ok","ok",2.15288354837843,2.21394680223818,,0.638596313894534,0.678401374542681,0.768040286968276,0.986666666666667,0.986666666666667,,1,1,"modified","modified","supplied",0,4,4,4,4,,,FALSE,8.10364894853499,0.27924783641316,2.44676399191002,0.114129453161999,7.96062352155736,118.201847903251,1015.13018916977,0.11644008735463,,,,,,,,,,,,,,,TRUE,99,"Stress: pooled residual variance",2.19960289290124
0.596259041565085,0.12375233085263,0.353708930091046,0.838809153039124,0,"REPAIR / fuller_equations","fuller_equations",0.596259041565085,0.12375233085263,"ok","ok",2.15288354837843,2.21485169999375,,0.638600959435272,0.679043095864061,0.770141725988068,0.986666666666667,0.986666666666667,,1,1,"fuller","fuller","supplied",0,4,4,4,4,,,FALSE,8.17356367448559,0.276555320614521,2.44676399191002,0.113029013639617,7.95860915740862,118.018713059086,1013.26829315087,0.116473311024165,,,,,,,,,,,,,,,TRUE,99,"Stress: pooled residual variance",2.19960289290124
0.592227227956261,0.0496994561631866,0.494818083825188,0.689636372087334,0,"Oracle: true predictors",,,,,,,,,,,,,,,,,,,,,,,,,,,,,,,,,,,,,,,,,,,,,,,,,,TRUE,99,"Factors: fixed measurement parameters",
0.427429447179328,0.0427329513879685,0.343674401505809,0.511184492852847,0,"Likelihood-only / naive OLS",,,,,,,,,,,,,,,,,,,,,,,,,,,,,,,,,,,,,,,,,,,,,,,,,,FALSE,99,"Factors: fixed measurement parameters",
0.543297470489937,0.0580805585970843,0.429461667437684,0.657133273542191,0,"Conditional posterior mean / naive OLS",,,,,,,,,,,,,,,,,,,,,,,,,,,,,,,,,,,,,,,,,,,,,,,,,,TRUE,99,"Factors: fixed measurement parameters",
0.530354157302728,0.0582844801275135,0.416118675395161,0.644589639210295,0,"REPAIR / stabilized","stabilized",0.530354157302728,0.0582844801275135,"ok","ok",2.84928793198149,2.8515947459486,,0.595327720600836,0.708822633595497,0.715771802044468,0.986666666666667,0.986666666666667,,1,1,"modified","modified","supplied",0,4,4,4,4,,,FALSE,2.47737069830771,0.504381159167816,1.57261235437374,0.320728218727924,2.47632115412478,213.127881307383,664.158228818843,0.320899255718648,,,,,,,,,,,,,,,TRUE,99,"Factors: fixed measurement parameters",
0.530353788639582,0.0585930774305963,0.415513467132247,0.645194110146918,0,"REPAIR / fuller_equations","fuller_equations",0.530353788639582,0.0585930774305963,"ok","ok",2.84928793198149,2.85161174898942,,0.595330473448624,0.709625181557523,0.716633863834606,0.986666666666667,0.986666666666667,,1,1,"fuller","fuller","supplied",0,4,4,4,4,,,FALSE,2.48598623666602,0.500880173910876,1.57261235437374,0.318501996069045,2.47631342746191,212.884312499179,663.396604772733,0.320900515570334,,,,,,,,,,,,,,,TRUE,99,"Factors: fixed measurement parameters",
0.722758682355888,0.0840899956557142,0.557945319410558,0.887572045301217,0,"Oracle: true predictors",,,,,,,,,,,,,,,,,,,,,,,,,,,,,,,,,,,,,,,,,,,,,,,,,,TRUE,100,"Stress: pooled residual variance",2.27107099741379
0.426660742775036,0.0686845537080385,0.292041491213073,0.561279994336998,0,"Likelihood-only / naive OLS",,,,,,,,,,,,,,,,,,,,,,,,,,,,,,,,,,,,,,,,,,,,,,,,,,FALSE,100,"Stress: pooled residual variance",2.27107099741379
0.688818913789535,0.113977878785953,0.465426376334794,0.912211451244275,0,"Conditional posterior mean / naive OLS",,,,,,,,,,,,,,,,,,,,,,,,,,,,,,,,,,,,,,,,,,,,,,,,,,TRUE,100,"Stress: pooled residual variance",2.27107099741379
0.727672345537993,0.13736537175618,0.458441164172924,0.996903526903062,0,"REPAIR / stabilized","stabilized",0.727672345537993,0.13736537175618,"ok","ok",1.89241688925359,1.94510081797949,,0.573132346466063,0.633669315786922,0.769492032393722,0.986666666666667,0.986666666666667,,1,1,"modified","modified","supplied",0,4,4,4,4,,,FALSE,9.0565738194606,0.216061776489837,2.14710402843284,0.100629393652407,8.8929977232122,94.439481661532,917.95351110146,0.102880462375718,,,,,,,,,,,,,,,TRUE,100,"Stress: pooled residual variance",2.27107099741379
0.727733798811784,0.139254114557719,0.45480074957964,1.00066684804393,0,"REPAIR / fuller_equations","fuller_equations",0.727733798811784,0.139254114557719,"ok","ok",1.89241688925359,1.94588178007399,,0.573139811035087,0.634695336993867,0.772865429520264,0.986666666666667,0.986666666666667,,1,1,"fuller","fuller","supplied",0,4,4,4,4,,,FALSE,9.1622715846527,0.213288590877647,2.14710402843284,0.0993378001499653,8.89073758083574,94.1859800603605,915.206128312234,0.10291231357252,,,,,,,,,,,,,,,TRUE,100,"Stress: pooled residual variance",2.27107099741379
0.61706525578825,0.0581446217363213,0.503103891290356,0.731026620286145,0,"Oracle: true predictors",,,,,,,,,,,,,,,,,,,,,,,,,,,,,,,,,,,,,,,,,,,,,,,,,,TRUE,100,"Factors: fixed measurement parameters",
0.489592728607616,0.050243366139062,0.391117540512995,0.588067916702237,0,"Likelihood-only / naive OLS",,,,,,,,,,,,,,,,,,,,,,,,,,,,,,,,,,,,,,,,,,,,,,,,,,FALSE,100,"Factors: fixed measurement parameters",
0.626912646623479,0.0679026591048194,0.493825880323532,0.759999412923426,0,"Conditional posterior mean / naive OLS",,,,,,,,,,,,,,,,,,,,,,,,,,,,,,,,,,,,,,,,,,,,,,,,,,TRUE,100,"Factors: fixed measurement parameters",
0.645243143914896,0.071369882584339,0.50536074446874,0.785125543361053,0,"REPAIR / stabilized","stabilized",0.645243143914896,0.071369882584339,"ok","ok",2.87090795994256,2.87053304730359,,0.721057891029789,0.864500155287366,0.86944217750943,0.986666666666667,0.986666666666667,,1,1,"modified","modified","supplied",0,4,4,4,4,,,FALSE,2.02850219675474,0.550879681859959,1.44571637942968,0.381042706369057,2.02931963573987,190.830534884888,500.996547454029,0.38090189614011,,,,,,,,,,,,,,,TRUE,100,"Factors: fixed measurement parameters",
0.645242714401482,0.0717945725537204,0.504527937910742,0.785957490892222,0,"REPAIR / fuller_equations","fuller_equations",0.645242714401482,0.0717945725537204,"ok","ok",2.87090795994256,2.87053134955003,,0.72106193194975,0.865692037556035,0.870663332255618,0.986666666666667,0.986666666666667,,1,1,"fuller","fuller","supplied",0,4,4,4,4,,,FALSE,2.03309231041645,0.547454968568367,1.44571637942968,0.378673836969553,2.02932333339685,190.566283635963,500.303632239153,0.380901259467311,,,,,,,,,,,,,,,TRUE,100,"Factors: fixed measurement parameters",
0.545448516798275,0.0816662851995893,0.385385539055903,0.705511494540646,0,"Oracle: true predictors",,,,,,,,,,,,,,,,,,,,,,,,,,,,,,,,,,,,,,,,,,,,,,,,,,TRUE,101,"Stress: pooled residual variance",2.2216026050123
0.412650934255791,0.0654342168877116,0.284402225799293,0.540899642712288,0,"Likelihood-only / naive OLS",,,,,,,,,,,,,,,,,,,,,,,,,,,,,,,,,,,,,,,,,,,,,,,,,,FALSE,101,"Stress: pooled residual variance",2.2216026050123
0.627551444893928,0.106614435966702,0.418590990167141,0.836511899620715,0,"Conditional posterior mean / naive OLS",,,,,,,,,,,,,,,,,,,,,,,,,,,,,,,,,,,,,,,,,,,,,,,,,,TRUE,101,"Stress: pooled residual variance",2.2216026050123
0.646050594894204,0.113540390416747,0.423515518886763,0.868585670901646,0,"REPAIR / stabilized","stabilized",0.646050594894204,0.113540390416747,"ok","ok",2.20161867517393,2.26106101186473,,0.601741800729338,0.649956568407486,0.758078380890486,0.986666666666667,0.986666666666667,,1,1,"modified","modified","supplied",0,4,4,4,4,,,FALSE,6.42868829259775,0.289303835197205,2.04636275907826,0.141374657994419,6.42305271552847,124.235173696913,874.830931494778,0.14201049508462,,,,,,,,,,,,,,,TRUE,101,"Stress: pooled residual variance",2.2216026050123
0.645992346620485,0.114684873656129,0.421214124682946,0.870770568558025,0,"REPAIR / fuller_equations","fuller_equations",0.645992346620485,0.114684873656129,"ok","ok",2.20161867517393,2.26181169007934,,0.601746687270437,0.650633070727244,0.760290666866599,0.986666666666667,0.986666666666667,,1,1,"fuller","fuller","supplied",0,4,4,4,4,,,FALSE,6.48064559861838,0.28659555958664,2.04636275907826,0.140051199776392,6.4229893399696,124.0013889455,873.137776228072,0.142018123967997,,,,,,,,,,,,,,,TRUE,101,"Stress: pooled residual variance",2.2216026050123
0.550247634457689,0.0451504141496057,0.461754448837395,0.638740820077984,0,"Oracle: true predictors",,,,,,,,,,,,,,,,,,,,,,,,,,,,,,,,,,,,,,,,,,,,,,,,,,TRUE,101,"Factors: fixed measurement parameters",
0.443568237281988,0.043107328329478,0.359079426286468,0.528057048277508,0,"Likelihood-only / naive OLS",,,,,,,,,,,,,,,,,,,,,,,,,,,,,,,,,,,,,,,,,,,,,,,,,,FALSE,101,"Factors: fixed measurement parameters",
0.567181644912623,0.0583090802064033,0.452897947736416,0.681465342088831,0,"Conditional posterior mean / naive OLS",,,,,,,,,,,,,,,,,,,,,,,,,,,,,,,,,,,,,,,,,,,,,,,,,,TRUE,101,"Factors: fixed measurement parameters",
0.577375247063251,0.0607076729030573,0.458390394588021,0.696360099538482,0,"REPAIR / stabilized","stabilized",0.577375247063251,0.0607076729030573,"ok","ok",2.78879969432678,2.79044451696835,,0.538771350539606,0.659318194776178,0.664517579192281,0.986666666666667,0.986666666666667,,1,1,"modified","modified","supplied",0,4,4,4,4,,,FALSE,2.10885290833417,0.492480872773972,1.36191108828942,0.361610149890574,2.11009034916893,223.581440090211,618.611977139884,0.361424363498305,,,,,,,,,,,,,,,TRUE,101,"Factors: fixed measurement parameters",
0.577374998895824,0.06106223254201,0.457695222297874,0.697054775493773,0,"REPAIR / fuller_equations","fuller_equations",0.577374998895824,0.06106223254201,"ok","ok",2.78879969432678,2.79045707958913,,0.53877480903527,0.660332538942746,0.665579927221253,0.986666666666667,0.986666666666667,,1,1,"fuller","fuller","supplied",0,4,4,4,4,,,FALSE,2.11503229004617,0.488981037947217,1.36191108828942,0.35904035303904,2.11009981585126,223.234150155503,617.653512219781,0.36142294302387,,,,,,,,,,,,,,,TRUE,101,"Factors: fixed measurement parameters",
0.544587088674893,0.077628734037616,0.392437565795727,0.696736611554059,0,"Oracle: true predictors",,,,,,,,,,,,,,,,,,,,,,,,,,,,,,,,,,,,,,,,,,,,,,,,,,TRUE,102,"Stress: pooled residual variance",2.35609413996678
0.429804683220388,0.0602147895581152,0.311785864349823,0.547823502090952,0,"Likelihood-only / naive OLS",,,,,,,,,,,,,,,,,,,,,,,,,,,,,,,,,,,,,,,,,,,,,,,,,,FALSE,102,"Stress: pooled residual variance",2.35609413996678
0.687971892675414,0.100217789203069,0.491548635227172,0.884395150123656,0,"Conditional posterior mean / naive OLS",,,,,,,,,,,,,,,,,,,,,,,,,,,,,,,,,,,,,,,,,,,,,,,,,,TRUE,102,"Stress: pooled residual variance",2.35609413996678
0.661106947088325,0.101478214520498,0.462213301412719,0.86000059276393,0,"REPAIR / stabilized","stabilized",0.661106947088325,0.101478214520498,"ok","ok",2.25433806317835,2.31185722518977,,0.55787546012039,0.610216150931921,0.727601264829153,0.986666666666667,0.986666666666667,,1,1,"modified","modified","supplied",0,4,4,4,4,,,FALSE,5.90233342476719,0.330230861141367,2.14664712414564,0.15383565255179,5.89669702839941,149.458493559585,966.635694119483,0.154617188739061,,,,,,,,,,,,,,,TRUE,102,"Stress: pooled residual variance",2.35609413996678
0.661132021468278,0.102428999770423,0.460374870945787,0.861889171990768,0,"REPAIR / fuller_equations","fuller_equations",0.661132021468278,0.102428999770423,"ok","ok",2.25433806317835,2.31251579815929,,0.55788036060741,0.610895395506336,0.729821124439544,0.986666666666667,0.986666666666667,,1,1,"fuller","fuller","supplied",0,4,4,4,4,,,FALSE,5.94604080612066,0.327354656676614,2.14664712414564,0.152495793553819,5.89663800638414,149.162923746138,964.670949776308,0.154625702972321,,,,,,,,,,,,,,,TRUE,102,"Stress: pooled residual variance",2.35609413996678
0.650610241072153,0.0469619086862841,0.558566591401777,0.742653890742528,0,"Oracle: true predictors",,,,,,,,,,,,,,,,,,,,,,,,,,,,,,,,,,,,,,,,,,,,,,,,,,TRUE,102,"Factors: fixed measurement parameters",
0.524683414076452,0.043609512311472,0.439210340562611,0.610156487590294,0,"Likelihood-only / naive OLS",,,,,,,,,,,,,,,,,,,,,,,,,,,,,,,,,,,,,,,,,,,,,,,,,,TRUE,102,"Factors: fixed measurement parameters",
0.66974444335662,0.0595266195099297,0.553074412995739,0.786414473717502,0,"Conditional posterior mean / naive OLS",,,,,,,,,,,,,,,,,,,,,,,,,,,,,,,,,,,,,,,,,,,,,,,,,,TRUE,102,"Factors: fixed measurement parameters",
0.64533099568782,0.0606286293312339,0.526501065766573,0.764160925609068,0,"REPAIR / stabilized","stabilized",0.64533099568782,0.0606286293312339,"ok","ok",2.56022081099135,2.56217546451455,,0.598292904017115,0.75723864382941,0.765547771369995,0.986666666666667,0.986666666666667,,1,1,"modified","modified","supplied",0,4,4,4,4,,,FALSE,2.96995438059857,0.432688946673012,1.60589972383317,0.269437088911264,2.96797829590786,171.072625258524,634.490708655868,0.269621954939154,,,,,,,,,,,,,,,TRUE,102,"Factors: fixed measurement parameters",
0.645330401462637,0.0609832809316929,0.525805367177431,0.764855435747844,0,"REPAIR / fuller_equations","fuller_equations",0.645330401462637,0.0609832809316929,"ok","ok",2.56022081099135,2.56219026213681,,0.5982966319194,0.758326801957674,0.766711362542922,0.986666666666667,0.986666666666667,,1,1,"fuller","fuller","supplied",0,4,4,4,4,,,FALSE,2.98431972886231,0.429156449392909,1.60589972383317,0.267237389124486,2.9679633553468,170.824518942862,633.567221143963,0.269623353674173,,,,,,,,,,,,,,,TRUE,102,"Factors: fixed measurement parameters",
0.587066960015908,0.0791866572469943,0.431863963755682,0.742269956276135,0,"Oracle: true predictors",,,,,,,,,,,,,,,,,,,,,,,,,,,,,,,,,,,,,,,,,,,,,,,,,,TRUE,103,"Stress: pooled residual variance",2.22975756088226
0.397743653771378,0.0617425524146249,0.276730474725137,0.518756832817619,0,"Likelihood-only / naive OLS",,,,,,,,,,,,,,,,,,,,,,,,,,,,,,,,,,,,,,,,,,,,,,,,,,FALSE,103,"Stress: pooled residual variance",2.22975756088226
0.619910049995167,0.10184237200103,0.420302668773017,0.819517431217316,0,"Conditional posterior mean / naive OLS",,,,,,,,,,,,,,,,,,,,,,,,,,,,,,,,,,,,,,,,,,,,,,,,,,TRUE,103,"Stress: pooled residual variance",2.22975756088226
0.626524441429164,0.10793630607208,0.414973168903595,0.838075713954734,0,"REPAIR / stabilized","stabilized",0.626524441429164,0.10793630607208,"ok","ok",2.18673430206826,2.2378403957687,,0.53790771547912,0.58161859095133,0.679950564162832,0.986666666666667,0.986666666666667,,1,1,"modified","modified","supplied",0,4,4,4,4,,,FALSE,5.9108678901685,0.287758006941811,1.88804953557813,0.15241019979579,5.98940892196218,136.620681330487,904.346540223927,0.151071160505195,,,,,,,,,,,,,,,TRUE,103,"Stress: pooled residual variance",2.22975756088226
0.626512430374297,0.109047184925273,0.412783875305283,0.840240985443311,0,"REPAIR / fuller_equations","fuller_equations",0.626512430374297,0.109047184925273,"ok","ok",2.18673430206826,2.23848962404966,,0.53791222858389,0.582242634840442,0.681994086343188,0.986666666666667,0.986666666666667,,1,1,"fuller","fuller","supplied",0,4,4,4,4,,,FALSE,5.9583815511983,0.285039008302398,1.88804953557813,0.150970089995609,5.9904045339291,136.339428009763,902.586339202031,0.151054167438762,,,,,,,,,,,,,,,TRUE,103,"Stress: pooled residual variance",2.22975756088226
0.56187244078656,0.049615256367298,0.464628325222935,0.659116556350186,0,"Oracle: true predictors",,,,,,,,,,,,,,,,,,,,,,,,,,,,,,,,,,,,,,,,,,,,,,,,,,TRUE,103,"Factors: fixed measurement parameters",
0.477840495827492,0.0480542225150715,0.383655950392878,0.572025041262106,0,"Likelihood-only / naive OLS",,,,,,,,,,,,,,,,,,,,,,,,,,,,,,,,,,,,,,,,,,,,,,,,,,FALSE,103,"Factors: fixed measurement parameters",
0.604341973326287,0.0653170572837771,0.476322893473945,0.73236105317863,0,"Conditional posterior mean / naive OLS",,,,,,,,,,,,,,,,,,,,,,,,,,,,,,,,,,,,,,,,,,,,,,,,,,TRUE,103,"Factors: fixed measurement parameters",
0.638995156185006,0.0748294301693726,0.492332168069381,0.785658144300631,0,"REPAIR / stabilized","stabilized",0.638995156185006,0.0748294301693726,"ok","ok",2.46275829689161,2.46323444324623,,0.539519609152102,0.701395283163847,0.710818117057534,0.986666666666667,0.986666666666667,,1,1,"modified","modified","supplied",0,4,4,4,4,,,FALSE,2.59891324891932,0.400638569127724,1.36913114858999,0.292622492403541,2.59803202869282,170.845015873609,583.62088647996,0.292732867913691,,,,,,,,,,,,,,,TRUE,103,"Factors: fixed measurement parameters",
0.638992465516222,0.0754370628216169,0.491138539286367,0.786846391746076,0,"REPAIR / fuller_equations","fuller_equations",0.638992465516222,0.0754370628216169,"ok","ok",2.46275829689161,2.46323682233474,,0.539524453277125,0.702815816212736,0.712305506255048,0.986666666666667,0.986666666666667,,1,1,"fuller","fuller","supplied",0,4,4,4,4,,,FALSE,2.61020368348262,0.397208775179709,1.36913114858999,0.290117404449368,2.59802763207664,170.497133687155,582.431394791037,0.292733419269622,,,,,,,,,,,,,,,TRUE,103,"Factors: fixed measurement parameters",
0.643551921439773,0.0829254558897905,0.481021014494218,0.806082828385327,0,"Oracle: true predictors",,,,,,,,,,,,,,,,,,,,,,,,,,,,,,,,,,,,,,,,,,,,,,,,,,TRUE,104,"Stress: pooled residual variance",2.21457852043542
0.427683487868881,0.0698848458531637,0.290711706931547,0.564655268806216,0,"Likelihood-only / naive OLS",,,,,,,,,,,,,,,,,,,,,,,,,,,,,,,,,,,,,,,,,,,,,,,,,,FALSE,104,"Stress: pooled residual variance",2.21457852043542
0.684351635500046,0.114052696269278,0.460812458472575,0.907890812527516,0,"Conditional posterior mean / naive OLS",,,,,,,,,,,,,,,,,,,,,,,,,,,,,,,,,,,,,,,,,,,,,,,,,,TRUE,104,"Stress: pooled residual variance",2.21457852043542
0.680601849052327,0.121430756381666,0.442601939928804,0.918601758175851,0,"REPAIR / stabilized","stabilized",0.680601849052327,0.121430756381666,"ok","ok",2.19875391796054,2.2495784077497,,0.697860048340403,0.746405580062553,0.856212696702509,0.986666666666667,0.986666666666667,,1,1,"modified","modified","supplied",0,4,4,4,4,,,FALSE,5.53372060130056,0.281258457139989,1.74184226949327,0.161471829031806,5.515745070229,106.633367312763,655.488689461864,0.162677661761495,,,,,,,,,,,,,,,TRUE,104,"Stress: pooled residual variance",2.21457852043542
0.680609304591344,0.122660302550899,0.440199529258795,0.921019079923894,0,"REPAIR / fuller_equations","fuller_equations",0.680609304591344,0.122660302550899,"ok","ok",2.19875391796054,2.25027766900133,,0.69786537519346,0.747142065113022,0.858624404729941,0.986666666666667,0.986666666666667,,1,1,"fuller","fuller","supplied",0,4,4,4,4,,,FALSE,5.57849267911868,0.278552032064074,1.74184226949327,0.159918057416938,5.51550941858872,106.44878410803,654.289840090892,0.162693622284036,,,,,,,,,,,,,,,TRUE,104,"Stress: pooled residual variance",2.21457852043542
0.488844875102781,0.0503777455544042,0.390106308193826,0.587583442011736,0,"Oracle: true predictors",,,,,,,,,,,,,,,,,,,,,,,,,,,,,,,,,,,,,,,,,,,,,,,,,,FALSE,104,"Factors: fixed measurement parameters",
0.36065833220103,0.0458230156757347,0.270846871813576,0.450469792588485,0,"Likelihood-only / naive OLS",,,,,,,,,,,,,,,,,,,,,,,,,,,,,,,,,,,,,,,,,,,,,,,,,,FALSE,104,"Factors: fixed measurement parameters",
0.45499037456739,0.0625404418278462,0.332413361007589,0.577567388127191,0,"Conditional posterior mean / naive OLS",,,,,,,,,,,,,,,,,,,,,,,,,,,,,,,,,,,,,,,,,,,,,,,,,,FALSE,104,"Factors: fixed measurement parameters",
0.439086015618198,0.062372305044369,0.316838544098489,0.561333487137907,0,"REPAIR / stabilized","stabilized",0.439086015618198,0.062372305044369,"ok","ok",2.87790067847497,2.87808033163153,,0.742919265149663,0.821552150269572,0.826497969872921,0.986666666666667,0.986666666666667,,1,1,"modified","modified","supplied",0,4,4,4,4,,,FALSE,2.8647324312016,0.497413631379411,1.74990556616913,0.284251699632194,2.86525155999873,181.366644020224,638.131096771576,0.284215335904787,,,,,,,,,,,,,,,FALSE,104,"Factors: fixed measurement parameters",
0.439085752784917,0.0627024064385686,0.31619129442133,0.561980211148504,0,"REPAIR / fuller_equations","fuller_equations",0.439085752784917,0.0627024064385686,"ok","ok",2.87790067847497,2.87808147101186,,0.742920933899788,0.822039267502831,0.827019630946685,0.986666666666667,0.986666666666667,,1,1,"fuller","fuller","supplied",0,4,4,4,4,,,FALSE,2.87598959131815,0.493941399121827,1.74990556616913,0.282267459839652,2.86525486167827,181.257457074962,637.747445928251,0.284215104634624,,,,,,,,,,,,,,,FALSE,104,"Factors: fixed measurement parameters",
0.696772122373935,0.0770006352742047,0.545853650449789,0.84769059429808,0,"Oracle: true predictors",,,,,,,,,,,,,,,,,,,,,,,,,,,,,,,,,,,,,,,,,,,,,,,,,,TRUE,105,"Stress: pooled residual variance",2.30295536501609
0.422495511195177,0.060528640883501,0.303861555030357,0.541129467359998,0,"Likelihood-only / naive OLS",,,,,,,,,,,,,,,,,,,,,,,,,,,,,,,,,,,,,,,,,,,,,,,,,,FALSE,105,"Stress: pooled residual variance",2.30295536501609
0.623330639739904,0.100045773579073,0.427244526719472,0.819416752760336,0,"Conditional posterior mean / naive OLS",,,,,,,,,,,,,,,,,,,,,,,,,,,,,,,,,,,,,,,,,,,,,,,,,,TRUE,105,"Stress: pooled residual variance",2.30295536501609
0.631769835312244,0.10763880922026,0.420801645901758,0.842738024722731,0,"REPAIR / stabilized","stabilized",0.631769835312244,0.10763880922026,"ok","ok",2.10545565460431,2.18415558159833,,0.517372592047245,0.56884770851162,0.683653190008947,0.986666666666667,0.986666666666667,,1,1,"modified","modified","supplied",0,4,4,4,4,,,FALSE,7.74430672998842,0.267192707239562,2.26284833538713,0.118078044852198,7.61814303253516,130.613592787694,1084.26038623804,0.120463307933689,,,,,,,,,,,,,,,TRUE,105,"Stress: pooled residual variance",2.30295536501609
0.631649379386234,0.108795955203442,0.418413225523854,0.844885533248614,0,"REPAIR / fuller_equations","fuller_equations",0.631649379386234,0.108795955203442,"ok","ok",2.10545565460431,2.18499882135504,,0.517377088946767,0.569467820601984,0.685691100768196,0.986666666666667,0.986666666666667,,1,1,"fuller","fuller","supplied",0,4,4,4,4,,,FALSE,7.81653557081861,0.264389035350968,2.26284833538713,0.116839043614355,7.6168820309768,130.375095529766,1082.06164108806,0.120487678870742,,,,,,,,,,,,,,,TRUE,105,"Stress: pooled residual variance",2.30295536501609
0.594509123742842,0.0509792902244892,0.494591550945429,0.694426696540256,0,"Oracle: true predictors",,,,,,,,,,,,,,,,,,,,,,,,,,,,,,,,,,,,,,,,,,,,,,,,,,TRUE,105,"Factors: fixed measurement parameters",
0.456277110711276,0.0473350489552127,0.363502119552618,0.549052101869933,0,"Likelihood-only / naive OLS",,,,,,,,,,,,,,,,,,,,,,,,,,,,,,,,,,,,,,,,,,,,,,,,,,FALSE,105,"Factors: fixed measurement parameters",
0.579659322153108,0.0646475622555344,0.45295242844395,0.706366215862267,0,"Conditional posterior mean / naive OLS",,,,,,,,,,,,,,,,,,,,,,,,,,,,,,,,,,,,,,,,,,,,,,,,,,TRUE,105,"Factors: fixed measurement parameters",
0.579138911788292,0.0696870983465591,0.442554708841935,0.715723114734648,0,"REPAIR / stabilized","stabilized",0.579138911788292,0.0696870983465591,"ok","ok",2.56350601630839,2.56458275412774,,0.632800241341213,0.763416465792733,0.770684375062186,0.986666666666667,0.986666666666667,,1,1,"modified","modified","supplied",0,4,4,4,4,,,FALSE,3.01774556973975,0.410320642157991,1.56459349154439,0.26225383422308,3.01528888497158,160.928014846402,613.169207854727,0.26245286420927,,,,,,,,,,,,,,,TRUE,105,"Factors: fixed measurement parameters",
0.579139210618116,0.0701745300215767,0.441599659143801,0.716678762092431,0,"REPAIR / fuller_equations","fuller_equations",0.579139210618116,0.0701745300215767,"ok","ok",2.56350601630839,2.56458846913675,,0.632803443793241,0.764355441581884,0.771671223242298,0.986666666666667,0.986666666666667,,1,1,"fuller","fuller","supplied",0,4,4,4,4,,,FALSE,3.03252007525491,0.406868419843609,1.56459349154439,0.260047368241316,3.01527583997745,160.728650514903,612.407120361364,0.262453921861754,,,,,,,,,,,,,,,TRUE,105,"Factors: fixed measurement parameters",
0.640111949889382,0.0728054974332341,0.49741579704372,0.782808102735044,0,"Oracle: true predictors",,,,,,,,,,,,,,,,,,,,,,,,,,,,,,,,,,,,,,,,,,,,,,,,,,TRUE,106,"Stress: pooled residual variance",2.22744714464528
0.381238958319862,0.0636807508852544,0.256426980076296,0.506050936563427,0,"Likelihood-only / naive OLS",,,,,,,,,,,,,,,,,,,,,,,,,,,,,,,,,,,,,,,,,,,,,,,,,,FALSE,106,"Stress: pooled residual variance",2.22744714464528
0.624894281239502,0.104426465822964,0.42022216919369,0.829566393285315,0,"Conditional posterior mean / naive OLS",,,,,,,,,,,,,,,,,,,,,,,,,,,,,,,,,,,,,,,,,,,,,,,,,,TRUE,106,"Stress: pooled residual variance",2.22744714464528
0.608126033731743,0.111954710402592,0.388698833443052,0.827553234020434,0,"REPAIR / stabilized","stabilized",0.608126033731743,0.111954710402592,"ok","ok",2.18112654410406,2.21485970321125,,0.59130320295472,0.628669639137613,0.713371254129569,0.986666666666667,0.986666666666667,,1,1,"modified","modified","supplied",0,4,4,4,4,,,FALSE,7.45110023064818,0.27345491027275,2.22517974614061,0.122891155533406,7.52262942445383,122.439786586335,1002.58863215229,0.122123653370664,,,,,,,,,,,,,,,TRUE,106,"Stress: pooled residual variance",2.22744714464528
0.608229920184505,0.113130740813141,0.386497742646412,0.829962097722598,0,"REPAIR / fuller_equations","fuller_equations",0.608229920184505,0.113130740813141,"ok","ok",2.18112654410406,2.21532174204592,,0.591307257349627,0.629228931022131,0.715207207799362,0.986666666666667,0.986666666666667,,1,1,"fuller","fuller","supplied",0,4,4,4,4,,,FALSE,7.51623150143381,0.270748029633926,2.22517974614061,0.121674678238248,7.52358120443127,122.230648840574,1000.95933322029,0.122113501302129,,,,,,,,,,,,,,,TRUE,106,"Stress: pooled residual variance",2.22744714464528
0.598020737704655,0.0484168408507421,0.503125473391993,0.692916002017317,0,"Oracle: true predictors",,,,,,,,,,,,,,,,,,,,,,,,,,,,,,,,,,,,,,,,,,,,,,,,,,TRUE,106,"Factors: fixed measurement parameters",
0.448344729107271,0.0442025821515217,0.361709260066615,0.534980198147926,0,"Likelihood-only / naive OLS",,,,,,,,,,,,,,,,,,,,,,,,,,,,,,,,,,,,,,,,,,,,,,,,,,FALSE,106,"Factors: fixed measurement parameters",
0.560988945878046,0.0605458277915731,0.442321303992398,0.679656587763693,0,"Conditional posterior mean / naive OLS",,,,,,,,,,,,,,,,,,,,,,,,,,,,,,,,,,,,,,,,,,,,,,,,,,TRUE,106,"Factors: fixed measurement parameters",
0.544201093871518,0.0657109758924576,0.415409947733321,0.672992240009715,0,"REPAIR / stabilized","stabilized",0.544201093871518,0.0657109758924576,"ok","ok",2.26672545318728,2.26603217215404,,0.547999563541989,0.694415219015423,0.707555155382142,0.986666666666667,0.986666666666667,,1,1,"modified","modified","supplied",0,4,4,4,4,,,FALSE,3.44816948588397,0.353292115557372,1.54124404355768,0.229225291759676,3.44938569355156,151.779568465383,662.421518800776,0.229128378468379,,,,,,,,,,,,,,,TRUE,106,"Factors: fixed measurement parameters",
0.54419597725496,0.0662111833341037,0.414424442546339,0.673967511963582,0,"REPAIR / fuller_equations","fuller_equations",0.54419597725496,0.0662111833341037,"ok","ok",2.26672545318728,2.26602543751129,,0.548003558233429,0.695562732914848,0.708852965147285,0.986666666666667,0.986666666666667,,1,1,"fuller","fuller","supplied",0,4,4,4,4,,,FALSE,3.47021631686313,0.349791648992616,1.54124404355768,0.226954096241103,3.44939741844885,151.521042287544,661.295911472178,0.229127444550848,,,,,,,,,,,,,,,TRUE,106,"Factors: fixed measurement parameters",
0.548841481755093,0.0862375988426262,0.379818893910332,0.717864069599853,0,"Oracle: true predictors",,,,,,,,,,,,,,,,,,,,,,,,,,,,,,,,,,,,,,,,,,,,,,,,,,TRUE,107,"Stress: pooled residual variance",2.23539576906509
0.401775200378893,0.0705347462101698,0.263529638148287,0.540020762609499,0,"Likelihood-only / naive OLS",,,,,,,,,,,,,,,,,,,,,,,,,,,,,,,,,,,,,,,,,,,,,,,,,,FALSE,107,"Stress: pooled residual variance",2.23539576906509
0.593605738881927,0.116980282758158,0.364328597774626,0.822882879989228,0,"Conditional posterior mean / naive OLS",,,,,,,,,,,,,,,,,,,,,,,,,,,,,,,,,,,,,,,,,,,,,,,,,,TRUE,107,"Stress: pooled residual variance",2.23539576906509
0.624640155774221,0.121384342727578,0.386731215741102,0.862549095807339,0,"REPAIR / stabilized","stabilized",0.624640155774221,0.121384342727578,"ok","ok",2.25937221929421,2.30856327826398,,0.718922428268848,0.766010759159587,0.871400141227404,0.986666666666667,0.986666666666667,,1,1,"modified","modified","supplied",0,4,4,4,4,,,FALSE,7.47652971865429,0.301828133094938,2.4447394316666,0.123460246595352,7.56041197289677,110.666403176847,903.632031663012,0.122468437703764,,,,,,,,,,,,,,,TRUE,107,"Stress: pooled residual variance",2.23539576906509
0.624505770805466,0.122584470816033,0.384244622942139,0.864766918668793,0,"REPAIR / fuller_equations","fuller_equations",0.624505770805466,0.122584470816033,"ok","ok",2.25937221929421,2.30919733762527,,0.718927209952958,0.766673872442526,0.873564311324062,0.986666666666667,0.986666666666667,,1,1,"fuller","fuller","supplied",0,4,4,4,4,,,FALSE,7.53600002153093,0.299109005556963,2.4447394316666,0.122348010459772,7.56146510309552,110.482282858598,902.219656852807,0.1224560804228,,,,,,,,,,,,,,,TRUE,107,"Stress: pooled residual variance",2.23539576906509
0.670202844462749,0.0516433901343508,0.56898365975987,0.771422029165628,0,"Oracle: true predictors",,,,,,,,,,,,,,,,,,,,,,,,,,,,,,,,,,,,,,,,,,,,,,,,,,TRUE,107,"Factors: fixed measurement parameters",
0.486987659366839,0.0469447639266814,0.394977612807808,0.578997705925869,0,"Likelihood-only / naive OLS",,,,,,,,,,,,,,,,,,,,,,,,,,,,,,,,,,,,,,,,,,,,,,,,,,FALSE,107,"Factors: fixed measurement parameters",
0.61722231151464,0.063495133678925,0.492774136310391,0.741670486718889,0,"Conditional posterior mean / naive OLS",,,,,,,,,,,,,,,,,,,,,,,,,,,,,,,,,,,,,,,,,,,,,,,,,,TRUE,107,"Factors: fixed measurement parameters",
0.634459467539869,0.0679571039814167,0.501265991242649,0.76765294383709,0,"REPAIR / stabilized","stabilized",0.634459467539869,0.0679571039814167,"ok","ok",2.38289745592642,2.38213312162117,,0.593937133202395,0.75907562931047,0.769616401028062,0.986666666666667,0.986666666666667,,1,1,"modified","modified","supplied",0,4,4,4,4,,,FALSE,2.36024505205149,0.40747157269897,1.28214730462167,0.317804023944975,2.35878817888682,160.371425692373,504.477092970933,0.31789634837119,,,,,,,,,,,,,,,TRUE,107,"Factors: fixed measurement parameters",
0.634459536405777,0.0684035233867544,0.500391094152095,0.768527978659459,0,"REPAIR / fuller_equations","fuller_equations",0.634459536405777,0.0684035233867544,"ok","ok",2.38289745592642,2.3821251151978,,0.593942494138803,0.760632095999469,0.77130598485929,0.986666666666667,0.986666666666667,,1,1,"fuller","fuller","supplied",0,4,4,4,4,,,FALSE,2.37026899359535,0.403927837037318,1.28214730462167,0.315040117138886,2.35877297418237,160.036314442211,503.421416326116,0.317897310786119,,,,,,,,,,,,,,,TRUE,107,"Factors: fixed measurement parameters",
0.714302326591235,0.0838349547979189,0.54998883454177,0.878615818640699,0,"Oracle: true predictors",,,,,,,,,,,,,,,,,,,,,,,,,,,,,,,,,,,,,,,,,,,,,,,,,,TRUE,108,"Stress: pooled residual variance",2.21240035595977
0.406585021375556,0.0682071027643771,0.272901556467554,0.540268486283557,0,"Likelihood-only / naive OLS",,,,,,,,,,,,,,,,,,,,,,,,,,,,,,,,,,,,,,,,,,,,,,,,,,FALSE,108,"Stress: pooled residual variance",2.21240035595977
0.679996761085164,0.111594006300287,0.461276527846067,0.898716994324262,0,"Conditional posterior mean / naive OLS",,,,,,,,,,,,,,,,,,,,,,,,,,,,,,,,,,,,,,,,,,,,,,,,,,TRUE,108,"Stress: pooled residual variance",2.21240035595977
0.624979608899117,0.112470219509423,0.404542029327335,0.845417188470899,0,"REPAIR / stabilized","stabilized",0.624979608899117,0.112470219509423,"ok","ok",2.36927468471625,2.40543943974239,,0.739844880840735,0.7783193465281,0.865737595498872,0.986666666666667,0.986666666666667,,1,1,"modified","modified","supplied",0,4,4,4,4,,,FALSE,6.39944362463434,0.316972793596615,2.2135725332988,0.14319512409392,6.41608592883023,116.141643718462,811.10571250504,0.143189280913541,,,,,,,,,,,,,,,TRUE,108,"Stress: pooled residual variance",2.21240035595977
0.625075631600993,0.113475939222358,0.402666877613316,0.847484385588671,0,"REPAIR / fuller_equations","fuller_equations",0.625075631600993,0.113475939222358,"ok","ok",2.36927468471625,2.40589580114113,,0.739848684497012,0.77884506131541,0.867461531783321,0.986666666666667,0.986666666666667,,1,1,"fuller","fuller","supplied",0,4,4,4,4,,,FALSE,6.44657406444151,0.314267440364906,2.2135725332988,0.141972958029329,6.41629074868674,115.992743309696,810.066234475118,0.143189208947653,,,,,,,,,,,,,,,TRUE,108,"Stress: pooled residual variance",2.21240035595977
0.540381209971695,0.0428085642893729,0.456477965734657,0.624284454208734,0,"Oracle: true predictors",,,,,,,,,,,,,,,,,,,,,,,,,,,,,,,,,,,,,,,,,,,,,,,,,,TRUE,108,"Factors: fixed measurement parameters",
0.395763499381371,0.0421327145287729,0.313184896334068,0.478342102428673,0,"Likelihood-only / naive OLS",,,,,,,,,,,,,,,,,,,,,,,,,,,,,,,,,,,,,,,,,,,,,,,,,,FALSE,108,"Factors: fixed measurement parameters",
0.506090558479667,0.057349147867804,0.393688294114709,0.618492822844625,0,"Conditional posterior mean / naive OLS",,,,,,,,,,,,,,,,,,,,,,,,,,,,,,,,,,,,,,,,,,,,,,,,,,TRUE,108,"Factors: fixed measurement parameters",
0.489007098140972,0.0569736742039095,0.377340748634391,0.600673447647553,0,"REPAIR / stabilized","stabilized",0.489007098140972,0.0569736742039095,"ok","ok",2.69204023441645,2.6936501418786,,0.615230513980306,0.70529703116103,0.709813317859683,0.986666666666667,0.986666666666667,,1,1,"modified","modified","supplied",0,4,4,4,4,,,FALSE,2.71351623586752,0.463871721327849,1.57876006786756,0.293820277551359,2.71186614295876,197.106889901063,670.436643736334,0.29399778747562,,,,,,,,,,,,,,,TRUE,108,"Factors: fixed measurement parameters",
0.489007459987668,0.0572682765657712,0.376763700462077,0.601251219513258,0,"REPAIR / fuller_equations","fuller_equations",0.489007459987668,0.0572682765657712,"ok","ok",2.69204023441645,2.69366351960107,,0.615232668988647,0.705926484791624,0.710484548151328,0.986666666666667,0.986666666666667,,1,1,"fuller","fuller","supplied",0,4,4,4,4,,,FALSE,2.72503977830991,0.460326976183951,1.57876006786756,0.291575005951168,2.71185244345255,196.929459171724,669.829773460986,0.293999262162082,,,,,,,,,,,,,,,TRUE,108,"Factors: fixed measurement parameters",
0.423554135484699,0.0744492428522721,0.27763630081797,0.569471970151428,0,"Oracle: true predictors",,,,,,,,,,,,,,,,,,,,,,,,,,,,,,,,,,,,,,,,,,,,,,,,,,FALSE,109,"Stress: pooled residual variance",2.21844884361719
0.262135233115902,0.0585044738356704,0.147468571463523,0.376801894768282,0,"Likelihood-only / naive OLS",,,,,,,,,,,,,,,,,,,,,,,,,,,,,,,,,,,,,,,,,,,,,,,,,,FALSE,109,"Stress: pooled residual variance",2.21844884361719
0.353537310202838,0.0971724473726163,0.163082813062896,0.54399180734278,0,"Conditional posterior mean / naive OLS",,,,,,,,,,,,,,,,,,,,,,,,,,,,,,,,,,,,,,,,,,,,,,,,,,FALSE,109,"Stress: pooled residual variance",2.21844884361719
0.356892926659402,0.100088688434599,0.160722702067737,0.553063151251067,0,"REPAIR / stabilized","stabilized",0.356892926659402,0.100088688434599,"ok","ok",2.29385023546224,2.32962596314597,,0.520243162662904,0.544804788273021,0.597568171248057,0.986666666666667,0.986666666666667,,1,1,"modified","modified","supplied",0,4,4,4,4,,,FALSE,7.59842327811452,0.268164240231723,2.22533187657205,0.120505279709025,7.58432354033809,141.318523651454,1168.26836983231,0.120964092926473,,,,,,,,,,,,,,,FALSE,109,"Stress: pooled residual variance",2.21844884361719
0.356847580688272,0.101074910371639,0.158744396619246,0.554950764757298,0,"REPAIR / fuller_equations","fuller_equations",0.356847580688272,0.101074910371639,"ok","ok",2.29385023546224,2.32988014447076,,0.520244449360974,0.544985461080722,0.598150463704096,0.986666666666667,0.986666666666667,,1,1,"fuller","fuller","supplied",0,4,4,4,4,,,FALSE,7.66571621078527,0.265479368280106,2.22533187657205,0.119298775645571,7.58422648656784,141.229586414849,1167.50242955084,0.120967274105958,,,,,,,,,,,,,,,FALSE,109,"Stress: pooled residual variance",2.21844884361719
0.556169238758624,0.0492039098785564,0.459731347498099,0.652607130019149,0,"Oracle: true predictors",,,,,,,,,,,,,,,,,,,,,,,,,,,,,,,,,,,,,,,,,,,,,,,,,,TRUE,109,"Factors: fixed measurement parameters",
0.467212693331977,0.0434693582206212,0.38201431678849,0.552411069875465,0,"Likelihood-only / naive OLS",,,,,,,,,,,,,,,,,,,,,,,,,,,,,,,,,,,,,,,,,,,,,,,,,,FALSE,109,"Factors: fixed measurement parameters",
0.595655814645386,0.0591490485837376,0.47972580970145,0.711585819589321,0,"Conditional posterior mean / naive OLS",,,,,,,,,,,,,,,,,,,,,,,,,,,,,,,,,,,,,,,,,,,,,,,,,,TRUE,109,"Factors: fixed measurement parameters",
0.578272416240788,0.0593925315717,0.461865193409598,0.694679639071978,0,"REPAIR / stabilized","stabilized",0.578272416240788,0.0593925315717,"ok","ok",2.70112950891189,2.7020115941955,,0.618971633848355,0.747784343007809,0.754730772805192,0.986666666666667,0.986666666666667,,1,1,"modified","modified","supplied",0,4,4,4,4,,,FALSE,2.68637010472765,0.466920128615688,1.5753776364518,0.296386160252551,2.68556843592393,186.90843973957,630.449831945645,0.296468379034613,,,,,,,,,,,,,,,TRUE,109,"Factors: fixed measurement parameters",
0.578273685218595,0.0597122984387403,0.461239730844557,0.695307639592634,0,"REPAIR / fuller_equations","fuller_equations",0.578273685218595,0.0597122984387403,"ok","ok",2.70112950891189,2.70201854010421,,0.618974747792349,0.748693064007341,0.755703074135963,0.986666666666667,0.986666666666667,,1,1,"fuller","fuller","supplied",0,4,4,4,4,,,FALSE,2.69749247434825,0.463390133750045,1.5753776364518,0.294145430929013,2.68556212518805,186.678340936397,629.672324211213,0.296469026442042,,,,,,,,,,,,,,,TRUE,109,"Factors: fixed measurement parameters",
0.539732579253513,0.094506032826854,0.354504158591119,0.724960999915907,0,"Oracle: true predictors",,,,,,,,,,,,,,,,,,,,,,,,,,,,,,,,,,,,,,,,,,,,,,,,,,TRUE,110,"Stress: pooled residual variance",2.24851796418596
0.305294042287267,0.0772059172237433,0.15397322513535,0.456614859439184,0,"Likelihood-only / naive OLS",,,,,,,,,,,,,,,,,,,,,,,,,,,,,,,,,,,,,,,,,,,,,,,,,,FALSE,110,"Stress: pooled residual variance",2.24851796418596
0.509990941212499,0.12933374990938,0.256501449404604,0.763480433020394,0,"Conditional posterior mean / naive OLS",,,,,,,,,,,,,,,,,,,,,,,,,,,,,,,,,,,,,,,,,,,,,,,,,,TRUE,110,"Stress: pooled residual variance",2.24851796418596
0.521099676537366,0.153779972092799,0.219696469691906,0.822502883382826,0,"REPAIR / stabilized","stabilized",0.521099676537366,0.153779972092799,"ok","ok",1.9502946458988,1.97167382618198,,0.74696407357073,0.784234553519273,0.866035298865617,0.986666666666667,0.986666666666667,,1,1,"modified","modified","supplied",0,4,4,4,4,,,FALSE,9.92584857947439,0.207507658540975,2.2483432299126,0.0922935856857767,9.97294838595076,75.5424014613756,820.426396974059,0.0920770001306579,,,,,,,,,,,,,,,TRUE,110,"Stress: pooled residual variance",2.24851796418596
0.521248596755682,0.155893921059334,0.215702126070657,0.826795067440706,0,"REPAIR / fuller_equations","fuller_equations",0.521248596755682,0.155893921059334,"ok","ok",1.9502946458988,1.97196263957449,,0.746967881926771,0.784761158281295,0.867755938248893,0.986666666666667,0.986666666666667,,1,1,"fuller","fuller","supplied",0,4,4,4,4,,,FALSE,10.0463501034312,0.204764984977818,2.2483432299126,0.0910737214200953,9.97357836165279,75.4434033250678,819.377213771869,0.092074080236838,,,,,,,,,,,,,,,TRUE,110,"Stress: pooled residual variance",2.24851796418596
0.621753002743989,0.0471542923783226,0.529332287966006,0.714173717521973,0,"Oracle: true predictors",,,,,,,,,,,,,,,,,,,,,,,,,,,,,,,,,,,,,,,,,,,,,,,,,,TRUE,110,"Factors: fixed measurement parameters",
0.500376067923008,0.0457724094392844,0.410663793936389,0.590088341909626,0,"Likelihood-only / naive OLS",,,,,,,,,,,,,,,,,,,,,,,,,,,,,,,,,,,,,,,,,,,,,,,,,,FALSE,110,"Factors: fixed measurement parameters",
0.645397841854164,0.0621138151117402,0.523657001292773,0.767138682415554,0,"Conditional posterior mean / naive OLS",,,,,,,,,,,,,,,,,,,,,,,,,,,,,,,,,,,,,,,,,,,,,,,,,,TRUE,110,"Factors: fixed measurement parameters",
0.652001642992138,0.0650423835132574,0.524520913837512,0.779482372146764,0,"REPAIR / stabilized","stabilized",0.652001642992138,0.0650423835132574,"ok","ok",2.76674049941081,2.76675440584847,,0.606625044515865,0.745066573339685,0.748374783091385,0.986666666666667,0.986666666666667,,1,1,"modified","modified","supplied",0,4,4,4,4,,,FALSE,2.28212166611862,0.510324493014069,1.49111084348402,0.342244505325763,2.28311291222588,205.201478046517,599.802211636561,0.342115240766826,,,,,,,,,,,,,,,TRUE,110,"Factors: fixed measurement parameters",
0.652001620300462,0.0654341537285317,0.523753035633683,0.780250204967242,0,"REPAIR / fuller_equations","fuller_equations",0.652001620300462,0.0654341537285317,"ok","ok",2.76674049941081,2.76675444346087,,0.606628754228648,0.746164069769068,0.749486593135566,0.986666666666667,0.986666666666667,,1,1,"fuller","fuller","supplied",0,4,4,4,4,,,FALSE,2.28896358066444,0.506873415648843,1.49111084348402,0.339930071505966,2.28311572831962,204.898864136753,598.918316363186,0.342114873662508,,,,,,,,,,,,,,,TRUE,110,"Factors: fixed measurement parameters",
0.672671871028253,0.0779404806391845,0.51991133603771,0.825432406018796,0,"Oracle: true predictors",,,,,,,,,,,,,,,,,,,,,,,,,,,,,,,,,,,,,,,,,,,,,,,,,,TRUE,111,"Stress: pooled residual variance",2.18528317221487
0.38352122705215,0.0633585409850023,0.259340768608541,0.50770168549576,0,"Likelihood-only / naive OLS",,,,,,,,,,,,,,,,,,,,,,,,,,,,,,,,,,,,,,,,,,,,,,,,,,FALSE,111,"Stress: pooled residual variance",2.18528317221487
0.609280688159225,0.106925439917131,0.399710676890548,0.818850699427903,0,"Conditional posterior mean / naive OLS",,,,,,,,,,,,,,,,,,,,,,,,,,,,,,,,,,,,,,,,,,,,,,,,,,TRUE,111,"Stress: pooled residual variance",2.18528317221487
0.555322399181712,0.103287523622434,0.352882572829411,0.757762225534013,0,"REPAIR / stabilized","stabilized",0.555322399181712,0.103287523622434,"ok","ok",2.43602690955733,2.46984557760706,,0.648244939311295,0.684034210018189,0.76392699405506,0.986666666666667,0.986666666666667,,1,1,"modified","modified","supplied",0,4,4,4,4,,,FALSE,5.99029174894155,0.31286441414022,2.05844115100054,0.15199094420948,6.01451128790045,129.37381020354,852.531244780986,0.151752573287535,,,,,,,,,,,,,,,TRUE,111,"Stress: pooled residual variance",2.18528317221487
0.555340844026397,0.104184471895296,0.351143031363292,0.759538656689502,0,"REPAIR / fuller_equations","fuller_equations",0.555340844026397,0.104184471895296,"ok","ok",2.43602690955733,2.47017181828361,,0.648247625100549,0.68440660442791,0.765145184576844,0.986666666666667,0.986666666666667,,1,1,"fuller","fuller","supplied",0,4,4,4,4,,,FALSE,6.03349548373642,0.31021144576724,2.05844115100054,0.150702120202201,6.0147536756943,129.232849877641,851.616735561781,0.151750012043141,,,,,,,,,,,,,,,TRUE,111,"Stress: pooled residual variance",2.18528317221487
0.559955158650231,0.0514879995019785,0.459040533990337,0.660869783310125,0,"Oracle: true predictors",,,,,,,,,,,,,,,,,,,,,,,,,,,,,,,,,,,,,,,,,,,,,,,,,,TRUE,111,"Factors: fixed measurement parameters",
0.390211287647493,0.046406907610463,0.299255420097108,0.481167155197878,0,"Likelihood-only / naive OLS",,,,,,,,,,,,,,,,,,,,,,,,,,,,,,,,,,,,,,,,,,,,,,,,,,FALSE,111,"Factors: fixed measurement parameters",
0.487037514571065,0.0628363432388195,0.363880544902782,0.610194484239348,0,"Conditional posterior mean / naive OLS",,,,,,,,,,,,,,,,,,,,,,,,,,,,,,,,,,,,,,,,,,,,,,,,,,TRUE,111,"Factors: fixed measurement parameters",
0.480629163267904,0.0623604346568313,0.358404957280251,0.602853369255557,0,"REPAIR / stabilized","stabilized",0.480629163267904,0.0623604346568313,"ok","ok",2.87645259313515,2.8772765142274,,0.72076539349612,0.839131803398532,0.850309315906068,0.986666666666667,0.986666666666667,,1,1,"modified","modified","supplied",0,4,4,4,4,,,FALSE,2.23290711566721,0.543604210804604,1.53658776575709,0.353773616397867,2.23202394183113,193.72410558668,547.388235600255,0.353906227769483,,,,,,,,,,,,,,,TRUE,111,"Factors: fixed measurement parameters",
0.480628415148819,0.0626712210680908,0.357795078988213,0.603461751309425,0,"REPAIR / fuller_equations","fuller_equations",0.480628415148819,0.0626712210680908,"ok","ok",2.87645259313515,2.87728357080294,,0.720768567900041,0.8400466797756,0.851333295240226,0.986666666666667,0.986666666666667,,1,1,"fuller","fuller","supplied",0,4,4,4,4,,,FALSE,2.23934466850909,0.540097837389332,1.53658776575709,0.351491694405897,2.2320163735206,193.507822083684,546.775347082866,0.353907364543919,,,,,,,,,,,,,,,TRUE,111,"Factors: fixed measurement parameters",
0.505069491285946,0.0730064000433601,0.361979576560037,0.648159406011855,0,"Oracle: true predictors",,,,,,,,,,,,,,,,,,,,,,,,,,,,,,,,,,,,,,,,,,,,,,,,,,TRUE,112,"Stress: pooled residual variance",2.22400123502044
0.402682072863007,0.0585294137300923,0.287966529915782,0.517397615810232,0,"Likelihood-only / naive OLS",,,,,,,,,,,,,,,,,,,,,,,,,,,,,,,,,,,,,,,,,,,,,,,,,,FALSE,112,"Stress: pooled residual variance",2.22400123502044
0.624772816112997,0.0997747878156212,0.429217825429253,0.82032780679674,0,"Conditional posterior mean / naive OLS",,,,,,,,,,,,,,,,,,,,,,,,,,,,,,,,,,,,,,,,,,,,,,,,,,TRUE,112,"Stress: pooled residual variance",2.22400123502044
0.600011264490008,0.101080524810637,0.401897076322751,0.798125452657265,0,"REPAIR / stabilized","stabilized",0.600011264490008,0.101080524810637,"ok","ok",2.23469526968555,2.27644987629779,,0.502701927320164,0.545929290092801,0.642389217669711,0.986666666666667,0.986666666666667,,1,1,"modified","modified","supplied",0,4,4,4,4,,,FALSE,6.7758609711926,0.282993868767877,2.1053372352639,0.134417357954724,6.94122704216247,142.170322093701,1078.32656561566,0.131843475461935,,,,,,,,,,,,,,,TRUE,112,"Stress: pooled residual variance",2.22400123502044
0.599993361480475,0.102094136022303,0.399892531844027,0.800094191116922,0,"REPAIR / fuller_equations","fuller_equations",0.599993361480475,0.102094136022303,"ok","ok",2.23469526968555,2.27688561601029,,0.502705554776737,0.546431726730575,0.644033299548784,0.986666666666667,0.986666666666667,,1,1,"fuller","fuller","supplied",0,4,4,4,4,,,FALSE,6.83199509032583,0.280297307005948,2.1053372352639,0.133136536185763,6.94290649695636,141.916197243101,1076.60857223167,0.131817822097522,,,,,,,,,,,,,,,TRUE,112,"Stress: pooled residual variance",2.22400123502044
0.603394562088516,0.047006526364645,0.51126346337548,0.695525660801553,0,"Oracle: true predictors",,,,,,,,,,,,,,,,,,,,,,,,,,,,,,,,,,,,,,,,,,,,,,,,,,TRUE,112,"Factors: fixed measurement parameters",
0.532934864818759,0.0454928425559024,0.44377053185484,0.622099197782679,0,"Likelihood-only / naive OLS",,,,,,,,,,,,,,,,,,,,,,,,,,,,,,,,,,,,,,,,,,,,,,,,,,TRUE,112,"Factors: fixed measurement parameters",
0.688774611197517,0.0613085565288404,0.568612048456852,0.808937173938182,0,"Conditional posterior mean / naive OLS",,,,,,,,,,,,,,,,,,,,,,,,,,,,,,,,,,,,,,,,,,,,,,,,,,TRUE,112,"Factors: fixed measurement parameters",
0.677476298505633,0.0613562461712599,0.55722026578339,0.797732331227876,0,"REPAIR / stabilized","stabilized",0.677476298505633,0.0613562461712599,"ok","ok",2.77547308151347,2.77548087088273,,0.668465002959787,0.823317438002978,0.828058318023298,0.986666666666667,0.986666666666667,,1,1,"modified","modified","supplied",0,4,4,4,4,,,FALSE,2.10470447936911,0.525466627453041,1.42295658322076,0.369278046603281,2.10326805073099,191.226797648679,517.534705172714,0.369495602396099,,,,,,,,,,,,,,,TRUE,112,"Factors: fixed measurement parameters",
0.677476057892163,0.0616599402384054,0.556624795735997,0.79832732004833,0,"REPAIR / fuller_equations","fuller_equations",0.677476057892163,0.0616599402384054,"ok","ok",2.77547308151347,2.77548093218295,,0.668469094368338,0.824519790646629,0.829309187090244,0.986666666666667,0.986666666666667,,1,1,"fuller","fuller","supplied",0,4,4,4,4,,,FALSE,2.11102465998691,0.521872983424961,1.42295658322076,0.366752569669933,2.10325552616539,190.945832972657,516.771650015377,0.369497500427849,,,,,,,,,,,,,,,TRUE,112,"Factors: fixed measurement parameters",
0.630446661592282,0.086485924013562,0.460937365356033,0.799955957828531,0,"Oracle: true predictors",,,,,,,,,,,,,,,,,,,,,,,,,,,,,,,,,,,,,,,,,,,,,,,,,,TRUE,113,"Stress: pooled residual variance",2.19083916834716
0.353632238362487,0.0698935660478351,0.216643366157659,0.490621110567315,0,"Likelihood-only / naive OLS",,,,,,,,,,,,,,,,,,,,,,,,,,,,,,,,,,,,,,,,,,,,,,,,,,FALSE,113,"Stress: pooled residual variance",2.19083916834716
0.527503317841321,0.11561608406155,0.300899957047128,0.754106678635514,0,"Conditional posterior mean / naive OLS",,,,,,,,,,,,,,,,,,,,,,,,,,,,,,,,,,,,,,,,,,,,,,,,,,TRUE,113,"Stress: pooled residual variance",2.19083916834716
0.568685409634495,0.125629861349212,0.32245540600728,0.814915413261711,0,"REPAIR / stabilized","stabilized",0.568685409634495,0.125629861349212,"ok","ok",2.16088917904091,2.19559241270183,,0.668495666308917,0.704511055200317,0.785562544188807,0.986666666666667,0.986666666666667,,1,1,"modified","modified","supplied",0,4,4,4,4,,,FALSE,7.51931351519307,0.265857370779265,2.18311869494362,0.121778706487661,7.5341878754712,107.073414250947,879.00608012086,0.121811915380863,,,,,,,,,,,,,,,TRUE,113,"Stress: pooled residual variance",2.19083916834716
0.568586434414324,0.12701062557174,0.319650182639813,0.817522686188836,0,"REPAIR / fuller_equations","fuller_equations",0.568586434414324,0.12701062557174,"ok","ok",2.16088917904091,2.19609589665178,,0.668499723447116,0.705071310756645,0.787398319584089,0.986666666666667,0.986666666666667,,1,1,"fuller","fuller","supplied",0,4,4,4,4,,,FALSE,7.58612250097001,0.26318824203312,2.18311869494362,0.120556084578771,7.53440131018358,106.906329214493,877.631371579958,0.121812337931852,,,,,,,,,,,,,,,TRUE,113,"Stress: pooled residual variance",2.19083916834716
0.609874750628607,0.0437695405331732,0.524088027563722,0.695661473693492,0,"Oracle: true predictors",,,,,,,,,,,,,,,,,,,,,,,,,,,,,,,,,,,,,,,,,,,,,,,,,,TRUE,113,"Factors: fixed measurement parameters",
0.48962011342742,0.0434505648161155,0.404458571279911,0.57478165557493,0,"Likelihood-only / naive OLS",,,,,,,,,,,,,,,,,,,,,,,,,,,,,,,,,,,,,,,,,,,,,,,,,,FALSE,113,"Factors: fixed measurement parameters",
0.626565128869793,0.0590502602072737,0.510828745585818,0.742301512153769,0,"Conditional posterior mean / naive OLS",,,,,,,,,,,,,,,,,,,,,,,,,,,,,,,,,,,,,,,,,,,,,,,,,,TRUE,113,"Factors: fixed measurement parameters",
0.59903196538318,0.0573705627741493,0.486587728573053,0.711476202193307,0,"REPAIR / stabilized","stabilized",0.59903196538318,0.0573705627741493,"ok","ok",3.24687921139234,3.24844501900659,,0.674200258491618,0.805012363736497,0.810855514935507,0.986666666666667,0.986666666666667,,1,1,"modified","modified","supplied",0,4,4,4,4,,,FALSE,2.39933259468184,0.596325619339777,1.75467380428091,0.33984984438983,2.39925350675123,221.916616731777,652.905656135335,0.339890786128797,,,,,,,,,,,,,,,TRUE,113,"Factors: fixed measurement parameters",
0.599033015783517,0.0576342073224307,0.486072045154038,0.711993986412995,0,"REPAIR / fuller_equations","fuller_equations",0.599033015783517,0.0576342073224307,"ok","ok",3.24687921139234,3.24845338082967,,0.674202990520065,0.805814733439919,0.811695114622977,0.986666666666667,0.986666666666667,,1,1,"fuller","fuller","supplied",0,4,4,4,4,,,FALSE,2.40607765290377,0.592837406965057,1.75467380428091,0.337861889496898,2.39925308520217,221.693981361124,652.250216555125,0.33989100460864,,,,,,,,,,,,,,,TRUE,113,"Factors: fixed measurement parameters",
0.532811753344615,0.0877586979763184,0.360807865980903,0.704815640708327,0,"Oracle: true predictors",,,,,,,,,,,,,,,,,,,,,,,,,,,,,,,,,,,,,,,,,,,,,,,,,,TRUE,114,"Stress: pooled residual variance",2.19527993262612
0.286330282842692,0.0753167937717487,0.138712079619034,0.43394848606635,0,"Likelihood-only / naive OLS",,,,,,,,,,,,,,,,,,,,,,,,,,,,,,,,,,,,,,,,,,,,,,,,,,FALSE,114,"Stress: pooled residual variance",2.19527993262612
0.426925147361606,0.127362803774082,0.177298638994364,0.676551655728849,0,"Conditional posterior mean / naive OLS",,,,,,,,,,,,,,,,,,,,,,,,,,,,,,,,,,,,,,,,,,,,,,,,,,TRUE,114,"Stress: pooled residual variance",2.19527993262612
0.431669360826907,0.134525698094025,0.168003837567508,0.695334884086305,0,"REPAIR / stabilized","stabilized",0.431669360826907,0.134525698094025,"ok","ok",2.17819259933749,2.19318978497189,,0.823193568839145,0.848506333133484,0.904235860214279,0.986666666666667,0.986666666666667,,1,1,"modified","modified","supplied",0,4,4,4,4,,,FALSE,8.55400145277076,0.243576932731807,2.26886139200849,0.107356462404335,8.60790484446452,83.0820036783493,777.630868489687,0.106839899295293,,,,,,,,,,,,,,,TRUE,114,"Stress: pooled residual variance",2.19527993262612
0.431659266182993,0.136000981184657,0.165102241198956,0.69821629116703,0,"REPAIR / fuller_equations","fuller_equations",0.431659266182993,0.136000981184657,"ok","ok",2.17819259933749,2.19335238221002,,0.823195584196842,0.848785818961286,0.905148584482071,0.986666666666667,0.986666666666667,,1,1,"fuller","fuller","supplied",0,4,4,4,4,,,FALSE,8.63815401756593,0.240914194689894,2.26886139200849,0.106182861385211,8.60848307923134,83.0232378560996,777.120945093008,0.106834384506472,,,,,,,,,,,,,,,TRUE,114,"Stress: pooled residual variance",2.19527993262612
0.633561328384514,0.0491617053161877,0.537206156546215,0.729916500222813,0,"Oracle: true predictors",,,,,,,,,,,,,,,,,,,,,,,,,,,,,,,,,,,,,,,,,,,,,,,,,,TRUE,114,"Factors: fixed measurement parameters",
0.479189497764323,0.0481214382115226,0.38487321198547,0.573505783543177,0,"Likelihood-only / naive OLS",,,,,,,,,,,,,,,,,,,,,,,,,,,,,,,,,,,,,,,,,,,,,,,,,,FALSE,114,"Factors: fixed measurement parameters",
0.61188929384872,0.0651377154823277,0.48422171746814,0.739556870229299,0,"Conditional posterior mean / naive OLS",,,,,,,,,,,,,,,,,,,,,,,,,,,,,,,,,,,,,,,,,,,,,,,,,,TRUE,114,"Factors: fixed measurement parameters",
0.623183320018929,0.0686760169541334,0.488580800187165,0.757785839850692,0,"REPAIR / stabilized","stabilized",0.623183320018929,0.0686760169541334,"ok","ok",2.59725721740847,2.59864101084424,,0.65815554054516,0.804593853906764,0.812024368316171,0.986666666666667,0.986666666666667,,1,1,"modified","modified","supplied",0,4,4,4,4,,,FALSE,2.33592151131553,0.436730453011314,1.34237875206721,0.325340707560192,2.33350878607926,162.596110205872,499.27005468153,0.325667659578718,,,,,,,,,,,,,,,TRUE,114,"Factors: fixed measurement parameters",
0.623190378550998,0.0691015208773848,0.487753886354381,0.758626870747615,0,"REPAIR / fuller_equations","fuller_equations",0.623190378550998,0.0691015208773848,"ok","ok",2.59725721740847,2.59865290502552,,0.658159844966844,0.805851990852511,0.813358802911926,0.986666666666667,0.986666666666667,,1,1,"fuller","fuller","supplied",0,4,4,4,4,,,FALSE,2.34485638153584,0.433214307690314,1.34237875206721,0.322721368334518,2.33348797971395,162.340170054436,498.479841008223,0.325670481931801,,,,,,,,,,,,,,,TRUE,114,"Factors: fixed measurement parameters",
0.642990636885744,0.0802479481074217,0.485707548761958,0.80027372500953,0,"Oracle: true predictors",,,,,,,,,,,,,,,,,,,,,,,,,,,,,,,,,,,,,,,,,,,,,,,,,,TRUE,115,"Stress: pooled residual variance",2.26030071961617
0.371097502990975,0.062538276298953,0.248524733789813,0.493670272192138,0,"Likelihood-only / naive OLS",,,,,,,,,,,,,,,,,,,,,,,,,,,,,,,,,,,,,,,,,,,,,,,,,,FALSE,115,"Stress: pooled residual variance",2.26030071961617
0.626367635613293,0.103372211357418,0.423761824350492,0.828973446876094,0,"Conditional posterior mean / naive OLS",,,,,,,,,,,,,,,,,,,,,,,,,,,,,,,,,,,,,,,,,,,,,,,,,,TRUE,115,"Stress: pooled residual variance",2.26030071961617
0.558076008182376,0.100333832783255,0.361425309496331,0.754726706868421,0,"REPAIR / stabilized","stabilized",0.558076008182376,0.100333832783255,"ok","ok",2.50718013511159,2.53543989595824,,0.640531983900156,0.679407955075978,0.765481756347867,0.986666666666667,0.986666666666667,,1,1,"modified","modified","supplied",0,4,4,4,4,,,FALSE,5.59198668725185,0.350664317784945,2.15088737253802,0.163032394100285,5.6292371589464,144.833951331206,892.080447116161,0.162355258205033,,,,,,,,,,,,,,,TRUE,115,"Stress: pooled residual variance",2.26030071961617
0.558208372051195,0.101163991108038,0.35993059294711,0.756486151155279,0,"REPAIR / fuller_equations","fuller_equations",0.558208372051195,0.101163991108038,"ok","ok",2.50718013511159,2.53572084832168,,0.640534972974247,0.679824614220997,0.766835606529839,0.986666666666667,0.986666666666667,,1,1,"fuller","fuller","supplied",0,4,4,4,4,,,FALSE,5.62885260545455,0.347911679377212,2.15088737253802,0.161752625367214,5.62959998406901,144.65415129986,891.009048256775,0.162348689480617,,,,,,,,,,,,,,,TRUE,115,"Stress: pooled residual variance",2.26030071961617
0.569967789488062,0.0482513386354102,0.475396903556812,0.664538675419312,0,"Oracle: true predictors",,,,,,,,,,,,,,,,,,,,,,,,,,,,,,,,,,,,,,,,,,,,,,,,,,TRUE,115,"Factors: fixed measurement parameters",
0.429534885630938,0.0449692753229381,0.341396725587114,0.517673045674763,0,"Likelihood-only / naive OLS",,,,,,,,,,,,,,,,,,,,,,,,,,,,,,,,,,,,,,,,,,,,,,,,,,FALSE,115,"Factors: fixed measurement parameters",
0.550372945967429,0.0615000907525175,0.42983498304655,0.670910908888308,0,"Conditional posterior mean / naive OLS",,,,,,,,,,,,,,,,,,,,,,,,,,,,,,,,,,,,,,,,,,,,,,,,,,TRUE,115,"Factors: fixed measurement parameters",
0.544717939785049,0.0646032744209485,0.418097848636632,0.671338030933466,0,"REPAIR / stabilized","stabilized",0.544717939785049,0.0646032744209485,"ok","ok",2.64214955838281,2.64212340526886,,0.616146077674735,0.720431746439101,0.724400494565369,0.986666666666667,0.986666666666667,,1,1,"modified","modified","supplied",0,4,4,4,4,,,FALSE,2.97626220130492,0.433978738031143,1.61740474784008,0.268317957277354,2.97672842429989,180.449784396752,672.609609658223,0.268283089931535,,,,,,,,,,,,,,,TRUE,115,"Factors: fixed measurement parameters",
0.544717599161253,0.0650191169202724,0.417282471690921,0.672152726631586,0,"REPAIR / fuller_equations","fuller_equations",0.544717599161253,0.0650191169202724,"ok","ok",2.64214955838281,2.64212330757579,,0.616148541844225,0.721158804132773,0.725146317032926,0.986666666666667,0.986666666666667,,1,1,"fuller","fuller","supplied",0,4,4,4,4,,,FALSE,2.98996975981476,0.430518145352197,1.61740474784008,0.266178361308214,2.9767301494418,180.266875570275,671.928157290286,0.268282960930295,,,,,,,,,,,,,,,TRUE,115,"Factors: fixed measurement parameters",
0.539989509241132,0.0739794096561669,0.39499253071751,0.684986487764754,0,"Oracle: true predictors",,,,,,,,,,,,,,,,,,,,,,,,,,,,,,,,,,,,,,,,,,,,,,,,,,TRUE,116,"Stress: pooled residual variance",2.26898294910822
0.304061593798608,0.0594557576638468,0.187530450103927,0.420592737493289,0,"Likelihood-only / naive OLS",,,,,,,,,,,,,,,,,,,,,,,,,,,,,,,,,,,,,,,,,,,,,,,,,,FALSE,116,"Stress: pooled residual variance",2.26898294910822
0.52336357599619,0.1003362349806,0.326708169089866,0.720018982902514,0,"Conditional posterior mean / naive OLS",,,,,,,,,,,,,,,,,,,,,,,,,,,,,,,,,,,,,,,,,,,,,,,,,,TRUE,116,"Stress: pooled residual variance",2.26898294910822
0.478748427620823,0.101562335204639,0.279689908433947,0.6778069468077,0,"REPAIR / stabilized","stabilized",0.478748427620823,0.101562335204639,"ok","ok",2.31645795537086,2.33548508282457,,0.543500198008934,0.56889072941814,0.625914703401126,0.986666666666667,0.986666666666667,,1,1,"modified","modified","supplied",0,4,4,4,4,,,FALSE,6.69228137177523,0.311507876341994,2.27567565383003,0.136885885217305,6.70152677936027,155.40525483032,1135.23234956499,0.136892905571155,,,,,,,,,,,,,,,TRUE,116,"Stress: pooled residual variance",2.26898294910822
0.47884929832142,0.102552297143879,0.277850489387567,0.679848107255273,0,"REPAIR / fuller_equations","fuller_equations",0.47884929832142,0.102552297143879,"ok","ok",2.31645795537086,2.33572265309257,,0.54350263612631,0.56922771910258,0.627019226935323,0.986666666666667,0.986666666666667,,1,1,"fuller","fuller","supplied",0,4,4,4,4,,,FALSE,6.74373875250653,0.308748345758446,2.27567565383003,0.135673264877977,6.70164261137857,155.209774566794,1133.80393682344,0.136892957879158,,,,,,,,,,,,,,,TRUE,116,"Stress: pooled residual variance",2.26898294910822
0.549047690123832,0.0521050251389348,0.446923717437965,0.651171662809698,0,"Oracle: true predictors",,,,,,,,,,,,,,,,,,,,,,,,,,,,,,,,,,,,,,,,,,,,,,,,,,TRUE,116,"Factors: fixed measurement parameters",
0.458441216628214,0.0467178815073228,0.366875851439851,0.550006581816576,0,"Likelihood-only / naive OLS",,,,,,,,,,,,,,,,,,,,,,,,,,,,,,,,,,,,,,,,,,,,,,,,,,FALSE,116,"Factors: fixed measurement parameters",
0.586979285504535,0.0634379320144612,0.46264322350249,0.711315347506579,0,"Conditional posterior mean / naive OLS",,,,,,,,,,,,,,,,,,,,,,,,,,,,,,,,,,,,,,,,,,,,,,,,,,TRUE,116,"Factors: fixed measurement parameters",
0.597660893026456,0.0674972055651363,0.465368801061692,0.729952984991219,0,"REPAIR / stabilized","stabilized",0.597660893026456,0.0674972055651363,"ok","ok",2.63912535944635,2.63894826952469,,0.615925174792765,0.743679767828782,0.748948457893952,0.986666666666667,0.986666666666667,,1,1,"modified","modified","supplied",0,4,4,4,4,,,FALSE,2.47508293544592,0.434120548426466,1.39888479100126,0.310333310662233,2.47473187963245,174.770434639925,563.126001940773,0.310357600319628,,,,,,,,,,,,,,,TRUE,116,"Factors: fixed measurement parameters",
0.597661073151155,0.0679332570933698,0.46451433589565,0.73080781040666,0,"REPAIR / fuller_equations","fuller_equations",0.597661073151155,0.0679332570933698,"ok","ok",2.63912535944635,2.63894713038674,,0.615928750429821,0.744730611125032,0.750040818560912,0.986666666666667,0.986666666666667,,1,1,"fuller","fuller","supplied",0,4,4,4,4,,,FALSE,2.48493586401023,0.430638065413301,1.39888479100126,0.307843839738275,2.47472962697798,174.521562927294,562.323832846167,0.310357756035279,,,,,,,,,,,,,,,TRUE,116,"Factors: fixed measurement parameters",
0.523430705716194,0.079114935974697,0.368368280566596,0.678493130865793,0,"Oracle: true predictors",,,,,,,,,,,,,,,,,,,,,,,,,,,,,,,,,,,,,,,,,,,,,,,,,,TRUE,117,"Stress: pooled residual variance",2.29249812612939
0.311987887866112,0.0634626310461637,0.187603416651478,0.436372359080746,0,"Likelihood-only / naive OLS",,,,,,,,,,,,,,,,,,,,,,,,,,,,,,,,,,,,,,,,,,,,,,,,,,FALSE,117,"Stress: pooled residual variance",2.29249812612939
0.450474051354999,0.104703097972684,0.245259750258769,0.65568835245123,0,"Conditional posterior mean / naive OLS",,,,,,,,,,,,,,,,,,,,,,,,,,,,,,,,,,,,,,,,,,,,,,,,,,TRUE,117,"Stress: pooled residual variance",2.29249812612939
0.448674850503566,0.10791963040985,0.237156261675387,0.660193439331745,0,"REPAIR / stabilized","stabilized",0.448674850503566,0.10791963040985,"ok","ok",2.26764222740435,2.31076105119296,,0.629307184878237,0.661278806013754,0.731061856160435,0.986666666666667,0.986666666666667,,1,1,"modified","modified","supplied",0,4,4,4,4,,,FALSE,6.97853694044801,0.27462377156858,2.11067775437221,0.130111652998524,6.93150155634345,119.366014780251,909.135055231121,0.131296240413814,,,,,,,,,,,,,,,TRUE,117,"Stress: pooled residual variance",2.29249812612939
0.448636869371797,0.108975094975372,0.235049608008235,0.662224130735358,0,"REPAIR / fuller_equations","fuller_equations",0.448636869371797,0.108975094975372,"ok","ok",2.26764222740435,2.3111657631674,,0.629309446476024,0.661595663567009,0.732084983158387,0.986666666666667,0.986666666666667,,1,1,"fuller","fuller","supplied",0,4,4,4,4,,,FALSE,7.04002959784731,0.271852340303695,2.11067775437221,0.128798600231873,6.93107423465038,119.263386712777,908.278253262287,0.131307103615456,,,,,,,,,,,,,,,TRUE,117,"Stress: pooled residual variance",2.29249812612939
0.654949497682282,0.0509800988284617,0.555030340050204,0.754868655314359,0,"Oracle: true predictors",,,,,,,,,,,,,,,,,,,,,,,,,,,,,,,,,,,,,,,,,,,,,,,,,,TRUE,117,"Factors: fixed measurement parameters",
0.536389191820047,0.0459830195419762,0.446264129617372,0.626514254022722,0,"Likelihood-only / naive OLS",,,,,,,,,,,,,,,,,,,,,,,,,,,,,,,,,,,,,,,,,,,,,,,,,,TRUE,117,"Factors: fixed measurement parameters",
0.69612286352814,0.0623649748154361,0.573889758993137,0.818355968063142,0,"Conditional posterior mean / naive OLS",,,,,,,,,,,,,,,,,,,,,,,,,,,,,,,,,,,,,,,,,,,,,,,,,,TRUE,117,"Factors: fixed measurement parameters",
0.680136025941812,0.0626936437605971,0.557258742111458,0.803013309772167,0,"REPAIR / stabilized","stabilized",0.680136025941812,0.0626936437605971,"ok","ok",2.9305588041538,2.93077885517739,,0.696298885201655,0.838285247463188,0.840001984852182,0.986666666666667,0.986666666666667,,1,1,"modified","modified","supplied",0,4,4,4,4,,,FALSE,2.36402555529242,0.565623337755727,1.66279051899081,0.340165120798872,2.36386956556394,202.316990173574,594.726020463613,0.340185199927624,,,,,,,,,,,,,,,TRUE,117,"Factors: fixed measurement parameters",
0.680136024526917,0.0630189701790872,0.556621112633103,0.803650936420732,0,"REPAIR / fuller_equations","fuller_equations",0.680136024526917,0.0630189701790872,"ok","ok",2.9305588041538,2.93077877812808,,0.696302257540234,0.839286191864489,0.841004376104725,0.986666666666667,0.986666666666667,,1,1,"fuller","fuller","supplied",0,4,4,4,4,,,FALSE,2.3707682993863,0.562160410737404,1.66279051899081,0.33808252110951,2.36386962019949,202.075740678582,594.016861695677,0.340185192894588,,,,,,,,,,,,,,,TRUE,117,"Factors: fixed measurement parameters",
0.571466334642661,0.0814382253388499,0.411850346013658,0.731082323271664,0,"Oracle: true predictors",,,,,,,,,,,,,,,,,,,,,,,,,,,,,,,,,,,,,,,,,,,,,,,,,,TRUE,118,"Stress: pooled residual variance",2.20074499003223
0.401614354663042,0.0609706724783405,0.282114032492308,0.521114676833777,0,"Likelihood-only / naive OLS",,,,,,,,,,,,,,,,,,,,,,,,,,,,,,,,,,,,,,,,,,,,,,,,,,FALSE,118,"Stress: pooled residual variance",2.20074499003223
0.628328536926693,0.0990075701555406,0.434277265225011,0.822379808628375,0,"Conditional posterior mean / naive OLS",,,,,,,,,,,,,,,,,,,,,,,,,,,,,,,,,,,,,,,,,,,,,,,,,,TRUE,118,"Stress: pooled residual variance",2.20074499003223
0.608276706455384,0.103607987459336,0.405208782524408,0.811344630386361,0,"REPAIR / stabilized","stabilized",0.608276706455384,0.103607987459336,"ok","ok",2.22942038513784,2.28838340156943,,0.558590612590978,0.597469752619335,0.685350684329248,0.986666666666667,0.986666666666667,,1,1,"modified","modified","supplied",0,4,4,4,4,,,FALSE,6.92794419666805,0.278605403011186,2.11614295852333,0.131657174619998,6.91263051468999,132.355426128256,999.287670787942,0.132449773971387,,,,,,,,,,,,,,,TRUE,118,"Stress: pooled residual variance",2.20074499003223
0.608273675222828,0.10461165555209,0.403238597977621,0.813308752468035,0,"REPAIR / fuller_equations","fuller_equations",0.608273675222828,0.10461165555209,"ok","ok",2.22942038513784,2.28908634633556,,0.55859430511947,0.597979597221788,0.687024360536795,0.986666666666667,0.986666666666667,,1,1,"fuller","fuller","supplied",0,4,4,4,4,,,FALSE,6.98578726382433,0.275938852143721,2.11614295852333,0.130397075033283,6.91245739377367,132.161411729455,997.754591436252,0.132458835934005,,,,,,,,,,,,,,,TRUE,118,"Stress: pooled residual variance",2.20074499003223
0.624260751400378,0.0511969386670922,0.523916595494171,0.724604907306584,0,"Oracle: true predictors",,,,,,,,,,,,,,,,,,,,,,,,,,,,,,,,,,,,,,,,,,,,,,,,,,TRUE,118,"Factors: fixed measurement parameters",
0.43337153586092,0.0491572824631316,0.33702503265532,0.52971803906652,0,"Likelihood-only / naive OLS",,,,,,,,,,,,,,,,,,,,,,,,,,,,,,,,,,,,,,,,,,,,,,,,,,FALSE,118,"Factors: fixed measurement parameters",
0.543432491525612,0.0665075869358756,0.41308001643263,0.673784966618595,0,"Conditional posterior mean / naive OLS",,,,,,,,,,,,,,,,,,,,,,,,,,,,,,,,,,,,,,,,,,,,,,,,,,TRUE,118,"Factors: fixed measurement parameters",
0.544796668586224,0.0668559997177143,0.413761316989084,0.675832020183364,0,"REPAIR / stabilized","stabilized",0.544796668586224,0.0668559997177143,"ok","ok",2.86702921382724,2.87017246879003,,0.771436943894466,0.909546074190933,0.920814868332491,0.986666666666667,0.986666666666667,,1,1,"modified","modified","supplied",0,4,4,4,4,,,FALSE,2.05361261429566,0.550243412790827,1.45336792956035,0.378598840389493,2.05482779712329,180.875972865973,478.004904517926,0.378397734325317,,,,,,,,,,,,,,,TRUE,118,"Factors: fixed measurement parameters",
0.544789280909443,0.0672021456312833,0.413075495788312,0.676503066030574,0,"REPAIR / fuller_equations","fuller_equations",0.544789280909443,0.0672021456312833,"ok","ok",2.86702921382724,2.87019924391779,,0.771440785987634,0.910658540417626,0.922038423814344,0.986666666666667,0.986666666666667,,1,1,"fuller","fuller","supplied",0,4,4,4,4,,,FALSE,2.05877880459192,0.546744783416216,1.45336792956035,0.376191583903746,2.05483823385193,180.649791353083,477.409347151736,0.378396008437737,,,,,,,,,,,,,,,TRUE,118,"Factors: fixed measurement parameters",
0.565989801057157,0.0727955551168554,0.42331313479352,0.708666467320794,0,"Oracle: true predictors",,,,,,,,,,,,,,,,,,,,,,,,,,,,,,,,,,,,,,,,,,,,,,,,,,TRUE,119,"Stress: pooled residual variance",2.08391763401928
0.411433820978591,0.0610345834759631,0.2918082355543,0.531059406402883,0,"Likelihood-only / naive OLS",,,,,,,,,,,,,,,,,,,,,,,,,,,,,,,,,,,,,,,,,,,,,,,,,,FALSE,119,"Stress: pooled residual variance",2.08391763401928
0.611021730954544,0.0969138662842018,0.421074043434978,0.80096941847411,0,"Conditional posterior mean / naive OLS",,,,,,,,,,,,,,,,,,,,,,,,,,,,,,,,,,,,,,,,,,,,,,,,,,TRUE,119,"Stress: pooled residual variance",2.08391763401928
0.591081804770602,0.0971800490156221,0.400612408684146,0.781551200857059,0,"REPAIR / stabilized","stabilized",0.591081804770602,0.0971800490156221,"ok","ok",2.45894001857413,2.5253189727349,,0.576968164191559,0.614371586638767,0.698350078134939,0.986666666666667,0.986666666666667,,1,1,"modified","modified","supplied",0,4,4,4,4,,,FALSE,6.627035290298,0.316748431498605,2.2742381074227,0.139276723252854,6.55746707899263,146.695497753918,1039.70812542054,0.141092960771642,,,,,,,,,,,,,,,TRUE,119,"Stress: pooled residual variance",2.08391763401928
0.591042048882599,0.0979711387883262,0.399022145333104,0.783061952432093,0,"REPAIR / fuller_equations","fuller_equations",0.591042048882599,0.0979711387883262,"ok","ok",2.45894001857413,2.52598064253381,,0.576971087040056,0.61477641636254,0.699676051451038,0.986666666666667,0.986666666666667,,1,1,"fuller","fuller","supplied",0,4,4,4,4,,,FALSE,6.67303313757837,0.314210461542685,2.2742381074227,0.1381607583292,6.55680420620482,146.52673017323,1038.38289173965,0.141110501086692,,,,,,,,,,,,,,,TRUE,119,"Stress: pooled residual variance",2.08391763401928
0.609544194764966,0.0483472348302406,0.514785355745594,0.704303033784338,0,"Oracle: true predictors",,,,,,,,,,,,,,,,,,,,,,,,,,,,,,,,,,,,,,,,,,,,,,,,,,TRUE,119,"Factors: fixed measurement parameters",
0.464109102731393,0.0459654565715018,0.374018463318309,0.554199742144476,0,"Likelihood-only / naive OLS",,,,,,,,,,,,,,,,,,,,,,,,,,,,,,,,,,,,,,,,,,,,,,,,,,FALSE,119,"Factors: fixed measurement parameters",
0.596228355354749,0.0622613335276545,0.47419838401111,0.718258326698388,0,"Conditional posterior mean / naive OLS",,,,,,,,,,,,,,,,,,,,,,,,,,,,,,,,,,,,,,,,,,,,,,,,,,TRUE,119,"Factors: fixed measurement parameters",
0.577535769025371,0.061072339734169,0.457836182694805,0.697235355355936,0,"REPAIR / stabilized","stabilized",0.577535769025371,0.061072339734169,"ok","ok",2.7137966027691,2.71439614226846,,0.741986813911509,0.862658117710371,0.867877255990685,0.986666666666667,0.986666666666667,,1,1,"modified","modified","supplied",0,4,4,4,4,,,FALSE,2.47809257336202,0.486883978251958,1.52372033750722,0.319536312712404,2.47735361742985,169.088543904856,529.020122770959,0.319625920880261,,,,,,,,,,,,,,,TRUE,119,"Factors: fixed measurement parameters",
0.577536027859816,0.061361754306303,0.457269199391267,0.697802856328366,0,"REPAIR / fuller_equations","fuller_equations",0.577536027859816,0.061361754306303,"ok","ok",2.7137966027691,2.71440182448072,,0.741989852288516,0.863546315035337,0.868820566436695,0.986666666666667,0.986666666666667,,1,1,"fuller","fuller","supplied",0,4,4,4,4,,,FALSE,2.48764970764717,0.483296437126354,1.52372033750722,0.317181851045591,2.47734661614935,168.912441416279,528.467754307574,0.319626770109364,,,,,,,,,,,,,,,TRUE,119,"Factors: fixed measurement parameters",
0.566287697925108,0.0798034622918481,0.409875785991485,0.72269960985873,0,"Oracle: true predictors",,,,,,,,,,,,,,,,,,,,,,,,,,,,,,,,,,,,,,,,,,,,,,,,,,TRUE,120,"Stress: pooled residual variance",2.29264176378857
0.368820583670127,0.0650665299462099,0.241292528376558,0.496348638963695,0,"Likelihood-only / naive OLS",,,,,,,,,,,,,,,,,,,,,,,,,,,,,,,,,,,,,,,,,,,,,,,,,,FALSE,120,"Stress: pooled residual variance",2.29264176378857
0.646435649339771,0.112096056664969,0.426731415467471,0.866139883212071,0,"Conditional posterior mean / naive OLS",,,,,,,,,,,,,,,,,,,,,,,,,,,,,,,,,,,,,,,,,,,,,,,,,,TRUE,120,"Stress: pooled residual variance",2.29264176378857
0.593244518387999,0.112712550883585,0.372331978050535,0.814157058725464,0,"REPAIR / stabilized","stabilized",0.593244518387999,0.112712550883585,"ok","ok",2.28154485421585,2.2938535841765,,0.638192261713482,0.677291442613773,0.765083037025726,0.986666666666667,0.986666666666667,,1,1,"modified","modified","supplied",0,4,4,4,4,,,FALSE,5.80419107603569,0.320915071201347,2.05636702788633,0.156059237893541,5.90387478324494,132.199603473139,858.848245788425,0.153926615233148,,,,,,,,,,,,,,,TRUE,120,"Stress: pooled residual variance",2.29264176378857
0.593409739777939,0.113846337319252,0.370275018860407,0.816544460695471,0,"REPAIR / fuller_equations","fuller_equations",0.593409739777939,0.113846337319252,"ok","ok",2.28154485421585,2.29401276667478,,0.638196238110746,0.677842298498569,0.766883319616187,0.986666666666667,0.986666666666667,,1,1,"fuller","fuller","supplied",0,4,4,4,4,,,FALSE,5.84665526481073,0.318136666366128,2.05636702788633,0.15470811487049,5.90514868936255,131.974339841791,857.5346103257,0.153899723990926,,,,,,,,,,,,,,,TRUE,120,"Stress: pooled residual variance",2.29264176378857
0.566018960330563,0.0494358022698785,0.469126568334758,0.662911352326369,0,"Oracle: true predictors",,,,,,,,,,,,,,,,,,,,,,,,,,,,,,,,,,,,,,,,,,,,,,,,,,TRUE,120,"Factors: fixed measurement parameters",
0.443025588302346,0.0446269162642022,0.355558439683425,0.530492736921267,0,"Likelihood-only / naive OLS",,,,,,,,,,,,,,,,,,,,,,,,,,,,,,,,,,,,,,,,,,,,,,,,,,FALSE,120,"Factors: fixed measurement parameters",
0.57477908984289,0.0603050406355086,0.456583382111068,0.692974797574711,0,"Conditional posterior mean / naive OLS",,,,,,,,,,,,,,,,,,,,,,,,,,,,,,,,,,,,,,,,,,,,,,,,,,TRUE,120,"Factors: fixed measurement parameters",
0.563659906069853,0.0599367553155347,0.446186024301215,0.68113378783849,0,"REPAIR / stabilized","stabilized",0.563659906069853,0.0599367553155347,"ok","ok",2.72788546743107,2.72836495877521,,0.674585479829711,0.777411558201718,0.779745345652907,0.986666666666667,0.986666666666667,,1,1,"modified","modified","supplied",0,4,4,4,4,,,FALSE,2.32351666041141,0.478987325751161,1.42937127765237,0.335103505464206,2.32351408341767,184.732620899076,551.243218548722,0.33511998820671,,,,,,,,,,,,,,,TRUE,120,"Factors: fixed measurement parameters",
0.563659946869257,0.0602293374293659,0.44561261469499,0.681707279043525,0,"REPAIR / fuller_equations","fuller_equations",0.563659946869257,0.0602293374293659,"ok","ok",2.72788546743107,2.72836900989221,,0.674588135464924,0.778194407484329,0.78055033056358,0.986666666666667,0.986666666666667,,1,1,"fuller","fuller","supplied",0,4,4,4,4,,,FALSE,2.33215611900874,0.475386935512099,1.42937127765237,0.332584642593968,2.32351406215184,184.545883493702,550.685764320595,0.335120127394949,,,,,,,,,,,,,,,TRUE,120,"Factors: fixed measurement parameters",
0.581386945031281,0.0819341491396131,0.420798963613706,0.741974926448857,0,"Oracle: true predictors",,,,,,,,,,,,,,,,,,,,,,,,,,,,,,,,,,,,,,,,,,,,,,,,,,TRUE,121,"Stress: pooled residual variance",2.20818248152815
0.340278834746604,0.0627211652868845,0.217347609715927,0.463210059777282,0,"Likelihood-only / naive OLS",,,,,,,,,,,,,,,,,,,,,,,,,,,,,,,,,,,,,,,,,,,,,,,,,,FALSE,121,"Stress: pooled residual variance",2.20818248152815
0.53947967389722,0.104518633532842,0.334626916459509,0.74433243133493,0,"Conditional posterior mean / naive OLS",,,,,,,,,,,,,,,,,,,,,,,,,,,,,,,,,,,,,,,,,,,,,,,,,,TRUE,121,"Stress: pooled residual variance",2.20818248152815
0.517675002319344,0.105160471404664,0.311564265768949,0.723785738869739,0,"REPAIR / stabilized","stabilized",0.517675002319344,0.105160471404664,"ok","ok",2.36911313632506,2.39732074109731,,0.594326600697266,0.627030594929064,0.699702168498633,0.986666666666667,0.986666666666667,,1,1,"modified","modified","supplied",0,4,4,4,4,,,FALSE,7.16231170570698,0.314923699971911,2.44149567613578,0.128988022813273,7.19129130465362,141.490416187196,1099.49433653859,0.128686807639804,,,,,,,,,,,,,,,TRUE,121,"Stress: pooled residual variance",2.20818248152815
0.517708165394338,0.106137403883479,0.309682676370137,0.725733654418538,0,"REPAIR / fuller_equations","fuller_equations",0.517708165394338,0.106137403883479,"ok","ok",2.36911313632506,2.3976289116933,,0.594329341105486,0.627410601579428,0.700943707674506,0.986666666666667,0.986666666666667,,1,1,"fuller","fuller","supplied",0,4,4,4,4,,,FALSE,7.21585243941416,0.31223890663616,2.44149567613578,0.127888371742009,7.19160291835616,141.312348063987,1098.13822827981,0.128683570451187,,,,,,,,,,,,,,,TRUE,121,"Stress: pooled residual variance",2.20818248152815
0.576764366319123,0.0481578431313515,0.482376728208544,0.671152004429701,0,"Oracle: true predictors",,,,,,,,,,,,,,,,,,,,,,,,,,,,,,,,,,,,,,,,,,,,,,,,,,TRUE,121,"Factors: fixed measurement parameters",
0.488659523166037,0.0456675396757283,0.399152790139056,0.578166256193018,0,"Likelihood-only / naive OLS",,,,,,,,,,,,,,,,,,,,,,,,,,,,,,,,,,,,,,,,,,,,,,,,,,FALSE,121,"Factors: fixed measurement parameters",
0.634437221312512,0.06215053900669,0.512624403239648,0.756250039385376,0,"Conditional posterior mean / naive OLS",,,,,,,,,,,,,,,,,,,,,,,,,,,,,,,,,,,,,,,,,,,,,,,,,,TRUE,121,"Factors: fixed measurement parameters",
0.621119837482963,0.0626455497231357,0.498336816233903,0.743902858732022,0,"REPAIR / stabilized","stabilized",0.621119837482963,0.0626455497231357,"ok","ok",2.75507998289921,2.754791871028,,0.690819848039225,0.810195980691677,0.811837566348117,0.986666666666667,0.986666666666667,,1,1,"modified","modified","supplied",0,4,4,4,4,,,FALSE,2.64584292516026,0.476610834421673,1.58304598408849,0.301072008780656,2.64670054377326,176.349636271811,585.915054003749,0.300981575856016,,,,,,,,,,,,,,,TRUE,121,"Factors: fixed measurement parameters",
0.621119860623949,0.0629830352279743,0.497675379940102,0.744564341307796,0,"REPAIR / fuller_equations","fuller_equations",0.621119860623949,0.0629830352279743,"ok","ok",2.75507998289921,2.75479134044168,,0.690822741996643,0.811054061277015,0.812700416241234,0.986666666666667,0.986666666666667,,1,1,"fuller","fuller","supplied",0,4,4,4,4,,,FALSE,2.6563280955524,0.47309467923261,1.58304598408849,0.298850876088109,2.64670212339955,176.162822160683,585.294694935013,0.300981409339859,,,,,,,,,,,,,,,TRUE,121,"Factors: fixed measurement parameters",
0.646523976514146,0.0796358593987852,0.490440560214631,0.80260739281366,0,"Oracle: true predictors",,,,,,,,,,,,,,,,,,,,,,,,,,,,,,,,,,,,,,,,,,,,,,,,,,TRUE,122,"Stress: pooled residual variance",2.26286206570208
0.43520868651818,0.0637021827538503,0.310354702584045,0.560062670452315,0,"Likelihood-only / naive OLS",,,,,,,,,,,,,,,,,,,,,,,,,,,,,,,,,,,,,,,,,,,,,,,,,,FALSE,122,"Stress: pooled residual variance",2.26286206570208
0.688391264811654,0.104151506367536,0.484258063395689,0.892524466227619,0,"Conditional posterior mean / naive OLS",,,,,,,,,,,,,,,,,,,,,,,,,,,,,,,,,,,,,,,,,,,,,,,,,,TRUE,122,"Stress: pooled residual variance",2.26286206570208
0.639076025866431,0.100294742650688,0.44250194243237,0.835650109300492,0,"REPAIR / stabilized","stabilized",0.639076025866431,0.100294742650688,"ok","ok",2.50035262164541,2.55306064627547,,0.686427961130723,0.731827669371043,0.834073124437793,0.986666666666667,0.986666666666667,,1,1,"modified","modified","supplied",0,4,4,4,4,,,FALSE,5.52433580869631,0.355280094027969,2.15446878944458,0.164903801702117,5.54576874283725,136.718047516695,829.5490710557,0.164810078495664,,,,,,,,,,,,,,,TRUE,122,"Stress: pooled residual variance",2.26286206570208
0.639086421448869,0.10108553441818,0.440962414631252,0.837210428266486,0,"REPAIR / fuller_equations","fuller_equations",0.639086421448869,0.10108553441818,"ok","ok",2.50035262164541,2.55362792578586,,0.686431824252162,0.732364363628107,0.835824367728728,0.986666666666667,0.986666666666667,,1,1,"fuller","fuller","supplied",0,4,4,4,4,,,FALSE,5.55983504956327,0.352545654296026,2.15446878944458,0.163634607297751,5.54599169453401,136.530846237788,828.418109729247,0.164809103801956,,,,,,,,,,,,,,,TRUE,122,"Stress: pooled residual variance",2.26286206570208
0.573292165921772,0.0517690546615172,0.471826683271513,0.674757648572031,0,"Oracle: true predictors",,,,,,,,,,,,,,,,,,,,,,,,,,,,,,,,,,,,,,,,,,,,,,,,,,TRUE,122,"Factors: fixed measurement parameters",
0.482926020005913,0.0466620081417359,0.391470164601796,0.57438187541003,0,"Likelihood-only / naive OLS",,,,,,,,,,,,,,,,,,,,,,,,,,,,,,,,,,,,,,,,,,,,,,,,,,FALSE,122,"Factors: fixed measurement parameters",
0.621839391432015,0.0630287524823917,0.498305306576038,0.745373476287992,0,"Conditional posterior mean / naive OLS",,,,,,,,,,,,,,,,,,,,,,,,,,,,,,,,,,,,,,,,,,,,,,,,,,TRUE,122,"Factors: fixed measurement parameters",
0.633434532702615,0.0656929431379571,0.504678730113782,0.762190335291449,0,"REPAIR / stabilized","stabilized",0.633434532702615,0.0656929431379571,"ok","ok",2.86235748951405,2.86266710639263,,0.636829588178614,0.768562384671247,0.771899194558457,0.986666666666667,0.986666666666667,,1,1,"modified","modified","supplied",0,4,4,4,4,,,FALSE,1.97031447743872,0.551225215692634,1.41234345028286,0.390291196933887,1.970997113172,214.856571856361,550.684770926384,0.390162545252379,,,,,,,,,,,,,,,TRUE,122,"Factors: fixed measurement parameters",
0.633433501848857,0.0660725741772513,0.503933636095593,0.762933367602121,0,"REPAIR / fuller_equations","fuller_equations",0.633433501848857,0.0660725741772513,"ok","ok",2.86235748951405,2.86266854305064,,0.636833281091101,0.769653272163455,0.773010389326354,0.986666666666667,0.986666666666667,,1,1,"fuller","fuller","supplied",0,4,4,4,4,,,FALSE,1.97470550954011,0.54776964041613,1.41234345028286,0.38784450078798,1.9710002851013,214.550611471072,549.901426222794,0.390161947650861,,,,,,,,,,,,,,,TRUE,122,"Factors: fixed measurement parameters",
0.522577845702385,0.0814191038301724,0.36299933454172,0.68215635686305,0,"Oracle: true predictors",,,,,,,,,,,,,,,,,,,,,,,,,,,,,,,,,,,,,,,,,,,,,,,,,,TRUE,123,"Stress: pooled residual variance",2.25384584317358
0.409453509127848,0.0666069208240513,0.278906343191596,0.540000675064099,0,"Likelihood-only / naive OLS",,,,,,,,,,,,,,,,,,,,,,,,,,,,,,,,,,,,,,,,,,,,,,,,,,FALSE,123,"Stress: pooled residual variance",2.25384584317358
0.647180330916108,0.109735956226536,0.432101808903033,0.862258852929183,0,"Conditional posterior mean / naive OLS",,,,,,,,,,,,,,,,,,,,,,,,,,,,,,,,,,,,,,,,,,,,,,,,,,TRUE,123,"Stress: pooled residual variance",2.25384584317358
0.631590641752059,0.116663611434692,0.402934165033688,0.86024711847043,0,"REPAIR / stabilized","stabilized",0.631590641752059,0.116663611434692,"ok","ok",2.20017884929518,2.24776583108866,,0.629377740934411,0.680644919382762,0.794130343618441,0.986666666666667,0.986666666666667,,1,1,"modified","modified","supplied",0,4,4,4,4,,,FALSE,7.56459036688333,0.280817870832275,2.31451053079781,0.121329269016321,7.54855752949321,114.92647274425,942.316340140466,0.121961668124229,,,,,,,,,,,,,,,TRUE,123,"Stress: pooled residual variance",2.25384584317358
0.631655271329648,0.117868288728125,0.400637670503156,0.862672872156141,0,"REPAIR / fuller_equations","fuller_equations",0.631655271329648,0.117868288728125,"ok","ok",2.20017884929518,2.24827105271687,,0.629382065392206,0.681244141667388,0.796088951694533,0.986666666666667,0.986666666666667,,1,1,"fuller","fuller","supplied",0,4,4,4,4,,,FALSE,7.62971731561458,0.278083958251646,2.31451053079781,0.120148063511204,7.54840096808036,114.741416903048,940.749795989931,0.121968048669422,,,,,,,,,,,,,,,TRUE,123,"Stress: pooled residual variance",2.25384584317358
0.564553202144399,0.052600386739719,0.461458338561671,0.667648065727126,0,"Oracle: true predictors",,,,,,,,,,,,,,,,,,,,,,,,,,,,,,,,,,,,,,,,,,,,,,,,,,TRUE,123,"Factors: fixed measurement parameters",
0.493183036952189,0.0496689479375622,0.395833687844572,0.590532386059806,0,"Likelihood-only / naive OLS",,,,,,,,,,,,,,,,,,,,,,,,,,,,,,,,,,,,,,,,,,,,,,,,,,FALSE,123,"Factors: fixed measurement parameters",
0.629207457699848,0.0671219253921412,0.497650901358266,0.760764014041429,0,"Conditional posterior mean / naive OLS",,,,,,,,,,,,,,,,,,,,,,,,,,,,,,,,,,,,,,,,,,,,,,,,,,TRUE,123,"Factors: fixed measurement parameters",
0.647043056572507,0.0708479347063687,0.508183656168979,0.785902456976035,0,"REPAIR / stabilized","stabilized",0.647043056572507,0.0708479347063687,"ok","ok",2.77936034245037,2.78037816873464,,0.688231294649395,0.846358094629909,0.854360104355232,0.986666666666667,0.986666666666667,,1,1,"modified","modified","supplied",0,4,4,4,4,,,FALSE,2.03850736831703,0.500603223371202,1.34595048538151,0.371932867373874,2.03772536274966,177.135885434751,476.030602412701,0.372110289836325,,,,,,,,,,,,,,,TRUE,123,"Factors: fixed measurement parameters",
0.647043434337252,0.0712802497575486,0.507336712003437,0.786750156671067,0,"REPAIR / fuller_equations","fuller_equations",0.647043434337252,0.0712802497575486,"ok","ok",2.77936034245037,2.78038560860124,,0.688235950458325,0.847721589533887,0.855795748985882,0.986666666666667,0.986666666666667,,1,1,"fuller","fuller","supplied",0,4,4,4,4,,,FALSE,2.04389475161871,0.497135359498055,1.34595048538151,0.369356350696023,2.03771962689551,176.848724706717,475.257230833369,0.372111591856499,,,,,,,,,,,,,,,TRUE,123,"Factors: fixed measurement parameters",
0.559353145712643,0.0762591919071107,0.409887876084578,0.708818415340708,0,"Oracle: true predictors",,,,,,,,,,,,,,,,,,,,,,,,,,,,,,,,,,,,,,,,,,,,,,,,,,TRUE,124,"Stress: pooled residual variance",2.31464526316179
0.299064288339141,0.0608095982424967,0.179879665869497,0.418248910808784,0,"Likelihood-only / naive OLS",,,,,,,,,,,,,,,,,,,,,,,,,,,,,,,,,,,,,,,,,,,,,,,,,,FALSE,124,"Stress: pooled residual variance",2.31464526316179
0.490841241587517,0.101538447778353,0.291829540895845,0.68985294227919,0,"Conditional posterior mean / naive OLS",,,,,,,,,,,,,,,,,,,,,,,,,,,,,,,,,,,,,,,,,,,,,,,,,,TRUE,124,"Stress: pooled residual variance",2.31464526316179
0.485787673414446,0.109618464278495,0.270939431388005,0.700635915440886,0,"REPAIR / stabilized","stabilized",0.485787673414446,0.109618464278495,"ok","ok",2.15521568424324,2.18696763653088,,0.527396086227298,0.557852337131473,0.625356019448968,0.986666666666667,0.986666666666667,,1,1,"modified","modified","supplied",0,4,4,4,4,,,FALSE,6.57623000592585,0.267050755916678,1.95094973074384,0.136882438182997,6.55248748864401,135.583967527677,984.618156370421,0.13770207938017,,,,,,,,,,,,,,,TRUE,124,"Stress: pooled residual variance",2.31464526316179
0.48587541035817,0.110831572030145,0.26864952082913,0.70310129988721,0,"REPAIR / fuller_equations","fuller_equations",0.48587541035817,0.110831572030145,"ok","ok",2.15521568424324,2.18737633620885,,0.527399103533738,0.558271017377913,0.626720751877523,0.986666666666667,0.986666666666667,,1,1,"fuller","fuller","supplied",0,4,4,4,4,,,FALSE,6.63635572092927,0.264234781618417,1.95094973074384,0.135439051788214,6.55219129645663,135.387534787203,983.11811955862,0.13771237869971,,,,,,,,,,,,,,,TRUE,124,"Stress: pooled residual variance",2.31464526316179
0.62681011664985,0.0474382027554568,0.533832947757846,0.719787285541855,0,"Oracle: true predictors",,,,,,,,,,,,,,,,,,,,,,,,,,,,,,,,,,,,,,,,,,,,,,,,,,TRUE,124,"Factors: fixed measurement parameters",
0.467492752624,0.0424364943649357,0.384318752038589,0.550666753209411,0,"Likelihood-only / naive OLS",,,,,,,,,,,,,,,,,,,,,,,,,,,,,,,,,,,,,,,,,,,,,,,,,,FALSE,124,"Factors: fixed measurement parameters",
0.595717576670567,0.0578805507277197,0.482273781838893,0.709161371502242,0,"Conditional posterior mean / naive OLS",,,,,,,,,,,,,,,,,,,,,,,,,,,,,,,,,,,,,,,,,,,,,,,,,,TRUE,124,"Factors: fixed measurement parameters",
0.575996327611332,0.0591639886906283,0.460037040595965,0.691955614626698,0,"REPAIR / stabilized","stabilized",0.575996327611332,0.0591639886906283,"ok","ok",2.2255579430948,2.22588375293747,,0.572904361984378,0.707252713670234,0.715519916974288,0.986666666666667,0.986666666666667,,1,1,"modified","modified","supplied",0,4,4,4,4,,,FALSE,3.21795625625195,0.364106173720894,1.48648188975646,0.24494491068475,3.22038445734349,153.953782051303,628.929125140104,0.244787172190519,,,,,,,,,,,,,,,TRUE,124,"Factors: fixed measurement parameters",
0.57598991342976,0.0595256350449286,0.459321812584825,0.692658014274695,0,"REPAIR / fuller_equations","fuller_equations",0.57598991342976,0.0595256350449286,"ok","ok",2.2255579430948,2.22588779494024,,0.572908213605217,0.708365611602023,0.716749685063014,0.986666666666667,0.986666666666667,,1,1,"fuller","fuller","supplied",0,4,4,4,4,,,FALSE,3.23851237875367,0.360486157796441,1.48648188975646,0.242509619713902,3.22041465978404,153.705824970858,627.921204991158,0.244785211502807,,,,,,,,,,,,,,,TRUE,124,"Factors: fixed measurement parameters",
0.599889496133612,0.0771471632796683,0.448683834596031,0.751095157671193,0,"Oracle: true predictors",,,,,,,,,,,,,,,,,,,,,,,,,,,,,,,,,,,,,,,,,,,,,,,,,,TRUE,125,"Stress: pooled residual variance",2.27413563074107
0.429628364900259,0.0587077874512139,0.314563215883847,0.54469351391667,0,"Likelihood-only / naive OLS",,,,,,,,,,,,,,,,,,,,,,,,,,,,,,,,,,,,,,,,,,,,,,,,,,FALSE,125,"Stress: pooled residual variance",2.27413563074107
0.712062744190679,0.0968519717440036,0.522236367740741,0.901889120640617,0,"Conditional posterior mean / naive OLS",,,,,,,,,,,,,,,,,,,,,,,,,,,,,,,,,,,,,,,,,,,,,,,,,,TRUE,125,"Stress: pooled residual variance",2.27413563074107
0.642233414055847,0.0940460379954704,0.45790656669604,0.826560261415655,0,"REPAIR / stabilized","stabilized",0.642233414055847,0.0940460379954704,"ok","ok",2.39746926842667,2.44488621459326,,0.582466558625498,0.62383261923045,0.718021391199864,0.986666666666667,0.986666666666667,,1,1,"modified","modified","supplied",0,4,4,4,4,,,FALSE,5.19377268370623,0.344224234886394,1.98009001847616,0.173842720115979,5.23104498703213,154.808891998354,893.116358668523,0.173335635940144,,,,,,,,,,,,,,,TRUE,125,"Stress: pooled residual variance",2.27413563074107
0.642293784341568,0.0948256656133255,0.456438894929412,0.828148673753724,0,"REPAIR / fuller_equations","fuller_equations",0.642293784341568,0.0948256656133255,"ok","ok",2.39746926842667,2.44543681977047,,0.582470417937882,0.62436680418043,0.719771430193317,0.986666666666667,0.986666666666667,,1,1,"fuller","fuller","supplied",0,4,4,4,4,,,FALSE,5.22806173619837,0.341469773842317,1.98009001847616,0.172451641418356,5.23146178103718,154.564471806026,891.73536941525,0.173329977824454,,,,,,,,,,,,,,,TRUE,125,"Stress: pooled residual variance",2.27413563074107
0.628135649807889,0.0505866746848611,0.528987589327917,0.72728371028786,0,"Oracle: true predictors",,,,,,,,,,,,,,,,,,,,,,,,,,,,,,,,,,,,,,,,,,,,,,,,,,TRUE,125,"Factors: fixed measurement parameters",
0.539757972907726,0.0443618777147662,0.452810290300215,0.626705655515238,0,"Likelihood-only / naive OLS",,,,,,,,,,,,,,,,,,,,,,,,,,,,,,,,,,,,,,,,,,,,,,,,,,TRUE,125,"Factors: fixed measurement parameters",
0.700384502293675,0.060000978339888,0.582784745710327,0.817984258877023,0,"Conditional posterior mean / naive OLS",,,,,,,,,,,,,,,,,,,,,,,,,,,,,,,,,,,,,,,,,,,,,,,,,,TRUE,125,"Factors: fixed measurement parameters",
0.694610715764451,0.0615081923847403,0.574056873936199,0.815164557592703,0,"REPAIR / stabilized","stabilized",0.694610715764451,0.0615081923847403,"ok","ok",2.78696717112126,2.7873479153124,,0.594376871875412,0.747642299626146,0.750550652825627,0.986666666666667,0.986666666666667,,1,1,"modified","modified","supplied",0,4,4,4,4,,,FALSE,2.12731393696197,0.546761951073643,1.48762582575888,0.367539969800353,2.12632471393613,219.209645992039,596.183330406639,0.367688318025468,,,,,,,,,,,,,,,TRUE,125,"Factors: fixed measurement parameters",
0.694610433794364,0.0618460138793898,0.573394474003396,0.815826393585333,0,"REPAIR / fuller_equations","fuller_equations",0.694610433794364,0.0618460138793898,"ok","ok",2.78696717112126,2.78734927415207,,0.594380829064491,0.748813314889264,0.75173665622785,0.986666666666667,0.986666666666667,,1,1,"fuller","fuller","supplied",0,4,4,4,4,,,FALSE,2.13288853930275,0.543280546768346,1.48762582575888,0.365199727889373,2.12632118175168,218.866181443155,595.248353787868,0.367688847941197,,,,,,,,,,,,,,,TRUE,125,"Factors: fixed measurement parameters",
0.455656445710605,0.0835749323540076,0.291852588286379,0.619460303134831,0,"Oracle: true predictors",,,,,,,,,,,,,,,,,,,,,,,,,,,,,,,,,,,,,,,,,,,,,,,,,,TRUE,126,"Stress: pooled residual variance",2.20911773133707
0.300447709079467,0.0687068432359743,0.165784770845518,0.435110647313416,0,"Likelihood-only / naive OLS",,,,,,,,,,,,,,,,,,,,,,,,,,,,,,,,,,,,,,,,,,,,,,,,,,FALSE,126,"Stress: pooled residual variance",2.20911773133707
0.417342339865264,0.114877732334574,0.192186121863868,0.64249855786666,0,"Conditional posterior mean / naive OLS",,,,,,,,,,,,,,,,,,,,,,,,,,,,,,,,,,,,,,,,,,,,,,,,,,TRUE,126,"Stress: pooled residual variance",2.20911773133707
0.436849342700263,0.122894797019207,0.195979966655257,0.677718718745269,0,"REPAIR / stabilized","stabilized",0.436849342700263,0.122894797019207,"ok","ok",2.17023592803297,2.19989796312429,,0.66837956658898,0.700591937188469,0.770433614019057,0.986666666666667,0.986666666666667,,1,1,"modified","modified","supplied",0,4,4,4,4,,,FALSE,7.2976797972292,0.249939628050275,2.00914634853235,0.124400906998563,7.30785221905092,101.952029859891,818.914375701167,0.124496568731741,,,,,,,,,,,,,,,TRUE,126,"Stress: pooled residual variance",2.20911773133707
0.436780840484735,0.124240966136547,0.193273021452642,0.680288659516829,0,"REPAIR / fuller_equations","fuller_equations",0.436780840484735,0.124240966136547,"ok","ok",2.17023592803297,2.20017675990754,,0.668381823351116,0.700907717282906,0.771454280559407,0.986666666666667,0.986666666666667,,1,1,"fuller","fuller","supplied",0,4,4,4,4,,,FALSE,7.36717014798975,0.247242513863631,2.00914634853235,0.12305848901661,7.30794788871993,101.861658287651,818.182934177748,0.124497412537723,,,,,,,,,,,,,,,TRUE,126,"Stress: pooled residual variance",2.20911773133707
0.643453038020144,0.0513493400726659,0.542810180847819,0.744095895192468,0,"Oracle: true predictors",,,,,,,,,,,,,,,,,,,,,,,,,,,,,,,,,,,,,,,,,,,,,,,,,,TRUE,126,"Factors: fixed measurement parameters",
0.496576896074656,0.0488289928840947,0.400873828620468,0.592279963528844,0,"Likelihood-only / naive OLS",,,,,,,,,,,,,,,,,,,,,,,,,,,,,,,,,,,,,,,,,,,,,,,,,,FALSE,126,"Factors: fixed measurement parameters",
0.635670443851608,0.0665112425495599,0.505310803887462,0.766030083815753,0,"Conditional posterior mean / naive OLS",,,,,,,,,,,,,,,,,,,,,,,,,,,,,,,,,,,,,,,,,,,,,,,,,,TRUE,126,"Factors: fixed measurement parameters",
0.651549765766676,0.0725859848054703,0.509283849765583,0.793815681767769,0,"REPAIR / stabilized","stabilized",0.651549765766676,0.0725859848054703,"ok","ok",2.57559135175477,2.57576272223115,,0.643307146632405,0.788753014477523,0.793596061030319,0.986666666666667,0.986666666666667,,1,1,"modified","modified","supplied",0,4,4,4,4,,,FALSE,2.72772596025917,0.428893272629934,1.49719805431279,0.286463952711182,2.72813649941459,162.85350049337,568.570554989394,0.28642619471634,,,,,,,,,,,,,,,TRUE,126,"Factors: fixed measurement parameters",
0.651548971312843,0.0731005195280372,0.508274585786723,0.794823356838962,0,"REPAIR / fuller_equations","fuller_equations",0.651548971312843,0.0731005195280372,"ok","ok",2.57559135175477,2.57576313876608,,0.64331108613113,0.789917398379725,0.794779456054464,0.986666666666667,0.986666666666667,,1,1,"fuller","fuller","supplied",0,4,4,4,4,,,FALSE,2.73938246988658,0.425454664821951,1.49719805431279,0.284167257362108,2.7281374991553,162.612777924779,567.730302319564,0.286426102782246,,,,,,,,,,,,,,,TRUE,126,"Factors: fixed measurement parameters",
0.58336473604951,0.0797560474644253,0.42704575546997,0.739683716629051,0,"Oracle: true predictors",,,,,,,,,,,,,,,,,,,,,,,,,,,,,,,,,,,,,,,,,,,,,,,,,,TRUE,127,"Stress: pooled residual variance",2.20122210065554
0.382518032135416,0.0636015054684219,0.257861372054782,0.50717469221605,0,"Likelihood-only / naive OLS",,,,,,,,,,,,,,,,,,,,,,,,,,,,,,,,,,,,,,,,,,,,,,,,,,FALSE,127,"Stress: pooled residual variance",2.20122210065554
0.551144290988307,0.105669460037168,0.344035955049663,0.75825262692695,0,"Conditional posterior mean / naive OLS",,,,,,,,,,,,,,,,,,,,,,,,,,,,,,,,,,,,,,,,,,,,,,,,,,TRUE,127,"Stress: pooled residual variance",2.20122210065554
0.570063128504684,0.10747248957988,0.359420919599262,0.780705337410106,0,"REPAIR / stabilized","stabilized",0.570063128504684,0.10747248957988,"ok","ok",2.27583119479997,2.31686956768343,,0.63105228443061,0.665033654495514,0.742245933241774,0.986666666666667,0.986666666666667,,1,1,"modified","modified","supplied",0,4,4,4,4,,,FALSE,6.3683290438104,0.284033817183688,1.99528502112139,0.142352503114595,6.39766694848053,120.936935918652,851.234081765927,0.142072478662699,,,,,,,,,,,,,,,TRUE,127,"Stress: pooled residual variance",2.20122210065554
0.56991923071708,0.108507305478462,0.35724881991981,0.782589641514351,0,"REPAIR / fuller_equations","fuller_equations",0.56991923071708,0.108507305478462,"ok","ok",2.27583119479997,2.31739290496693,,0.631055679854033,0.665502442821206,0.743784650746927,0.986666666666667,0.986666666666667,,1,1,"fuller","fuller","supplied",0,4,4,4,4,,,FALSE,6.41960841412578,0.281372583070302,1.99528502112139,0.141018741729522,6.39803343193662,120.767218129398,850.060431633533,0.142068979610453,,,,,,,,,,,,,,,TRUE,127,"Stress: pooled residual variance",2.20122210065554
0.619994786950677,0.0527553466453018,0.516596207533959,0.723393366367395,0,"Oracle: true predictors",,,,,,,,,,,,,,,,,,,,,,,,,,,,,,,,,,,,,,,,,,,,,,,,,,TRUE,127,"Factors: fixed measurement parameters",
0.509941982472039,0.0495338191537467,0.412857480913975,0.607026484030102,0,"Likelihood-only / naive OLS",,,,,,,,,,,,,,,,,,,,,,,,,,,,,,,,,,,,,,,,,,,,,,,,,,TRUE,127,"Factors: fixed measurement parameters",
0.654120303989286,0.0666492239030172,0.523490225541826,0.784750382436746,0,"Conditional posterior mean / naive OLS",,,,,,,,,,,,,,,,,,,,,,,,,,,,,,,,,,,,,,,,,,,,,,,,,,TRUE,127,"Factors: fixed measurement parameters",
0.6889402448835,0.0720278878173613,0.54776817887898,0.830112310888019,0,"REPAIR / stabilized","stabilized",0.6889402448835,0.0720278878173613,"ok","ok",2.6132612503813,2.61143556059926,,0.646142603654068,0.811800695373105,0.817954514304438,0.986666666666667,0.986666666666667,,1,1,"modified","modified","supplied",0,4,4,4,4,,,FALSE,1.79889974254841,0.512959309330184,1.24851567799666,0.410855320738356,1.79790620623904,189.221889239707,460.351333692244,0.411037995093996,,,,,,,,,,,,,,,TRUE,127,"Factors: fixed measurement parameters",
0.688944273579371,0.0724918505369346,0.546862857354319,0.831025689804424,0,"REPAIR / fuller_equations","fuller_equations",0.688944273579371,0.0724918505369346,"ok","ok",2.6132612503813,2.61142215150277,,0.64614797442662,0.813379312268295,0.81959061462238,0.986666666666667,0.986666666666667,,1,1,"fuller","fuller","supplied",0,4,4,4,4,,,FALSE,1.80251129056134,0.509494042873105,1.24851567799666,0.408079811773471,1.79789891973803,188.852146657501,459.450301705812,0.411039335389149,,,,,,,,,,,,,,,TRUE,127,"Factors: fixed measurement parameters",
0.559559361231643,0.0815020831757073,0.399818213542269,0.719300508921017,0,"Oracle: true predictors",,,,,,,,,,,,,,,,,,,,,,,,,,,,,,,,,,,,,,,,,,,,,,,,,,TRUE,128,"Stress: pooled residual variance",2.1360531583092
0.382795276300746,0.0645692943840102,0.256241784800921,0.50934876780057,0,"Likelihood-only / naive OLS",,,,,,,,,,,,,,,,,,,,,,,,,,,,,,,,,,,,,,,,,,,,,,,,,,FALSE,128,"Stress: pooled residual variance",2.1360531583092
0.549869871540668,0.104918652466925,0.344233091399021,0.755506651682315,0,"Conditional posterior mean / naive OLS",,,,,,,,,,,,,,,,,,,,,,,,,,,,,,,,,,,,,,,,,,,,,,,,,,TRUE,128,"Stress: pooled residual variance",2.1360531583092
0.526117118155363,0.0976151997970147,0.334794842209532,0.717439394101193,0,"REPAIR / stabilized","stabilized",0.526117118155363,0.0976151997970147,"ok","ok",2.73493409263714,2.78616058885661,,0.737732561583469,0.770793992972854,0.844444449587,0.986666666666667,0.986666666666667,,1,1,"modified","modified","supplied",0,4,4,4,4,,,FALSE,5.4717484930473,0.364162774533983,2.17342260544207,0.1675526764202,5.44645146476644,136.018827259364,806.53166538763,0.168646605082755,,,,,,,,,,,,,,,TRUE,128,"Stress: pooled residual variance",2.1360531583092
0.52606154512436,0.0983015373393768,0.333394072314262,0.718729017934458,0,"REPAIR / fuller_equations","fuller_equations",0.52606154512436,0.0983015373393768,"ok","ok",2.73493409263714,2.78661004822722,,0.737734769597212,0.771101602856202,0.845445916551809,0.986666666666667,0.986666666666667,,1,1,"fuller","fuller","supplied",0,4,4,4,4,,,FALSE,5.50409765819553,0.36157867490943,2.17342260544207,0.166363722363091,5.44624051767667,135.917439023048,805.886243442456,0.168655861952002,,,,,,,,,,,,,,,TRUE,128,"Stress: pooled residual variance",2.1360531583092
0.653810330545349,0.0453450176302377,0.56493572911175,0.742684931978949,0,"Oracle: true predictors",,,,,,,,,,,,,,,,,,,,,,,,,,,,,,,,,,,,,,,,,,,,,,,,,,TRUE,128,"Factors: fixed measurement parameters",
0.500622602131007,0.0455680404175536,0.411310884066536,0.589934320195478,0,"Likelihood-only / naive OLS",,,,,,,,,,,,,,,,,,,,,,,,,,,,,,,,,,,,,,,,,,,,,,,,,,FALSE,128,"Factors: fixed measurement parameters",
0.637903649506275,0.0620784492958975,0.51623212467022,0.75957517434233,0,"Conditional posterior mean / naive OLS",,,,,,,,,,,,,,,,,,,,,,,,,,,,,,,,,,,,,,,,,,,,,,,,,,TRUE,128,"Factors: fixed measurement parameters",
0.630423761620169,0.0640397760287145,0.504908107025877,0.755939416214461,0,"REPAIR / stabilized","stabilized",0.630423761620169,0.0640397760287145,"ok","ok",2.86465770987603,2.86457961546292,,0.627023006275247,0.772354566146835,0.77890001473385,0.986666666666667,0.986666666666667,,1,1,"modified","modified","supplied",0,4,4,4,4,,,FALSE,2.53110785219835,0.513379380845409,1.62540381816668,0.315847283676531,2.53248961047018,198.943242563472,630.15930711134,0.31570309335814,,,,,,,,,,,,,,,TRUE,128,"Factors: fixed measurement parameters",
0.630423336017587,0.0644165558871814,0.5041692064706,0.756677465564574,0,"REPAIR / fuller_equations","fuller_equations",0.630423336017587,0.0644165558871814,"ok","ok",2.86465770987603,2.86457926541359,,0.627026392633981,0.773350815155658,0.779934095415379,0.986666666666667,0.986666666666667,,1,1,"fuller","fuller","supplied",0,4,4,4,4,,,FALSE,2.53964046058153,0.509921589993063,1.62540381816668,0.313719941034844,2.5324957686519,198.684894545379,629.342261680658,0.315702451023695,,,,,,,,,,,,,,,TRUE,128,"Factors: fixed measurement parameters",
0.570876366048183,0.0817379517588885,0.410672924430689,0.731079807665676,0,"Oracle: true predictors",,,,,,,,,,,,,,,,,,,,,,,,,,,,,,,,,,,,,,,,,,,,,,,,,,TRUE,129,"Stress: pooled residual variance",2.1853279276331
0.262164437754366,0.0688530727152716,0.127214895007516,0.397113980501215,0,"Likelihood-only / naive OLS",,,,,,,,,,,,,,,,,,,,,,,,,,,,,,,,,,,,,,,,,,,,,,,,,,FALSE,129,"Stress: pooled residual variance",2.1853279276331
0.376326368435653,0.112678953227056,0.15547967829495,0.597173058576356,0,"Conditional posterior mean / naive OLS",,,,,,,,,,,,,,,,,,,,,,,,,,,,,,,,,,,,,,,,,,,,,,,,,,FALSE,129,"Stress: pooled residual variance",2.1853279276331
0.405648060324672,0.125295995966037,0.160072420824163,0.651223699825181,0,"REPAIR / stabilized","stabilized",0.405648060324672,0.125295995966037,"ok","ok",2.14410010090113,2.17197234447655,,0.639764050326234,0.665099337307336,0.72029682363156,0.986666666666667,0.986666666666667,,1,1,"modified","modified","supplied",0,4,4,4,4,,,FALSE,7.77046344448195,0.246511646262406,2.09979576504479,0.117397915724031,7.76885614001624,107.235787590128,911.422040219861,0.117657663363352,,,,,,,,,,,,,,,TRUE,129,"Stress: pooled residual variance",2.1853279276331
0.405619339733631,0.126712897546837,0.157266624165117,0.653972055302145,0,"REPAIR / fuller_equations","fuller_equations",0.405619339733631,0.126712897546837,"ok","ok",2.14410010090113,2.17227484220036,,0.639766075155788,0.665380659163376,0.721212766773287,0.986666666666667,0.986666666666667,,1,1,"fuller","fuller","supplied",0,4,4,4,4,,,FALSE,7.84479413768273,0.24385853569781,2.09979576504479,0.116134406858663,7.76883914903603,107.150065141324,910.672123671316,0.117660420645529,,,,,,,,,,,,,,,TRUE,129,"Stress: pooled residual variance",2.1853279276331
0.568000842925911,0.0509848760238719,0.468072322162883,0.66792936368894,0,"Oracle: true predictors",,,,,,,,,,,,,,,,,,,,,,,,,,,,,,,,,,,,,,,,,,,,,,,,,,TRUE,129,"Factors: fixed measurement parameters",
0.425143484707679,0.0471726967564314,0.332686698011444,0.517600271403914,0,"Likelihood-only / naive OLS",,,,,,,,,,,,,,,,,,,,,,,,,,,,,,,,,,,,,,,,,,,,,,,,,,FALSE,129,"Factors: fixed measurement parameters",
0.53710529823498,0.0643698275653594,0.410942754515822,0.663267841954138,0,"Conditional posterior mean / naive OLS",,,,,,,,,,,,,,,,,,,,,,,,,,,,,,,,,,,,,,,,,,,,,,,,,,TRUE,129,"Factors: fixed measurement parameters",
0.533411532035303,0.0672346880009907,0.401633965041574,0.665189099029032,0,"REPAIR / stabilized","stabilized",0.533411532035303,0.0672346880009907,"ok","ok",2.69606043184979,2.69634159082544,,0.675825970017642,0.790165796286352,0.79710773166664,0.986666666666667,0.986666666666667,,1,1,"modified","modified","supplied",0,4,4,4,4,,,FALSE,2.83494460380524,0.446175888925759,1.5907713746924,0.280477695301774,2.83727159072661,169.007720663658,602.964350091949,0.280294714999129,,,,,,,,,,,,,,,TRUE,129,"Factors: fixed measurement parameters",
0.533412520774674,0.0676552467498302,0.400810673779836,0.666014367769512,0,"REPAIR / fuller_equations","fuller_equations",0.533412520774674,0.0676552467498302,"ok","ok",2.69606043184979,2.69634333379513,,0.67582871429748,0.790968139784677,0.797960548608032,0.986666666666667,0.986666666666667,,1,1,"fuller","fuller","supplied",0,4,4,4,4,,,FALSE,2.84715656920775,0.442716826245038,1.5907713746924,0.278303239100366,2.83728603833925,168.833865250097,602.346530551143,0.280293579670185,,,,,,,,,,,,,,,TRUE,129,"Factors: fixed measurement parameters",
0.605281800390465,0.0807951437470502,0.44692622852051,0.76363737226042,0,"Oracle: true predictors",,,,,,,,,,,,,,,,,,,,,,,,,,,,,,,,,,,,,,,,,,,,,,,,,,TRUE,130,"Stress: pooled residual variance",2.21731408960813
0.440465949852535,0.0692233937657476,0.304790591184036,0.576141308521035,0,"Likelihood-only / naive OLS",,,,,,,,,,,,,,,,,,,,,,,,,,,,,,,,,,,,,,,,,,,,,,,,,,FALSE,130,"Stress: pooled residual variance",2.21731408960813
0.683394475396768,0.109426027161452,0.46892340318902,0.897865547604516,0,"Conditional posterior mean / naive OLS",,,,,,,,,,,,,,,,,,,,,,,,,,,,,,,,,,,,,,,,,,,,,,,,,,TRUE,130,"Stress: pooled residual variance",2.21731408960813
0.738787172839023,0.133591755003865,0.476952144399949,1.0006222012781,0,"REPAIR / stabilized","stabilized",0.738787172839023,0.133591755003865,"ok","ok",1.91288780999786,1.99698493738562,,0.584241290420329,0.643519976432877,0.777193815884036,0.986666666666667,0.986666666666667,,1,1,"modified","modified","supplied",0,4,4,4,4,,,FALSE,9.7873026283891,0.217837231940174,2.31799333909057,0.0939766427567214,9.31783744285047,96.5186420927345,974.83866122969,0.0990098627920471,,,,,,,,,,,,,,,TRUE,130,"Stress: pooled residual variance",2.21731408960813
0.738758660569501,0.135292197317545,0.473590826437826,1.00392649470118,0,"REPAIR / fuller_equations","fuller_equations",0.738758660569501,0.135292197317545,"ok","ok",1.91288780999786,1.99825856581768,,0.584248751492121,0.644545153215635,0.780566060626641,0.986666666666667,0.986666666666667,,1,1,"fuller","fuller","supplied",0,4,4,4,4,,,FALSE,9.89871750479199,0.215131554137085,2.31799333909057,0.0928093927230561,9.31136727829653,96.2986388198106,971.898408107584,0.0990830296834387,,,,,,,,,,,,,,,TRUE,130,"Stress: pooled residual variance",2.21731408960813
0.563600734570739,0.0521168969254041,0.46145349361096,0.665747975530517,0,"Oracle: true predictors",,,,,,,,,,,,,,,,,,,,,,,,,,,,,,,,,,,,,,,,,,,,,,,,,,TRUE,130,"Factors: fixed measurement parameters",
0.47823184977182,0.0485726326337511,0.383031239175373,0.573432460368267,0,"Likelihood-only / naive OLS",,,,,,,,,,,,,,,,,,,,,,,,,,,,,,,,,,,,,,,,,,,,,,,,,,FALSE,130,"Factors: fixed measurement parameters",
0.61518182057968,0.065851350511705,0.486115545243415,0.744248095915945,0,"Conditional posterior mean / naive OLS",,,,,,,,,,,,,,,,,,,,,,,,,,,,,,,,,,,,,,,,,,,,,,,,,,TRUE,130,"Factors: fixed measurement parameters",
0.631499263864984,0.0701460869761102,0.494015459735394,0.768983067994574,0,"REPAIR / stabilized","stabilized",0.631499263864984,0.0701460869761102,"ok","ok",2.75497669067204,2.75578301378611,,0.659833839834388,0.793921520170378,0.797934493305061,0.986666666666667,0.986666666666667,,1,1,"modified","modified","supplied",0,4,4,4,4,,,FALSE,2.26719405299181,0.490571928076505,1.43975300914498,0.340733393130979,2.26717130644295,185.172675298165,543.412933182007,0.34075868274586,,,,,,,,,,,,,,,TRUE,130,"Factors: fixed measurement parameters",
0.631498894280802,0.0705918044143958,0.493141500024891,0.769856288536713,0,"REPAIR / fuller_equations","fuller_equations",0.631498894280802,0.0705918044143958,"ok","ok",2.75497669067204,2.75578588000607,,0.659837624157043,0.795039508878027,0.799072481660066,0.986666666666667,0.986666666666667,,1,1,"fuller","fuller","supplied",0,4,4,4,4,,,FALSE,2.27410319410074,0.487136391318877,1.43975300914498,0.338347194431753,2.26717122858925,184.911573846597,542.646554987788,0.340758772256019,,,,,,,,,,,,,,,TRUE,130,"Factors: fixed measurement parameters",
0.530694298200388,0.0807308805724382,0.372464679838205,0.688923916562572,0,"Oracle: true predictors",,,,,,,,,,,,,,,,,,,,,,,,,,,,,,,,,,,,,,,,,,,,,,,,,,TRUE,131,"Stress: pooled residual variance",2.24027559576398
0.355530545767625,0.0632407592508438,0.231580935281003,0.479480156254247,0,"Likelihood-only / naive OLS",,,,,,,,,,,,,,,,,,,,,,,,,,,,,,,,,,,,,,,,,,,,,,,,,,FALSE,131,"Stress: pooled residual variance",2.24027559576398
0.549591730763376,0.105541500884256,0.342734190155932,0.75644927137082,0,"Conditional posterior mean / naive OLS",,,,,,,,,,,,,,,,,,,,,,,,,,,,,,,,,,,,,,,,,,,,,,,,,,TRUE,131,"Stress: pooled residual variance",2.24027559576398
0.51645328402748,0.0995912544676796,0.321258012095665,0.711648555959296,0,"REPAIR / stabilized","stabilized",0.51645328402748,0.0995912544676796,"ok","ok",2.54510738392174,2.57543400319096,,0.694656518081912,0.724035235267481,0.790267097101662,0.986666666666667,0.986666666666667,,1,1,"modified","modified","supplied",0,4,4,4,4,,,FALSE,5.39541679815222,0.342666054407595,2.03832055022441,0.168111955879496,5.40696008187422,135.373919563387,805.511854166906,0.168059500134106,,,,,,,,,,,,,,,TRUE,131,"Stress: pooled residual variance",2.24027559576398
0.516433988307246,0.100382771928287,0.319687370659506,0.713180605954987,0,"REPAIR / fuller_equations","fuller_equations",0.516433988307246,0.100382771928287,"ok","ok",2.54510738392174,2.57576520958977,,0.694658968482247,0.724375220157879,0.791378327883766,0.986666666666667,0.986666666666667,,1,1,"fuller","fuller","supplied",0,4,4,4,4,,,FALSE,5.43093197961458,0.339953851368345,2.03832055022441,0.166781349150858,5.40708392529461,135.24285403713,804.734672941472,0.168058937416962,,,,,,,,,,,,,,,TRUE,131,"Stress: pooled residual variance",2.24027559576398
0.678783227884642,0.0518112336640906,0.577235075908435,0.780331379860849,0,"Oracle: true predictors",,,,,,,,,,,,,,,,,,,,,,,,,,,,,,,,,,,,,,,,,,,,,,,,,,TRUE,131,"Factors: fixed measurement parameters",
0.538816365470696,0.048988902901406,0.442799880141811,0.634832850799582,0,"Likelihood-only / naive OLS",,,,,,,,,,,,,,,,,,,,,,,,,,,,,,,,,,,,,,,,,,,,,,,,,,TRUE,131,"Factors: fixed measurement parameters",
0.691615254766311,0.0659033127172022,0.562447135378714,0.820783374153908,0,"Conditional posterior mean / naive OLS",,,,,,,,,,,,,,,,,,,,,,,,,,,,,,,,,,,,,,,,,,,,,,,,,,TRUE,131,"Factors: fixed measurement parameters",
0.70389804077953,0.068354678404594,0.569925332931708,0.837870748627352,0,"REPAIR / stabilized","stabilized",0.70389804077953,0.068354678404594,"ok","ok",2.73114586521387,2.73029196735562,,0.696684995953603,0.872248332320966,0.879221012887149,0.986666666666667,0.986666666666667,,1,1,"modified","modified","supplied",0,4,4,4,4,,,FALSE,1.81358247185419,0.565836237179513,1.3502304681423,0.419066411646015,1.81090708001304,194.401634160474,463.269454516154,0.419629725779158,,,,,,,,,,,,,,,TRUE,131,"Factors: fixed measurement parameters",
0.703900147748055,0.0687375481691324,0.569177028950969,0.838623266545142,0,"REPAIR / fuller_equations","fuller_equations",0.703900147748055,0.0687375481691324,"ok","ok",2.73114586521387,2.73028567719579,,0.69669006536845,0.873736828537881,0.880772982904974,0.986666666666667,0.986666666666667,,1,1,"fuller","fuller","supplied",0,4,4,4,4,,,FALSE,1.81707369916322,0.56234526208609,1.3502304681423,0.416480945552788,1.81088746949416,194.068905663016,462.471987911331,0.419633860505784,,,,,,,,,,,,,,,TRUE,131,"Factors: fixed measurement parameters",
0.353561911883022,0.0782826365252866,0.200130763678621,0.506993060087424,0,"Oracle: true predictors",,,,,,,,,,,,,,,,,,,,,,,,,,,,,,,,,,,,,,,,,,,,,,,,,,FALSE,132,"Stress: pooled residual variance",2.20342644796083
0.230564408813217,0.0607771075581297,0.111443466914766,0.349685350711669,0,"Likelihood-only / naive OLS",,,,,,,,,,,,,,,,,,,,,,,,,,,,,,,,,,,,,,,,,,,,,,,,,,FALSE,132,"Stress: pooled residual variance",2.20342644796083
0.305292440347906,0.0995075889484876,0.110261149820454,0.500323730875357,0,"Conditional posterior mean / naive OLS",,,,,,,,,,,,,,,,,,,,,,,,,,,,,,,,,,,,,,,,,,,,,,,,,,FALSE,132,"Stress: pooled residual variance",2.20342644796083
0.327011733425761,0.100293731129376,0.130439632537039,0.523583834314482,0,"REPAIR / stabilized","stabilized",0.327011733425761,0.100293731129376,"ok","ok",2.44181744295221,2.47480173238617,,0.568218359559327,0.590583196567045,0.638329754712271,0.986666666666667,0.986666666666667,,1,1,"modified","modified","supplied",0,4,4,4,4,,,FALSE,5.99776995154051,0.300612958687257,1.98735406092328,0.15126291011658,6.02081903829813,147.075466004805,973.876016550733,0.151020729030494,,,,,,,,,,,,,,,FALSE,132,"Stress: pooled residual variance",2.20342644796083
0.326969912075744,0.101191051688621,0.128639095208316,0.525300728943173,0,"REPAIR / fuller_equations","fuller_equations",0.326969912075744,0.101191051688621,"ok","ok",2.44181744295221,2.47508451431714,,0.568219762795819,0.590782312373262,0.638962652859514,0.986666666666667,0.986666666666667,,1,1,"fuller","fuller","supplied",0,4,4,4,4,,,FALSE,6.04366189161301,0.297918175845921,1.98735406092328,0.149906944969592,6.02101302982572,146.980399481716,973.259681226107,0.151018687321508,,,,,,,,,,,,,,,FALSE,132,"Stress: pooled residual variance",2.20342644796083
0.58338175217253,0.0508712726629668,0.483675889905399,0.683087614439662,0,"Oracle: true predictors",,,,,,,,,,,,,,,,,,,,,,,,,,,,,,,,,,,,,,,,,,,,,,,,,,TRUE,132,"Factors: fixed measurement parameters",
0.484909339371317,0.0459317648713362,0.394884734477136,0.574933944265498,0,"Likelihood-only / naive OLS",,,,,,,,,,,,,,,,,,,,,,,,,,,,,,,,,,,,,,,,,,,,,,,,,,FALSE,132,"Factors: fixed measurement parameters",
0.610155112042186,0.0626115117553178,0.487438803984157,0.732871420100215,0,"Conditional posterior mean / naive OLS",,,,,,,,,,,,,,,,,,,,,,,,,,,,,,,,,,,,,,,,,,,,,,,,,,TRUE,132,"Factors: fixed measurement parameters",
0.596098608120898,0.0647440185530442,0.469202663542538,0.722994552699258,0,"REPAIR / stabilized","stabilized",0.596098608120898,0.0647440185530442,"ok","ok",2.5007334876437,2.50101427047463,,0.63593533001211,0.79625195015093,0.80868266877889,0.986666666666667,0.986666666666667,,1,1,"modified","modified","supplied",0,4,4,4,4,,,FALSE,2.91742474891815,0.423959525083298,1.55886372801748,0.271967021532074,2.91722214322905,159.047935236734,584.816268397566,0.271962227850699,,,,,,,,,,,,,,,TRUE,132,"Factors: fixed measurement parameters",
0.596094207203939,0.0651429487756733,0.468416373756882,0.723772040650996,0,"REPAIR / fuller_equations","fuller_equations",0.596094207203939,0.0651429487756733,"ok","ok",2.5007334876437,2.50101672583209,,0.63593954247139,0.797469692859964,0.810030263135527,0.986666666666667,0.986666666666667,,1,1,"fuller","fuller","supplied",0,4,4,4,4,,,FALSE,2.93149334165285,0.420443460349224,1.55886372801748,0.26971149099988,2.91722038630801,158.799069639947,583.901289588393,0.271962183457223,,,,,,,,,,,,,,,TRUE,132,"Factors: fixed measurement parameters",
0.664279515813415,0.0799940088670911,0.507494139454938,0.821064892171891,0,"Oracle: true predictors",,,,,,,,,,,,,,,,,,,,,,,,,,,,,,,,,,,,,,,,,,,,,,,,,,TRUE,133,"Stress: pooled residual variance",2.25423255452294
0.411702914678873,0.0684104337830662,0.277620928297301,0.545784901060445,0,"Likelihood-only / naive OLS",,,,,,,,,,,,,,,,,,,,,,,,,,,,,,,,,,,,,,,,,,,,,,,,,,FALSE,133,"Stress: pooled residual variance",2.25423255452294
0.616785907232992,0.110351765775798,0.400500420682027,0.833071393783956,0,"Conditional posterior mean / naive OLS",,,,,,,,,,,,,,,,,,,,,,,,,,,,,,,,,,,,,,,,,,,,,,,,,,TRUE,133,"Stress: pooled residual variance",2.25423255452294
0.681315743554466,0.125905211772018,0.434546063015422,0.928085424093509,0,"REPAIR / stabilized","stabilized",0.681315743554466,0.125905211772018,"ok","ok",2.04261152137343,2.11429958161132,,0.611497773342141,0.664238739738196,0.783234082016004,0.986666666666667,0.986666666666667,,1,1,"modified","modified","supplied",0,4,4,4,4,,,FALSE,6.57582362650677,0.264876484859843,1.93099623891022,0.137170896308596,6.501587751876,111.911711695224,803.296739833746,0.139315530794244,,,,,,,,,,,,,,,TRUE,133,"Stress: pooled residual variance",2.25423255452294
0.681121519194348,0.127350643387812,0.431518844746232,0.930724193642463,0,"REPAIR / fuller_equations","fuller_equations",0.681121519194348,0.127350643387812,"ok","ok",2.04261152137343,2.11540917522806,,0.611504425745231,0.665157492104362,0.786241614477726,0.986666666666667,0.986666666666667,,1,1,"fuller","fuller","supplied",0,4,4,4,4,,,FALSE,6.63502561607902,0.262127809521233,1.93099623891022,0.135747446959901,6.50050617224758,111.651784357691,801.248254543667,0.139347304314915,,,,,,,,,,,,,,,TRUE,133,"Stress: pooled residual variance",2.25423255452294
0.581902807649774,0.0431033955014935,0.497421704855461,0.666383910444087,0,"Oracle: true predictors",,,,,,,,,,,,,,,,,,,,,,,,,,,,,,,,,,,,,,,,,,,,,,,,,,TRUE,133,"Factors: fixed measurement parameters",
0.490688812442092,0.0390666261254675,0.414119632238684,0.5672579926455,0,"Likelihood-only / naive OLS",,,,,,,,,,,,,,,,,,,,,,,,,,,,,,,,,,,,,,,,,,,,,,,,,,FALSE,133,"Factors: fixed measurement parameters",
0.638612643354327,0.0531781021142301,0.534385478444243,0.742839808264411,0,"Conditional posterior mean / naive OLS",,,,,,,,,,,,,,,,,,,,,,,,,,,,,,,,,,,,,,,,,,,,,,,,,,TRUE,133,"Factors: fixed measurement parameters",
0.614317684135296,0.0529654975824197,0.51050721645051,0.718128151820082,0,"REPAIR / stabilized","stabilized",0.614317684135296,0.0529654975824197,"ok","ok",2.89821890842382,2.89837915100603,,0.513573988812635,0.629994413747907,0.631520444060786,0.986666666666667,0.986666666666667,,1,1,"modified","modified","supplied",0,4,4,4,4,,,FALSE,2.55159895094803,0.551603382693194,1.73169229836039,0.318534293428148,2.55168139912753,262.51420289083,824.14441912486,0.318529370337286,,,,,,,,,,,,,,,TRUE,133,"Factors: fixed measurement parameters",
0.614317688029169,0.0532366013416883,0.509975866740143,0.718659509318195,0,"REPAIR / fuller_equations","fuller_equations",0.614317688029169,0.0532366013416883,"ok","ok",2.89821890842382,2.89837911933127,,0.513576584368727,0.630764859530065,0.632292453396859,0.986666666666667,0.986666666666667,,1,1,"fuller","fuller","supplied",0,4,4,4,4,,,FALSE,2.55983099016719,0.548120157812451,1.73169229836039,0.316522836263361,2.55168138280019,262.193586605709,823.137864883162,0.318529371313668,,,,,,,,,,,,,,,TRUE,133,"Factors: fixed measurement parameters",
0.641451818017238,0.0809775580469226,0.482738720689268,0.800164915345208,0,"Oracle: true predictors",,,,,,,,,,,,,,,,,,,,,,,,,,,,,,,,,,,,,,,,,,,,,,,,,,TRUE,134,"Stress: pooled residual variance",2.2138529705413
0.447966028451947,0.065759279917858,0.319080208163657,0.576851848740237,0,"Likelihood-only / naive OLS",,,,,,,,,,,,,,,,,,,,,,,,,,,,,,,,,,,,,,,,,,,,,,,,,,FALSE,134,"Stress: pooled residual variance",2.2138529705413
0.714142349922013,0.109033110059711,0.500441381082588,0.927843318761438,0,"Conditional posterior mean / naive OLS",,,,,,,,,,,,,,,,,,,,,,,,,,,,,,,,,,,,,,,,,,,,,,,,,,TRUE,134,"Stress: pooled residual variance",2.2138529705413
0.690074512259169,0.112338133503647,0.469895816501569,0.910253208016769,0,"REPAIR / stabilized","stabilized",0.690074512259169,0.112338133503647,"ok","ok",2.22827574937143,2.26817792164148,,0.645989287490138,0.695012479478204,0.80608262846761,0.986666666666667,0.986666666666667,,1,1,"modified","modified","supplied",0,4,4,4,4,,,FALSE,7.00416665582381,0.289645020707119,2.21498469252969,0.130766150070465,7.1769734483827,115.398690830263,900.272064920541,0.128182018888311,,,,,,,,,,,,,,,TRUE,134,"Stress: pooled residual variance",2.2138529705413
0.690098169950681,0.113444207486897,0.467751609021675,0.912444730879688,0,"REPAIR / fuller_equations","fuller_equations",0.690098169950681,0.113444207486897,"ok","ok",2.22827574937143,2.26867597756059,,0.645994224545481,0.695695058084278,0.808319647181618,0.986666666666667,0.986666666666667,,1,1,"fuller","fuller","supplied",0,4,4,4,4,,,FALSE,7.06114166897838,0.286951544484495,2.21498469252969,0.129550125313405,7.17907129800034,115.17785720478,898.764831008735,0.128151272981509,,,,,,,,,,,,,,,TRUE,134,"Stress: pooled residual variance",2.2138529705413
0.512280651665037,0.0449382538185262,0.424203292652606,0.600358010677468,0,"Oracle: true predictors",,,,,,,,,,,,,,,,,,,,,,,,,,,,,,,,,,,,,,,,,,,,,,,,,,TRUE,134,"Factors: fixed measurement parameters",
0.421435496498263,0.0407104000720313,0.341644578560865,0.501226414435661,0,"Likelihood-only / naive OLS",,,,,,,,,,,,,,,,,,,,,,,,,,,,,,,,,,,,,,,,,,,,,,,,,,FALSE,134,"Factors: fixed measurement parameters",
0.539156662876319,0.0551274672494861,0.431108812508415,0.647204513244223,0,"Conditional posterior mean / naive OLS",,,,,,,,,,,,,,,,,,,,,,,,,,,,,,,,,,,,,,,,,,,,,,,,,,TRUE,134,"Factors: fixed measurement parameters",
0.530871246272254,0.0552315858577942,0.422619327181946,0.639123165362563,0,"REPAIR / stabilized","stabilized",0.530871246272254,0.0552315858577942,"ok","ok",3.0574265560339,3.05927192344365,,0.540619488476465,0.642446085874749,0.646823472274435,0.986666666666667,0.986666666666667,,1,1,"modified","modified","supplied",0,4,4,4,4,,,FALSE,2.23976865894048,0.548081010324092,1.55126766124053,0.353311697277178,2.23907025974928,255.64626703445,723.29912028824,0.353444736573954,,,,,,,,,,,,,,,TRUE,134,"Factors: fixed measurement parameters",
0.530871059430633,0.0555131253945112,0.422067332988136,0.639674785873131,0,"REPAIR / fuller_equations","fuller_equations",0.530871059430633,0.0555131253945112,"ok","ok",3.0574265560339,3.05928359992284,,0.540621970957821,0.643175042006019,0.647585263179319,0.986666666666667,0.986666666666667,,1,1,"fuller","fuller","supplied",0,4,4,4,4,,,FALSE,2.24611516649738,0.544588444321732,1.55126766124053,0.351060270209095,2.2390658457899,255.354704550471,722.472483926303,0.353445577833964,,,,,,,,,,,,,,,TRUE,134,"Factors: fixed measurement parameters",
0.534558380844683,0.0854724962608484,0.367035366504686,0.702081395184681,0,"Oracle: true predictors",,,,,,,,,,,,,,,,,,,,,,,,,,,,,,,,,,,,,,,,,,,,,,,,,,TRUE,135,"Stress: pooled residual variance",2.29713826417121
0.343577818720194,0.0674364299462911,0.211404844779505,0.475750792660883,0,"Likelihood-only / naive OLS",,,,,,,,,,,,,,,,,,,,,,,,,,,,,,,,,,,,,,,,,,,,,,,,,,FALSE,135,"Stress: pooled residual variance",2.29713826417121
0.55152321546819,0.114458535906169,0.327188607368914,0.775857823567465,0,"Conditional posterior mean / naive OLS",,,,,,,,,,,,,,,,,,,,,,,,,,,,,,,,,,,,,,,,,,,,,,,,,,TRUE,135,"Stress: pooled residual variance",2.29713826417121
0.550395608031124,0.11819318099033,0.318741230071854,0.782049985990395,0,"REPAIR / stabilized","stabilized",0.550395608031124,0.11819318099033,"ok","ok",2.24331778347757,2.27170784768995,,0.665641655908926,0.703620319549201,0.78816615720674,0.986666666666667,0.986666666666667,,1,1,"modified","modified","supplied",0,4,4,4,4,,,FALSE,6.23747915999835,0.298340615771356,2.05374094878325,0.14526691691477,6.29016750091951,119.229995898958,825.570201991062,0.144421389739366,,,,,,,,,,,,,,,TRUE,135,"Stress: pooled residual variance",2.29713826417121
0.550419091353406,0.119415875382173,0.316368276422024,0.784469906284788,0,"REPAIR / fuller_equations","fuller_equations",0.550419091353406,0.119415875382173,"ok","ok",2.24331778347757,2.27207694968372,,0.665645483919678,0.704151563567647,0.78989794553479,0.986666666666667,0.986666666666667,,1,1,"fuller","fuller","supplied",0,4,4,4,4,,,FALSE,6.28777007686127,0.295540062701731,2.05374094878325,0.143903281899709,6.290843604797,119.044596611991,824.348111222296,0.144410589399518,,,,,,,,,,,,,,,TRUE,135,"Stress: pooled residual variance",2.29713826417121
0.580949729338232,0.0535817738959853,0.475931382274333,0.685968076402132,0,"Oracle: true predictors",,,,,,,,,,,,,,,,,,,,,,,,,,,,,,,,,,,,,,,,,,,,,,,,,,TRUE,135,"Factors: fixed measurement parameters",
0.373637780502471,0.0482279238111136,0.279112786783546,0.468162774221395,0,"Likelihood-only / naive OLS",,,,,,,,,,,,,,,,,,,,,,,,,,,,,,,,,,,,,,,,,,,,,,,,,,FALSE,135,"Factors: fixed measurement parameters",
0.463892706512107,0.065188195266185,0.33612619157322,0.591659221450993,0,"Conditional posterior mean / naive OLS",,,,,,,,,,,,,,,,,,,,,,,,,,,,,,,,,,,,,,,,,,,,,,,,,,FALSE,135,"Factors: fixed measurement parameters",
0.482001895149158,0.0689046938295913,0.3469511768774,0.617052613420916,0,"REPAIR / stabilized","stabilized",0.482001895149158,0.0689046938295913,"ok","ok",2.67434113050831,2.6769315613291,,0.65203766413174,0.774984352292077,0.787106959783701,0.986666666666667,0.986666666666667,,1,1,"modified","modified","supplied",0,4,4,4,4,,,FALSE,2.13120887201527,0.472617516351605,1.33278276226358,0.354609565589608,2.13094755091324,182.427079915694,514.249973720184,0.354743975183861,,,,,,,,,,,,,,,TRUE,135,"Factors: fixed measurement parameters",
0.482005919088615,0.0693331897450315,0.346115364255072,0.617896473922159,0,"REPAIR / fuller_equations","fuller_equations",0.482005919088615,0.0693331897450315,"ok","ok",2.67434113050831,2.67695532551745,,0.652041545021235,0.776102961551947,0.788355770824436,0.986666666666667,0.986666666666667,,1,1,"fuller","fuller","supplied",0,4,4,4,4,,,FALSE,2.13759446750487,0.46915090663202,1.33278276226358,0.352008534260469,2.13094516149584,182.159350349091,513.493478696945,0.354745206913521,,,,,,,,,,,,,,,TRUE,135,"Factors: fixed measurement parameters",
0.566985854682533,0.0793565950343448,0.411449786479487,0.722521922885578,0,"Oracle: true predictors",,,,,,,,,,,,,,,,,,,,,,,,,,,,,,,,,,,,,,,,,,,,,,,,,,TRUE,136,"Stress: pooled residual variance",2.28582403240753
0.318930184279903,0.0655288221634139,0.190496052890282,0.447364315669525,0,"Likelihood-only / naive OLS",,,,,,,,,,,,,,,,,,,,,,,,,,,,,,,,,,,,,,,,,,,,,,,,,,FALSE,136,"Stress: pooled residual variance",2.28582403240753
0.489040597980604,0.107812854757428,0.277731285585598,0.700349910375611,0,"Conditional posterior mean / naive OLS",,,,,,,,,,,,,,,,,,,,,,,,,,,,,,,,,,,,,,,,,,,,,,,,,,TRUE,136,"Stress: pooled residual variance",2.28582403240753
0.513275626403687,0.119974969407007,0.278129007319659,0.748422245487716,0,"REPAIR / stabilized","stabilized",0.513275626403687,0.119974969407007,"ok","ok",2.09674123477541,2.14005912297685,,0.592989860632823,0.627153695313642,0.703034814355538,0.986666666666667,0.986666666666667,,1,1,"modified","modified","supplied",0,4,4,4,4,,,FALSE,6.92653604634578,0.248033079552516,1.91063344119983,0.129817197901004,6.86414932778402,113.201071587615,861.675059405584,0.131373271573747,,,,,,,,,,,,,,,TRUE,136,"Stress: pooled residual variance",2.28582403240753
0.513243414800532,0.121350661835136,0.275400488103566,0.751086341497498,0,"REPAIR / fuller_equations","fuller_equations",0.513243414800532,0.121350661835136,"ok","ok",2.09674123477541,2.14063835487671,,0.592993379250121,0.627641107306021,0.704626226519443,0.986666666666667,0.986666666666667,,1,1,"fuller","fuller","supplied",0,4,4,4,4,,,FALSE,6.99435620167994,0.245255997963561,1.91063344119983,0.128363710523954,6.86334740461471,113.046458280838,860.365572250723,0.131393516810659,,,,,,,,,,,,,,,TRUE,136,"Stress: pooled residual variance",2.28582403240753
0.625609693804954,0.0471896300820703,0.533119718400328,0.718099669209579,0,"Oracle: true predictors",,,,,,,,,,,,,,,,,,,,,,,,,,,,,,,,,,,,,,,,,,,,,,,,,,TRUE,136,"Factors: fixed measurement parameters",
0.473737618091092,0.0446116591457482,0.386300372874848,0.561174863307335,0,"Likelihood-only / naive OLS",,,,,,,,,,,,,,,,,,,,,,,,,,,,,,,,,,,,,,,,,,,,,,,,,,FALSE,136,"Factors: fixed measurement parameters",
0.609274337058425,0.0606300286780167,0.490441664467881,0.728107009648968,0,"Conditional posterior mean / naive OLS",,,,,,,,,,,,,,,,,,,,,,,,,,,,,,,,,,,,,,,,,,,,,,,,,,TRUE,136,"Factors: fixed measurement parameters",
0.600086853203633,0.0619463580895369,0.478674222374719,0.721499484032547,0,"REPAIR / stabilized","stabilized",0.600086853203633,0.0619463580895369,"ok","ok",2.791358979979,2.79210298162356,,0.625548540219711,0.749968639187883,0.754344163798636,0.986666666666667,0.986666666666667,,1,1,"modified","modified","supplied",0,4,4,4,4,,,FALSE,2.51982667558213,0.480791239444003,1.53496223203276,0.313226755297614,2.5179435678169,192.098210279902,612.882679012227,0.313433903189275,,,,,,,,,,,,,,,TRUE,136,"Factors: fixed measurement parameters",
0.60008815496648,0.0622954704591645,0.477991276466539,0.722185033466421,0,"REPAIR / fuller_equations","fuller_equations",0.60008815496648,0.0622954704591645,"ok","ok",2.791358979979,2.79210712897094,,0.62555158273788,0.75086464422757,0.755269951022586,0.986666666666667,0.986666666666667,,1,1,"fuller","fuller","supplied",0,4,4,4,4,,,FALSE,2.52913940055083,0.477295671154801,1.53496223203276,0.310949456080568,2.51793306210633,191.867720231631,612.145049962723,0.31343505962078,,,,,,,,,,,,,,,TRUE,136,"Factors: fixed measurement parameters",
0.644776414528501,0.0805072474095853,0.486985109111258,0.802567719945743,0,"Oracle: true predictors",,,,,,,,,,,,,,,,,,,,,,,,,,,,,,,,,,,,,,,,,,,,,,,,,,TRUE,137,"Stress: pooled residual variance",2.21393644530521
0.472079221059862,0.0654913913739687,0.343718452669467,0.600439989450258,0,"Likelihood-only / naive OLS",,,,,,,,,,,,,,,,,,,,,,,,,,,,,,,,,,,,,,,,,,,,,,,,,,TRUE,137,"Stress: pooled residual variance",2.21393644530521
0.754108222817104,0.106420538060096,0.545527801003941,0.962688644630266,0,"Conditional posterior mean / naive OLS",,,,,,,,,,,,,,,,,,,,,,,,,,,,,,,,,,,,,,,,,,,,,,,,,,TRUE,137,"Stress: pooled residual variance",2.21393644530521
0.723636117336573,0.110236041696396,0.507577445813381,0.939694788859766,0,"REPAIR / stabilized","stabilized",0.723636117336573,0.110236041696396,"ok","ok",2.2391104884694,2.29541938887661,,0.651909749122293,0.703938889362879,0.822309910312811,0.986666666666667,0.986666666666667,,1,1,"modified","modified","supplied",0,4,4,4,4,,,FALSE,6.43648932704175,0.299212815115884,2.11235993124379,0.141648594394471,6.40790837502835,118.967807737187,833.179408340811,0.142787743607465,,,,,,,,,,,,,,,TRUE,137,"Stress: pooled residual variance",2.21393644530521
0.723663121030169,0.111275490854623,0.505567166593093,0.941759075467246,0,"REPAIR / fuller_equations","fuller_equations",0.723663121030169,0.111275490854623,"ok","ok",2.2391104884694,2.29612749010625,,0.651915066885133,0.704673590941125,0.824719529472908,0.986666666666667,0.986666666666667,,1,1,"fuller","fuller","supplied",0,4,4,4,4,,,FALSE,6.48640113522859,0.296522014387473,2.11235993124379,0.140374758108992,6.40756558197798,118.748235700115,831.561426208781,0.142801520077124,,,,,,,,,,,,,,,TRUE,137,"Stress: pooled residual variance",2.21393644530521
0.607755499790315,0.0475968766886279,0.51446733570401,0.70104366387662,0,"Oracle: true predictors",,,,,,,,,,,,,,,,,,,,,,,,,,,,,,,,,,,,,,,,,,,,,,,,,,TRUE,137,"Factors: fixed measurement parameters",
0.487537987850799,0.0475637558506998,0.394314739413971,0.580761236287626,0,"Likelihood-only / naive OLS",,,,,,,,,,,,,,,,,,,,,,,,,,,,,,,,,,,,,,,,,,,,,,,,,,FALSE,137,"Factors: fixed measurement parameters",
0.60951432549202,0.0638295225451334,0.484410760153172,0.734617890830869,0,"Conditional posterior mean / naive OLS",,,,,,,,,,,,,,,,,,,,,,,,,,,,,,,,,,,,,,,,,,,,,,,,,,TRUE,137,"Factors: fixed measurement parameters",
0.635933668311161,0.0669347777254398,0.504743914656106,0.767123421966217,0,"REPAIR / stabilized","stabilized",0.635933668311161,0.0669347777254398,"ok","ok",2.558953043589,2.5539194620715,,0.616437785672015,0.808021994507912,0.824256315210679,0.986666666666667,0.986666666666667,,1,1,"modified","modified","supplied",0,4,4,4,4,,,FALSE,1.73659035105904,0.618897313613733,1.40245272161989,0.441296383167114,1.73201387014079,228.753264156358,517.214594843011,0.442279213381036,,,,,,,,,,,,,,,TRUE,137,"Factors: fixed measurement parameters",
0.635938582132713,0.067325863790392,0.503982313875496,0.767894850389931,0,"REPAIR / fuller_equations","fuller_equations",0.635938582132713,0.067325863790392,"ok","ok",2.558953043589,2.55388575932314,,0.616443381878858,0.809646901656823,0.826024353624185,0.986666666666667,0.986666666666667,,1,1,"fuller","fuller","supplied",0,4,4,4,4,,,FALSE,1.73909101819646,0.615463135155426,1.40245272161989,0.438847688529949,1.73198328955701,228.287332437941,516.153435210741,0.442285795007318,,,,,,,,,,,,,,,TRUE,137,"Factors: fixed measurement parameters",
0.617051348870186,0.0819615028396352,0.456409755185724,0.777692942554648,0,"Oracle: true predictors",,,,,,,,,,,,,,,,,,,,,,,,,,,,,,,,,,,,,,,,,,,,,,,,,,TRUE,138,"Stress: pooled residual variance",2.30320552196224
0.461311734453135,0.0647147503946827,0.334473154411057,0.588150314495212,0,"Likelihood-only / naive OLS",,,,,,,,,,,,,,,,,,,,,,,,,,,,,,,,,,,,,,,,,,,,,,,,,,FALSE,138,"Stress: pooled residual variance",2.30320552196224
0.712445135206753,0.107835572832912,0.501091296201999,0.923798974211507,0,"Conditional posterior mean / naive OLS",,,,,,,,,,,,,,,,,,,,,,,,,,,,,,,,,,,,,,,,,,,,,,,,,,TRUE,138,"Stress: pooled residual variance",2.30320552196224
0.697907580643677,0.106662105099394,0.488853696133639,0.906961465153715,0,"REPAIR / stabilized","stabilized",0.697907580643677,0.106662105099394,"ok","ok",2.31159636172708,2.37360222759103,,0.678571534011501,0.729385889520583,0.845385839404164,0.986666666666667,0.986666666666667,,1,1,"modified","modified","supplied",0,4,4,4,4,,,FALSE,5.83039050395369,0.337821390930833,2.16425023199746,0.15609165055699,5.84651993497923,129.314814003527,827.813348225035,0.156212525783498,,,,,,,,,,,,,,,TRUE,138,"Stress: pooled residual variance",2.30320552196224
0.697771190205837,0.107611799054137,0.486855939748167,0.908686440663508,0,"REPAIR / fuller_equations","fuller_equations",0.697771190205837,0.107611799054137,"ok","ok",2.31159636172708,2.37441434182889,,0.678576933488584,0.730133124439834,0.847832107823036,0.986666666666667,0.986666666666667,,1,1,"fuller","fuller","supplied",0,4,4,4,4,,,FALSE,5.87111331765944,0.335030390578963,2.16425023199746,0.15480205829515,5.84672404041854,129.069681161886,826.236165470401,0.156214030026637,,,,,,,,,,,,,,,TRUE,138,"Stress: pooled residual variance",2.30320552196224
0.648514716093432,0.0501135292393102,0.550294003646189,0.746735428540675,0,"Oracle: true predictors",,,,,,,,,,,,,,,,,,,,,,,,,,,,,,,,,,,,,,,,,,,,,,,,,,TRUE,138,"Factors: fixed measurement parameters",
0.525490473641765,0.0463496195090368,0.434646888706918,0.616334058576613,0,"Likelihood-only / naive OLS",,,,,,,,,,,,,,,,,,,,,,,,,,,,,,,,,,,,,,,,,,,,,,,,,,TRUE,138,"Factors: fixed measurement parameters",
0.681514897150074,0.0625086113458162,0.559000270188662,0.804029524111485,0,"Conditional posterior mean / naive OLS",,,,,,,,,,,,,,,,,,,,,,,,,,,,,,,,,,,,,,,,,,,,,,,,,,TRUE,138,"Factors: fixed measurement parameters",
0.688692942075654,0.0648282850326906,0.561631838232083,0.815754045919225,0,"REPAIR / stabilized","stabilized",0.688692942075654,0.0648282850326906,"ok","ok",2.77945165162465,2.77985882141523,,0.628946325063097,0.780347451465568,0.783371594080185,0.986666666666667,0.986666666666667,,1,1,"modified","modified","supplied",0,4,4,4,4,,,FALSE,1.96756258710128,0.534478549800874,1.37475915206697,0.388779772076642,1.96810828529305,205.247403907028,528.048348770893,0.388690551508721,,,,,,,,,,,,,,,TRUE,138,"Factors: fixed measurement parameters",
0.68869281934695,0.0651937162954966,0.560915483389455,0.816470155304446,0,"REPAIR / fuller_equations","fuller_equations",0.68869281934695,0.0651937162954966,"ok","ok",2.77945165162465,2.77986122565425,,0.628950633106997,0.781620211708086,0.784667229618521,0.986666666666667,0.986666666666667,,1,1,"fuller","fuller","supplied",0,4,4,4,4,,,FALSE,1.97234244905386,0.530975048754278,1.37475915206697,0.386231324924042,1.96811150979571,204.911833496103,527.185728048383,0.388690024395533,,,,,,,,,,,,,,,TRUE,138,"Factors: fixed measurement parameters",
0.738858310564317,0.0843120278136702,0.573609772585985,0.90410684854265,0,"Oracle: true predictors",,,,,,,,,,,,,,,,,,,,,,,,,,,,,,,,,,,,,,,,,,,,,,,,,,TRUE,139,"Stress: pooled residual variance",2.27551739367541
0.495059836302822,0.0619819091716898,0.373577526633277,0.616542145972367,0,"Likelihood-only / naive OLS",,,,,,,,,,,,,,,,,,,,,,,,,,,,,,,,,,,,,,,,,,,,,,,,,,TRUE,139,"Stress: pooled residual variance",2.27551739367541
0.812302893059448,0.102935952078618,0.610552134271016,1.01405365184788,0,"Conditional posterior mean / naive OLS",,,,,,,,,,,,,,,,,,,,,,,,,,,,,,,,,,,,,,,,,,,,,,,,,,FALSE,139,"Stress: pooled residual variance",2.27551739367541
0.721197504100929,0.0982229175148776,0.52868412331532,0.913710884886537,0,"REPAIR / stabilized","stabilized",0.721197504100929,0.0982229175148776,"ok","ok",2.43655567391963,2.49152491270161,,0.657773600217267,0.7125376102122,0.8364436406182,0.986666666666667,0.986666666666667,,1,1,"modified","modified","supplied",0,4,4,4,4,,,FALSE,6.18875984013527,0.358777077294372,2.41273721312613,0.148701265658979,6.14668490205606,139.766727165263,931.014074058544,0.150123108833341,,,,,,,,,,,,,,,TRUE,139,"Stress: pooled residual variance",2.27551739367541
0.721275712990369,0.0990094177920913,0.52722081998759,0.915330605993147,0,"REPAIR / fuller_equations","fuller_equations",0.721275712990369,0.0990094177920913,"ok","ok",2.43655567391963,2.4920726056673,,0.657778050581082,0.713153920343176,0.83846297037503,0.986666666666667,0.986666666666667,,1,1,"fuller","fuller","supplied",0,4,4,4,4,,,FALSE,6.22937510984579,0.356020696583908,2.41273721312613,0.147558836763089,6.1462847515359,139.54560797986,929.456376665767,0.1501368019879,,,,,,,,,,,,,,,TRUE,139,"Stress: pooled residual variance",2.27551739367541
0.644880550519114,0.0491455912512211,0.548556961667794,0.741204139370434,0,"Oracle: true predictors",,,,,,,,,,,,,,,,,,,,,,,,,,,,,,,,,,,,,,,,,,,,,,,,,,TRUE,139,"Factors: fixed measurement parameters",
0.492642008838015,0.043674733231329,0.407041104670216,0.578242913005815,0,"Likelihood-only / naive OLS",,,,,,,,,,,,,,,,,,,,,,,,,,,,,,,,,,,,,,,,,,,,,,,,,,FALSE,139,"Factors: fixed measurement parameters",
0.633240886295446,0.0586239777345495,0.518340001305251,0.748141771285641,0,"Conditional posterior mean / naive OLS",,,,,,,,,,,,,,,,,,,,,,,,,,,,,,,,,,,,,,,,,,,,,,,,,,TRUE,139,"Factors: fixed measurement parameters",
0.630861832945819,0.0586941574511348,0.515823398238671,0.745900267652966,0,"REPAIR / stabilized","stabilized",0.630861832945819,0.0586941574511348,"ok","ok",2.90893443696594,2.91006464756485,,0.613805249257763,0.752140351098287,0.757122768668603,0.986666666666667,0.986666666666667,,1,1,"modified","modified","supplied",0,4,4,4,4,,,FALSE,1.62973479762105,0.691815179923396,1.45216618645843,0.47640220959187,1.63016868734903,275.519361318337,578.41822821579,0.476332431929426,,,,,,,,,,,,,,,TRUE,139,"Factors: fixed measurement parameters",
0.63086063768922,0.0589781160588827,0.515265654337786,0.746455621040653,0,"REPAIR / fuller_equations","fuller_equations",0.63086063768922,0.0589781160588827,"ok","ok",2.90893443696594,2.91007253047025,,0.613808915387982,0.75321812465669,0.758242656847333,0.986666666666667,0.986666666666667,,1,1,"fuller","fuller","supplied",0,4,4,4,4,,,FALSE,1.63161811671908,0.688333755366054,1.45216618645843,0.474004808667783,1.63017171579641,275.122207629245,577.585044914934,0.47633194462257,,,,,,,,,,,,,,,TRUE,139,"Factors: fixed measurement parameters",
0.53949796875079,0.0806662094498001,0.381395103459817,0.697600834041763,0,"Oracle: true predictors",,,,,,,,,,,,,,,,,,,,,,,,,,,,,,,,,,,,,,,,,,,,,,,,,,TRUE,140,"Stress: pooled residual variance",2.25123391212245
0.403301166412971,0.0645411472563114,0.276802842269705,0.529799490556238,0,"Likelihood-only / naive OLS",,,,,,,,,,,,,,,,,,,,,,,,,,,,,,,,,,,,,,,,,,,,,,,,,,FALSE,140,"Stress: pooled residual variance",2.25123391212245
0.628528129186514,0.107988657076345,0.41687425057803,0.840182007794998,0,"Conditional posterior mean / naive OLS",,,,,,,,,,,,,,,,,,,,,,,,,,,,,,,,,,,,,,,,,,,,,,,,,,TRUE,140,"Stress: pooled residual variance",2.25123391212245
0.617746052707161,0.111879788203179,0.398465697230962,0.83702640818336,0,"REPAIR / stabilized","stabilized",0.617746052707161,0.111879788203179,"ok","ok",2.20879865220765,2.24423537387426,,0.636952220121734,0.677105526762593,0.768158992816445,0.986666666666667,0.986666666666667,,1,1,"modified","modified","supplied",0,4,4,4,4,,,FALSE,6.69589958058249,0.27815958040171,2.05311053710539,0.135482028548681,6.70606755657483,114.823437065777,846.929077105503,0.135576213132511,,,,,,,,,,,,,,,TRUE,140,"Stress: pooled residual variance",2.25123391212245
0.617718321587809,0.113025071383542,0.396193252325998,0.839243390849621,0,"REPAIR / fuller_equations","fuller_equations",0.617718321587809,0.113025071383542,"ok","ok",2.20879865220765,2.24468956178287,,0.636956303686321,0.677668923309575,0.770009151124653,0.986666666666667,0.986666666666667,,1,1,"fuller","fuller","supplied",0,4,4,4,4,,,FALSE,6.75275535652877,0.275436301684768,2.05311053710539,0.134155612523959,6.70620351564189,114.629478049261,845.492073304223,0.135577235634254,,,,,,,,,,,,,,,TRUE,140,"Stress: pooled residual variance",2.25123391212245
0.66719494159247,0.0478913281188618,0.57332966330771,0.761060219877229,0,"Oracle: true predictors",,,,,,,,,,,,,,,,,,,,,,,,,,,,,,,,,,,,,,,,,,,,,,,,,,TRUE,140,"Factors: fixed measurement parameters",
0.568042563962941,0.0483185673686892,0.473339912135738,0.662745215790144,0,"Likelihood-only / naive OLS",,,,,,,,,,,,,,,,,,,,,,,,,,,,,,,,,,,,,,,,,,,,,,,,,,TRUE,140,"Factors: fixed measurement parameters",
0.727991594832387,0.0651850347613019,0.600231274369243,0.85575191529553,0,"Conditional posterior mean / naive OLS",,,,,,,,,,,,,,,,,,,,,,,,,,,,,,,,,,,,,,,,,,,,,,,,,,FALSE,140,"Factors: fixed measurement parameters",
0.76906336818391,0.0723221919630395,0.627314476653361,0.91081225971446,0,"REPAIR / stabilized","stabilized",0.76906336818391,0.0723221919630395,"ok","ok",2.35527215592559,2.35504216839825,,0.560092042614698,0.767520794846525,0.775358890797909,0.986666666666667,0.986666666666667,,1,1,"modified","modified","supplied",0,4,4,4,4,,,FALSE,1.94389956026267,0.481523170887635,1.26268259208118,0.381349338232324,1.94338291547425,187.721859358359,492.151217363311,0.381431260830918,,,,,,,,,,,,,,,FALSE,140,"Factors: fixed measurement parameters",
0.769064096363351,0.0728353234152861,0.626309485667064,0.911818707059639,0,"REPAIR / fuller_equations","fuller_equations",0.769064096363351,0.0728353234152861,"ok","ok",2.35527215592559,2.3550407958774,,0.560098744409642,0.769491757595206,0.777397161103721,0.986666666666667,0.986666666666667,,1,1,"fuller","fuller","supplied",0,4,4,4,4,,,FALSE,1.94870793619683,0.478072773003808,1.26268259208118,0.378616745017318,1.94337983759712,187.238123957228,490.882377908395,0.381431748996638,,,,,,,,,,,,,,,FALSE,140,"Factors: fixed measurement parameters",
0.614312349472074,0.0846066476243571,0.448486367275663,0.780138331668485,0,"Oracle: true predictors",,,,,,,,,,,,,,,,,,,,,,,,,,,,,,,,,,,,,,,,,,,,,,,,,,TRUE,141,"Stress: pooled residual variance",2.22467420508728
0.42748928523538,0.0687124764368849,0.292815306130528,0.562163264340231,0,"Likelihood-only / naive OLS",,,,,,,,,,,,,,,,,,,,,,,,,,,,,,,,,,,,,,,,,,,,,,,,,,FALSE,141,"Stress: pooled residual variance",2.22467420508728
0.720651237394484,0.113119592385064,0.498940910373908,0.942361564415061,0,"Conditional posterior mean / naive OLS",,,,,,,,,,,,,,,,,,,,,,,,,,,,,,,,,,,,,,,,,,,,,,,,,,TRUE,141,"Stress: pooled residual variance",2.22467420508728
0.72335541134273,0.125748391491973,0.476893092904621,0.969817729780839,0,"REPAIR / stabilized","stabilized",0.72335541134273,0.125748391491973,"ok","ok",2.084591547009,2.12149337931415,,0.614502711944716,0.672207704021295,0.801288334093913,0.986666666666667,0.986666666666667,,1,1,"modified","modified","supplied",0,4,4,4,4,,,FALSE,7.48003510454051,0.273085189797867,2.22920500355372,0.122503398907918,7.58171848976849,111.035728158757,915.01628691533,0.121348362588251,,,,,,,,,,,,,,,TRUE,141,"Stress: pooled residual variance",2.22467420508728
0.723620207671549,0.12717863845642,0.474354656694125,0.972885758648972,0,"REPAIR / fuller_equations","fuller_equations",0.723620207671549,0.12717863845642,"ok","ok",2.084591547009,2.12199398680815,,0.614509156466613,0.673099568248581,0.804202913597738,0.986666666666667,0.986666666666667,,1,1,"fuller","fuller","supplied",0,4,4,4,4,,,FALSE,7.54583901852943,0.270369774148243,2.22920500355372,0.12128528947191,7.58307853790641,110.7585555426,912.847957867967,0.121332971814151,,,,,,,,,,,,,,,TRUE,141,"Stress: pooled residual variance",2.22467420508728
0.583607936741341,0.0506063092985627,0.484421393125664,0.682794480357019,0,"Oracle: true predictors",,,,,,,,,,,,,,,,,,,,,,,,,,,,,,,,,,,,,,,,,,,,,,,,,,TRUE,141,"Factors: fixed measurement parameters",
0.436723633824645,0.0464555082348096,0.345672510800914,0.527774756848376,0,"Likelihood-only / naive OLS",,,,,,,,,,,,,,,,,,,,,,,,,,,,,,,,,,,,,,,,,,,,,,,,,,FALSE,141,"Factors: fixed measurement parameters",
0.554984655033206,0.0626329350057487,0.432226358175901,0.677742951890512,0,"Conditional posterior mean / naive OLS",,,,,,,,,,,,,,,,,,,,,,,,,,,,,,,,,,,,,,,,,,,,,,,,,,TRUE,141,"Factors: fixed measurement parameters",
0.574063017420416,0.0651577804076846,0.446356114508785,0.701769920332047,0,"REPAIR / stabilized","stabilized",0.574063017420416,0.0651577804076846,"ok","ok",2.93265448802541,2.93257380847001,,0.625705669378766,0.74871993254933,0.754706557211492,0.986666666666667,0.986666666666667,,1,1,"modified","modified","supplied",0,4,4,4,4,,,FALSE,1.7971383581406,0.606254943016301,1.41809599511457,0.427513331329393,1.79893520013932,242.288432135915,567.235191338432,0.427139281616533,,,,,,,,,,,,,,,TRUE,141,"Factors: fixed measurement parameters",
0.574063627776888,0.0655277564737152,0.445631585100695,0.702495670453081,0,"REPAIR / fuller_equations","fuller_equations",0.574063627776888,0.0655277564737152,"ok","ok",2.93265448802541,2.93257330928306,,0.625709152351485,0.749742711606812,0.755772871639855,0.986666666666667,0.986666666666667,,1,1,"fuller","fuller","supplied",0,4,4,4,4,,,FALSE,1.79997083701276,0.602834880425972,1.41809599511457,0.425101602784844,1.79894574177117,241.954238388533,566.45569899782,0.427137089125595,,,,,,,,,,,,,,,TRUE,141,"Factors: fixed measurement parameters",
0.592213701460767,0.0966671317899968,0.402749604663587,0.781677798257948,0,"Oracle: true predictors",,,,,,,,,,,,,,,,,,,,,,,,,,,,,,,,,,,,,,,,,,,,,,,,,,TRUE,142,"Stress: pooled residual variance",2.19938821804304
0.399443349954635,0.0727734344051997,0.256810039489155,0.542076660420114,0,"Likelihood-only / naive OLS",,,,,,,,,,,,,,,,,,,,,,,,,,,,,,,,,,,,,,,,,,,,,,,,,,FALSE,142,"Stress: pooled residual variance",2.19938821804304
0.661849739874038,0.120602335380851,0.425473506076149,0.898225973671927,0,"Conditional posterior mean / naive OLS",,,,,,,,,,,,,,,,,,,,,,,,,,,,,,,,,,,,,,,,,,,,,,,,,,TRUE,142,"Stress: pooled residual variance",2.19938821804304
0.676927104065382,0.136979230040899,0.408452746555193,0.945401461575571,0,"REPAIR / stabilized","stabilized",0.676927104065382,0.136979230040899,"ok","ok",2.03380322778449,2.06664474641914,,0.706032440295078,0.750432614429354,0.851542475560924,0.986666666666667,0.986666666666667,,1,1,"modified","modified","supplied",0,4,4,4,4,,,FALSE,8.2403701032808,0.238546615789473,2.15089165611412,0.110905918999398,8.19916042437445,89.7413756618691,803.180263335235,0.111732545928376,,,,,,,,,,,,,,,TRUE,142,"Stress: pooled residual variance",2.19938821804304
0.677019671186599,0.138656619737837,0.405257690282373,0.948781652090825,0,"REPAIR / fuller_equations","fuller_equations",0.677019671186599,0.138656619737837,"ok","ok",2.03380322778449,2.06720111834922,,0.706038447311456,0.751260286999911,0.854257466204034,0.986666666666667,0.986666666666667,,1,1,"fuller","fuller","supplied",0,4,4,4,4,,,FALSE,8.32318443949554,0.235872529079244,2.15089165611412,0.109662673342357,8.19850557821811,89.5556501915777,801.422092399673,0.111745921457473,,,,,,,,,,,,,,,TRUE,142,"Stress: pooled residual variance",2.19938821804304
0.604570715724932,0.0531864001958042,0.500327286873822,0.708814144576043,0,"Oracle: true predictors",,,,,,,,,,,,,,,,,,,,,,,,,,,,,,,,,,,,,,,,,,,,,,,,,,TRUE,142,"Factors: fixed measurement parameters",
0.445776854819075,0.0494469683582673,0.348862577692179,0.54269113194597,0,"Likelihood-only / naive OLS",,,,,,,,,,,,,,,,,,,,,,,,,,,,,,,,,,,,,,,,,,,,,,,,,,FALSE,142,"Factors: fixed measurement parameters",
0.563482025776456,0.067204476408431,0.431763672416059,0.695200379136852,0,"Conditional posterior mean / naive OLS",,,,,,,,,,,,,,,,,,,,,,,,,,,,,,,,,,,,,,,,,,,,,,,,,,TRUE,142,"Factors: fixed measurement parameters",
0.568962208116167,0.0703302955488031,0.431117361818455,0.706807054413879,0,"REPAIR / stabilized","stabilized",0.568962208116167,0.0703302955488031,"ok","ok",2.71955040644201,2.71890032026881,,0.721412850771364,0.850769098039305,0.858466035666757,0.986666666666667,0.986666666666667,,1,1,"modified","modified","supplied",0,4,4,4,4,,,FALSE,2.49660329247612,0.455102285970985,1.46125861574222,0.31144540813525,2.49970492752835,160.029169992352,514.371571561761,0.311115891390466,,,,,,,,,,,,,,,TRUE,142,"Factors: fixed measurement parameters",
0.568959239912731,0.0707626052252089,0.430267082219096,0.707651397606367,0,"REPAIR / fuller_equations","fuller_equations",0.568959239912731,0.0707626052252089,"ok","ok",2.71955040644201,2.71889563868873,,0.721416293407338,0.851774825193767,0.859536686210965,0.986666666666667,0.986666666666667,,1,1,"fuller","fuller","supplied",0,4,4,4,4,,,FALSE,2.50608607436088,0.451629893493633,1.46125861574222,0.309069105651936,2.49972725758614,159.836990245096,513.757773879095,0.311113521530306,,,,,,,,,,,,,,,TRUE,142,"Factors: fixed measurement parameters",
0.674645672801496,0.0825009265024824,0.512946828165445,0.836344517437548,0,"Oracle: true predictors",,,,,,,,,,,,,,,,,,,,,,,,,,,,,,,,,,,,,,,,,,,,,,,,,,TRUE,143,"Stress: pooled residual variance",2.26604932549203
0.451677992283892,0.0624719302749605,0.329235258900272,0.574120725667512,0,"Likelihood-only / naive OLS",,,,,,,,,,,,,,,,,,,,,,,,,,,,,,,,,,,,,,,,,,,,,,,,,,FALSE,143,"Stress: pooled residual variance",2.26604932549203
0.703199794881574,0.106690421642147,0.494090410967573,0.912309178795576,0,"Conditional posterior mean / naive OLS",,,,,,,,,,,,,,,,,,,,,,,,,,,,,,,,,,,,,,,,,,,,,,,,,,TRUE,143,"Stress: pooled residual variance",2.26604932549203
0.70110434081102,0.111811794710436,0.48195725013178,0.920251431490261,0,"REPAIR / stabilized","stabilized",0.70110434081102,0.111811794710436,"ok","ok",2.12175075370217,2.17143391470562,,0.549349061567081,0.604764854767572,0.729725094379901,0.986666666666667,0.986666666666667,,1,1,"modified","modified","supplied",0,4,4,4,4,,,FALSE,7.6487526599979,0.278886583247774,2.32412003017637,0.119996635124998,7.70555214421046,124.256349092183,1039.95786841269,0.119482099098725,,,,,,,,,,,,,,,TRUE,143,"Stress: pooled residual variance",2.26604932549203
0.70101619648922,0.113028988303307,0.47948345020574,0.922548942772701,0,"REPAIR / fuller_equations","fuller_equations",0.70101619648922,0.113028988303307,"ok","ok",2.12175075370217,2.17204963928532,,0.549354792342384,0.605556638919664,0.732320448612476,0.986666666666667,0.986666666666667,,1,1,"fuller","fuller","supplied",0,4,4,4,4,,,FALSE,7.71565130420216,0.276134071225574,2.32412003017637,0.118812310741377,7.70624108515656,123.941352446443,1037.37563268894,0.119475866350533,,,,,,,,,,,,,,,TRUE,143,"Stress: pooled residual variance",2.26604932549203
0.610381909928355,0.0584806631714753,0.495761916320246,0.725001903536464,0,"Oracle: true predictors",,,,,,,,,,,,,,,,,,,,,,,,,,,,,,,,,,,,,,,,,,,,,,,,,,TRUE,143,"Factors: fixed measurement parameters",
0.464127867660857,0.0495586026171173,0.366994791407174,0.561260943914539,0,"Likelihood-only / naive OLS",,,,,,,,,,,,,,,,,,,,,,,,,,,,,,,,,,,,,,,,,,,,,,,,,,FALSE,143,"Factors: fixed measurement parameters",
0.586496861032315,0.0668795149934853,0.455415420341577,0.717578301723052,0,"Conditional posterior mean / naive OLS",,,,,,,,,,,,,,,,,,,,,,,,,,,,,,,,,,,,,,,,,,,,,,,,,,TRUE,143,"Factors: fixed measurement parameters",
0.590829242632641,0.0675795185472431,0.458375820187488,0.723282665077794,0,"REPAIR / stabilized","stabilized",0.590829242632641,0.0675795185472431,"ok","ok",3.05418739336216,3.0540009353741,,0.775041551003504,0.915842321128115,0.924446649511718,0.986666666666667,0.986666666666667,,1,1,"modified","modified","supplied",0,4,4,4,4,,,FALSE,1.97762757008089,0.577066384171387,1.46647697613352,0.39350524663051,1.97931021777759,188.517076827549,479.414345716955,0.393223687425592,,,,,,,,,,,,,,,TRUE,143,"Factors: fixed measurement parameters",
0.590828021111448,0.0679290466159982,0.457689536239949,0.723966505982947,0,"REPAIR / fuller_equations","fuller_equations",0.590828021111448,0.0679290466159982,"ok","ok",3.05418739336216,3.05399958116916,,0.775045274775655,0.916929564983071,0.925606672153541,0.986666666666667,0.986666666666667,,1,1,"fuller","fuller","supplied",0,4,4,4,4,,,FALSE,1.98194257285787,0.573595856488916,1.46647697613352,0.391138671676417,1.97932235671598,188.289871739155,478.839016294924,0.393221657658708,,,,,,,,,,,,,,,TRUE,143,"Factors: fixed measurement parameters",
0.667205425597802,0.0843462294314258,0.501889853680455,0.832520997515148,0,"Oracle: true predictors",,,,,,,,,,,,,,,,,,,,,,,,,,,,,,,,,,,,,,,,,,,,,,,,,,TRUE,144,"Stress: pooled residual variance",2.22924722000313
0.458493969102458,0.0696780802154717,0.321927441368241,0.595060496836676,0,"Likelihood-only / naive OLS",,,,,,,,,,,,,,,,,,,,,,,,,,,,,,,,,,,,,,,,,,,,,,,,,,FALSE,144,"Stress: pooled residual variance",2.22924722000313
0.719642779800789,0.111293383846908,0.501511755743258,0.93777380385832,0,"Conditional posterior mean / naive OLS",,,,,,,,,,,,,,,,,,,,,,,,,,,,,,,,,,,,,,,,,,,,,,,,,,TRUE,144,"Stress: pooled residual variance",2.22924722000313
0.724191402618662,0.118981819071502,0.490991322423456,0.957391482813867,0,"REPAIR / stabilized","stabilized",0.724191402618662,0.118981819071502,"ok","ok",2.21161780232369,2.28296788427202,,0.687487382461426,0.746937250625962,0.880239646389542,0.986666666666667,0.986666666666667,,1,1,"modified","modified","supplied",0,4,4,4,4,,,FALSE,6.34125183350571,0.295491009121268,2.06183113776969,0.143314844609876,6.25992749570354,110.924600220633,761.245032706442,0.14571471136733,,,,,,,,,,,,,,,TRUE,144,"Stress: pooled residual variance",2.22924722000313
0.724225538409441,0.120133627721085,0.488767954743971,0.959683122074911,0,"REPAIR / fuller_equations","fuller_equations",0.724225538409441,0.120133627721085,"ok","ok",2.21161780232369,2.28385931436179,,0.687493423100343,0.747775011874252,0.882973976429293,0.986666666666667,0.986666666666667,,1,1,"fuller","fuller","supplied",0,4,4,4,4,,,FALSE,6.39117580764205,0.29278531268299,2.06183113776969,0.142002566223585,6.25897910789274,110.714169530033,759.651940769776,0.145743285297005,,,,,,,,,,,,,,,TRUE,144,"Stress: pooled residual variance",2.22924722000313
0.5594054376202,0.0509728440590373,0.45950049907491,0.659310376165489,0,"Oracle: true predictors",,,,,,,,,,,,,,,,,,,,,,,,,,,,,,,,,,,,,,,,,,,,,,,,,,TRUE,144,"Factors: fixed measurement parameters",
0.431511832601255,0.0480752027963742,0.337286166570902,0.525737498631607,0,"Likelihood-only / naive OLS",,,,,,,,,,,,,,,,,,,,,,,,,,,,,,,,,,,,,,,,,,,,,,,,,,FALSE,144,"Factors: fixed measurement parameters",
0.534326564428675,0.0652402907333529,0.406457944250381,0.662195184606968,0,"Conditional posterior mean / naive OLS",,,,,,,,,,,,,,,,,,,,,,,,,,,,,,,,,,,,,,,,,,,,,,,,,,TRUE,144,"Factors: fixed measurement parameters",
0.530427759126466,0.0662983847536723,0.400485312776089,0.660370205476843,0,"REPAIR / stabilized","stabilized",0.530427759126466,0.0662983847536723,"ok","ok",2.57353373391476,2.57314014524537,,0.708164140146713,0.870413028026595,0.887923811766688,0.986666666666667,0.986666666666667,,1,1,"modified","modified","supplied",0,4,4,4,4,,,FALSE,2.34882482489365,0.490398480862235,1.47411144154118,0.33267395329998,2.35373966884796,168.041079605905,506.003114209091,0.332094951369147,,,,,,,,,,,,,,,TRUE,144,"Factors: fixed measurement parameters",
0.530421696817507,0.0666720308788364,0.399746917518846,0.661096476116169,0,"REPAIR / fuller_equations","fuller_equations",0.530421696817507,0.0666720308788364,"ok","ok",2.57353373391476,2.57313645580682,,0.708168960264012,0.871794394110612,0.88949887359549,0.986666666666667,0.986666666666667,,1,1,"fuller","fuller","supplied",0,4,4,4,4,,,FALSE,2.35685451546598,0.486884292445503,1.47411144154118,0.330290016565143,2.35378555394626,167.765728293882,505.182190456112,0.332089553953618,,,,,,,,,,,,,,,TRUE,144,"Factors: fixed measurement parameters",
0.6817528977513,0.0813635039063773,0.522283360438816,0.841222435063783,0,"Oracle: true predictors",,,,,,,,,,,,,,,,,,,,,,,,,,,,,,,,,,,,,,,,,,,,,,,,,,TRUE,145,"Stress: pooled residual variance",2.24275497087341
0.357011998240607,0.0639857508531205,0.231602231044738,0.482421765436477,0,"Likelihood-only / naive OLS",,,,,,,,,,,,,,,,,,,,,,,,,,,,,,,,,,,,,,,,,,,,,,,,,,FALSE,145,"Stress: pooled residual variance",2.24275497087341
0.530375988812737,0.106683376361745,0.321280413394584,0.739471564230889,0,"Conditional posterior mean / naive OLS",,,,,,,,,,,,,,,,,,,,,,,,,,,,,,,,,,,,,,,,,,,,,,,,,,TRUE,145,"Stress: pooled residual variance",2.24275497087341
0.512319341428038,0.106174782174691,0.304220592299258,0.720418090556817,0,"REPAIR / stabilized","stabilized",0.512319341428038,0.106174782174691,"ok","ok",2.40009527959358,2.452578713572,,0.61418853520402,0.662432907948362,0.766266623520762,0.986666666666667,0.986666666666667,,1,1,"modified","modified","supplied",0,4,4,4,4,,,FALSE,6.26784069329722,0.306919369412095,2.11263639315136,0.145277895622291,6.27963958605049,129.346170708353,889.048902472969,0.145488251938184,,,,,,,,,,,,,,,TRUE,145,"Stress: pooled residual variance",2.24275497087341
0.512310066393102,0.107133637133478,0.302331996078701,0.722288136707502,0,"REPAIR / fuller_equations","fuller_equations",0.512310066393102,0.107133637133478,"ok","ok",2.40009527959358,2.45300932374592,,0.614191600956129,0.662865496791954,0.767651463359792,0.986666666666667,0.986666666666667,,1,1,"fuller","fuller","supplied",0,4,4,4,4,,,FALSE,6.31561373743109,0.30419363042648,2.11263639315136,0.143987688280198,6.27973398143875,129.19085165761,887.971337845266,0.145489889314561,,,,,,,,,,,,,,,TRUE,145,"Stress: pooled residual variance",2.24275497087341
0.558863003680026,0.0504479511515612,0.45998683632913,0.657739171030922,0,"Oracle: true predictors",,,,,,,,,,,,,,,,,,,,,,,,,,,,,,,,,,,,,,,,,,,,,,,,,,TRUE,145,"Factors: fixed measurement parameters",
0.46704558586795,0.0480571592348187,0.372855284568399,0.561235887167501,0,"Likelihood-only / naive OLS",,,,,,,,,,,,,,,,,,,,,,,,,,,,,,,,,,,,,,,,,,,,,,,,,,FALSE,145,"Factors: fixed measurement parameters",
0.599422790856282,0.0649303289356656,0.472161684638038,0.726683897074525,0,"Conditional posterior mean / naive OLS",,,,,,,,,,,,,,,,,,,,,,,,,,,,,,,,,,,,,,,,,,,,,,,,,,TRUE,145,"Factors: fixed measurement parameters",
0.605819319097399,0.0666555056575597,0.475176928637277,0.736461709557522,0,"REPAIR / stabilized","stabilized",0.605819319097399,0.0666555056575597,"ok","ok",3.0288771786646,3.02888699519332,,0.703179963976527,0.829817194155021,0.834235413094015,0.986666666666667,0.986666666666667,,1,1,"modified","modified","supplied",0,4,4,4,4,,,FALSE,2.00924397465521,0.578401306907948,1.48969911604895,0.388267201528595,2.00901749376864,208.853140061455,537.837172833922,0.388320388791622,,,,,,,,,,,,,,,TRUE,145,"Factors: fixed measurement parameters",
0.605820209760182,0.0670201067938177,0.474463214204272,0.737177205316093,0,"REPAIR / fuller_equations","fuller_equations",0.605820209760182,0.0670201067938177,"ok","ok",3.0288771786646,3.0288870414515,,0.703183322357778,0.830807374420699,0.835252523073049,0.986666666666667,0.986666666666667,,1,1,"fuller","fuller","supplied",0,4,4,4,4,,,FALSE,2.01355586250707,0.574965872743941,1.48969911604895,0.385961075327004,2.00901639111157,208.602989032419,537.192627238638,0.388320647855338,,,,,,,,,,,,,,,TRUE,145,"Factors: fixed measurement parameters",
0.585617915592848,0.0909525596429406,0.407354174390954,0.763881656794743,0,"Oracle: true predictors",,,,,,,,,,,,,,,,,,,,,,,,,,,,,,,,,,,,,,,,,,,,,,,,,,TRUE,146,"Stress: pooled residual variance",2.24211644272462
0.276299924013949,0.0741338377613425,0.131000271965983,0.421599576061916,0,"Likelihood-only / naive OLS",,,,,,,,,,,,,,,,,,,,,,,,,,,,,,,,,,,,,,,,,,,,,,,,,,FALSE,146,"Stress: pooled residual variance",2.24211644272462
0.430480016539237,0.122866898424937,0.189665320734219,0.671294712344255,0,"Conditional posterior mean / naive OLS",,,,,,,,,,,,,,,,,,,,,,,,,,,,,,,,,,,,,,,,,,,,,,,,,,TRUE,146,"Stress: pooled residual variance",2.24211644272462
0.45837673885229,0.152074052493642,0.160317072981699,0.756436404722881,0,"REPAIR / stabilized","stabilized",0.45837673885229,0.152074052493642,"ok","ok",1.88349038965395,1.90873989036519,,0.681355884059148,0.711163798051727,0.776558786390212,0.986666666666667,0.986666666666667,,1,1,"modified","modified","supplied",0,4,4,4,4,,,FALSE,10.4494348548684,0.190132680871818,2.17581278958627,0.0873846692058337,10.4042566332549,77.2471813336559,878.383765899785,0.0879424055094263,,,,,,,,,,,,,,,TRUE,146,"Stress: pooled residual variance",2.24211644272462
0.458413568013257,0.15430006222722,0.155991003235617,0.760836132790897,0,"REPAIR / fuller_equations","fuller_equations",0.458413568013257,0.15430006222722,"ok","ok",1.88349038965395,1.90907302993382,,0.681358811794701,0.711567166388402,0.777882086966047,0.986666666666667,0.986666666666667,,1,1,"fuller","fuller","supplied",0,4,4,4,4,,,FALSE,10.587610431175,0.187410103059031,2.17581278958627,0.0861333768952921,10.403678084818,77.1668861376115,877.398973801516,0.0879495969812566,,,,,,,,,,,,,,,TRUE,146,"Stress: pooled residual variance",2.24211644272462
0.542249755654755,0.0460531759355396,0.451987189447411,0.6325123218621,0,"Oracle: true predictors",,,,,,,,,,,,,,,,,,,,,,,,,,,,,,,,,,,,,,,,,,,,,,,,,,TRUE,146,"Factors: fixed measurement parameters",
0.458906060212402,0.0419930674817879,0.376601160347737,0.541210960077066,0,"Likelihood-only / naive OLS",,,,,,,,,,,,,,,,,,,,,,,,,,,,,,,,,,,,,,,,,,,,,,,,,,FALSE,146,"Factors: fixed measurement parameters",
0.578723090292304,0.0569326650154304,0.467137117318177,0.690309063266431,0,"Conditional posterior mean / naive OLS",,,,,,,,,,,,,,,,,,,,,,,,,,,,,,,,,,,,,,,,,,,,,,,,,,TRUE,146,"Factors: fixed measurement parameters",
0.570072215814681,0.0569623131722555,0.458428133520968,0.681716298108393,0,"REPAIR / stabilized","stabilized",0.570072215814681,0.0569623131722555,"ok","ok",2.79853165677934,2.80065279565173,,0.554360126831203,0.697797434383973,0.70856328406706,0.986666666666667,0.986666666666667,,1,1,"modified","modified","supplied",0,4,4,4,4,,,FALSE,2.19887002974656,0.563747666247577,1.56372794093109,0.360515183934044,2.19801740068433,241.570296544141,669.764441811722,0.360679488882226,,,,,,,,,,,,,,,TRUE,146,"Factors: fixed measurement parameters",
0.570077675271183,0.057256397405041,0.45785719847279,0.682298152069576,0,"REPAIR / fuller_equations","fuller_equations",0.570077675271183,0.057256397405041,"ok","ok",2.79853165677934,2.80066770298237,,0.554363696220381,0.698833980419359,0.709692824843936,0.986666666666667,0.986666666666667,,1,1,"fuller","fuller","supplied",0,4,4,4,4,,,FALSE,2.20474805530844,0.560261403303884,1.56372794093109,0.35828572774001,2.19801138456542,241.206380260282,668.753317137828,0.360680648722031,,,,,,,,,,,,,,,TRUE,146,"Factors: fixed measurement parameters",
0.641993342080603,0.0868103058807002,0.471848269067525,0.812138415093681,0,"Oracle: true predictors",,,,,,,,,,,,,,,,,,,,,,,,,,,,,,,,,,,,,,,,,,,,,,,,,,TRUE,147,"Stress: pooled residual variance",2.21093956902803
0.467007645668577,0.0677840116276929,0.334153424150654,0.599861867186499,0,"Likelihood-only / naive OLS",,,,,,,,,,,,,,,,,,,,,,,,,,,,,,,,,,,,,,,,,,,,,,,,,,FALSE,147,"Stress: pooled residual variance",2.21093956902803
0.751406061030598,0.113550505698802,0.528851159434637,0.973960962626559,0,"Conditional posterior mean / naive OLS",,,,,,,,,,,,,,,,,,,,,,,,,,,,,,,,,,,,,,,,,,,,,,,,,,TRUE,147,"Stress: pooled residual variance",2.21093956902803
0.740260178182462,0.118774828325115,0.507465792395308,0.973054563969616,0,"REPAIR / stabilized","stabilized",0.740260178182462,0.118774828325115,"ok","ok",2.18167784941684,2.21873596996457,,0.653273002868035,0.709163738715082,0.835847515387916,0.986666666666667,0.986666666666667,,1,1,"modified","modified","supplied",0,4,4,4,4,,,FALSE,6.55855072693975,0.2889797642676,2.08042038786725,0.138904505047582,6.67482485157975,110.996090709595,810.285153915856,0.136983986653569,,,,,,,,,,,,,,,TRUE,147,"Stress: pooled residual variance",2.21093956902803
0.74030634514899,0.120006886200406,0.505097170299398,0.975515519998581,0,"REPAIR / fuller_equations","fuller_equations",0.74030634514899,0.120006886200406,"ok","ok",2.18167784941684,2.21922720469179,,0.653279077262722,0.710003290587046,0.838598274848512,0.986666666666667,0.986666666666667,,1,1,"fuller","fuller","supplied",0,4,4,4,4,,,FALSE,6.61171199585359,0.286277922780082,2.08042038786725,0.137605805273597,6.67634377197904,110.732544606836,808.50748689809,0.136959207430064,,,,,,,,,,,,,,,TRUE,147,"Stress: pooled residual variance",2.21093956902803
0.493060784441716,0.0550405200645451,0.385183347424854,0.600938221458579,0,"Oracle: true predictors",,,,,,,,,,,,,,,,,,,,,,,,,,,,,,,,,,,,,,,,,,,,,,,,,,TRUE,147,"Factors: fixed measurement parameters",
0.374180432827455,0.0471474710920181,0.281773087524956,0.466587778129954,0,"Likelihood-only / naive OLS",,,,,,,,,,,,,,,,,,,,,,,,,,,,,,,,,,,,,,,,,,,,,,,,,,FALSE,147,"Factors: fixed measurement parameters",
0.472320828746842,0.0640512903068538,0.346782606582089,0.597859050911594,0,"Conditional posterior mean / naive OLS",,,,,,,,,,,,,,,,,,,,,,,,,,,,,,,,,,,,,,,,,,,,,,,,,,FALSE,147,"Factors: fixed measurement parameters",
0.478512050001022,0.0673443987673133,0.346519453856584,0.61050464614546,0,"REPAIR / stabilized","stabilized",0.478512050001022,0.0673443987673133,"ok","ok",2.69871143753524,2.69961125544608,,0.654800700721784,0.752805054388983,0.759691290357736,0.986666666666667,0.986666666666667,,1,1,"modified","modified","supplied",0,4,4,4,4,,,FALSE,2.47223188051987,0.452073174070988,1.44295429169301,0.31329694687735,2.47088374031094,179.771451397985,573.53311515557,0.313445634868393,,,,,,,,,,,,,,,TRUE,147,"Factors: fixed measurement parameters",
0.4785127425948,0.0677635181904405,0.345698687475812,0.611326797713788,0,"REPAIR / fuller_equations","fuller_equations",0.4785127425948,0.0677635181904405,"ok","ok",2.69871143753524,2.69961834014004,,0.654803394742956,0.753589200172285,0.760537341276595,0.986666666666667,0.986666666666667,,1,1,"fuller","fuller","supplied",0,4,4,4,4,,,FALSE,2.48155918595514,0.448604758017972,1.44295429169301,0.310893256009951,2.47087311652699,179.581372225077,572.924554115458,0.313446807149562,,,,,,,,,,,,,,,TRUE,147,"Factors: fixed measurement parameters",
0.713125447179369,0.0893593555284947,0.537984328661809,0.888266565696928,0,"Oracle: true predictors",,,,,,,,,,,,,,,,,,,,,,,,,,,,,,,,,,,,,,,,,,,,,,,,,,TRUE,148,"Stress: pooled residual variance",2.26470683202695
0.369591528037466,0.0704632875701591,0.231486022167665,0.507697033907267,0,"Likelihood-only / naive OLS",,,,,,,,,,,,,,,,,,,,,,,,,,,,,,,,,,,,,,,,,,,,,,,,,,FALSE,148,"Stress: pooled residual variance",2.26470683202695
0.6106983028578,0.116482364111775,0.38239706436464,0.83899954135096,0,"Conditional posterior mean / naive OLS",,,,,,,,,,,,,,,,,,,,,,,,,,,,,,,,,,,,,,,,,,,,,,,,,,TRUE,148,"Stress: pooled residual variance",2.26470683202695
0.590732708919589,0.123814255333841,0.348061227692614,0.833404190146564,0,"REPAIR / stabilized","stabilized",0.590732708919589,0.123814255333841,"ok","ok",2.19923843570472,2.2335257513235,,0.730080433279811,0.768571601413376,0.85517300046814,0.986666666666667,0.986666666666667,,1,1,"modified","modified","supplied",0,4,4,4,4,,,FALSE,7.06337425753687,0.271967090311837,2.11202307659752,0.128770889544435,7.06941207894886,101.199717376593,784.275930936767,0.129035857642241,,,,,,,,,,,,,,,TRUE,148,"Stress: pooled residual variance",2.26470683202695
0.590811512616044,0.125109849626251,0.34560071323737,0.836022311994718,0,"REPAIR / fuller_equations","fuller_equations",0.590811512616044,0.125109849626251,"ok","ok",2.19923843570472,2.23398768840987,,0.730084460120027,0.769128242738615,0.856996177236324,0.986666666666667,0.986666666666667,,1,1,"fuller","fuller","supplied",0,4,4,4,4,,,FALSE,7.12591323631135,0.269218084166229,2.11202307659752,0.127469291007909,7.06949394629338,101.064671539755,783.208590060575,0.129039278708548,,,,,,,,,,,,,,,TRUE,148,"Stress: pooled residual variance",2.26470683202695
0.62851862239805,0.0458610017551099,0.538632710663107,0.718404534132994,0,"Oracle: true predictors",,,,,,,,,,,,,,,,,,,,,,,,,,,,,,,,,,,,,,,,,,,,,,,,,,TRUE,148,"Factors: fixed measurement parameters",
0.503506185790279,0.0415210544005075,0.422126414565156,0.584885957015402,0,"Likelihood-only / naive OLS",,,,,,,,,,,,,,,,,,,,,,,,,,,,,,,,,,,,,,,,,,,,,,,,,,FALSE,148,"Factors: fixed measurement parameters",
0.640421737011162,0.0565493248620934,0.529587096931403,0.75125637709092,0,"Conditional posterior mean / naive OLS",,,,,,,,,,,,,,,,,,,,,,,,,,,,,,,,,,,,,,,,,,,,,,,,,,TRUE,148,"Factors: fixed measurement parameters",
0.621019368608425,0.0572505404778627,0.508810371176362,0.733228366040488,0,"REPAIR / stabilized","stabilized",0.621019368608425,0.0572505404778627,"ok","ok",2.77430036423007,2.77366141056006,,0.540585268470617,0.687805716902034,0.695508287022859,0.986666666666667,0.986666666666667,,1,1,"modified","modified","supplied",0,4,4,4,4,,,FALSE,2.6959592808381,0.488526323570797,1.64020411245038,0.297844835202225,2.69719456116309,212.418289607923,713.471076731596,0.297725158784305,,,,,,,,,,,,,,,TRUE,148,"Factors: fixed measurement parameters",
0.621019076152377,0.0575694238555868,0.508185078784706,0.733853073520048,0,"REPAIR / fuller_equations","fuller_equations",0.621019076152377,0.0575694238555868,"ok","ok",2.77430036423007,2.77365740961639,,0.540588615088623,0.688784804389463,0.69654695912374,0.986666666666667,0.986666666666667,,1,1,"fuller","fuller","supplied",0,4,4,4,4,,,FALSE,2.70641878392035,0.485027362838175,1.64020411245038,0.295711588061786,2.69720228652821,212.112222245511,712.444847314372,0.297724410591344,,,,,,,,,,,,,,,TRUE,148,"Factors: fixed measurement parameters",
0.664019522613913,0.0816960233711542,0.503898259126308,0.824140786101517,0,"Oracle: true predictors",,,,,,,,,,,,,,,,,,,,,,,,,,,,,,,,,,,,,,,,,,,,,,,,,,TRUE,149,"Stress: pooled residual variance",2.27930909693757
0.390596358019429,0.0697032020805433,0.253980592334447,0.527212123704411,0,"Likelihood-only / naive OLS",,,,,,,,,,,,,,,,,,,,,,,,,,,,,,,,,,,,,,,,,,,,,,,,,,FALSE,149,"Stress: pooled residual variance",2.27930909693757
0.6067485473993,0.114921030159063,0.381507467221295,0.831989627577306,0,"Conditional posterior mean / naive OLS",,,,,,,,,,,,,,,,,,,,,,,,,,,,,,,,,,,,,,,,,,,,,,,,,,TRUE,149,"Stress: pooled residual variance",2.27930909693757
0.639852672193212,0.129124479606957,0.3867733426411,0.892932001745323,0,"REPAIR / stabilized","stabilized",0.639852672193212,0.129124479606957,"ok","ok",2.05852995050262,2.10597911772901,,0.662828053060191,0.708882664413789,0.81269774146573,0.986666666666667,0.986666666666667,,1,1,"modified","modified","supplied",0,4,4,4,4,,,FALSE,7.73503621802862,0.250168457800874,2.12635372755386,0.117651383473561,7.76605525135277,99.7244262058959,847.645724311698,0.117648710240205,,,,,,,,,,,,,,,TRUE,149,"Stress: pooled residual variance",2.27930909693757
0.639808763608428,0.130643062590983,0.38375306610009,0.895864461116766,0,"REPAIR / fuller_equations","fuller_equations",0.639808763608428,0.130643062590983,"ok","ok",2.05852995050262,2.10668186331928,,0.662833476968335,0.70963047509538,0.815151231648525,0.986666666666667,0.986666666666667,,1,1,"fuller","fuller","supplied",0,4,4,4,4,,,FALSE,7.81149696343934,0.247388899185742,2.12635372755386,0.116344188636166,7.76650108956817,99.537172556225,846.054906447401,0.117648596796375,,,,,,,,,,,,,,,TRUE,149,"Stress: pooled residual variance",2.27930909693757
0.584228271514369,0.0490028256410126,0.488184498117288,0.680272044911449,0,"Oracle: true predictors",,,,,,,,,,,,,,,,,,,,,,,,,,,,,,,,,,,,,,,,,,,,,,,,,,TRUE,149,"Factors: fixed measurement parameters",
0.466758021017975,0.0438551733422558,0.380803460731392,0.552712581304557,0,"Likelihood-only / naive OLS",,,,,,,,,,,,,,,,,,,,,,,,,,,,,,,,,,,,,,,,,,,,,,,,,,FALSE,149,"Factors: fixed measurement parameters",
0.597078272066471,0.0593431122508177,0.48076790932435,0.713388634808591,0,"Conditional posterior mean / naive OLS",,,,,,,,,,,,,,,,,,,,,,,,,,,,,,,,,,,,,,,,,,,,,,,,,,TRUE,149,"Factors: fixed measurement parameters",
0.56967668040502,0.0568865666378568,0.458181058590683,0.681172302219357,0,"REPAIR / stabilized","stabilized",0.56967668040502,0.0568865666378568,"ok","ok",2.6925906189174,2.69333508221953,,0.720808905433619,0.847715888529242,0.854853612572684,0.986666666666667,0.986666666666667,,1,1,"modified","modified","supplied",0,4,4,4,4,,,FALSE,2.54282225020647,0.500984644430256,1.58747078163561,0.315586686839099,2.54194968765177,176.975212498133,560.57989397096,0.315700249690547,,,,,,,,,,,,,,,TRUE,149,"Factors: fixed measurement parameters",
0.569676002728462,0.0571314860785658,0.457700347631221,0.681651657825702,0,"REPAIR / fuller_equations","fuller_equations",0.569676002728462,0.0571314860785658,"ok","ok",2.6925906189174,2.6933428478313,,0.720812124348281,0.848650472993446,0.855871107312582,0.986666666666667,0.986666666666667,,1,1,"fuller","fuller","supplied",0,4,4,4,4,,,FALSE,2.55294006682016,0.497346040425705,1.58747078163561,0.313294610634205,2.54194059508765,176.776994869874,559.949927539896,0.315701433602344,,,,,,,,,,,,,,,TRUE,149,"Factors: fixed measurement parameters",
0.643367835239992,0.0808407404029412,0.484922895566675,0.801812774913309,0,"Oracle: true predictors",,,,,,,,,,,,,,,,,,,,,,,,,,,,,,,,,,,,,,,,,,,,,,,,,,TRUE,150,"Stress: pooled residual variance",2.24736833470289
0.387810855808063,0.0721196291710966,0.24645898005433,0.529162731561796,0,"Likelihood-only / naive OLS",,,,,,,,,,,,,,,,,,,,,,,,,,,,,,,,,,,,,,,,,,,,,,,,,,FALSE,150,"Stress: pooled residual variance",2.24736833470289
0.559910517839592,0.116289711361727,0.331986871798049,0.787834163881135,0,"Conditional posterior mean / naive OLS",,,,,,,,,,,,,,,,,,,,,,,,,,,,,,,,,,,,,,,,,,,,,,,,,,TRUE,150,"Stress: pooled residual variance",2.24736833470289
0.644480327906615,0.141503889108453,0.367137801581697,0.921822854231533,0,"REPAIR / stabilized","stabilized",0.644480327906615,0.141503889108453,"ok","ok",1.92390333841386,1.99798424237201,,0.622741674865558,0.679023003531017,0.803838197153031,0.986666666666667,0.986666666666667,,1,1,"modified","modified","supplied",0,4,4,4,4,,,FALSE,9.46137342342001,0.219044717194183,2.2610865540093,0.0968758656345014,9.23828321734541,91.8927132664515,922.52568934686,0.0996099234174288,,,,,,,,,,,,,,,TRUE,150,"Stress: pooled residual variance",2.24736833470289
0.644239600976581,0.143366049704104,0.363247306950757,0.925231895002404,0,"REPAIR / fuller_equations","fuller_equations",0.644239600976581,0.143366049704104,"ok","ok",1.92390333841386,1.99904808461938,,0.622748175861736,0.679919667418165,0.806775138460509,0.986666666666667,0.986666666666667,,1,1,"fuller","fuller","supplied",0,4,4,4,4,,,FALSE,9.5694592373082,0.216304324926288,2.2610865540093,0.0956638853752602,9.23531124698298,91.7098350362521,920.343562902513,0.0996473911840316,,,,,,,,,,,,,,,TRUE,150,"Stress: pooled residual variance",2.24736833470289
0.556217811772995,0.050723616804339,0.45680134967088,0.65563427387511,0,"Oracle: true predictors",,,,,,,,,,,,,,,,,,,,,,,,,,,,,,,,,,,,,,,,,,,,,,,,,,TRUE,150,"Factors: fixed measurement parameters",
0.435302792759344,0.0444161049771174,0.348248826670643,0.522356758848044,0,"Likelihood-only / naive OLS",,,,,,,,,,,,,,,,,,,,,,,,,,,,,,,,,,,,,,,,,,,,,,,,,,FALSE,150,"Factors: fixed measurement parameters",
0.54536532567609,0.0602457093840904,0.427285905060207,0.663444746291974,0,"Conditional posterior mean / naive OLS",,,,,,,,,,,,,,,,,,,,,,,,,,,,,,,,,,,,,,,,,,,,,,,,,,TRUE,150,"Factors: fixed measurement parameters",
0.543462691376338,0.0624426137731039,0.42107741728051,0.665847965472167,0,"REPAIR / stabilized","stabilized",0.543462691376338,0.0624426137731039,"ok","ok",2.38085390691242,2.38260782008643,,0.574248320945081,0.725644641207357,0.739952647399979,0.986666666666667,0.986666666666667,,1,1,"modified","modified","supplied",0,4,4,4,4,,,FALSE,2.57563219191015,0.424631898541917,1.41352009823655,0.300407400695378,2.57510549672779,174.922915829748,581.99032118311,0.300559836586548,,,,,,,,,,,,,,,TRUE,150,"Factors: fixed measurement parameters",
0.543462302823697,0.0628234810533018,0.420330542575791,0.666594063071603,0,"REPAIR / fuller_equations","fuller_equations",0.543462302823697,0.0628234810533018,"ok","ok",2.38085390691242,2.38262642932922,,0.574253152693406,0.72703174922847,0.741521560343866,0.986666666666667,0.986666666666667,,1,1,"fuller","fuller","supplied",0,4,4,4,4,,,FALSE,2.58711258028369,0.421082021022742,1.41352009823655,0.297896026768964,2.57509993416521,174.582528027267,580.854688768402,0.300561450915439,,,,,,,,,,,,,,,TRUE,150,"Factors: fixed measurement parameters",
0.768415063693591,0.0877385719200724,0.596450622675272,0.94037950471191,0,"Oracle: true predictors",,,,,,,,,,,,,,,,,,,,,,,,,,,,,,,,,,,,,,,,,,,,,,,,,,TRUE,151,"Stress: pooled residual variance",2.29472400861238
0.467947218074954,0.0659320278745955,0.338722818013056,0.597171618136852,0,"Likelihood-only / naive OLS",,,,,,,,,,,,,,,,,,,,,,,,,,,,,,,,,,,,,,,,,,,,,,,,,,FALSE,151,"Stress: pooled residual variance",2.29472400861238
0.779969176068073,0.111366654716561,0.561694543744905,0.99824380839124,0,"Conditional posterior mean / naive OLS",,,,,,,,,,,,,,,,,,,,,,,,,,,,,,,,,,,,,,,,,,,,,,,,,,TRUE,151,"Stress: pooled residual variance",2.29472400861238
0.726003843583971,0.11235350792425,0.505795014515705,0.946212672652236,0,"REPAIR / stabilized","stabilized",0.726003843583971,0.11235350792425,"ok","ok",2.24761093155176,2.28518054638568,,0.669605185495669,0.724969235657638,0.850396192842651,0.986666666666667,0.986666666666667,,1,1,"modified","modified","supplied",0,4,4,4,4,,,FALSE,6.51060188416119,0.314788589007702,2.2427293591769,0.140359596988212,6.59318882671723,119.458185087763,858.673473216501,0.139119454383847,,,,,,,,,,,,,,,TRUE,151,"Stress: pooled residual variance",2.29472400861238
0.72609893497983,0.113441313798562,0.503758045575741,0.94843982438392,0,"REPAIR / fuller_equations","fuller_equations",0.72609893497983,0.113441313798562,"ok","ok",2.24761093155176,2.28564212433057,,0.669610718210488,0.725733956959576,0.852903256533241,0.986666666666667,0.986666666666667,,1,1,"fuller","fuller","supplied",0,4,4,4,4,,,FALSE,6.56043666345367,0.311999371536652,2.2427293591769,0.139115925985451,6.59417736530165,119.214465755007,857.012430726641,0.139104710131133,,,,,,,,,,,,,,,TRUE,151,"Stress: pooled residual variance",2.29472400861238
0.574775231599635,0.0507099023348436,0.475385649363798,0.674164813835472,0,"Oracle: true predictors",,,,,,,,,,,,,,,,,,,,,,,,,,,,,,,,,,,,,,,,,,,,,,,,,,TRUE,151,"Factors: fixed measurement parameters",
0.498118329647542,0.0463079508196788,0.407356413843119,0.588880245451964,0,"Likelihood-only / naive OLS",,,,,,,,,,,,,,,,,,,,,,,,,,,,,,,,,,,,,,,,,,,,,,,,,,FALSE,151,"Factors: fixed measurement parameters",
0.635097304765646,0.0632024685086766,0.511222742754613,0.758971866776679,0,"Conditional posterior mean / naive OLS",,,,,,,,,,,,,,,,,,,,,,,,,,,,,,,,,,,,,,,,,,,,,,,,,,TRUE,151,"Factors: fixed measurement parameters",
0.620191209756491,0.0650435292270067,0.49270823504418,0.747674184468803,0,"REPAIR / stabilized","stabilized",0.620191209756491,0.0650435292270067,"ok","ok",2.66153988501558,2.66154309490567,,0.669901100741589,0.812742972261974,0.819547895589134,0.986666666666667,0.986666666666667,,1,1,"modified","modified","supplied",0,4,4,4,4,,,FALSE,2.8743812729534,0.445929313080066,1.60530491151294,0.277784805791067,2.87503235380616,164.229855158803,591.326529968632,0.277731248025545,,,,,,,,,,,,,,,TRUE,151,"Factors: fixed measurement parameters",
0.620190150863617,0.0654334631078748,0.491942919788452,0.748437381938782,0,"REPAIR / fuller_equations","fuller_equations",0.620190150863617,0.0654334631078748,"ok","ok",2.66153988501558,2.66154311288444,,0.669904420495328,0.81371639968713,0.82057141791741,0.986666666666667,0.986666666666667,,1,1,"fuller","fuller","supplied",0,4,4,4,4,,,FALSE,2.88721001739078,0.442435911815321,1.60530491151294,0.275608645212667,2.87503633854198,164.031124478779,590.611676623015,0.277730920283649,,,,,,,,,,,,,,,TRUE,151,"Factors: fixed measurement parameters",
0.614879094712422,0.0758748814671574,0.466167059705548,0.763591129719296,0,"Oracle: true predictors",,,,,,,,,,,,,,,,,,,,,,,,,,,,,,,,,,,,,,,,,,,,,,,,,,TRUE,152,"Stress: pooled residual variance",2.36877363958259
0.378741177060081,0.0560818594815451,0.268822752290217,0.488659601829946,0,"Likelihood-only / naive OLS",,,,,,,,,,,,,,,,,,,,,,,,,,,,,,,,,,,,,,,,,,,,,,,,,,FALSE,152,"Stress: pooled residual variance",2.36877363958259
0.596681671765806,0.0919456971739047,0.416471416771527,0.776891926760086,0,"Conditional posterior mean / naive OLS",,,,,,,,,,,,,,,,,,,,,,,,,,,,,,,,,,,,,,,,,,,,,,,,,,TRUE,152,"Stress: pooled residual variance",2.36877363958259
0.528333944171544,0.0858161698766689,0.360137341922102,0.696530546420986,0,"REPAIR / stabilized","stabilized",0.528333944171544,0.0858161698766689,"ok","ok",2.63322930147423,2.70155106191416,,0.5803656707891,0.62076551316035,0.709639602776394,0.986666666666667,0.986666666666667,,1,1,"modified","modified","supplied",0,4,4,4,4,,,FALSE,4.62709408447581,0.389411153714197,2.00161366862862,0.194548608364069,4.60912433009492,177.852242959118,907.168962029684,0.196051948868703,,,,,,,,,,,,,,,TRUE,152,"Stress: pooled residual variance",2.36877363958259
0.528368285021423,0.0864429010397928,0.358943312264269,0.697793257778577,0,"REPAIR / fuller_equations","fuller_equations",0.528368285021423,0.0864429010397928,"ok","ok",2.63322930147423,2.70209468921135,,0.580368169522671,0.621115265629872,0.710771706143701,0.986666666666667,0.986666666666667,,1,1,"fuller","fuller","supplied",0,4,4,4,4,,,FALSE,4.65453754046553,0.386535350980034,2.00161366862862,0.193111866209858,4.60898744427362,177.677726637785,906.225462693525,0.196063489663691,,,,,,,,,,,,,,,TRUE,152,"Stress: pooled residual variance",2.36877363958259
0.657925675423999,0.0478318928733192,0.564176888079916,0.751674462768083,0,"Oracle: true predictors",,,,,,,,,,,,,,,,,,,,,,,,,,,,,,,,,,,,,,,,,,,,,,,,,,TRUE,152,"Factors: fixed measurement parameters",
0.497033191518036,0.043813230341876,0.411160838001602,0.582905545034471,0,"Likelihood-only / naive OLS",,,,,,,,,,,,,,,,,,,,,,,,,,,,,,,,,,,,,,,,,,,,,,,,,,FALSE,152,"Factors: fixed measurement parameters",
0.632350179457185,0.0595795792406071,0.515576349931544,0.749124008982825,0,"Conditional posterior mean / naive OLS",,,,,,,,,,,,,,,,,,,,,,,,,,,,,,,,,,,,,,,,,,,,,,,,,,TRUE,152,"Factors: fixed measurement parameters",
0.623034795730236,0.0619279832838823,0.501658178858628,0.744411412601844,0,"REPAIR / stabilized","stabilized",0.623034795730236,0.0619279832838823,"ok","ok",2.59299722751485,2.5938181294785,,0.562273008438111,0.716177628757143,0.725167634947923,0.986666666666667,0.986666666666667,,1,1,"modified","modified","supplied",0,4,4,4,4,,,FALSE,2.70119533923646,0.4388939568614,1.50823143178647,0.29099907853103,2.69742542311329,183.406916185209,629.452632013902,0.291375247091124,,,,,,,,,,,,,,,TRUE,152,"Factors: fixed measurement parameters",
0.623033619827408,0.0623065118705648,0.500915100558784,0.745152139096033,0,"REPAIR / fuller_equations","fuller_equations",0.623033619827408,0.0623065118705648,"ok","ok",2.59299722751485,2.59382428241209,,0.562276943982183,0.717325297009831,0.726398128216442,0.986666666666667,0.986666666666667,,1,1,"fuller","fuller","supplied",0,4,4,4,4,,,FALSE,2.71295399715551,0.435387402482355,1.50823143178647,0.288674134026399,2.69739707679069,183.110169854454,628.428090317573,0.291378079171986,,,,,,,,,,,,,,,TRUE,152,"Factors: fixed measurement parameters",
0.506809795275273,0.079784433281423,0.350435179516745,0.663184411033801,0,"Oracle: true predictors",,,,,,,,,,,,,,,,,,,,,,,,,,,,,,,,,,,,,,,,,,,,,,,,,,TRUE,153,"Stress: pooled residual variance",2.31858470362902
0.266006409575627,0.0619126409821309,0.144659863062891,0.387352956088362,0,"Likelihood-only / naive OLS",,,,,,,,,,,,,,,,,,,,,,,,,,,,,,,,,,,,,,,,,,,,,,,,,,FALSE,153,"Stress: pooled residual variance",2.31858470362902
0.414609091413965,0.104243276223664,0.210296024385122,0.618922158442808,0,"Conditional posterior mean / naive OLS",,,,,,,,,,,,,,,,,,,,,,,,,,,,,,,,,,,,,,,,,,,,,,,,,,TRUE,153,"Stress: pooled residual variance",2.31858470362902
0.405117291325732,0.108661116705665,0.192145416062725,0.618089166588738,0,"REPAIR / stabilized","stabilized",0.405117291325732,0.108661116705665,"ok","ok",2.22213644200446,2.24853848831067,,0.585881783745157,0.608683408421867,0.6590132984356,0.986666666666667,0.986666666666667,,1,1,"modified","modified","supplied",0,4,4,4,4,,,FALSE,7.76971054623425,0.272821480604379,2.31425816408754,0.117887228330011,7.75801010194351,129.337917391956,1093.76435275517,0.118250258445667,,,,,,,,,,,,,,,TRUE,153,"Stress: pooled residual variance",2.31858470362902
0.405117526596274,0.109798539342508,0.189916343929854,0.620318709262694,0,"REPAIR / fuller_equations","fuller_equations",0.405117526596274,0.109798539342508,"ok","ok",2.22213644200446,2.24883168403833,,0.585883667947319,0.60894467940585,0.659866566479003,0.986666666666667,0.986666666666667,,1,1,"fuller","fuller","supplied",0,4,4,4,4,,,FALSE,7.84137092577264,0.269993081510163,2.31425816408754,0.116665066024133,7.75788311910404,129.228848018028,1092.80543213466,0.118254214536246,,,,,,,,,,,,,,,TRUE,153,"Stress: pooled residual variance",2.31858470362902
0.591884878937124,0.054094981542066,0.485860663370315,0.697909094503932,0,"Oracle: true predictors",,,,,,,,,,,,,,,,,,,,,,,,,,,,,,,,,,,,,,,,,,,,,,,,,,TRUE,153,"Factors: fixed measurement parameters",
0.484792727256558,0.0494209175032328,0.387929508867296,0.581655945645819,0,"Likelihood-only / naive OLS",,,,,,,,,,,,,,,,,,,,,,,,,,,,,,,,,,,,,,,,,,,,,,,,,,FALSE,153,"Factors: fixed measurement parameters",
0.622915753818112,0.0668687906871824,0.491855332381487,0.753976175254737,0,"Conditional posterior mean / naive OLS",,,,,,,,,,,,,,,,,,,,,,,,,,,,,,,,,,,,,,,,,,,,,,,,,,TRUE,153,"Factors: fixed measurement parameters",
0.630006890698041,0.0691385991944891,0.494497726335293,0.76551605506079,0,"REPAIR / stabilized","stabilized",0.630006890698041,0.0691385991944891,"ok","ok",2.94891264663289,2.94859353156309,,0.734129263883294,0.869165520541223,0.873531927185865,0.986666666666667,0.986666666666667,,1,1,"modified","modified","supplied",0,4,4,4,4,,,FALSE,2.13572784674911,0.530703925860953,1.45979413572669,0.363547100836084,2.13568801974759,182.923582003493,503.160126686981,0.36354943943579,,,,,,,,,,,,,,,TRUE,153,"Factors: fixed measurement parameters",
0.630008163390652,0.06953077453385,0.493730349487132,0.766285977294173,0,"REPAIR / fuller_equations","fuller_equations",0.630008163390652,0.06953077453385,"ok","ok",2.94891264663289,2.94859191935302,,0.734132893097986,0.870235900660463,0.874629817226093,0.986666666666667,0.986666666666667,,1,1,"fuller","fuller","supplied",0,4,4,4,4,,,FALSE,2.1413612696358,0.527250470525107,1.45979413572669,0.361181386896476,2.13568781992271,182.697312840249,502.53772165374,0.363549451052217,,,,,,,,,,,,,,,TRUE,153,"Factors: fixed measurement parameters",
0.561891865147356,0.0786626009328372,0.407716000388749,0.716067729905964,0,"Oracle: true predictors",,,,,,,,,,,,,,,,,,,,,,,,,,,,,,,,,,,,,,,,,,,,,,,,,,TRUE,154,"Stress: pooled residual variance",2.2100378545669
0.367797796712149,0.0621157565098532,0.246053151080377,0.48954244234392,0,"Likelihood-only / naive OLS",,,,,,,,,,,,,,,,,,,,,,,,,,,,,,,,,,,,,,,,,,,,,,,,,,FALSE,154,"Stress: pooled residual variance",2.2100378545669
0.58550500811156,0.102099586221587,0.385393496280807,0.785616519942312,0,"Conditional posterior mean / naive OLS",,,,,,,,,,,,,,,,,,,,,,,,,,,,,,,,,,,,,,,,,,,,,,,,,,TRUE,154,"Stress: pooled residual variance",2.2100378545669
0.560769648175853,0.105219521432999,0.354543175696634,0.766996120655071,0,"REPAIR / stabilized","stabilized",0.560769648175853,0.105219521432999,"ok","ok",2.26821273559569,2.30241302429769,,0.599074762271262,0.631164933030495,0.703918899466469,0.986666666666667,0.986666666666667,,1,1,"modified","modified","supplied",0,4,4,4,4,,,FALSE,6.67784356109674,0.281488890410397,2.06697653997227,0.136183882577677,6.67939450888556,126.64929933037,927.996087377984,0.136476113480406,,,,,,,,,,,,,,,TRUE,154,"Stress: pooled residual variance",2.2100378545669
0.560793469311062,0.10623820032949,0.352570422882911,0.769016515739213,0,"REPAIR / fuller_equations","fuller_equations",0.560793469311062,0.10623820032949,"ok","ok",2.26821273559569,2.30284232156272,,0.599077905513531,0.631598843314939,0.705343456792011,0.986666666666667,0.986666666666667,,1,1,"fuller","fuller","supplied",0,4,4,4,4,,,FALSE,6.73275538196891,0.278817390697463,2.06697653997227,0.134891415217128,6.67941350188984,126.479677812945,926.728902977158,0.136479694770092,,,,,,,,,,,,,,,TRUE,154,"Stress: pooled residual variance",2.2100378545669
0.593210128590874,0.0452914902470402,0.504440438900528,0.68197981828122,0,"Oracle: true predictors",,,,,,,,,,,,,,,,,,,,,,,,,,,,,,,,,,,,,,,,,,,,,,,,,,TRUE,154,"Factors: fixed measurement parameters",
0.525422256260304,0.0429213027479029,0.441298048704874,0.609546463815734,0,"Likelihood-only / naive OLS",,,,,,,,,,,,,,,,,,,,,,,,,,,,,,,,,,,,,,,,,,,,,,,,,,TRUE,154,"Factors: fixed measurement parameters",
0.668304428236645,0.0584405497715728,0.553763055447642,0.782845801025648,0,"Conditional posterior mean / naive OLS",,,,,,,,,,,,,,,,,,,,,,,,,,,,,,,,,,,,,,,,,,,,,,,,,,TRUE,154,"Factors: fixed measurement parameters",
0.6458113063537,0.058293822477253,0.531557513777113,0.760065098930288,0,"REPAIR / stabilized","stabilized",0.6458113063537,0.058293822477253,"ok","ok",2.94485694052446,2.94621092533633,,0.591927125004231,0.751740244974647,0.760188062249676,0.986666666666667,0.986666666666667,,1,1,"modified","modified","supplied",0,4,4,4,4,,,FALSE,2.51764412728674,0.561486768193707,1.73908984391666,0.322862427239046,2.51854136060016,223.372333531718,692.076675011562,0.322756627404017,,,,,,,,,,,,,,,TRUE,154,"Factors: fixed measurement parameters",
0.645810233990741,0.0585959567473387,0.530964269126291,0.760656198855192,0,"REPAIR / fuller_equations","fuller_equations",0.645810233990741,0.0585959567473387,"ok","ok",2.94485694052446,2.94621775614822,,0.591930558673262,0.752746697893767,0.761248908792944,0.986666666666667,0.986666666666667,,1,1,"fuller","fuller","supplied",0,4,4,4,4,,,FALSE,2.52540371228503,0.558021696815617,1.73908984391666,0.320869964693071,2.5185458937742,223.070142667701,691.141538380983,0.322756093043183,,,,,,,,,,,,,,,TRUE,154,"Factors: fixed measurement parameters",
0.503804398987382,0.0795723970078388,0.347845366688496,0.659763431286269,0,"Oracle: true predictors",,,,,,,,,,,,,,,,,,,,,,,,,,,,,,,,,,,,,,,,,,,,,,,,,,TRUE,155,"Stress: pooled residual variance",2.22906768586593
0.271067654193782,0.064101413153858,0.145431193054098,0.396704115333466,0,"Likelihood-only / naive OLS",,,,,,,,,,,,,,,,,,,,,,,,,,,,,,,,,,,,,,,,,,,,,,,,,,FALSE,155,"Stress: pooled residual variance",2.22906768586593
0.408597753039933,0.107064409322958,0.198755366740882,0.618440139338984,0,"Conditional posterior mean / naive OLS",,,,,,,,,,,,,,,,,,,,,,,,,,,,,,,,,,,,,,,,,,,,,,,,,,TRUE,155,"Stress: pooled residual variance",2.22906768586593
0.416464453103994,0.114423756790534,0.192198010818778,0.64073089538921,0,"REPAIR / stabilized","stabilized",0.416464453103994,0.114423756790534,"ok","ok",2.19112576240518,2.21918424976659,,0.580683795840958,0.606560570929349,0.663158512979193,0.986666666666667,0.986666666666667,,1,1,"modified","modified","supplied",0,4,4,4,4,,,FALSE,6.99941743986939,0.25572628096822,1.97660580810799,0.129376469460545,7.03993083822501,120.991456321,938.146968100349,0.128968552300495,,,,,,,,,,,,,,,TRUE,155,"Stress: pooled residual variance",2.22906768586593
0.416444841908478,0.115663858149641,0.189747845622233,0.643141838194723,0,"REPAIR / fuller_equations","fuller_equations",0.416444841908478,0.115663858149641,"ok","ok",2.19112576240518,2.21949328174448,,0.580685926377638,0.606857335992135,0.664122174592657,0.986666666666667,0.986666666666667,,1,1,"fuller","fuller","supplied",0,4,4,4,4,,,FALSE,7.0648025232015,0.253002537369725,1.97660580810799,0.127998479176735,7.04037092951616,120.875655504048,937.28135649263,0.128964109513896,,,,,,,,,,,,,,,TRUE,155,"Stress: pooled residual variance",2.22906768586593
0.591206346829395,0.0531956753194177,0.48694473907005,0.69546795458874,0,"Oracle: true predictors",,,,,,,,,,,,,,,,,,,,,,,,,,,,,,,,,,,,,,,,,,,,,,,,,,TRUE,155,"Factors: fixed measurement parameters",
0.463003900906261,0.0463603696225114,0.372139246136174,0.553868555676348,0,"Likelihood-only / naive OLS",,,,,,,,,,,,,,,,,,,,,,,,,,,,,,,,,,,,,,,,,,,,,,,,,,FALSE,155,"Factors: fixed measurement parameters",
0.591319037931454,0.0627851907728292,0.468262325254232,0.714375750608676,0,"Conditional posterior mean / naive OLS",,,,,,,,,,,,,,,,,,,,,,,,,,,,,,,,,,,,,,,,,,,,,,,,,,TRUE,155,"Factors: fixed measurement parameters",
0.612026481693446,0.0677225413679967,0.479292739670648,0.744760223716244,0,"REPAIR / stabilized","stabilized",0.612026481693446,0.0677225413679967,"ok","ok",2.48553007841868,2.48542651941311,,0.577116861234808,0.715806295642335,0.722354792739158,0.986666666666667,0.986666666666667,,1,1,"modified","modified","supplied",0,4,4,4,4,,,FALSE,2.32614521179491,0.409060925964323,1.27328157570853,0.321265094672163,2.32676351170849,170.974808594875,532.346175523966,0.321172230506947,,,,,,,,,,,,,,,TRUE,155,"Factors: fixed measurement parameters",
0.612026355535554,0.0681763025062399,0.478403258024216,0.745649453046892,0,"REPAIR / fuller_equations","fuller_equations",0.612026355535554,0.0681763025062399,"ok","ok",2.48553007841868,2.48542557360709,,0.577121222104856,0.717081968087731,0.723702103495666,0.986666666666667,0.986666666666667,,1,1,"fuller","fuller","supplied",0,4,4,4,4,,,FALSE,2.33566968698728,0.405536907419017,1.27328157570853,0.318497428342471,2.32676912785491,170.66643663202,531.387425516822,0.321171387271784,,,,,,,,,,,,,,,TRUE,155,"Factors: fixed measurement parameters",
0.519312827318194,0.0737054916358425,0.374852718249125,0.663772936387264,0,"Oracle: true predictors",,,,,,,,,,,,,,,,,,,,,,,,,,,,,,,,,,,,,,,,,,,,,,,,,,TRUE,156,"Stress: pooled residual variance",2.22297325449633
0.355411173762647,0.060116175544967,0.237585634806224,0.47323671271907,0,"Likelihood-only / naive OLS",,,,,,,,,,,,,,,,,,,,,,,,,,,,,,,,,,,,,,,,,,,,,,,,,,FALSE,156,"Stress: pooled residual variance",2.22297325449633
0.500167353168825,0.100447795087031,0.303293292471785,0.697041413865865,0,"Conditional posterior mean / naive OLS",,,,,,,,,,,,,,,,,,,,,,,,,,,,,,,,,,,,,,,,,,,,,,,,,,TRUE,156,"Stress: pooled residual variance",2.22297325449633
0.523679464580091,0.0995785689455632,0.328509055814748,0.718849873345433,0,"REPAIR / stabilized","stabilized",0.523679464580091,0.0995785689455632,"ok","ok",2.39339634720328,2.44581653482029,,0.549492223128221,0.586200226096552,0.667563350355061,0.986666666666667,0.986666666666667,,1,1,"modified","modified","supplied",0,4,4,4,4,,,FALSE,6.34488953342683,0.331779846147148,2.29228524023539,0.144737592130148,6.3614173019501,158.730397214255,1096.70849295201,0.144733443968324,,,,,,,,,,,,,,,TRUE,156,"Stress: pooled residual variance",2.22297325449633
0.523546377661368,0.100471025544163,0.326626786105006,0.720465969217731,0,"REPAIR / fuller_equations","fuller_equations",0.523546377661368,0.100471025544163,"ok","ok",2.39339634720328,2.44637477570383,,0.549495287071304,0.586626463354576,0.668950766239802,0.986666666666667,0.986666666666667,,1,1,"fuller","fuller","supplied",0,4,4,4,4,,,FALSE,6.38931265266673,0.329077277674645,2.29228524023539,0.143558607758977,6.36159661855209,158.507489874787,1095.16998431953,0.144733230589107,,,,,,,,,,,,,,,TRUE,156,"Stress: pooled residual variance",2.22297325449633
0.648103368852448,0.0499384173371205,0.550225869426761,0.745980868278135,0,"Oracle: true predictors",,,,,,,,,,,,,,,,,,,,,,,,,,,,,,,,,,,,,,,,,,,,,,,,,,TRUE,156,"Factors: fixed measurement parameters",
0.531623880536218,0.046736074061636,0.440022858596615,0.623224902475822,0,"Likelihood-only / naive OLS",,,,,,,,,,,,,,,,,,,,,,,,,,,,,,,,,,,,,,,,,,,,,,,,,,TRUE,156,"Factors: fixed measurement parameters",
0.684152791045748,0.0638317993761236,0.55904476320016,0.809260818891337,0,"Conditional posterior mean / naive OLS",,,,,,,,,,,,,,,,,,,,,,,,,,,,,,,,,,,,,,,,,,,,,,,,,,TRUE,156,"Factors: fixed measurement parameters",
0.681133817083541,0.0676830645191496,0.548477448262707,0.813790185904375,0,"REPAIR / stabilized","stabilized",0.681133817083541,0.0676830645191496,"ok","ok",2.60492909996019,2.60498240139653,,0.635037881639128,0.78756365109326,0.791466311722762,0.986666666666667,0.986666666666667,,1,1,"modified","modified","supplied",0,4,4,4,4,,,FALSE,2.9047287800072,0.440101237533958,1.60411090888327,0.274358359572744,2.90519748673392,167.405187846895,610.264519388289,0.274315780335217,,,,,,,,,,,,,,,TRUE,156,"Factors: fixed measurement parameters",
0.681133508962448,0.0681288060021754,0.547603502888468,0.814663515036428,0,"REPAIR / fuller_equations","fuller_equations",0.681133508962448,0.0681288060021754,"ok","ok",2.60492909996019,2.60498246830755,,0.635041621184504,0.788671234348721,0.792584326942516,0.986666666666667,0.986666666666667,,1,1,"fuller","fuller","supplied",0,4,4,4,4,,,FALSE,2.91768250985436,0.436640052586288,1.60411090888327,0.272200662789745,2.90519807767884,167.16978940111,609.406509191707,0.2743157266614,,,,,,,,,,,,,,,TRUE,156,"Factors: fixed measurement parameters",
0.515495696522909,0.0871107480659374,0.34476176764733,0.686229625398489,0,"Oracle: true predictors",,,,,,,,,,,,,,,,,,,,,,,,,,,,,,,,,,,,,,,,,,,,,,,,,,TRUE,157,"Stress: pooled residual variance",2.20760022793507
0.268939872367491,0.0717423702895123,0.128327410434511,0.409552334300472,0,"Likelihood-only / naive OLS",,,,,,,,,,,,,,,,,,,,,,,,,,,,,,,,,,,,,,,,,,,,,,,,,,FALSE,157,"Stress: pooled residual variance",2.20760022793507
0.422416967436127,0.117496358690134,0.192128336088865,0.65270559878339,0,"Conditional posterior mean / naive OLS",,,,,,,,,,,,,,,,,,,,,,,,,,,,,,,,,,,,,,,,,,,,,,,,,,TRUE,157,"Stress: pooled residual variance",2.20760022793507
0.424577370573402,0.129479207839981,0.170802786460264,0.67835195468654,0,"REPAIR / stabilized","stabilized",0.424577370573402,0.129479207839981,"ok","ok",2.15112549836633,2.17642834493527,,0.727090424175716,0.749396723273832,0.798928283963001,0.986666666666667,0.986666666666667,,1,1,"modified","modified","supplied",0,4,4,4,4,,,FALSE,9.18144013558779,0.243054545889287,2.41716790864687,0.100553439014234,9.13199796104689,94.8723621130599,937.183867850915,0.101231322227745,,,,,,,,,,,,,,,TRUE,157,"Stress: pooled residual variance",2.20760022793507
0.424590526885714,0.130922780155762,0.167986593024564,0.681194460746863,0,"REPAIR / fuller_equations","fuller_equations",0.424590526885714,0.130922780155762,"ok","ok",2.15112549836633,2.17674879617127,,0.727092519552341,0.749686207196981,0.799876870831321,0.986666666666667,0.986666666666667,,1,1,"fuller","fuller","supplied",0,4,4,4,4,,,FALSE,9.27368177939193,0.240366609751724,2.41716790864687,0.0994414202223466,9.13138669919179,94.8063261309981,936.45341637176,0.101239767481783,,,,,,,,,,,,,,,TRUE,157,"Stress: pooled residual variance",2.20760022793507
0.569607826878068,0.0525754648450156,0.466561809311386,0.672653844444751,0,"Oracle: true predictors",,,,,,,,,,,,,,,,,,,,,,,,,,,,,,,,,,,,,,,,,,,,,,,,,,TRUE,157,"Factors: fixed measurement parameters",
0.412743832797724,0.0486921164806203,0.317309038164679,0.508178627430769,0,"Likelihood-only / naive OLS",,,,,,,,,,,,,,,,,,,,,,,,,,,,,,,,,,,,,,,,,,,,,,,,,,FALSE,157,"Factors: fixed measurement parameters",
0.523028947036319,0.0657847777646926,0.39409315188655,0.651964742186087,0,"Conditional posterior mean / naive OLS",,,,,,,,,,,,,,,,,,,,,,,,,,,,,,,,,,,,,,,,,,,,,,,,,,TRUE,157,"Factors: fixed measurement parameters",
0.52625927582356,0.0659908249489342,0.396919635613562,0.655598916033558,0,"REPAIR / stabilized","stabilized",0.52625927582356,0.0659908249489342,"ok","ok",3.18156702239573,3.18237002341136,,0.77211504733889,0.880996979363743,0.887227667148333,0.986666666666667,0.986666666666667,,1,1,"modified","modified","supplied",0,4,4,4,4,,,FALSE,1.96389498601634,0.584777838206794,1.47360904524852,0.39683377357946,1.96526580895079,198.683213985197,500.993696661588,0.396578270962567,,,,,,,,,,,,,,,TRUE,157,"Factors: fixed measurement parameters",
0.526260254271443,0.0663223045024916,0.396270926074861,0.656249582468025,0,"REPAIR / fuller_equations","fuller_equations",0.526260254271443,0.0663223045024916,"ok","ok",3.18156702239573,3.18237583140713,,0.772117911940577,0.881834469002715,0.888116813471344,0.986666666666667,0.986666666666667,,1,1,"fuller","fuller","supplied",0,4,4,4,4,,,FALSE,1.96807760152537,0.581305970743974,1.47360904524852,0.394477743346058,1.96527582212699,198.491267784537,500.512044514662,0.396576406022378,,,,,,,,,,,,,,,TRUE,157,"Factors: fixed measurement parameters",
0.604974108396786,0.0847877473165967,0.438793177325974,0.771155039467599,0,"Oracle: true predictors",,,,,,,,,,,,,,,,,,,,,,,,,,,,,,,,,,,,,,,,,,,,,,,,,,TRUE,158,"Stress: pooled residual variance",2.3120543472791
0.327842924094275,0.0698891359309471,0.190862734758995,0.464823113429556,0,"Likelihood-only / naive OLS",,,,,,,,,,,,,,,,,,,,,,,,,,,,,,,,,,,,,,,,,,,,,,,,,,FALSE,158,"Stress: pooled residual variance",2.3120543472791
0.557218170973833,0.117569083587312,0.326787001447323,0.787649340500343,0,"Conditional posterior mean / naive OLS",,,,,,,,,,,,,,,,,,,,,,,,,,,,,,,,,,,,,,,,,,,,,,,,,,TRUE,158,"Stress: pooled residual variance",2.3120543472791
0.544528394216347,0.12832821104787,0.293009722362066,0.796047066070628,0,"REPAIR / stabilized","stabilized",0.544528394216347,0.12832821104787,"ok","ok",2.11089924100086,2.13411680285632,,0.694492902448926,0.728487486940909,0.804742651606976,0.986666666666667,0.986666666666667,,1,1,"modified","modified","supplied",0,4,4,4,4,,,FALSE,8.05263315762036,0.255439028513561,2.25064003617648,0.113496171936724,8.11826489948068,99.8360924874948,884.561183797106,0.112865106808027,,,,,,,,,,,,,,,TRUE,158,"Stress: pooled residual variance",2.3120543472791
0.544643509554866,0.129815520361073,0.290209765012837,0.799077254096895,0,"REPAIR / fuller_equations","fuller_equations",0.544643509554866,0.129815520361073,"ok","ok",2.11089924100086,2.13445643964948,,0.694496722263705,0.729015040733797,0.806470622763737,0.986666666666667,0.986666666666667,,1,1,"fuller","fuller","supplied",0,4,4,4,4,,,FALSE,8.13230279612619,0.252614789971094,2.25064003617648,0.11224131176492,8.11920421255244,99.6912237346329,883.34793671682,0.11285612338119,,,,,,,,,,,,,,,TRUE,158,"Stress: pooled residual variance",2.3120543472791
0.61240214596179,0.0520450760935728,0.510395671245741,0.714408620677839,0,"Oracle: true predictors",,,,,,,,,,,,,,,,,,,,,,,,,,,,,,,,,,,,,,,,,,,,,,,,,,TRUE,158,"Factors: fixed measurement parameters",
0.489795402583893,0.0482753856138669,0.395177385440931,0.584413419726855,0,"Likelihood-only / naive OLS",,,,,,,,,,,,,,,,,,,,,,,,,,,,,,,,,,,,,,,,,,,,,,,,,,FALSE,158,"Factors: fixed measurement parameters",
0.626874957462138,0.065114034523307,0.499253794908358,0.754496120015917,0,"Conditional posterior mean / naive OLS",,,,,,,,,,,,,,,,,,,,,,,,,,,,,,,,,,,,,,,,,,,,,,,,,,TRUE,158,"Factors: fixed measurement parameters",
0.649814439951067,0.0691700298998429,0.514243672537816,0.785385207364317,0,"REPAIR / stabilized","stabilized",0.649814439951067,0.0691700298998429,"ok","ok",2.75113646943856,2.75142640847431,,0.640914120572821,0.790844281207023,0.796826778263385,0.986666666666667,0.986666666666667,,1,1,"modified","modified","supplied",0,4,4,4,4,,,FALSE,1.91650923564221,0.527117571283371,1.33698419539651,0.394258640527192,1.91648326986233,199.635769910661,506.304151244248,0.394300085077426,,,,,,,,,,,,,,,TRUE,158,"Factors: fixed measurement parameters",
0.649814020542315,0.0695954309765619,0.51340948233971,0.78621855874492,0,"REPAIR / fuller_equations","fuller_equations",0.649814020542315,0.0695954309765619,"ok","ok",2.75113646943856,2.75142825715917,,0.640918603996024,0.792162453876451,0.798193354938235,0.986666666666667,0.986666666666667,,1,1,"fuller","fuller","supplied",0,4,4,4,4,,,FALSE,1.92070717473346,0.523669201401671,1.33698419539651,0.391679425384953,1.91648310432906,199.301527761012,505.456127806018,0.394300349322304,,,,,,,,,,,,,,,TRUE,158,"Factors: fixed measurement parameters",
0.564140575969293,0.0815329347027137,0.404338960398118,0.723942191540468,0,"Oracle: true predictors",,,,,,,,,,,,,,,,,,,,,,,,,,,,,,,,,,,,,,,,,,,,,,,,,,TRUE,159,"Stress: pooled residual variance",2.19665400032834
0.382840138086845,0.0616507130848192,0.262006960819388,0.503673315354303,0,"Likelihood-only / naive OLS",,,,,,,,,,,,,,,,,,,,,,,,,,,,,,,,,,,,,,,,,,,,,,,,,,FALSE,159,"Stress: pooled residual variance",2.19665400032834
0.605971604533402,0.101629069135027,0.406782289246417,0.805160919820387,0,"Conditional posterior mean / naive OLS",,,,,,,,,,,,,,,,,,,,,,,,,,,,,,,,,,,,,,,,,,,,,,,,,,TRUE,159,"Stress: pooled residual variance",2.19665400032834
0.554366918747633,0.0957276153218384,0.366744240390925,0.741989597104341,0,"REPAIR / stabilized","stabilized",0.554366918747633,0.0957276153218384,"ok","ok",2.61622075495115,2.64940097153264,,0.657529558633321,0.689856649621963,0.762841332046325,0.986666666666667,0.986666666666667,,1,1,"modified","modified","supplied",0,4,4,4,4,,,FALSE,5.27072160137731,0.370564802389475,2.13739771640922,0.173371946430268,5.31851749999751,152.409540153588,884.955382962479,0.172222852233952,,,,,,,,,,,,,,,TRUE,159,"Stress: pooled residual variance",2.19665400032834
0.554385659747885,0.0964534717086273,0.365340329015123,0.743430990480648,0,"REPAIR / fuller_equations","fuller_equations",0.554385659747885,0.0964534717086273,"ok","ok",2.61622075495115,2.6497465022071,,0.657532155425339,0.690216430913553,0.764019523232325,0.986666666666667,0.986666666666667,,1,1,"fuller","fuller","supplied",0,4,4,4,4,,,FALSE,5.30235341234733,0.367884672590884,2.13739771640922,0.172118024533554,5.31900630796247,152.2457560375,884.064325727236,0.172211174692816,,,,,,,,,,,,,,,TRUE,159,"Stress: pooled residual variance",2.19665400032834
0.623769763335858,0.0559495103625697,0.51411073807257,0.733428788599145,0,"Oracle: true predictors",,,,,,,,,,,,,,,,,,,,,,,,,,,,,,,,,,,,,,,,,,,,,,,,,,TRUE,159,"Factors: fixed measurement parameters",
0.452232903221693,0.0538510435827208,0.346686797269663,0.557779009173723,0,"Likelihood-only / naive OLS",,,,,,,,,,,,,,,,,,,,,,,,,,,,,,,,,,,,,,,,,,,,,,,,,,FALSE,159,"Factors: fixed measurement parameters",
0.568096491178536,0.0734180602113458,0.424199737349505,0.711993245007567,0,"Conditional posterior mean / naive OLS",,,,,,,,,,,,,,,,,,,,,,,,,,,,,,,,,,,,,,,,,,,,,,,,,,TRUE,159,"Factors: fixed measurement parameters",
0.59510603985022,0.0845589443278005,0.429373554397004,0.760838525303437,0,"REPAIR / stabilized","stabilized",0.59510603985022,0.0845589443278005,"ok","ok",2.36510148693668,2.36464471740585,,0.70614676463703,0.860208530163587,0.871422185269218,0.986666666666667,0.986666666666667,,1,1,"modified","modified","supplied",0,4,4,4,4,,,FALSE,2.90905777212378,0.35700243860247,1.36600727563297,0.261347391753126,2.9089089846808,124.031947374932,474.612164547047,0.261333266696407,,,,,,,,,,,,,,,TRUE,159,"Factors: fixed measurement parameters",
0.595108934110318,0.0852736753674747,0.427975601560708,0.762242266659929,0,"REPAIR / fuller_equations","fuller_equations",0.595108934110318,0.0852736753674747,"ok","ok",2.36510148693668,2.36464155765023,,0.706151297785831,0.861529895357603,0.872838784549308,0.986666666666667,0.986666666666667,,1,1,"fuller","fuller","supplied",0,4,4,4,4,,,FALSE,2.92482195275454,0.353566175177902,1.36600727563297,0.258831838954935,2.90890796404547,123.838472205477,473.872002408547,0.261333169244108,,,,,,,,,,,,,,,TRUE,159,"Factors: fixed measurement parameters",
0.63478779251792,0.0779516026379024,0.482005458810454,0.787570126225386,0,"Oracle: true predictors",,,,,,,,,,,,,,,,,,,,,,,,,,,,,,,,,,,,,,,,,,,,,,,,,,TRUE,160,"Stress: pooled residual variance",2.30484613022621
0.39575911455891,0.0613173760155872,0.275579265941859,0.515938963175961,0,"Likelihood-only / naive OLS",,,,,,,,,,,,,,,,,,,,,,,,,,,,,,,,,,,,,,,,,,,,,,,,,,FALSE,160,"Stress: pooled residual variance",2.30484613022621
0.629096059793616,0.100678801559779,0.431769234729795,0.826422884857438,0,"Conditional posterior mean / naive OLS",,,,,,,,,,,,,,,,,,,,,,,,,,,,,,,,,,,,,,,,,,,,,,,,,,TRUE,160,"Stress: pooled residual variance",2.30484613022621
0.58674333460195,0.101281472220023,0.38823529674951,0.785251372454389,0,"REPAIR / stabilized","stabilized",0.58674333460195,0.101281472220023,"ok","ok",2.34060741678804,2.39716625829546,,0.602419499426992,0.64490075947826,0.739567725233857,0.986666666666667,0.986666666666667,,1,1,"modified","modified","supplied",0,4,4,4,4,,,FALSE,5.98455972774364,0.314792383008071,2.07794406774307,0.151492231140744,5.98584704724935,138.100813255724,908.217544793155,0.152056975828601,,,,,,,,,,,,,,,TRUE,160,"Stress: pooled residual variance",2.30484613022621
0.586787179788204,0.102192107643739,0.386494329302236,0.787080030274173,0,"REPAIR / fuller_equations","fuller_equations",0.586787179788204,0.102192107643739,"ok","ok",2.34060741678804,2.39773681968989,,0.602422865596673,0.645367594811077,0.741093709210378,0.986666666666667,0.986666666666667,,1,1,"fuller","fuller","supplied",0,4,4,4,4,,,FALSE,6.02991436141612,0.311989874294489,2.07794406774307,0.150143538095014,5.98585983324062,137.925049313635,907.029016558499,0.152062444305209,,,,,,,,,,,,,,,TRUE,160,"Stress: pooled residual variance",2.30484613022621
0.603404178236366,0.0522352960908984,0.501024879176419,0.705783477296313,0,"Oracle: true predictors",,,,,,,,,,,,,,,,,,,,,,,,,,,,,,,,,,,,,,,,,,,,,,,,,,TRUE,160,"Factors: fixed measurement parameters",
0.464168939023401,0.0489194456997589,0.368288587308211,0.560049290738591,0,"Likelihood-only / naive OLS",,,,,,,,,,,,,,,,,,,,,,,,,,,,,,,,,,,,,,,,,,,,,,,,,,FALSE,160,"Factors: fixed measurement parameters",
0.588093582537481,0.065996027456578,0.458743745599871,0.71744341947509,0,"Conditional posterior mean / naive OLS",,,,,,,,,,,,,,,,,,,,,,,,,,,,,,,,,,,,,,,,,,,,,,,,,,TRUE,160,"Factors: fixed measurement parameters",
0.603802183652633,0.0689141466280786,0.468732938236287,0.73887142906898,0,"REPAIR / stabilized","stabilized",0.603802183652633,0.0689141466280786,"ok","ok",2.5888303508523,2.59069235924453,,0.688683869702022,0.839505321888264,0.849338607068021,0.986666666666667,0.986666666666667,,1,1,"modified","modified","supplied",0,4,4,4,4,,,FALSE,2.10284192091685,0.466853878356453,1.30278918913496,0.358349518287328,2.10192226151066,166.503530075689,464.375117551995,0.358553944391833,,,,,,,,,,,,,,,TRUE,160,"Factors: fixed measurement parameters",
0.603803964719733,0.0693206553171,0.467937976913502,0.739669952525964,0,"REPAIR / fuller_equations","fuller_equations",0.603803964719733,0.0693206553171,"ok","ok",2.5888303508523,2.59071082713041,,0.688688630067432,0.840888551265241,0.850836702376545,0.986666666666667,0.986666666666667,,1,1,"fuller","fuller","supplied",0,4,4,4,4,,,FALSE,2.10955350074035,0.463318901947677,1.30278918913496,0.355636127327181,2.10191315175843,166.226393165436,463.599566957379,0.358555971603654,,,,,,,,,,,,,,,TRUE,160,"Factors: fixed measurement parameters",
0.693305847327383,0.0805815294860386,0.535368951715595,0.851242742939171,0,"Oracle: true predictors",,,,,,,,,,,,,,,,,,,,,,,,,,,,,,,,,,,,,,,,,,,,,,,,,,TRUE,161,"Stress: pooled residual variance",2.16960086618609
0.450510717566863,0.0712156073126514,0.310930692096919,0.590090743036807,0,"Likelihood-only / naive OLS",,,,,,,,,,,,,,,,,,,,,,,,,,,,,,,,,,,,,,,,,,,,,,,,,,FALSE,161,"Stress: pooled residual variance",2.16960086618609
0.711314033016402,0.115599213187595,0.484743738527548,0.937884327505256,0,"Conditional posterior mean / naive OLS",,,,,,,,,,,,,,,,,,,,,,,,,,,,,,,,,,,,,,,,,,,,,,,,,,TRUE,161,"Stress: pooled residual variance",2.16960086618609
0.722871222732435,0.125996326616036,0.475922960380659,0.969819485084212,0,"REPAIR / stabilized","stabilized",0.722871222732435,0.125996326616036,"ok","ok",2.1508427516862,2.19830650451157,,0.688924461162069,0.743288288571419,0.865999166716674,0.986666666666667,0.986666666666667,,1,1,"modified","modified","supplied",0,4,4,4,4,,,FALSE,6.6469360272537,0.267912765493452,1.96260254056282,0.136508926263094,6.71607691088177,100.452647982878,740.213655350579,0.135707639621025,,,,,,,,,,,,,,,TRUE,161,"Stress: pooled residual variance",2.16960086618609
0.722905446909917,0.127330405075244,0.473342438825543,0.97246845499429,0,"REPAIR / fuller_equations","fuller_equations",0.722905446909917,0.127330405075244,"ok","ok",2.1508427516862,2.19895157609192,,0.688930427291897,0.744112628464748,0.868699934220977,0.986666666666667,0.986666666666667,,1,1,"fuller","fuller","supplied",0,4,4,4,4,,,FALSE,6.7040688195889,0.265263200846834,1.96260254056282,0.135158900166696,6.71698705298198,100.248190549703,738.764397097674,0.135697105793864,,,,,,,,,,,,,,,TRUE,161,"Stress: pooled residual variance",2.16960086618609
0.652953189797412,0.0513053869123732,0.552396479236267,0.753509900358556,0,"Oracle: true predictors",,,,,,,,,,,,,,,,,,,,,,,,,,,,,,,,,,,,,,,,,,,,,,,,,,TRUE,161,"Factors: fixed measurement parameters",
0.55181480033702,0.0451415176452303,0.463339051544889,0.64029054912915,0,"Likelihood-only / naive OLS",,,,,,,,,,,,,,,,,,,,,,,,,,,,,,,,,,,,,,,,,,,,,,,,,,TRUE,161,"Factors: fixed measurement parameters",
0.714503821256527,0.060928549991142,0.595086057643641,0.833921584869414,0,"Conditional posterior mean / naive OLS",,,,,,,,,,,,,,,,,,,,,,,,,,,,,,,,,,,,,,,,,,,,,,,,,,TRUE,161,"Factors: fixed measurement parameters",
0.704641833325282,0.0615217560071216,0.584061407285663,0.825222259364901,0,"REPAIR / stabilized","stabilized",0.704641833325282,0.0615217560071216,"ok","ok",2.75516791818899,2.75583589774572,,0.637121734438339,0.800305025224147,0.804490704806349,0.986666666666667,0.986666666666667,,1,1,"modified","modified","supplied",0,4,4,4,4,,,FALSE,2.14992760666709,0.510369423824898,1.41510324899297,0.360658788811411,2.1497079528249,191.126094755101,529.851214066729,0.360716536418149,,,,,,,,,,,,,,,TRUE,161,"Factors: fixed measurement parameters",
0.704641648589722,0.0618391605726135,0.58343912103321,0.825844176146234,0,"REPAIR / fuller_equations","fuller_equations",0.704641648589722,0.0618391605726135,"ok","ok",2.75516791818899,2.75584113910414,,0.63712603302202,0.801571141558681,0.805796509435214,0.986666666666667,0.986666666666667,,1,1,"fuller","fuller","supplied",0,4,4,4,4,,,FALSE,2.15667815028653,0.506788399179426,1.41510324899297,0.35812821399433,2.1497062276893,190.822718380217,529.009510650849,0.36071699003189,,,,,,,,,,,,,,,TRUE,161,"Factors: fixed measurement parameters",
0.704747042749702,0.0784185534561787,0.551049502255863,0.858444583243541,0,"Oracle: true predictors",,,,,,,,,,,,,,,,,,,,,,,,,,,,,,,,,,,,,,,,,,,,,,,,,,TRUE,162,"Stress: pooled residual variance",2.24716084764958
0.468209420239354,0.0635875823323277,0.343580049004017,0.592838791474692,0,"Likelihood-only / naive OLS",,,,,,,,,,,,,,,,,,,,,,,,,,,,,,,,,,,,,,,,,,,,,,,,,,FALSE,162,"Stress: pooled residual variance",2.24716084764958
0.75012650386539,0.103750990677233,0.546778298777663,0.953474708953117,0,"Conditional posterior mean / naive OLS",,,,,,,,,,,,,,,,,,,,,,,,,,,,,,,,,,,,,,,,,,,,,,,,,,TRUE,162,"Stress: pooled residual variance",2.24716084764958
0.735475747067351,0.109935393738578,0.520006334713509,0.950945159421194,0,"REPAIR / stabilized","stabilized",0.735475747067351,0.109935393738578,"ok","ok",2.16020225357805,2.22342349203335,,0.586308765727926,0.641556769066798,0.767021292414069,0.986666666666667,0.986666666666667,,1,1,"modified","modified","supplied",0,4,4,4,4,,,FALSE,6.4393177888458,0.292965894262093,2.07507689580375,0.141183150780837,6.4611283610403,125.993328208103,891.404299058763,0.141342518025929,,,,,,,,,,,,,,,TRUE,162,"Stress: pooled residual variance",2.24716084764958
0.735515331429584,0.111038561575101,0.517883749847253,0.953146913011915,0,"REPAIR / fuller_equations","fuller_equations",0.735515331429584,0.111038561575101,"ok","ok",2.16020225357805,2.22424443427453,,0.586314713885632,0.64237836226406,0.769715328354362,0.986666666666667,0.986666666666667,,1,1,"fuller","fuller","supplied",0,4,4,4,4,,,FALSE,6.49134603124415,0.290225285295382,2.07507689580375,0.139862424318963,6.46140863069553,125.707067080182,889.367947514523,0.141344274247222,,,,,,,,,,,,,,,TRUE,162,"Stress: pooled residual variance",2.24716084764958
0.650925183913425,0.0475144118245265,0.557798647990749,0.744051719836101,0,"Oracle: true predictors",,,,,,,,,,,,,,,,,,,,,,,,,,,,,,,,,,,,,,,,,,,,,,,,,,TRUE,162,"Factors: fixed measurement parameters",
0.509248294922298,0.0437383236996975,0.423522755726736,0.594973834117859,0,"Likelihood-only / naive OLS",,,,,,,,,,,,,,,,,,,,,,,,,,,,,,,,,,,,,,,,,,,,,,,,,,FALSE,162,"Factors: fixed measurement parameters",
0.646288042594539,0.0594017229413944,0.52986280500978,0.762713280179299,0,"Conditional posterior mean / naive OLS",,,,,,,,,,,,,,,,,,,,,,,,,,,,,,,,,,,,,,,,,,,,,,,,,,TRUE,162,"Factors: fixed measurement parameters",
0.649778011203627,0.0625786574478871,0.527126096404899,0.772429926002355,0,"REPAIR / stabilized","stabilized",0.649778011203627,0.0625786574478871,"ok","ok",2.67071816931434,2.67236166953131,,0.523816328241827,0.68686683072711,0.69568204261978,0.986666666666667,0.986666666666667,,1,1,"modified","modified","supplied",0,4,4,4,4,,,FALSE,2.4033195888205,0.507449366416666,1.54676509890271,0.32807138380395,2.403060283856,220.840257734731,673.116982474933,0.328085999141992,,,,,,,,,,,,,,,TRUE,162,"Factors: fixed measurement parameters",
0.649776275873112,0.0629677466743565,0.526361760203732,0.773190791542492,0,"REPAIR / fuller_equations","fuller_equations",0.649776275873112,0.0629677466743565,"ok","ok",2.67071816931434,2.67236943247244,,0.523820402606329,0.688062222081643,0.69693491310806,0.986666666666667,0.986666666666667,,1,1,"fuller","fuller","supplied",0,4,4,4,4,,,FALSE,2.41095611240685,0.50400926931038,1.54676509890271,0.325847324631212,2.40305906066356,220.45284012583,671.936000126282,0.328086067846341,,,,,,,,,,,,,,,TRUE,162,"Factors: fixed measurement parameters",
0.605643668689032,0.0833997160215329,0.44218322896596,0.769104108412105,0,"Oracle: true predictors",,,,,,,,,,,,,,,,,,,,,,,,,,,,,,,,,,,,,,,,,,,,,,,,,,TRUE,163,"Stress: pooled residual variance",2.23162096890465
0.370759382359697,0.0663721428694335,0.24067237275886,0.500846391960533,0,"Likelihood-only / naive OLS",,,,,,,,,,,,,,,,,,,,,,,,,,,,,,,,,,,,,,,,,,,,,,,,,,FALSE,163,"Stress: pooled residual variance",2.23162096890465
0.541956947437997,0.110557732047759,0.325267774411959,0.758646120464034,0,"Conditional posterior mean / naive OLS",,,,,,,,,,,,,,,,,,,,,,,,,,,,,,,,,,,,,,,,,,,,,,,,,,TRUE,163,"Stress: pooled residual variance",2.23162096890465
0.563488062854124,0.115205763336912,0.337688915902332,0.789287209805916,0,"REPAIR / stabilized","stabilized",0.563488062854124,0.115205763336912,"ok","ok",2.24796696969183,2.28906604402514,,0.646919794662824,0.684731334069572,0.769441771041825,0.986666666666667,0.986666666666667,,1,1,"modified","modified","supplied",0,4,4,4,4,,,FALSE,7.88458981307225,0.291739240061298,2.48830985496843,0.117243935468398,7.89677459389022,120.581109938503,1027.76375396318,0.117323761879642,,,,,,,,,,,,,,,TRUE,163,"Stress: pooled residual variance",2.23162096890465
0.56338193563102,0.116371905781169,0.33529719148764,0.7914666797744,0,"REPAIR / fuller_equations","fuller_equations",0.56338193563102,0.116371905781169,"ok","ok",2.24796696969183,2.28956117488732,,0.646923332503972,0.68521984799278,0.771044606311501,0.986666666666667,0.986666666666667,,1,1,"fuller","fuller","supplied",0,4,4,4,4,,,FALSE,7.94975061045029,0.289028355548355,2.48830985496843,0.116154487340574,7.89691765144129,120.415229224133,1026.34172463348,0.117324694430731,,,,,,,,,,,,,,,TRUE,163,"Stress: pooled residual variance",2.23162096890465
0.639649649152286,0.0489708832451857,0.543668481700606,0.735630816603965,0,"Oracle: true predictors",,,,,,,,,,,,,,,,,,,,,,,,,,,,,,,,,,,,,,,,,,,,,,,,,,TRUE,163,"Factors: fixed measurement parameters",
0.481370755089435,0.0451477225224246,0.392882844961475,0.569858665217395,0,"Likelihood-only / naive OLS",,,,,,,,,,,,,,,,,,,,,,,,,,,,,,,,,,,,,,,,,,,,,,,,,,FALSE,163,"Factors: fixed measurement parameters",
0.618059740164676,0.0611084881006663,0.498289304337675,0.737830175991676,0,"Conditional posterior mean / naive OLS",,,,,,,,,,,,,,,,,,,,,,,,,,,,,,,,,,,,,,,,,,,,,,,,,,TRUE,163,"Factors: fixed measurement parameters",
0.614598923000644,0.0622213211178417,0.492647374539173,0.736550471462115,0,"REPAIR / stabilized","stabilized",0.614598923000644,0.0622213211178417,"ok","ok",2.7218369932761,2.7221038749251,,0.634347177713454,0.767162424096242,0.772221977098265,0.986666666666667,0.986666666666667,,1,1,"modified","modified","supplied",0,4,4,4,4,,,FALSE,2.31988968163391,0.474403004349517,1.42070058559861,0.333921875698831,2.31969354587874,185.191541348749,554.566353284776,0.333939374886041,,,,,,,,,,,,,,,TRUE,163,"Factors: fixed measurement parameters",
0.614597547827371,0.0625597677879409,0.491982656081817,0.737212439572924,0,"REPAIR / fuller_equations","fuller_equations",0.614597547827371,0.0625597677879409,"ok","ok",2.7218369932761,2.72210605776256,,0.63435074215691,0.768208318763633,0.773316411769897,0.986666666666667,0.986666666666667,,1,1,"fuller","fuller","supplied",0,4,4,4,4,,,FALSE,2.32820195204495,0.470856874210042,1.42070058559861,0.331425832425941,2.31969194208564,184.936762554971,553.803166745317,0.333939517973215,,,,,,,,,,,,,,,TRUE,163,"Factors: fixed measurement parameters",
0.56538939513191,0.0796175419815468,0.409341880310473,0.721436909953348,0,"Oracle: true predictors",,,,,,,,,,,,,,,,,,,,,,,,,,,,,,,,,,,,,,,,,,,,,,,,,,TRUE,164,"Stress: pooled residual variance",2.20549263739157
0.379663390346889,0.0633669658695533,0.255466419432986,0.503860361260792,0,"Likelihood-only / naive OLS",,,,,,,,,,,,,,,,,,,,,,,,,,,,,,,,,,,,,,,,,,,,,,,,,,FALSE,164,"Stress: pooled residual variance",2.20549263739157
0.580981793241636,0.104570276481204,0.376027817485081,0.785935768998192,0,"Conditional posterior mean / naive OLS",,,,,,,,,,,,,,,,,,,,,,,,,,,,,,,,,,,,,,,,,,,,,,,,,,TRUE,164,"Stress: pooled residual variance",2.20549263739157
0.584284883092147,0.106902716235679,0.374759409420712,0.793810356763583,0,"REPAIR / stabilized","stabilized",0.584284883092147,0.106902716235679,"ok","ok",2.31841095553909,2.36522484049709,,0.589007312637742,0.629145962028293,0.718871102050744,0.986666666666667,0.986666666666667,,1,1,"modified","modified","supplied",0,4,4,4,4,,,FALSE,6.22638262945817,0.31734978597646,2.16091381228567,0.146859066831911,6.23990934623408,141.06777766138,960.152323918791,0.146922289460928,,,,,,,,,,,,,,,TRUE,164,"Stress: pooled residual variance",2.20549263739157
0.584250619868381,0.107907518875454,0.372755769211415,0.795745470525347,0,"REPAIR / fuller_equations","fuller_equations",0.584250619868381,0.107907518875454,"ok","ok",2.31841095553909,2.36578255718543,,0.589011076146962,0.629667802211806,0.720575434065673,0.986666666666667,0.986666666666667,,1,1,"fuller","fuller","supplied",0,4,4,4,4,,,FALSE,6.27169300247185,0.314658593299138,2.16091381228567,0.145613671174749,6.24006653739634,140.840356820236,958.599746482086,0.146923006538546,,,,,,,,,,,,,,,TRUE,164,"Stress: pooled residual variance",2.20549263739157
0.547496101241855,0.0507912414839396,0.447947097203257,0.647045105280454,0,"Oracle: true predictors",,,,,,,,,,,,,,,,,,,,,,,,,,,,,,,,,,,,,,,,,,,,,,,,,,TRUE,164,"Factors: fixed measurement parameters",
0.403450349353826,0.0453500848241926,0.314565816402572,0.49233488230508,0,"Likelihood-only / naive OLS",,,,,,,,,,,,,,,,,,,,,,,,,,,,,,,,,,,,,,,,,,,,,,,,,,FALSE,164,"Factors: fixed measurement parameters",
0.505726970089661,0.0617552001233544,0.384689001989823,0.626764938189499,0,"Conditional posterior mean / naive OLS",,,,,,,,,,,,,,,,,,,,,,,,,,,,,,,,,,,,,,,,,,,,,,,,,,TRUE,164,"Factors: fixed measurement parameters",
0.497475619396413,0.0624434849484176,0.375088637828346,0.61986260096448,0,"REPAIR / stabilized","stabilized",0.497475619396413,0.0624434849484176,"ok","ok",3.12000560564718,3.11868267736269,,0.662057851473822,0.770944449725448,0.77902631517818,0.986666666666667,0.986666666666667,,1,1,"modified","modified","supplied",0,4,4,4,4,,,FALSE,2.45879431197006,0.577354789685162,1.74702666750086,0.330478521264402,2.46035220915504,223.901338497582,677.93592560184,0.330269174478123,,,,,,,,,,,,,,,TRUE,164,"Factors: fixed measurement parameters",
0.49747567559744,0.0627822660495054,0.374424695272598,0.620526655922282,0,"REPAIR / fuller_equations","fuller_equations",0.49747567559744,0.0627822660495054,"ok","ok",3.12000560564718,3.11867573033555,,0.662060205123952,0.771631157118608,0.779763013297583,0.986666666666667,0.986666666666667,,1,1,"fuller","fuller","supplied",0,4,4,4,4,,,FALSE,2.46581027112953,0.573918488246332,1.74702666750086,0.328511578513754,2.46036039339769,223.698070031937,677.322716623613,0.330268075382219,,,,,,,,,,,,,,,TRUE,164,"Factors: fixed measurement parameters",
0.664707741486878,0.0827261652633693,0.502567436991566,0.82684804598219,0,"Oracle: true predictors",,,,,,,,,,,,,,,,,,,,,,,,,,,,,,,,,,,,,,,,,,,,,,,,,,TRUE,165,"Stress: pooled residual variance",2.22508583784584
0.386770000261617,0.0687295039020897,0.252062647938216,0.521477352585018,0,"Likelihood-only / naive OLS",,,,,,,,,,,,,,,,,,,,,,,,,,,,,,,,,,,,,,,,,,,,,,,,,,FALSE,165,"Stress: pooled residual variance",2.22508583784584
0.624705491907638,0.10970624191369,0.409685208877568,0.839725774937709,0,"Conditional posterior mean / naive OLS",,,,,,,,,,,,,,,,,,,,,,,,,,,,,,,,,,,,,,,,,,,,,,,,,,TRUE,165,"Stress: pooled residual variance",2.22508583784584
0.619985066232983,0.117141097639658,0.390392733749763,0.849577398716203,0,"REPAIR / stabilized","stabilized",0.619985066232983,0.117141097639658,"ok","ok",2.25910841771199,2.30635678352989,,0.697975379924993,0.73668452809643,0.824593396838429,0.986666666666667,0.986666666666667,,1,1,"modified","modified","supplied",0,4,4,4,4,,,FALSE,6.43475742262532,0.297190984782114,2.0991805319317,0.141574762275751,6.42682106234672,115.07094753362,809.525144447563,0.142146230197885,,,,,,,,,,,,,,,TRUE,165,"Stress: pooled residual variance",2.22508583784584
0.620039396562545,0.118274900302635,0.388224851694314,0.851853941430776,0,"REPAIR / fuller_equations","fuller_equations",0.620039396562545,0.118274900302635,"ok","ok",2.25910841771199,2.30703541245825,,0.697979757396478,0.737289531224928,0.826575293022533,0.986666666666667,0.986666666666667,,1,1,"fuller","fuller","supplied",0,4,4,4,4,,,FALSE,6.4854526755808,0.294478714407392,2.0991805319317,0.140282700762477,6.42671320071721,114.897789070919,808.261868618441,0.142154162570249,,,,,,,,,,,,,,,TRUE,165,"Stress: pooled residual variance",2.22508583784584
0.60834144602989,0.0491925112670432,0.511925895637405,0.704756996422376,0,"Oracle: true predictors",,,,,,,,,,,,,,,,,,,,,,,,,,,,,,,,,,,,,,,,,,,,,,,,,,TRUE,165,"Factors: fixed measurement parameters",
0.496712124763479,0.0457122023774633,0.407117854449645,0.586306395077313,0,"Likelihood-only / naive OLS",,,,,,,,,,,,,,,,,,,,,,,,,,,,,,,,,,,,,,,,,,,,,,,,,,FALSE,165,"Factors: fixed measurement parameters",
0.633147224307948,0.0615540126189192,0.512503576470943,0.753790872144954,0,"Conditional posterior mean / naive OLS",,,,,,,,,,,,,,,,,,,,,,,,,,,,,,,,,,,,,,,,,,,,,,,,,,TRUE,165,"Factors: fixed measurement parameters",
0.633116906687572,0.0617315910924677,0.512125211437982,0.754108601937162,0,"REPAIR / stabilized","stabilized",0.633116906687572,0.0617315910924677,"ok","ok",2.82485047382436,2.82732977150785,,0.661097787472071,0.815193003711736,0.823396151223447,0.986666666666667,0.986666666666667,,1,1,"modified","modified","supplied",0,4,4,4,4,,,FALSE,1.80347131302178,0.61367131869259,1.42880208112736,0.429500577300663,1.80519132010891,225.1964492588,524.724772082028,0.42917060760302,,,,,,,,,,,,,,,TRUE,165,"Factors: fixed measurement parameters",
0.633112789703567,0.0620390300005685,0.511518525266653,0.754707054140481,0,"REPAIR / fuller_equations","fuller_equations",0.633112789703567,0.0620390300005685,"ok","ok",2.82485047382436,2.82734924392864,,0.661101990345815,0.816421120690968,0.824701676942754,0.986666666666667,0.986666666666667,,1,1,"fuller","fuller","supplied",0,4,4,4,4,,,FALSE,1.80676679969768,0.610150820711911,1.42880208112736,0.427036626535767,1.80520484975316,224.852672850477,523.926913776123,0.429168013587785,,,,,,,,,,,,,,,TRUE,165,"Factors: fixed measurement parameters",
0.700708879450034,0.0779174075903447,0.54799356680423,0.853424192095837,0,"Oracle: true predictors",,,,,,,,,,,,,,,,,,,,,,,,,,,,,,,,,,,,,,,,,,,,,,,,,,TRUE,166,"Stress: pooled residual variance",2.28488567069937
0.392251106362288,0.0640193423851369,0.266775500973481,0.517726711751095,0,"Likelihood-only / naive OLS",,,,,,,,,,,,,,,,,,,,,,,,,,,,,,,,,,,,,,,,,,,,,,,,,,FALSE,166,"Stress: pooled residual variance",2.28488567069937
0.629542896056326,0.106155347548587,0.421482238094764,0.837603554017888,0,"Conditional posterior mean / naive OLS",,,,,,,,,,,,,,,,,,,,,,,,,,,,,,,,,,,,,,,,,,,,,,,,,,TRUE,166,"Stress: pooled residual variance",2.28488567069937
0.622990136663632,0.116488751435104,0.39467637924679,0.851303894080474,0,"REPAIR / stabilized","stabilized",0.622990136663632,0.116488751435104,"ok","ok",2.06973670736311,2.11909684072719,,0.591509331795931,0.633200473979556,0.72754827541792,0.986666666666667,0.986666666666667,,1,1,"modified","modified","supplied",0,4,4,4,4,,,FALSE,7.84368887295301,0.25503398216612,2.19240357634622,0.116326202400723,7.8013621533225,113.73747584744,969.369350705693,0.117331413216892,,,,,,,,,,,,,,,TRUE,166,"Stress: pooled residual variance",2.28488567069937
0.623010286498383,0.117818373190099,0.392090518328689,0.853930054668076,0,"REPAIR / fuller_equations","fuller_equations",0.623010286498383,0.117818373190099,"ok","ok",2.06973670736311,2.11977354943229,,0.591513913282937,0.633831731877242,0.72962241026342,0.986666666666667,0.986666666666667,,1,1,"fuller","fuller","supplied",0,4,4,4,4,,,FALSE,7.91994766729747,0.252250814139586,2.19240357634622,0.115056742682375,7.80080701155169,113.536238823559,967.544338800587,0.117344739946806,,,,,,,,,,,,,,,TRUE,166,"Stress: pooled residual variance",2.28488567069937
0.543554730406375,0.0471425976288508,0.451156936916164,0.635952523896585,0,"Oracle: true predictors",,,,,,,,,,,,,,,,,,,,,,,,,,,,,,,,,,,,,,,,,,,,,,,,,,TRUE,166,"Factors: fixed measurement parameters",
0.426690485818171,0.043922926477696,0.340603131826286,0.512777839810056,0,"Likelihood-only / naive OLS",,,,,,,,,,,,,,,,,,,,,,,,,,,,,,,,,,,,,,,,,,,,,,,,,,FALSE,166,"Factors: fixed measurement parameters",
0.54172091851011,0.0592130393802471,0.425665493909674,0.657776343110547,0,"Conditional posterior mean / naive OLS",,,,,,,,,,,,,,,,,,,,,,,,,,,,,,,,,,,,,,,,,,,,,,,,,,TRUE,166,"Factors: fixed measurement parameters",
0.549689915856267,0.0607659449448025,0.43059085227791,0.668788979434623,0,"REPAIR / stabilized","stabilized",0.549689915856267,0.0607659449448025,"ok","ok",2.8274420907242,2.82826519880261,,0.58132386967171,0.700127203543891,0.706882505170735,0.986666666666667,0.986666666666667,,1,1,"modified","modified","supplied",0,4,4,4,4,,,FALSE,2.03106167185152,0.526957029121742,1.39360497695856,0.378125105632004,2.03231966065888,225.402165576371,596.278279503898,0.378015053246455,,,,,,,,,,,,,,,TRUE,166,"Factors: fixed measurement parameters",
0.549685737770172,0.0610989570617116,0.429933982436258,0.669437493104086,0,"REPAIR / fuller_equations","fuller_equations",0.549685737770172,0.0610989570617116,"ok","ok",2.8274420907242,2.82827199921889,,0.581327269740061,0.701119701150939,0.707940998689554,0.986666666666667,0.986666666666667,,1,1,"fuller","fuller","supplied",0,4,4,4,4,,,FALSE,2.0363158974782,0.523456858954388,1.39360497695856,0.375613511439083,2.03233007123612,225.079826210419,595.426998326894,0.378014142527761,,,,,,,,,,,,,,,TRUE,166,"Factors: fixed measurement parameters",
0.629983665249098,0.0920366990596473,0.449595049836238,0.810372280661958,0,"Oracle: true predictors",,,,,,,,,,,,,,,,,,,,,,,,,,,,,,,,,,,,,,,,,,,,,,,,,,TRUE,167,"Stress: pooled residual variance",2.28137942975954
0.421775453204866,0.07256877743641,0.2795432630274,0.564007643382333,0,"Likelihood-only / naive OLS",,,,,,,,,,,,,,,,,,,,,,,,,,,,,,,,,,,,,,,,,,,,,,,,,,FALSE,167,"Stress: pooled residual variance",2.28137942975954
0.624033890806773,0.120695317003986,0.387475416376315,0.860592365237231,0,"Conditional posterior mean / naive OLS",,,,,,,,,,,,,,,,,,,,,,,,,,,,,,,,,,,,,,,,,,,,,,,,,,TRUE,167,"Stress: pooled residual variance",2.28137942975954
0.707704868379789,0.14079657457721,0.43174865306185,0.983661083697728,0,"REPAIR / stabilized","stabilized",0.707704868379789,0.14079657457721,"ok","ok",1.9570219523867,2.01623762309685,,0.669876168282116,0.728195623335781,0.859819192352799,0.986666666666667,0.986666666666667,,1,1,"modified","modified","supplied",0,4,4,4,4,,,FALSE,7.95047255893335,0.233895085222802,2.05129040516191,0.114023389683988,7.9898658003705,89.1470995011357,782.15905176118,0.11397566684219,,,,,,,,,,,,,,,TRUE,167,"Stress: pooled residual variance",2.28137942975954
0.707401633535648,0.142622921868612,0.427865843303297,0.986937423767998,0,"REPAIR / fuller_equations","fuller_equations",0.707401633535648,0.142622921868612,"ok","ok",1.9570219523867,2.01720381839458,,0.66988398051209,0.729272704727597,0.863348991652509,0.986666666666667,0.986666666666667,,1,1,"fuller","fuller","supplied",0,4,4,4,4,,,FALSE,8.03485637994214,0.231116309590124,2.05129040516191,0.112668742079882,7.99048805898828,88.9111763407528,780.094727905858,0.113974845823445,,,,,,,,,,,,,,,TRUE,167,"Stress: pooled residual variance",2.28137942975954
0.62640414382764,0.0504477963106792,0.527528279959297,0.725280007695984,0,"Oracle: true predictors",,,,,,,,,,,,,,,,,,,,,,,,,,,,,,,,,,,,,,,,,,,,,,,,,,TRUE,167,"Factors: fixed measurement parameters",
0.483640555879165,0.0457801642226461,0.39391308279645,0.57336802896188,0,"Likelihood-only / naive OLS",,,,,,,,,,,,,,,,,,,,,,,,,,,,,,,,,,,,,,,,,,,,,,,,,,FALSE,167,"Factors: fixed measurement parameters",
0.62353318189971,0.0627402888751223,0.500564475324831,0.746501888474589,0,"Conditional posterior mean / naive OLS",,,,,,,,,,,,,,,,,,,,,,,,,,,,,,,,,,,,,,,,,,,,,,,,,,TRUE,167,"Factors: fixed measurement parameters",
0.598175232548589,0.0643425323834415,0.472066186402942,0.724284278694236,0,"REPAIR / stabilized","stabilized",0.598175232548589,0.0643425323834415,"ok","ok",2.57200082277209,2.57317137701438,,0.705607802352049,0.825166319179385,0.828610659503355,0.986666666666667,0.986666666666667,,1,1,"modified","modified","supplied",0,4,4,4,4,,,FALSE,3.40700359558026,0.418933024910581,1.75032434374603,0.239345939743936,3.40507539639079,152.246545683908,635.720383817002,0.239486650986063,,,,,,,,,,,,,,,TRUE,167,"Factors: fixed measurement parameters",
0.598175220019754,0.0647366172418316,0.471293781744809,0.725056658294698,0,"REPAIR / fuller_equations","fuller_equations",0.598175220019754,0.0647366172418316,"ok","ok",2.57200082277209,2.57317481342944,,0.705610310801792,0.825908189880118,0.829365779901703,0.986666666666667,0.986666666666667,,1,1,"fuller","fuller","supplied",0,4,4,4,4,,,FALSE,3.4252118391382,0.415433326746641,1.75032434374603,0.237346482799601,3.40506973901815,152.109608707587,635.147494469646,0.239487064078871,,,,,,,,,,,,,,,TRUE,167,"Factors: fixed measurement parameters",
0.553298301039173,0.0837764704923827,0.38909943612222,0.717497165956125,0,"Oracle: true predictors",,,,,,,,,,,,,,,,,,,,,,,,,,,,,,,,,,,,,,,,,,,,,,,,,,TRUE,168,"Stress: pooled residual variance",2.2054499439543
0.338301291363701,0.0633971433384061,0.214045173697702,0.462557409029701,0,"Likelihood-only / naive OLS",,,,,,,,,,,,,,,,,,,,,,,,,,,,,,,,,,,,,,,,,,,,,,,,,,FALSE,168,"Stress: pooled residual variance",2.2054499439543
0.50592786503553,0.1047769355765,0.300568844895117,0.711286885175943,0,"Conditional posterior mean / naive OLS",,,,,,,,,,,,,,,,,,,,,,,,,,,,,,,,,,,,,,,,,,,,,,,,,,TRUE,168,"Stress: pooled residual variance",2.2054499439543
0.525823055716855,0.10837913855196,0.313403847479536,0.738242263954173,0,"REPAIR / stabilized","stabilized",0.525823055716855,0.10837913855196,"ok","ok",2.28894736491686,2.32840268586573,,0.58890147137272,0.620518146431422,0.691499432826453,0.986666666666667,0.986666666666667,,1,1,"modified","modified","supplied",0,4,4,4,4,,,FALSE,6.01145992570263,0.290671267744795,1.93384409531388,0.150307498132427,6.04850170059187,133.237137322929,889.037553811858,0.14986671457427,,,,,,,,,,,,,,,TRUE,168,"Stress: pooled residual variance",2.2054499439543
0.52574622531213,0.109437104972531,0.31125344099364,0.740239009630621,0,"REPAIR / fuller_equations","fuller_equations",0.52574622531213,0.109437104972531,"ok","ok",2.28894736491686,2.32892343697457,,0.588904705192645,0.620966551601207,0.692963323185772,0.986666666666667,0.986666666666667,,1,1,"fuller","fuller","supplied",0,4,4,4,4,,,FALSE,6.05846242845047,0.288000365043096,1.93384409531388,0.148926361613629,6.04898146485825,133.052202876713,887.837614879252,0.14986096629259,,,,,,,,,,,,,,,TRUE,168,"Stress: pooled residual variance",2.2054499439543
0.656740771198121,0.0513546862383638,0.556087435733573,0.757394106662669,0,"Oracle: true predictors",,,,,,,,,,,,,,,,,,,,,,,,,,,,,,,,,,,,,,,,,,,,,,,,,,TRUE,168,"Factors: fixed measurement parameters",
0.500930241797174,0.0482330610292368,0.406395179315748,0.595465304278601,0,"Likelihood-only / naive OLS",,,,,,,,,,,,,,,,,,,,,,,,,,,,,,,,,,,,,,,,,,,,,,,,,,FALSE,168,"Factors: fixed measurement parameters",
0.648320223812426,0.0654660359206105,0.520009151197424,0.776631296427428,0,"Conditional posterior mean / naive OLS",,,,,,,,,,,,,,,,,,,,,,,,,,,,,,,,,,,,,,,,,,,,,,,,,,TRUE,168,"Factors: fixed measurement parameters",
0.667394240941295,0.070606146793885,0.529008736138133,0.805779745744458,0,"REPAIR / stabilized","stabilized",0.667394240941295,0.070606146793885,"ok","ok",2.63451646322789,2.63458257116512,,0.637841661406754,0.778359644550976,0.780839460005446,0.986666666666667,0.986666666666667,,1,1,"modified","modified","supplied",0,4,4,4,4,,,FALSE,2.38788361294696,0.481665637145547,1.47818383509034,0.325849617423337,2.38775584500546,185.504784804893,569.260574560733,0.325869721345161,,,,,,,,,,,,,,,TRUE,168,"Factors: fixed measurement parameters",
0.667394240880191,0.0710759606485803,0.528087917842388,0.806700563917995,0,"REPAIR / fuller_equations","fuller_equations",0.667394240880191,0.0710759606485803,"ok","ok",2.63451646322789,2.6345825568997,,0.637845750566038,0.779571887210267,0.782055027230395,0.986666666666667,0.986666666666667,,1,1,"fuller","fuller","supplied",0,4,4,4,4,,,FALSE,2.39573464779877,0.478237676451347,1.47818383509034,0.323530581987538,2.38775587259045,185.216353385919,568.375469462155,0.325869717004477,,,,,,,,,,,,,,,TRUE,168,"Factors: fixed measurement parameters",
0.629572031416304,0.0771703583297923,0.47832090841586,0.780823154416747,0,"Oracle: true predictors",,,,,,,,,,,,,,,,,,,,,,,,,,,,,,,,,,,,,,,,,,,,,,,,,,TRUE,169,"Stress: pooled residual variance",2.3065268217259
0.338867854017395,0.0639065749343813,0.213613268770698,0.464122439264092,0,"Likelihood-only / naive OLS",,,,,,,,,,,,,,,,,,,,,,,,,,,,,,,,,,,,,,,,,,,,,,,,,,FALSE,169,"Stress: pooled residual variance",2.3065268217259
0.517830418776227,0.107168296885286,0.307784416596571,0.727876420955883,0,"Conditional posterior mean / naive OLS",,,,,,,,,,,,,,,,,,,,,,,,,,,,,,,,,,,,,,,,,,,,,,,,,,TRUE,169,"Stress: pooled residual variance",2.3065268217259
0.511539943135013,0.111047104425002,0.29389161787455,0.729188268395476,0,"REPAIR / stabilized","stabilized",0.511539943135013,0.111047104425002,"ok","ok",2.22404615818897,2.25635610198042,,0.633978928537704,0.665874634810891,0.73720856224728,0.986666666666667,0.986666666666667,,1,1,"modified","modified","supplied",0,4,4,4,4,,,FALSE,7.03778521696184,0.277679995686103,2.14852441527875,0.129242187666775,7.05845375688972,118.873503182611,920.210490875058,0.129180773704906,,,,,,,,,,,,,,,TRUE,169,"Stress: pooled residual variance",2.3065268217259
0.51152360117728,0.112188070839279,0.291639022837265,0.731408179517296,0,"REPAIR / fuller_equations","fuller_equations",0.51152360117728,0.112188070839279,"ok","ok",2.22404615818897,2.25672533554105,,0.633981730086435,0.666261473074693,0.738478314948729,0.986666666666667,0.986666666666667,,1,1,"fuller","fuller","supplied",0,4,4,4,4,,,FALSE,7.10001422805043,0.274876567299285,2.14852441527875,0.127937371967739,7.05868555105818,118.738240678012,919.168339974528,0.1291800810734,,,,,,,,,,,,,,,TRUE,169,"Stress: pooled residual variance",2.3065268217259
0.588860660380725,0.048755898987307,0.493300854331731,0.68442046642972,0,"Oracle: true predictors",,,,,,,,,,,,,,,,,,,,,,,,,,,,,,,,,,,,,,,,,,,,,,,,,,TRUE,169,"Factors: fixed measurement parameters",
0.463389611199545,0.0463901187767015,0.372466649158675,0.554312573240415,0,"Likelihood-only / naive OLS",,,,,,,,,,,,,,,,,,,,,,,,,,,,,,,,,,,,,,,,,,,,,,,,,,FALSE,169,"Factors: fixed measurement parameters",
0.583134967416271,0.0631201790132279,0.459421689852624,0.706848244979919,0,"Conditional posterior mean / naive OLS",,,,,,,,,,,,,,,,,,,,,,,,,,,,,,,,,,,,,,,,,,,,,,,,,,TRUE,169,"Factors: fixed measurement parameters",
0.563432982958349,0.0632655388744351,0.439434805301938,0.68743116061476,0,"REPAIR / stabilized","stabilized",0.563432982958349,0.0632655388744351,"ok","ok",2.62876017017796,2.63009880207599,,0.705544088205442,0.855546866487103,0.868145364914474,0.986666666666667,0.986666666666667,,1,1,"modified","modified","supplied",0,4,4,4,4,,,FALSE,2.71537574001224,0.46938570842322,1.59566314861798,0.294163407126221,2.71178495682948,164.069966669333,557.089097768071,0.2945129734663,,,,,,,,,,,,,,,TRUE,169,"Factors: fixed measurement parameters",
0.56343112651534,0.0636082403169526,0.438761266374144,0.688100986656535,0,"REPAIR / fuller_equations","fuller_equations",0.56343112651534,0.0636082403169526,"ok","ok",2.62876017017796,2.63011077751391,,0.705547972929797,0.856667159455327,0.869396254134357,0.986666666666667,0.986666666666667,,1,1,"fuller","fuller","supplied",0,4,4,4,4,,,FALSE,2.726651816666,0.465856615534535,1.59566314861798,0.291951729246876,2.7117528543495,163.850764980949,556.338901858364,0.294516102385849,,,,,,,,,,,,,,,TRUE,169,"Factors: fixed measurement parameters",
0.565832419259709,0.075842903870164,0.417183059191254,0.714481779328164,0,"Oracle: true predictors",,,,,,,,,,,,,,,,,,,,,,,,,,,,,,,,,,,,,,,,,,,,,,,,,,TRUE,170,"Stress: pooled residual variance",2.29413833947432
0.400009081987402,0.0650579205308262,0.272497900837914,0.52752026313689,0,"Likelihood-only / naive OLS",,,,,,,,,,,,,,,,,,,,,,,,,,,,,,,,,,,,,,,,,,,,,,,,,,FALSE,170,"Stress: pooled residual variance",2.29413833947432
0.594533551971273,0.103321526196771,0.39202708179789,0.797040022144657,0,"Conditional posterior mean / naive OLS",,,,,,,,,,,,,,,,,,,,,,,,,,,,,,,,,,,,,,,,,,,,,,,,,,TRUE,170,"Stress: pooled residual variance",2.29413833947432
0.641305065915423,0.115906700689807,0.414132106996538,0.868478024834308,0,"REPAIR / stabilized","stabilized",0.641305065915423,0.115906700689807,"ok","ok",2.09658563423986,2.18270178311938,,0.585506560318194,0.633141653017066,0.74055615312123,0.986666666666667,0.986666666666667,,1,1,"modified","modified","supplied",0,4,4,4,4,,,FALSE,7.64812570660833,0.27591058588584,2.30251191672388,0.119830253160391,7.46637850144441,124.366551318686,1009.76153908853,0.123164278400767,,,,,,,,,,,,,,,TRUE,170,"Stress: pooled residual variance",2.29413833947432
0.641153044473518,0.117143945968243,0.411555129368855,0.870750959578181,0,"REPAIR / fuller_equations","fuller_equations",0.641153044473518,0.117143945968243,"ok","ok",2.09658563423986,2.18392715566743,,0.585512032097786,0.633896838621113,0.743031967924834,0.986666666666667,0.986666666666667,,1,1,"fuller","fuller","supplied",0,4,4,4,4,,,FALSE,7.7170391355929,0.273109996364847,2.30251191672388,0.118613933930661,7.46397283364981,124.137903461288,1007.53369251285,0.123209679620421,,,,,,,,,,,,,,,TRUE,170,"Stress: pooled residual variance",2.29413833947432
0.609375917938024,0.0529929173660266,0.505511708464905,0.713240127411144,0,"Oracle: true predictors",,,,,,,,,,,,,,,,,,,,,,,,,,,,,,,,,,,,,,,,,,,,,,,,,,TRUE,170,"Factors: fixed measurement parameters",
0.460835475605645,0.0498956157569624,0.363041865735549,0.55862908547574,0,"Likelihood-only / naive OLS",,,,,,,,,,,,,,,,,,,,,,,,,,,,,,,,,,,,,,,,,,,,,,,,,,FALSE,170,"Factors: fixed measurement parameters",
0.598487331191093,0.0673944410258551,0.466396654022209,0.730578008359978,0,"Conditional posterior mean / naive OLS",,,,,,,,,,,,,,,,,,,,,,,,,,,,,,,,,,,,,,,,,,,,,,,,,,TRUE,170,"Factors: fixed measurement parameters",
0.60982227220557,0.0700451384668804,0.472536323518363,0.747108220892777,0,"REPAIR / stabilized","stabilized",0.60982227220557,0.0700451384668804,"ok","ok",2.91573546661145,2.91577659070632,,0.747636574627693,0.863290491023489,0.865005920126478,0.986666666666667,0.986666666666667,,1,1,"modified","modified","supplied",0,4,4,4,4,,,FALSE,1.99740292163656,0.540138892098455,1.40556757521327,0.384285253604046,1.99746111517881,187.617691844352,488.226560019303,0.384284074665939,,,,,,,,,,,,,,,TRUE,170,"Factors: fixed measurement parameters",
0.609822555593337,0.0704446462517455,0.471753586036252,0.747891525150423,0,"REPAIR / fuller_equations","fuller_equations",0.609822555593337,0.0704446462517455,"ok","ok",2.91573546661145,2.91577670889496,,0.74763991790394,0.864280776450734,0.866003123184234,0.986666666666667,0.986666666666667,,1,1,"fuller","fuller","supplied",0,4,4,4,4,,,FALSE,2.00202144763279,0.536690043750174,1.40556757521327,0.381831548489401,1.99746128270414,187.402477832813,487.666525488836,0.384284071261528,,,,,,,,,,,,,,,TRUE,170,"Factors: fixed measurement parameters",
0.591181428118191,0.0782183695083579,0.437876240952364,0.744486615284018,0,"Oracle: true predictors",,,,,,,,,,,,,,,,,,,,,,,,,,,,,,,,,,,,,,,,,,,,,,,,,,TRUE,171,"Stress: pooled residual variance",2.19250416050722
0.38089076231868,0.0585049763817311,0.26622311569412,0.495558408943239,0,"Likelihood-only / naive OLS",,,,,,,,,,,,,,,,,,,,,,,,,,,,,,,,,,,,,,,,,,,,,,,,,,FALSE,171,"Stress: pooled residual variance",2.19250416050722
0.591403866669282,0.0984972464592685,0.39835281103275,0.784454922305813,0,"Conditional posterior mean / naive OLS",,,,,,,,,,,,,,,,,,,,,,,,,,,,,,,,,,,,,,,,,,,,,,,,,,TRUE,171,"Stress: pooled residual variance",2.19250416050722
0.522161421569538,0.0880593893532905,0.349568189936499,0.694754653202577,0,"REPAIR / stabilized","stabilized",0.522161421569538,0.0880593893532905,"ok","ok",2.76379093327062,2.8005922381779,,0.638510006157965,0.669963466697165,0.740319622715439,0.986666666666667,0.986666666666667,,1,1,"modified","modified","supplied",0,4,4,4,4,,,FALSE,5.43017425929547,0.389700845229514,2.30113658736121,0.169351461955762,5.47349942608236,165.103806275628,980.5684564672,0.16837560415768,,,,,,,,,,,,,,,TRUE,171,"Stress: pooled residual variance",2.19250416050722
0.522154684313301,0.088669485507208,0.348365686191477,0.695943682435125,0,"REPAIR / fuller_equations","fuller_equations",0.522154684313301,0.088669485507208,"ok","ok",2.76379093327062,2.80089988438126,,0.638512021543512,0.67024354599667,0.741234510410719,0.986666666666667,0.986666666666667,,1,1,"fuller","fuller","supplied",0,4,4,4,4,,,FALSE,5.46104273601133,0.387040408585439,2.30113658736121,0.168195321699383,5.47385916025954,164.961659523079,979.7712787168,0.168367519140925,,,,,,,,,,,,,,,TRUE,171,"Stress: pooled residual variance",2.19250416050722
0.703910760546897,0.0546677243503505,0.596763989703447,0.811057531390347,0,"Oracle: true predictors",,,,,,,,,,,,,,,,,,,,,,,,,,,,,,,,,,,,,,,,,,,,,,,,,,TRUE,171,"Factors: fixed measurement parameters",
0.558147664441441,0.0546035009859976,0.451126769079089,0.665168559803794,0,"Likelihood-only / naive OLS",,,,,,,,,,,,,,,,,,,,,,,,,,,,,,,,,,,,,,,,,,,,,,,,,,TRUE,171,"Factors: fixed measurement parameters",
0.718830912293452,0.0745664778693977,0.572683301215429,0.864978523371474,0,"Conditional posterior mean / naive OLS",,,,,,,,,,,,,,,,,,,,,,,,,,,,,,,,,,,,,,,,,,,,,,,,,,TRUE,171,"Factors: fixed measurement parameters",
0.758728670958492,0.0858651218817052,0.590436124542208,0.927021217374776,0,"REPAIR / stabilized","stabilized",0.758728670958492,0.0858651218817052,"ok","ok",2.3100845045073,2.30941540720465,,0.730004646831369,0.916602277655254,0.920904553770333,0.986666666666667,0.986666666666667,,1,1,"modified","modified","supplied",0,4,4,4,4,,,FALSE,2.91218700676257,0.361800577471503,1.38060874176466,0.262058732881162,2.91403343811831,118.216960964757,451.372723479862,0.261905416112347,,,,,,,,,,,,,,,TRUE,171,"Factors: fixed measurement parameters",
0.758728605399934,0.0865925410275135,0.5890103436562,0.928446867143667,0,"REPAIR / fuller_equations","fuller_equations",0.758728605399934,0.0865925410275135,"ok","ok",2.3100845045073,2.30941575012706,,0.730010464415449,0.918325904475385,0.922634054384747,0.986666666666667,0.986666666666667,,1,1,"fuller","fuller","supplied",0,4,4,4,4,,,FALSE,2.9278498313446,0.35835704201169,1.38060874176466,0.259564517571899,2.91403249147879,117.995178423353,450.525784393533,0.261905494670389,,,,,,,,,,,,,,,TRUE,171,"Factors: fixed measurement parameters",
0.537987172698007,0.0853598451934679,0.370684950392895,0.705289395003118,0,"Oracle: true predictors",,,,,,,,,,,,,,,,,,,,,,,,,,,,,,,,,,,,,,,,,,,,,,,,,,TRUE,172,"Stress: pooled residual variance",2.24302039806342
0.32152324231028,0.06586924499032,0.192421894440407,0.450624590180152,0,"Likelihood-only / naive OLS",,,,,,,,,,,,,,,,,,,,,,,,,,,,,,,,,,,,,,,,,,,,,,,,,,FALSE,172,"Stress: pooled residual variance",2.24302039806342
0.452981964752716,0.107483034846742,0.242319087504039,0.663644842001394,0,"Conditional posterior mean / naive OLS",,,,,,,,,,,,,,,,,,,,,,,,,,,,,,,,,,,,,,,,,,,,,,,,,,TRUE,172,"Stress: pooled residual variance",2.24302039806342
0.479368274665097,0.106844908760154,0.269956101563728,0.688780447766466,0,"REPAIR / stabilized","stabilized",0.479368274665097,0.106844908760154,"ok","ok",2.48375733008357,2.53433598397577,,0.682154328279092,0.715964612201082,0.790231889037161,0.986666666666667,0.986666666666667,,1,1,"modified","modified","supplied",0,4,4,4,4,,,FALSE,5.91686902061743,0.347768049628684,2.24667601201633,0.154792256546404,5.892636555735,139.682850451165,896.662540248039,0.155780847510955,,,,,,,,,,,,,,,TRUE,172,"Stress: pooled residual variance",2.24302039806342
0.479270915345807,0.107752303011615,0.268080282191796,0.690461548499819,0,"REPAIR / fuller_equations","fuller_equations",0.479270915345807,0.107752303011615,"ok","ok",2.48375733008357,2.53489399541515,,0.682157153793955,0.716360114142045,0.79150937272971,0.986666666666667,0.986666666666667,,1,1,"fuller","fuller","supplied",0,4,4,4,4,,,FALSE,5.95620664830351,0.345042573425112,2.24667601201633,0.153579141620623,5.89237863470844,139.543905988245,895.709636012513,0.155791453365916,,,,,,,,,,,,,,,TRUE,172,"Stress: pooled residual variance",2.24302039806342
0.594551587890227,0.0470750036960552,0.502286276073869,0.686816899706585,0,"Oracle: true predictors",,,,,,,,,,,,,,,,,,,,,,,,,,,,,,,,,,,,,,,,,,,,,,,,,,TRUE,172,"Factors: fixed measurement parameters",
0.510849645896284,0.0431549432053908,0.426267511458846,0.595431780333721,0,"Likelihood-only / naive OLS",,,,,,,,,,,,,,,,,,,,,,,,,,,,,,,,,,,,,,,,,,,,,,,,,,FALSE,172,"Factors: fixed measurement parameters",
0.648735485469262,0.0588797368087888,0.533333321904838,0.764137649033685,0,"Conditional posterior mean / naive OLS",,,,,,,,,,,,,,,,,,,,,,,,,,,,,,,,,,,,,,,,,,,,,,,,,,TRUE,172,"Factors: fixed measurement parameters",
0.647677355013416,0.0632350951115904,0.523738846035734,0.771615863991098,0,"REPAIR / stabilized","stabilized",0.647677355013416,0.0632350951115904,"ok","ok",2.59869200668772,2.60206187878571,,0.494914585572497,0.659800398296662,0.669207729691443,0.986666666666667,0.986666666666667,,1,1,"modified","modified","supplied",0,4,4,4,4,,,FALSE,2.75621780872491,0.435388323669304,1.52577012116483,0.285356435828559,2.75537628642068,197.246980074597,691.058149230934,0.285427471326558,,,,,,,,,,,,,,,TRUE,172,"Factors: fixed measurement parameters",
0.647676712749645,0.0636695444458003,0.522886698723805,0.772466726775486,0,"REPAIR / fuller_equations","fuller_equations",0.647676712749645,0.0636695444458003,"ok","ok",2.59869200668772,2.60208115619327,,0.494918749256218,0.661018670340971,0.670497927168436,0.986666666666667,0.986666666666667,,1,1,"fuller","fuller","supplied",0,4,4,4,4,,,FALSE,2.76812515919979,0.431926869495682,1.52577012116483,0.283087775480839,2.75537148348305,196.879366314364,689.769228410774,0.285427876752307,,,,,,,,,,,,,,,TRUE,172,"Factors: fixed measurement parameters",
0.562375875105153,0.0932143330052142,0.37967913957201,0.745072610638296,0,"Oracle: true predictors",,,,,,,,,,,,,,,,,,,,,,,,,,,,,,,,,,,,,,,,,,,,,,,,,,TRUE,173,"Stress: pooled residual variance",2.23665809171386
0.368492207562984,0.0718856715481859,0.227598880324064,0.509385534801904,0,"Likelihood-only / naive OLS",,,,,,,,,,,,,,,,,,,,,,,,,,,,,,,,,,,,,,,,,,,,,,,,,,FALSE,173,"Stress: pooled residual variance",2.23665809171386
0.544607178543112,0.119286865493053,0.310809218348055,0.778405138738169,0,"Conditional posterior mean / naive OLS",,,,,,,,,,,,,,,,,,,,,,,,,,,,,,,,,,,,,,,,,,,,,,,,,,TRUE,173,"Stress: pooled residual variance",2.23665809171386
0.588627678008648,0.129268026497386,0.335267001721203,0.841988354296093,0,"REPAIR / stabilized","stabilized",0.588627678008648,0.129268026497386,"ok","ok",2.15601506249089,2.19472707466578,,0.719613504954865,0.759886817370396,0.85033461930493,0.986666666666667,0.986666666666667,,1,1,"modified","modified","supplied",0,4,4,4,4,,,FALSE,6.86958169766467,0.267730844791669,2.02669853323524,0.132101958135968,6.90416510887643,99.738052025687,756.690825065421,0.131808195265304,,,,,,,,,,,,,,,TRUE,173,"Stress: pooled residual variance",2.23665809171386
0.588513649047713,0.130690222627748,0.332365519565804,0.844661778529621,0,"REPAIR / fuller_equations","fuller_equations",0.588513649047713,0.130690222627748,"ok","ok",2.15601506249089,2.19527151128878,,0.719617914346785,0.7604956546337,0.852329974722037,0.986666666666667,0.986666666666667,,1,1,"fuller","fuller","supplied",0,4,4,4,4,,,FALSE,6.93080289795349,0.265000423059423,2.02669853323524,0.130754731754012,6.90464267656656,99.5810252796174,755.522854371296,0.131804120422648,,,,,,,,,,,,,,,TRUE,173,"Stress: pooled residual variance",2.23665809171386
0.508616250286064,0.0468660218567399,0.416760535348187,0.600471965223941,0,"Oracle: true predictors",,,,,,,,,,,,,,,,,,,,,,,,,,,,,,,,,,,,,,,,,,,,,,,,,,TRUE,173,"Factors: fixed measurement parameters",
0.39905379839889,0.0427862633737532,0.315194263153289,0.482913333644492,0,"Likelihood-only / naive OLS",,,,,,,,,,,,,,,,,,,,,,,,,,,,,,,,,,,,,,,,,,,,,,,,,,FALSE,173,"Factors: fixed measurement parameters",
0.500863581345941,0.0582505104310677,0.386694678819974,0.615032483871909,0,"Conditional posterior mean / naive OLS",,,,,,,,,,,,,,,,,,,,,,,,,,,,,,,,,,,,,,,,,,,,,,,,,,TRUE,173,"Factors: fixed measurement parameters",
0.487619215301571,0.0588396122520682,0.372295694423215,0.602942736179926,0,"REPAIR / stabilized","stabilized",0.487619215301571,0.0588396122520682,"ok","ok",2.76660164698061,2.76746808269345,,0.589453962363034,0.702226480285473,0.711780160622956,0.986666666666667,0.986666666666667,,1,1,"modified","modified","supplied",0,4,4,4,4,,,FALSE,2.66153737136414,0.491075764404339,1.63061822059476,0.301159252485981,2.66065981161018,209.160880419984,694.252890078837,0.301274770921346,,,,,,,,,,,,,,,TRUE,173,"Factors: fixed measurement parameters",
0.487621084293638,0.0591652202810856,0.371659383405332,0.603582785181945,0,"REPAIR / fuller_equations","fuller_equations",0.487621084293638,0.0591652202810856,"ok","ok",2.76660164698061,2.7674748387813,,0.58945672988558,0.703026554569959,0.712666646461642,0.986666666666667,0.986666666666667,,1,1,"fuller","fuller","supplied",0,4,4,4,4,,,FALSE,2.6716470667167,0.487583190816359,1.63061822059476,0.299017381664308,2.66065298016158,208.917920668573,693.444379146688,0.301275671057649,,,,,,,,,,,,,,,TRUE,173,"Factors: fixed measurement parameters",
0.545401820311756,0.0799450490624135,0.388712403407138,0.702091237216374,0,"Oracle: true predictors",,,,,,,,,,,,,,,,,,,,,,,,,,,,,,,,,,,,,,,,,,,,,,,,,,TRUE,174,"Stress: pooled residual variance",2.18901952311138
0.392135748535934,0.0612999685289318,0.271990017965789,0.512281479106079,0,"Likelihood-only / naive OLS",,,,,,,,,,,,,,,,,,,,,,,,,,,,,,,,,,,,,,,,,,,,,,,,,,FALSE,174,"Stress: pooled residual variance",2.18901952311138
0.593662036887002,0.102466689956147,0.392831014957922,0.794493058816083,0,"Conditional posterior mean / naive OLS",,,,,,,,,,,,,,,,,,,,,,,,,,,,,,,,,,,,,,,,,,,,,,,,,,TRUE,174,"Stress: pooled residual variance",2.18901952311138
0.574606009074028,0.0996061893174515,0.379381465374545,0.769830552773511,0,"REPAIR / stabilized","stabilized",0.574606009074028,0.0996061893174515,"ok","ok",2.44584388167369,2.49065194554295,,0.583960009652522,0.625104351129293,0.716486880323766,0.986666666666667,0.986666666666667,,1,1,"modified","modified","supplied",0,4,4,4,4,,,FALSE,6.08510938138953,0.330357876726669,2.19580564504077,0.150449506982908,6.12346762105455,146.824267904714,979.517514366118,0.149894479426159,,,,,,,,,,,,,,,TRUE,174,"Stress: pooled residual variance",2.18901952311138
0.57456953859471,0.100458654372876,0.377674194088517,0.771464883100904,0,"REPAIR / fuller_equations","fuller_equations",0.57456953859471,0.100458654372876,"ok","ok",2.44584388167369,2.49110718113115,,0.583963304008414,0.625563289315916,0.717979021851331,0.986666666666667,0.986666666666667,,1,1,"fuller","fuller","supplied",0,4,4,4,4,,,FALSE,6.12657238016278,0.327712965532729,2.19580564504077,0.14924497815773,6.12385393014948,146.608645173503,978.115678132831,0.149888861257567,,,,,,,,,,,,,,,TRUE,174,"Stress: pooled residual variance",2.18901952311138
0.621848072606693,0.0509722193716268,0.52194435842623,0.721751786787156,0,"Oracle: true predictors",,,,,,,,,,,,,,,,,,,,,,,,,,,,,,,,,,,,,,,,,,,,,,,,,,TRUE,174,"Factors: fixed measurement parameters",
0.463609055290519,0.0460367541990776,0.373378675095204,0.553839435485834,0,"Likelihood-only / naive OLS",,,,,,,,,,,,,,,,,,,,,,,,,,,,,,,,,,,,,,,,,,,,,,,,,,FALSE,174,"Factors: fixed measurement parameters",
0.589681800611842,0.0621356519368992,0.467898160659603,0.71146544056408,0,"Conditional posterior mean / naive OLS",,,,,,,,,,,,,,,,,,,,,,,,,,,,,,,,,,,,,,,,,,,,,,,,,,TRUE,174,"Factors: fixed measurement parameters",
0.583734118241489,0.0620778212607813,0.462063824331643,0.705404412151335,0,"REPAIR / stabilized","stabilized",0.583734118241489,0.0620778212607813,"ok","ok",2.65678461833709,2.65898701114474,,0.687966480638613,0.830539413448102,0.840074208245338,0.986666666666667,0.986666666666667,,1,1,"modified","modified","supplied",0,4,4,4,4,,,FALSE,2.16854570245627,0.511294696238185,1.4268492267414,0.35833827895458,2.16432726876749,184.455141869183,513.7743225858,0.359019775337992,,,,,,,,,,,,,,,TRUE,174,"Factors: fixed measurement parameters",
0.583735030575998,0.0623903449891208,0.461452201414293,0.706017859737704,0,"REPAIR / fuller_equations","fuller_equations",0.583735030575998,0.0623903449891208,"ok","ok",2.65678461833709,2.65900904578964,,0.687970593677013,0.831732114868162,0.841377175102758,0.986666666666667,0.986666666666667,,1,1,"fuller","fuller","supplied",0,4,4,4,4,,,FALSE,2.17539142119719,0.507717483424424,1.4268492267414,0.355831207606943,2.16428504179629,184.188335930578,513.021404654993,0.359026610311601,,,,,,,,,,,,,,,TRUE,174,"Factors: fixed measurement parameters",
0.576105848244368,0.0759101664343897,0.427324655972523,0.724887040516213,0,"Oracle: true predictors",,,,,,,,,,,,,,,,,,,,,,,,,,,,,,,,,,,,,,,,,,,,,,,,,,TRUE,175,"Stress: pooled residual variance",2.30970835722284
0.334220270165274,0.0631638683426619,0.210421363089427,0.458019177241121,0,"Likelihood-only / naive OLS",,,,,,,,,,,,,,,,,,,,,,,,,,,,,,,,,,,,,,,,,,,,,,,,,,FALSE,175,"Stress: pooled residual variance",2.30970835722284
0.559244219530002,0.104158550940159,0.35509721100541,0.763391228054593,0,"Conditional posterior mean / naive OLS",,,,,,,,,,,,,,,,,,,,,,,,,,,,,,,,,,,,,,,,,,,,,,,,,,TRUE,175,"Stress: pooled residual variance",2.30970835722284
0.51577336153419,0.107430141693657,0.305214152960588,0.726332570107791,0,"REPAIR / stabilized","stabilized",0.51577336153419,0.107430141693657,"ok","ok",2.24878818167804,2.27919603435368,,0.642476802811877,0.671424096498422,0.736760221083434,0.986666666666667,0.986666666666667,,1,1,"modified","modified","supplied",0,4,4,4,4,,,FALSE,6.14587833584595,0.289340210633212,1.97281627017133,0.146663536289715,6.13326017543345,124.0826424109,842.139755423366,0.14734210279447,,,,,,,,,,,,,,,TRUE,175,"Stress: pooled residual variance",2.30970835722284
0.515852906054768,0.108484046887661,0.303228081257798,0.728477730851737,0,"REPAIR / fuller_equations","fuller_equations",0.515852906054768,0.108484046887661,"ok","ok",2.24878818167804,2.27957503858966,,0.64247958077265,0.671807992098374,0.738019137471043,0.986666666666667,0.986666666666667,,1,1,"fuller","fuller","supplied",0,4,4,4,4,,,FALSE,6.19691304905861,0.286533182108592,1.97281627017133,0.14524068279491,6.13310830151908,123.951116954663,841.199995369389,0.147350353824281,,,,,,,,,,,,,,,TRUE,175,"Stress: pooled residual variance",2.30970835722284
0.626661634263387,0.043027082225131,0.542330102742286,0.710993165784487,0,"Oracle: true predictors",,,,,,,,,,,,,,,,,,,,,,,,,,,,,,,,,,,,,,,,,,,,,,,,,,TRUE,175,"Factors: fixed measurement parameters",
0.499389088517159,0.0427148501257809,0.415669520665602,0.583108656368715,0,"Likelihood-only / naive OLS",,,,,,,,,,,,,,,,,,,,,,,,,,,,,,,,,,,,,,,,,,,,,,,,,,FALSE,175,"Factors: fixed measurement parameters",
0.636761367637524,0.0578762372350026,0.523326027096223,0.750196708178825,0,"Conditional posterior mean / naive OLS",,,,,,,,,,,,,,,,,,,,,,,,,,,,,,,,,,,,,,,,,,,,,,,,,,TRUE,175,"Factors: fixed measurement parameters",
0.619684327806957,0.0573087438634573,0.50736125383535,0.732007401778564,0,"REPAIR / stabilized","stabilized",0.619684327806957,0.0573087438634573,"ok","ok",2.94821052467393,2.94974091577224,,0.599920463918279,0.745648198596074,0.753121820420899,0.986666666666667,0.986666666666667,,1,1,"modified","modified","supplied",0,4,4,4,4,,,FALSE,2.24922735379363,0.579012184944521,1.62590205328018,0.356117506449046,2.2494128674804,232.431550122575,652.674322386586,0.356121793289891,,,,,,,,,,,,,,,TRUE,175,"Factors: fixed measurement parameters",
0.619683326241698,0.057589713945016,0.506809561029503,0.732557091453894,0,"REPAIR / fuller_equations","fuller_equations",0.619683326241698,0.057589713945016,"ok","ok",2.94821052467393,2.94975065174563,,0.599923863712978,0.746643412396304,0.754174976095156,0.986666666666667,0.986666666666667,,1,1,"fuller","fuller","supplied",0,4,4,4,4,,,FALSE,2.25529755095247,0.575518314065315,1.62590205328018,0.353968624926842,2.24941404962787,232.11841076901,651.794969087803,0.356121820169713,,,,,,,,,,,,,,,TRUE,175,"Factors: fixed measurement parameters",
0.478894393274604,0.0827482757861858,0.316710752950892,0.641078033598315,0,"Oracle: true predictors",,,,,,,,,,,,,,,,,,,,,,,,,,,,,,,,,,,,,,,,,,,,,,,,,,TRUE,176,"Stress: pooled residual variance",2.22821257323328
0.269421826826424,0.066294813482387,0.139486380039145,0.399357273613703,0,"Likelihood-only / naive OLS",,,,,,,,,,,,,,,,,,,,,,,,,,,,,,,,,,,,,,,,,,,,,,,,,,FALSE,176,"Stress: pooled residual variance",2.22821257323328
0.444426294636758,0.105220112168346,0.238198664337536,0.65065392493598,0,"Conditional posterior mean / naive OLS",,,,,,,,,,,,,,,,,,,,,,,,,,,,,,,,,,,,,,,,,,,,,,,,,,TRUE,176,"Stress: pooled residual variance",2.22821257323328
0.396935556167972,0.112832984800341,0.175786969691147,0.618084142644796,0,"REPAIR / stabilized","stabilized",0.396935556167972,0.112832984800341,"ok","ok",2.29747707331757,2.33791300460809,,0.657725538653667,0.685875717669808,0.74629910841889,0.986666666666667,0.986666666666667,,1,1,"modified","modified","supplied",0,4,4,4,4,,,FALSE,7.0325536268086,0.272331145262255,2.10243275093048,0.129531441679516,6.94347461675623,115.480528208737,878.744306139788,0.131415392853045,,,,,,,,,,,,,,,TRUE,176,"Stress: pooled residual variance",2.22821257323328
0.397021853229612,0.113930325174043,0.17372251914155,0.620321187317673,0,"REPAIR / fuller_equations","fuller_equations",0.397021853229612,0.113930325174043,"ok","ok",2.29747707331757,2.33824079094418,,0.657727217559024,0.686112020766522,0.747057961746135,0.986666666666667,0.986666666666667,,1,1,"fuller","fuller","supplied",0,4,4,4,4,,,FALSE,7.09396000449001,0.269617192286737,2.10243275093048,0.128240578523814,6.94277400933137,115.41304295204,878.130316450766,0.131430427568561,,,,,,,,,,,,,,,TRUE,176,"Stress: pooled residual variance",2.22821257323328
0.615051797787635,0.0485397325748342,0.519915670121754,0.710187925453516,0,"Oracle: true predictors",,,,,,,,,,,,,,,,,,,,,,,,,,,,,,,,,,,,,,,,,,,,,,,,,,TRUE,176,"Factors: fixed measurement parameters",
0.509782247295205,0.0458082984531833,0.419999632133904,0.599564862456506,0,"Likelihood-only / naive OLS",,,,,,,,,,,,,,,,,,,,,,,,,,,,,,,,,,,,,,,,,,,,,,,,,,FALSE,176,"Factors: fixed measurement parameters",
0.650768372382511,0.0625436477770779,0.52818507527768,0.773351669487342,0,"Conditional posterior mean / naive OLS",,,,,,,,,,,,,,,,,,,,,,,,,,,,,,,,,,,,,,,,,,,,,,,,,,TRUE,176,"Factors: fixed measurement parameters",
0.631008092638875,0.0635576452572536,0.506437396992485,0.755578788285265,0,"REPAIR / stabilized","stabilized",0.631008092638875,0.0635576452572536,"ok","ok",2.62130742010609,2.62265619876879,,0.668478090733094,0.819705671335638,0.827511072409264,0.986666666666667,0.986666666666667,,1,1,"modified","modified","supplied",0,4,4,4,4,,,FALSE,2.86810739076163,0.440093850724449,1.58371146639344,0.277887645611777,2.86779093063842,160.677763870585,578.164747153736,0.277909998251519,,,,,,,,,,,,,,,TRUE,176,"Factors: fixed measurement parameters",
0.631009604454593,0.0639234484218668,0.50572194778013,0.756297261129056,0,"REPAIR / fuller_equations","fuller_equations",0.631009604454593,0.0639234484218668,"ok","ok",2.62130742010609,2.62266620995864,,0.668481685428004,0.820755945933769,0.828630055789711,0.986666666666667,0.986666666666667,,1,1,"fuller","fuller","supplied",0,4,4,4,4,,,FALSE,2.88132510018684,0.436570336594061,1.58371146639344,0.27566279960595,2.86778858914721,160.469254895488,577.414128960152,0.277910163342335,,,,,,,,,,,,,,,TRUE,176,"Factors: fixed measurement parameters",
0.700671327010696,0.083125564047867,0.537748215282299,0.863594438739093,0,"Oracle: true predictors",,,,,,,,,,,,,,,,,,,,,,,,,,,,,,,,,,,,,,,,,,,,,,,,,,TRUE,177,"Stress: pooled residual variance",2.26705932980877
0.384136596198645,0.0675887430220894,0.251665094115017,0.516608098282273,0,"Likelihood-only / naive OLS",,,,,,,,,,,,,,,,,,,,,,,,,,,,,,,,,,,,,,,,,,,,,,,,,,FALSE,177,"Stress: pooled residual variance",2.26705932980877
0.648432560606706,0.113644797507275,0.425692850462099,0.871172270751313,0,"Conditional posterior mean / naive OLS",,,,,,,,,,,,,,,,,,,,,,,,,,,,,,,,,,,,,,,,,,,,,,,,,,TRUE,177,"Stress: pooled residual variance",2.26705932980877
0.612619221911828,0.115213478899226,0.386804952735779,0.838433491087876,0,"REPAIR / stabilized","stabilized",0.612619221911828,0.115213478899226,"ok","ok",2.31022551531194,2.33630633019854,,0.67908344921735,0.72408904040151,0.824230338532479,0.986666666666667,0.986666666666667,,1,1,"modified","modified","supplied",0,4,4,4,4,,,FALSE,6.45326184610068,0.329355820572113,2.31596155319389,0.142211264309593,6.5369496047132,125.84040960382,894.308219595676,0.140712571847672,,,,,,,,,,,,,,,TRUE,177,"Stress: pooled residual variance",2.26705932980877
0.6127709057096,0.1163253751942,0.384777359840859,0.840764451578341,0,"REPAIR / fuller_equations","fuller_equations",0.6127709057096,0.1163253751942,"ok","ok",2.31022551531194,2.33661511959198,,0.679087676001805,0.724675972612322,0.826143491893649,0.986666666666667,0.986666666666667,,1,1,"fuller","fuller","supplied",0,4,4,4,4,,,FALSE,6.49993168616552,0.326594973951394,2.31596155319389,0.141019169122645,6.5379448802953,125.622805256005,892.87380368108,0.140694916502305,,,,,,,,,,,,,,,TRUE,177,"Stress: pooled residual variance",2.26705932980877
0.596065833715908,0.051090563266893,0.495930169762932,0.696201497668883,0,"Oracle: true predictors",,,,,,,,,,,,,,,,,,,,,,,,,,,,,,,,,,,,,,,,,,,,,,,,,,TRUE,177,"Factors: fixed measurement parameters",
0.481315698857158,0.0441952539741166,0.394694592780289,0.567936804934027,0,"Likelihood-only / naive OLS",,,,,,,,,,,,,,,,,,,,,,,,,,,,,,,,,,,,,,,,,,,,,,,,,,FALSE,177,"Factors: fixed measurement parameters",
0.608840013178014,0.05989958789976,0.491438978205693,0.726241048150335,0,"Conditional posterior mean / naive OLS",,,,,,,,,,,,,,,,,,,,,,,,,,,,,,,,,,,,,,,,,,,,,,,,,,TRUE,177,"Factors: fixed measurement parameters",
0.636370921173682,0.0656453282372101,0.50770844207544,0.765033400271924,0,"REPAIR / stabilized","stabilized",0.636370921173682,0.0656453282372101,"ok","ok",2.45293566228033,2.45571837318584,,0.479860818568389,0.64394287208561,0.654105802765339,0.986666666666667,0.986666666666667,,1,1,"modified","modified","supplied",0,4,4,4,4,,,FALSE,2.19585092032996,0.452267863722052,1.31945356479388,0.342769064247217,2.20004485171231,209.838974602646,613.058024698283,0.342282404191542,,,,,,,,,,,,,,,TRUE,177,"Factors: fixed measurement parameters",
0.636371413199485,0.0661072142907485,0.506803654071346,0.765939172327623,0,"REPAIR / fuller_equations","fuller_equations",0.636371413199485,0.0661072142907485,"ok","ok",2.45293566228033,2.4557374709516,,0.479865825682876,0.64540496557183,0.655661790200308,0.986666666666667,0.986666666666667,,1,1,"fuller","fuller","supplied",0,4,4,4,4,,,FALSE,2.20293695065161,0.448813641811742,1.31945356479388,0.340151145737255,2.20007367677662,209.357711146694,611.657951843954,0.34227906383878,,,,,,,,,,,,,,,TRUE,177,"Factors: fixed measurement parameters",
0.552693194298055,0.084370527053385,0.387329999916758,0.718056388679352,0,"Oracle: true predictors",,,,,,,,,,,,,,,,,,,,,,,,,,,,,,,,,,,,,,,,,,,,,,,,,,TRUE,178,"Stress: pooled residual variance",2.24720539938733
0.406596563185882,0.0633126372762515,0.282506074358181,0.530687052013583,0,"Likelihood-only / naive OLS",,,,,,,,,,,,,,,,,,,,,,,,,,,,,,,,,,,,,,,,,,,,,,,,,,FALSE,178,"Stress: pooled residual variance",2.24720539938733
0.608191697561143,0.108395195430243,0.395741018420687,0.820642376701599,0,"Conditional posterior mean / naive OLS",,,,,,,,,,,,,,,,,,,,,,,,,,,,,,,,,,,,,,,,,,,,,,,,,,TRUE,178,"Stress: pooled residual variance",2.24720539938733
0.605448293336692,0.10755106935938,0.394652070893538,0.816244515779847,0,"REPAIR / stabilized","stabilized",0.605448293336692,0.10755106935938,"ok","ok",2.31040607088443,2.34877957843152,,0.602471993892014,0.648257499306687,0.750364783411531,0.986666666666667,0.986666666666667,,1,1,"modified","modified","supplied",0,4,4,4,4,,,FALSE,7.0345605126621,0.318185453708157,2.42801246284386,0.131047702010341,7.11304929529086,135.360542865681,1041.58407377403,0.129956425289052,,,,,,,,,,,,,,,TRUE,178,"Stress: pooled residual variance",2.24720539938733
0.605354072485007,0.108580518265052,0.392540167262811,0.818167977707204,0,"REPAIR / fuller_equations","fuller_equations",0.605354072485007,0.108580518265052,"ok","ok",2.31040607088443,2.3491939349724,,0.602475919965137,0.648801533752941,0.752143769000796,0.986666666666667,0.986666666666667,,1,1,"fuller","fuller","supplied",0,4,4,4,4,,,FALSE,7.0872077722529,0.31546015627663,2.42801246284386,0.129925262371652,7.11388621183766,135.13167147166,1039.9155576286,0.12994485031055,,,,,,,,,,,,,,,TRUE,178,"Stress: pooled residual variance",2.24720539938733
0.57870351016913,0.0515043534577759,0.477756832344868,0.679650187993392,0,"Oracle: true predictors",,,,,,,,,,,,,,,,,,,,,,,,,,,,,,,,,,,,,,,,,,,,,,,,,,TRUE,178,"Factors: fixed measurement parameters",
0.489810780551159,0.0491320932839065,0.39351364722964,0.586107913872678,0,"Likelihood-only / naive OLS",,,,,,,,,,,,,,,,,,,,,,,,,,,,,,,,,,,,,,,,,,,,,,,,,,FALSE,178,"Factors: fixed measurement parameters",
0.625646979871963,0.0663717853056902,0.495560671083186,0.755733288660741,0,"Conditional posterior mean / naive OLS",,,,,,,,,,,,,,,,,,,,,,,,,,,,,,,,,,,,,,,,,,,,,,,,,,TRUE,178,"Factors: fixed measurement parameters",
0.645544603042695,0.0704500558532224,0.507465030861544,0.783624175223846,0,"REPAIR / stabilized","stabilized",0.645544603042695,0.0704500558532224,"ok","ok",2.79755117674973,2.7976433327505,,0.668313577104189,0.819613846714673,0.82623321427121,0.986666666666667,0.986666666666667,,1,1,"modified","modified","supplied",0,4,4,4,4,,,FALSE,2.0632605245697,0.503778073960109,1.3659751144137,0.368804723193175,2.06243778277679,184.082971969815,498.933506247084,0.368952915899485,,,,,,,,,,,,,,,TRUE,178,"Factors: fixed measurement parameters",
0.645543406189027,0.0708860839363656,0.506609234668667,0.784477577709387,0,"REPAIR / fuller_equations","fuller_equations",0.645543406189027,0.0708860839363656,"ok","ok",2.79755117674973,2.797643914207,,0.668317987636083,0.82090948582519,0.82758147120591,0.986666666666667,0.986666666666667,,1,1,"fuller","fuller","supplied",0,4,4,4,4,,,FALSE,2.06868228173379,0.500327005193203,1.3659751144137,0.366278272505685,2.06243258648173,183.790463812972,498.139435779821,0.368953852298913,,,,,,,,,,,,,,,TRUE,178,"Factors: fixed measurement parameters",
0.505833432840446,0.0841512017170766,0.340900108219211,0.670766757461681,0,"Oracle: true predictors",,,,,,,,,,,,,,,,,,,,,,,,,,,,,,,,,,,,,,,,,,,,,,,,,,TRUE,179,"Stress: pooled residual variance",2.18587205407455
0.328339050554877,0.0652180534118712,0.2005140147258,0.456164086383954,0,"Likelihood-only / naive OLS",,,,,,,,,,,,,,,,,,,,,,,,,,,,,,,,,,,,,,,,,,,,,,,,,,FALSE,179,"Stress: pooled residual variance",2.18587205407455
0.468818948021592,0.105099001385445,0.262828690494994,0.67480920554819,0,"Conditional posterior mean / naive OLS",,,,,,,,,,,,,,,,,,,,,,,,,,,,,,,,,,,,,,,,,,,,,,,,,,TRUE,179,"Stress: pooled residual variance",2.18587205407455
0.472080374837114,0.100974616396274,0.274173763347669,0.669986986326559,0,"REPAIR / stabilized","stabilized",0.472080374837114,0.100974616396274,"ok","ok",2.67702460810232,2.73935935782462,,0.695069894104299,0.735370171977273,0.822183308607977,0.986666666666667,0.986666666666667,,1,1,"modified","modified","supplied",0,4,4,4,4,,,FALSE,4.98041681146152,0.36300781529185,1.99292590112913,0.18214817474457,5.00697270216779,140.682047957957,773.814171367096,0.181803400820916,,,,,,,,,,,,,,,TRUE,179,"Stress: pooled residual variance",2.18587205407455
0.472020554564351,0.101733232199601,0.272627083422282,0.67141402570642,0,"REPAIR / fuller_equations","fuller_equations",0.472020554564351,0.101733232199601,"ok","ok",2.67702460810232,2.73998289548413,,0.695072987817389,0.735810544597349,0.823576572598713,0.986666666666667,0.986666666666667,,1,1,"fuller","fuller","supplied",0,4,4,4,4,,,FALSE,5.01003670333905,0.360362845092444,1.99292590112913,0.180820995345724,5.00723774652087,140.529095149703,772.988057083996,0.181799827127772,,,,,,,,,,,,,,,TRUE,179,"Stress: pooled residual variance",2.18587205407455
0.636721781022544,0.0518042850576717,0.535187248064661,0.738256313980427,0,"Oracle: true predictors",,,,,,,,,,,,,,,,,,,,,,,,,,,,,,,,,,,,,,,,,,,,,,,,,,TRUE,179,"Factors: fixed measurement parameters",
0.471350960399922,0.0485612305891047,0.376172697400332,0.566529223399512,0,"Likelihood-only / naive OLS",,,,,,,,,,,,,,,,,,,,,,,,,,,,,,,,,,,,,,,,,,,,,,,,,,FALSE,179,"Factors: fixed measurement parameters",
0.610615122836221,0.06642892016773,0.480416831775584,0.740813413896858,0,"Conditional posterior mean / naive OLS",,,,,,,,,,,,,,,,,,,,,,,,,,,,,,,,,,,,,,,,,,,,,,,,,,TRUE,179,"Factors: fixed measurement parameters",
0.595330627745807,0.0681601185897896,0.46173925012784,0.728922005363773,0,"REPAIR / stabilized","stabilized",0.595330627745807,0.0681601185897896,"ok","ok",2.42912135986302,2.42921037644278,,0.787184241444261,0.89958416500115,0.901687756140417,0.986666666666667,0.986666666666667,,1,1,"modified","modified","supplied",0,4,4,4,4,,,FALSE,3.2370412181743,0.38630767600833,1.57069042487226,0.245947686374765,3.23744315527221,128.750159459992,523.538185955005,0.245923149283055,,,,,,,,,,,,,,,TRUE,179,"Factors: fixed measurement parameters",
0.595330717358714,0.0685766722572067,0.460922909554981,0.729738525162446,0,"REPAIR / fuller_equations","fuller_equations",0.595330717358714,0.0685766722572067,"ok","ok",2.42912135986302,2.42921064554096,,0.787186889592141,0.900368498401201,0.902480302294156,0.986666666666667,0.986666666666667,,1,1,"fuller","fuller","supplied",0,4,4,4,4,,,FALSE,3.25571302290924,0.382766099635736,1.57069042487226,0.243692896814383,3.23744437089864,128.637764658418,523.081311570884,0.24592307508005,,,,,,,,,,,,,,,TRUE,179,"Factors: fixed measurement parameters",
0.67315406123636,0.0794964643614696,0.517343854189607,0.828964268283112,0,"Oracle: true predictors",,,,,,,,,,,,,,,,,,,,,,,,,,,,,,,,,,,,,,,,,,,,,,,,,,TRUE,180,"Stress: pooled residual variance",2.22808062279472
0.463758044786454,0.0643848133277087,0.33756612951281,0.589949960060097,0,"Likelihood-only / naive OLS",,,,,,,,,,,,,,,,,,,,,,,,,,,,,,,,,,,,,,,,,,,,,,,,,,FALSE,180,"Stress: pooled residual variance",2.22808062279472
0.726152568348166,0.106336066368785,0.517737708007686,0.934567428688645,0,"Conditional posterior mean / naive OLS",,,,,,,,,,,,,,,,,,,,,,,,,,,,,,,,,,,,,,,,,,,,,,,,,,TRUE,180,"Stress: pooled residual variance",2.22808062279472
0.729245833799282,0.113367854761585,0.507048921462008,0.951442746136556,0,"REPAIR / stabilized","stabilized",0.729245833799282,0.113367854761585,"ok","ok",2.12831881034314,2.18579838287703,,0.59078764966299,0.644820716527446,0.767882367793036,0.986666666666667,0.986666666666667,,1,1,"modified","modified","supplied",0,4,4,4,4,,,FALSE,6.75988970467614,0.282329919290061,2.0955149975713,0.134730564857461,6.80758709074992,120.421876740807,896.282003733237,0.134357128938459,,,,,,,,,,,,,,,TRUE,180,"Stress: pooled residual variance",2.22808062279472
0.729155296036734,0.114558401124135,0.504624955706936,0.953685636366532,0,"REPAIR / fuller_equations","fuller_equations",0.729155296036734,0.114558401124135,"ok","ok",2.12831881034314,2.1865968290417,,0.590793872321044,0.645679933132447,0.770699366480666,0.986666666666667,0.986666666666667,,1,1,"fuller","fuller","supplied",0,4,4,4,4,,,FALSE,6.8165413468227,0.279612873506653,2.0955149975713,0.133433964362328,6.8082224675921,120.128494709838,894.131428001392,0.134352166748411,,,,,,,,,,,,,,,TRUE,180,"Stress: pooled residual variance",2.22808062279472
0.576261682142011,0.0484011837162268,0.4813971052491,0.671126259034922,0,"Oracle: true predictors",,,,,,,,,,,,,,,,,,,,,,,,,,,,,,,,,,,,,,,,,,,,,,,,,,TRUE,180,"Factors: fixed measurement parameters",
0.47523279551597,0.0430058726522103,0.390942833993922,0.559522757038018,0,"Likelihood-only / naive OLS",,,,,,,,,,,,,,,,,,,,,,,,,,,,,,,,,,,,,,,,,,,,,,,,,,FALSE,180,"Factors: fixed measurement parameters",
0.601462111291098,0.0581539007069481,0.487482560344961,0.715441662237234,0,"Conditional posterior mean / naive OLS",,,,,,,,,,,,,,,,,,,,,,,,,,,,,,,,,,,,,,,,,,,,,,,,,,TRUE,180,"Factors: fixed measurement parameters",
0.605845449069396,0.060363583720915,0.487534998998634,0.724155899140158,0,"REPAIR / stabilized","stabilized",0.605845449069396,0.060363583720915,"ok","ok",2.55285168925841,2.55379468164915,,0.525695015311412,0.679076279858361,0.689222067224384,0.986666666666667,0.986666666666667,,1,1,"modified","modified","supplied",0,4,4,4,4,,,FALSE,2.22808469947572,0.48408526420357,1.40112711329016,0.345497035644989,2.2308829409651,213.128587180855,617.385013650222,0.345211792428773,,,,,,,,,,,,,,,TRUE,180,"Factors: fixed measurement parameters",
0.605837203571884,0.0607183930802388,0.48683133993547,0.724843067208298,0,"REPAIR / fuller_equations","fuller_equations",0.605837203571884,0.0607183930802388,"ok","ok",2.55285168925841,2.55380256045981,,0.525699426332646,0.680358697968825,0.690610403692391,0.986666666666667,0.986666666666667,,1,1,"fuller","fuller","supplied",0,4,4,4,4,,,FALSE,2.23531508749816,0.48057432471688,1.40112711329016,0.34299123909492,2.23090659784226,212.72073717672,616.207870353606,0.345209380488198,,,,,,,,,,,,,,,TRUE,180,"Factors: fixed measurement parameters",
0.695356584037217,0.0823220282300993,0.534008373571933,0.856704794502501,0,"Oracle: true predictors",,,,,,,,,,,,,,,,,,,,,,,,,,,,,,,,,,,,,,,,,,,,,,,,,,TRUE,181,"Stress: pooled residual variance",2.23411197731345
0.481704805430502,0.0619080937653892,0.360367171298811,0.603042439562194,0,"Likelihood-only / naive OLS",,,,,,,,,,,,,,,,,,,,,,,,,,,,,,,,,,,,,,,,,,,,,,,,,,TRUE,181,"Stress: pooled residual variance",2.23411197731345
0.765319493358086,0.104815987123178,0.559883933592644,0.970755053123529,0,"Conditional posterior mean / naive OLS",,,,,,,,,,,,,,,,,,,,,,,,,,,,,,,,,,,,,,,,,,,,,,,,,,TRUE,181,"Stress: pooled residual variance",2.23411197731345
0.746215739677741,0.111061480853944,0.528539237134326,0.963892242221156,0,"REPAIR / stabilized","stabilized",0.746215739677741,0.111061480853944,"ok","ok",2.09274853056403,2.1417681124155,,0.544055836708549,0.601285231392223,0.731266456417678,0.986666666666667,0.986666666666667,,1,1,"modified","modified","supplied",0,4,4,4,4,,,FALSE,7.84130363909004,0.272989083288932,2.32945683256889,0.117190015917953,7.97461584992236,122.031434834692,1054.75282131763,0.115696713361,,,,,,,,,,,,,,,TRUE,181,"Stress: pooled residual variance",2.23411197731345
0.746195475411342,0.112282153534275,0.526126498377567,0.966264452445116,0,"REPAIR / fuller_equations","fuller_equations",0.746195475411342,0.112282153534275,"ok","ok",2.09274853056403,2.14238798323959,,0.54406192611237,0.602124815142649,0.734024387393734,0.986666666666667,0.986666666666667,,1,1,"fuller","fuller","supplied",0,4,4,4,4,,,FALSE,7.91036853940167,0.270283066726305,2.32945683256889,0.116028364615901,7.97624677771842,121.706373504918,1052.1072144222,0.115678679735845,,,,,,,,,,,,,,,TRUE,181,"Stress: pooled residual variance",2.23411197731345
0.563953000036046,0.0561553673164398,0.453890502557206,0.674015497514886,0,"Oracle: true predictors",,,,,,,,,,,,,,,,,,,,,,,,,,,,,,,,,,,,,,,,,,,,,,,,,,TRUE,181,"Factors: fixed measurement parameters",
0.423662161068654,0.0518511415180697,0.322035791135947,0.52528853100136,0,"Likelihood-only / naive OLS",,,,,,,,,,,,,,,,,,,,,,,,,,,,,,,,,,,,,,,,,,,,,,,,,,FALSE,181,"Factors: fixed measurement parameters",
0.550062162421518,0.0701741579988683,0.412523340098313,0.687600984744723,0,"Conditional posterior mean / naive OLS",,,,,,,,,,,,,,,,,,,,,,,,,,,,,,,,,,,,,,,,,,,,,,,,,,TRUE,181,"Factors: fixed measurement parameters",
0.555169244317522,0.071816399116021,0.414411688550767,0.695926800084277,0,"REPAIR / stabilized","stabilized",0.555169244317522,0.071816399116021,"ok","ok",2.83780803521589,2.83773354374926,,0.850748301661862,0.947422734773365,0.949023107829897,0.986666666666667,0.986666666666667,,1,1,"modified","modified","supplied",0,4,4,4,4,,,FALSE,2.15227312009337,0.495946948112823,1.39106278799629,0.356523769014909,2.15248890751156,156.965389919876,440.304722069074,0.356492633515867,,,,,,,,,,,,,,,TRUE,181,"Factors: fixed measurement parameters",
0.555169657071294,0.0722085616100773,0.413643476940101,0.696695837202487,0,"REPAIR / fuller_equations","fuller_equations",0.555169657071294,0.0722085616100773,"ok","ok",2.83780803521589,2.83773319356201,,0.850751009784091,0.948224213475226,0.949833467523693,0.986666666666667,0.986666666666667,,1,1,"fuller","fuller","supplied",0,4,4,4,4,,,FALSE,2.15868480605712,0.492452225479765,1.39106278799629,0.354011500939583,2.15248992043649,156.832362433268,439.931746071797,0.35649248737706,,,,,,,,,,,,,,,TRUE,181,"Factors: fixed measurement parameters",
0.524350426874254,0.0862130510499763,0.355375951818988,0.693324901929521,0,"Oracle: true predictors",,,,,,,,,,,,,,,,,,,,,,,,,,,,,,,,,,,,,,,,,,,,,,,,,,TRUE,182,"Stress: pooled residual variance",2.31629422913846
0.280190878888543,0.0694063470934596,0.144156938286876,0.41622481949021,0,"Likelihood-only / naive OLS",,,,,,,,,,,,,,,,,,,,,,,,,,,,,,,,,,,,,,,,,,,,,,,,,,FALSE,182,"Stress: pooled residual variance",2.31629422913846
0.431524956787931,0.117186648254038,0.201843346741053,0.661206566834808,0,"Conditional posterior mean / naive OLS",,,,,,,,,,,,,,,,,,,,,,,,,,,,,,,,,,,,,,,,,,,,,,,,,,TRUE,182,"Stress: pooled residual variance",2.31629422913846
0.474178308415882,0.134819720334817,0.209936512153879,0.738420104677885,0,"REPAIR / stabilized","stabilized",0.474178308415882,0.134819720334817,"ok","ok",1.98498711087833,2.00930677912127,,0.661101247023022,0.686338363230017,0.743364434313979,0.986666666666667,0.986666666666667,,1,1,"modified","modified","supplied",0,4,4,4,4,,,FALSE,8.46372011817191,0.22322905976594,2.08345169293474,0.107143861565372,8.43629381581536,94.0199893141204,873.112302867704,0.107683729808085,,,,,,,,,,,,,,,TRUE,182,"Stress: pooled residual variance",2.31629422913846
0.47412771332764,0.136591609077715,0.206413078944944,0.741842347710335,0,"REPAIR / fuller_equations","fuller_equations",0.47412771332764,0.136591609077715,"ok","ok",1.98498711087833,2.00972777166416,,0.661104577730367,0.686796425953438,0.744869447790504,0.986666666666667,0.986666666666667,,1,1,"fuller","fuller","supplied",0,4,4,4,4,,,FALSE,8.56044379584931,0.220400469316306,2.08345169293474,0.105786215280975,8.4358320123052,93.8993617238802,871.917981595369,0.107692883626589,,,,,,,,,,,,,,,TRUE,182,"Stress: pooled residual variance",2.31629422913846
0.611641395801601,0.0460599665159607,0.521365520301198,0.701917271302005,0,"Oracle: true predictors",,,,,,,,,,,,,,,,,,,,,,,,,,,,,,,,,,,,,,,,,,,,,,,,,,TRUE,182,"Factors: fixed measurement parameters",
0.507938952304117,0.0429898910502639,0.423680314146299,0.592197590461935,0,"Likelihood-only / naive OLS",,,,,,,,,,,,,,,,,,,,,,,,,,,,,,,,,,,,,,,,,,,,,,,,,,FALSE,182,"Factors: fixed measurement parameters",
0.652842235923894,0.0582782040394531,0.538619054922889,0.767065416924898,0,"Conditional posterior mean / naive OLS",,,,,,,,,,,,,,,,,,,,,,,,,,,,,,,,,,,,,,,,,,,,,,,,,,TRUE,182,"Factors: fixed measurement parameters",
0.641755373363417,0.0589834240623306,0.526149986516396,0.757360760210439,0,"REPAIR / stabilized","stabilized",0.641755373363417,0.0589834240623306,"ok","ok",2.54301796619326,2.54307592852348,,0.576801946591526,0.724064221320136,0.730151090584707,0.986666666666667,0.986666666666667,,1,1,"modified","modified","supplied",0,4,4,4,4,,,FALSE,2.53164751437374,0.443541916648072,1.4398803625806,0.308040812399957,2.53130938615048,183.297460585192,595.036234857112,0.308044199407803,,,,,,,,,,,,,,,TRUE,182,"Factors: fixed measurement parameters",
0.641758059117313,0.0593026433245569,0.525527014013157,0.75798910422147,0,"REPAIR / fuller_equations","fuller_equations",0.641758059117313,0.0593026433245569,"ok","ok",2.54301796619326,2.54307647505001,,0.576805893843582,0.725218793342158,0.731373458952511,0.986666666666667,0.986666666666667,,1,1,"fuller","fuller","supplied",0,4,4,4,4,,,FALSE,2.54261205921772,0.439950751084624,1.4398803625806,0.30554674021398,2.53130618311895,183.001170659868,594.074330739012,0.308044231489045,,,,,,,,,,,,,,,TRUE,182,"Factors: fixed measurement parameters",
0.371896336368582,0.0847899615019152,0.205711065574291,0.538081607162873,0,"Oracle: true predictors",,,,,,,,,,,,,,,,,,,,,,,,,,,,,,,,,,,,,,,,,,,,,,,,,,FALSE,183,"Stress: pooled residual variance",2.23623137113579
0.253858290164559,0.0685733463518915,0.119457001015461,0.388259579313658,0,"Likelihood-only / naive OLS",,,,,,,,,,,,,,,,,,,,,,,,,,,,,,,,,,,,,,,,,,,,,,,,,,FALSE,183,"Stress: pooled residual variance",2.23623137113579
0.324659374540291,0.113219640143421,0.102752957516602,0.546565791563981,0,"Conditional posterior mean / naive OLS",,,,,,,,,,,,,,,,,,,,,,,,,,,,,,,,,,,,,,,,,,,,,,,,,,FALSE,183,"Stress: pooled residual variance",2.23623137113579
0.395232070897763,0.118089430090441,0.163781040965637,0.626683100829888,0,"REPAIR / stabilized","stabilized",0.395232070897763,0.118089430090441,"ok","ok",2.30540316905846,2.33134478665789,,0.692641025600434,0.713780281230993,0.760608724590571,0.986666666666667,0.986666666666667,,1,1,"modified","modified","supplied",0,4,4,4,4,,,FALSE,5.53623748970962,0.290465427341988,1.79618981634092,0.161711988732742,5.54682880629287,118.08253081589,730.372854678277,0.161674314782556,,,,,,,,,,,,,,,TRUE,183,"Stress: pooled residual variance",2.23623137113579
0.395108613588492,0.119261847530464,0.161359687699075,0.62885753947791,0,"REPAIR / fuller_equations","fuller_equations",0.395108613588492,0.119261847530464,"ok","ok",2.30540316905846,2.33168793512409,,0.692643103448967,0.714069280160533,0.761548357905727,0.986666666666667,0.986666666666667,,1,1,"fuller","fuller","supplied",0,4,4,4,4,,,FALSE,5.57976717590328,0.287743978829269,1.79618981634092,0.160196865727389,5.54696733861602,117.984196583795,729.766858705697,0.161673821133847,,,,,,,,,,,,,,,TRUE,183,"Stress: pooled residual variance",2.23623137113579
0.635911177138889,0.0466502176556036,0.544478430662951,0.727343923614826,0,"Oracle: true predictors",,,,,,,,,,,,,,,,,,,,,,,,,,,,,,,,,,,,,,,,,,,,,,,,,,TRUE,183,"Factors: fixed measurement parameters",
0.473606549312229,0.0447438356688794,0.385910242871047,0.561302855753411,0,"Likelihood-only / naive OLS",,,,,,,,,,,,,,,,,,,,,,,,,,,,,,,,,,,,,,,,,,,,,,,,,,FALSE,183,"Factors: fixed measurement parameters",
0.60687882595791,0.060890280433797,0.487536069299124,0.726221582616696,0,"Conditional posterior mean / naive OLS",,,,,,,,,,,,,,,,,,,,,,,,,,,,,,,,,,,,,,,,,,,,,,,,,,TRUE,183,"Factors: fixed measurement parameters",
0.597586782511736,0.0619675495112902,0.476132617259405,0.719040947764068,0,"REPAIR / stabilized","stabilized",0.597586782511736,0.0619675495112902,"ok","ok",2.93018378442714,2.9304264703839,,0.639610495150981,0.760391256767953,0.764144811886673,0.986666666666667,0.986666666666667,,1,1,"modified","modified","supplied",0,4,4,4,4,,,FALSE,2.5732940338992,0.523963380115624,1.67451868133942,0.31290387259013,2.57430552138839,206.446431583913,659.986877447685,0.312803842982889,,,,,,,,,,,,,,,TRUE,183,"Factors: fixed measurement parameters",
0.597586727289561,0.0623114631005557,0.475458503788475,0.719714950790646,0,"REPAIR / fuller_equations","fuller_equations",0.597586727289561,0.0623114631005557,"ok","ok",2.93018378442714,2.9304271938748,,0.639613269904427,0.761211472682142,0.764980322191295,0.986666666666667,0.986666666666667,,1,1,"fuller","fuller","supplied",0,4,4,4,4,,,FALSE,2.58190966773704,0.520509036212034,1.67451868133942,0.310840984942423,2.57430853778091,206.223165223632,659.273747601927,0.31280354476992,,,,,,,,,,,,,,,TRUE,183,"Factors: fixed measurement parameters",
0.545889622622645,0.0757822135923087,0.397359213312998,0.694420031932292,0,"Oracle: true predictors",,,,,,,,,,,,,,,,,,,,,,,,,,,,,,,,,,,,,,,,,,,,,,,,,,TRUE,184,"Stress: pooled residual variance",2.24113571833249
0.398318232879578,0.0606985673547378,0.279351226951113,0.517285238808043,0,"Likelihood-only / naive OLS",,,,,,,,,,,,,,,,,,,,,,,,,,,,,,,,,,,,,,,,,,,,,,,,,,FALSE,184,"Stress: pooled residual variance",2.24113571833249
0.613294292432385,0.0985716568579728,0.420097395094318,0.806491189770452,0,"Conditional posterior mean / naive OLS",,,,,,,,,,,,,,,,,,,,,,,,,,,,,,,,,,,,,,,,,,,,,,,,,,TRUE,184,"Stress: pooled residual variance",2.24113571833249
0.600080567800606,0.0995327920556772,0.404999880090764,0.795161255510447,0,"REPAIR / stabilized","stabilized",0.600080567800606,0.0995327920556772,"ok","ok",2.35806705668521,2.42246212188787,,0.570121650051975,0.611151938248651,0.703349719355979,0.986666666666667,0.986666666666667,,1,1,"modified","modified","supplied",0,4,4,4,4,,,FALSE,5.75671520276958,0.326493200141076,2.06768792050633,0.157902552364443,5.77839750345438,150.492209325039,952.867902776492,0.157936067409272,,,,,,,,,,,,,,,TRUE,184,"Stress: pooled residual variance",2.24113571833249
0.600044540449368,0.100405520572376,0.403253336278516,0.79683574462022,0,"REPAIR / fuller_equations","fuller_equations",0.600044540449368,0.100405520572376,"ok","ok",2.35806705668521,2.42320421587208,,0.570125415539185,0.611674085060052,0.70505587425525,0.986666666666667,0.986666666666667,,1,1,"fuller","fuller","supplied",0,4,4,4,4,,,FALSE,5.79744201019828,0.323761114161513,2.06768792050633,0.156581228216602,5.77864101592462,150.262176176229,951.409709849076,0.157936349209706,,,,,,,,,,,,,,,TRUE,184,"Stress: pooled residual variance",2.24113571833249
0.617640201221955,0.041826831262659,0.535661118359709,0.6996192840842,0,"Oracle: true predictors",,,,,,,,,,,,,,,,,,,,,,,,,,,,,,,,,,,,,,,,,,,,,,,,,,TRUE,184,"Factors: fixed measurement parameters",
0.465751715953326,0.0420353408881447,0.383363961734698,0.548139470171953,0,"Likelihood-only / naive OLS",,,,,,,,,,,,,,,,,,,,,,,,,,,,,,,,,,,,,,,,,,,,,,,,,,FALSE,184,"Factors: fixed measurement parameters",
0.584834910301019,0.0568339029866006,0.473442507346439,0.6962273132556,0,"Conditional posterior mean / naive OLS",,,,,,,,,,,,,,,,,,,,,,,,,,,,,,,,,,,,,,,,,,,,,,,,,,TRUE,184,"Factors: fixed measurement parameters",
0.579713955651694,0.0579354925778263,0.466162476772567,0.693265434530821,0,"REPAIR / stabilized","stabilized",0.579713955651694,0.0579354925778263,"ok","ok",2.36782930685069,2.36849733476248,,0.5240315351788,0.692265546778929,0.707680571934952,0.986666666666667,0.986666666666667,,1,1,"modified","modified","supplied",0,4,4,4,4,,,FALSE,2.3624034057428,0.469674843272999,1.42806695029328,0.328888532275424,2.35343107103713,202.897476811969,614.751685375932,0.33004785775885,,,,,,,,,,,,,,,TRUE,184,"Factors: fixed measurement parameters",
0.579715206849129,0.0582627175132651,0.465522378881699,0.69390803481656,0,"REPAIR / fuller_equations","fuller_equations",0.579715206849129,0.0582627175132651,"ok","ok",2.36782930685069,2.36850376740587,,0.524036744702069,0.69376299641152,0.709367619912569,0.986666666666667,0.986666666666667,,1,1,"fuller","fuller","supplied",0,4,4,4,4,,,FALSE,2.37129531782099,0.466104945808204,1.42806695029328,0.326388721279825,2.35334203317451,202.453209667468,613.384159283745,0.330059403398801,,,,,,,,,,,,,,,TRUE,184,"Factors: fixed measurement parameters",
0.701685031847079,0.0816727812068451,0.541609322164442,0.861760741529715,0,"Oracle: true predictors",,,,,,,,,,,,,,,,,,,,,,,,,,,,,,,,,,,,,,,,,,,,,,,,,,TRUE,185,"Stress: pooled residual variance",2.23049165303095
0.430864740970492,0.0686858000046425,0.296243046712072,0.565486435228913,0,"Likelihood-only / naive OLS",,,,,,,,,,,,,,,,,,,,,,,,,,,,,,,,,,,,,,,,,,,,,,,,,,FALSE,185,"Stress: pooled residual variance",2.23049165303095
0.645263595729892,0.111963442933962,0.425819279994221,0.864707911465562,0,"Conditional posterior mean / naive OLS",,,,,,,,,,,,,,,,,,,,,,,,,,,,,,,,,,,,,,,,,,,,,,,,,,TRUE,185,"Stress: pooled residual variance",2.23049165303095
0.619879402919418,0.110738591776028,0.40283575133972,0.836923054499117,0,"REPAIR / stabilized","stabilized",0.619879402919418,0.110738591776028,"ok","ok",2.41246938850261,2.46676017088681,,0.788804909817611,0.83173780416254,0.928434676330544,0.986666666666667,0.986666666666667,,1,1,"modified","modified","supplied",0,4,4,4,4,,,FALSE,5.86446267944434,0.318100006920076,2.05391114332194,0.154875252492954,5.88782530649459,109.352213927941,706.46738604366,0.154787349123549,,,,,,,,,,,,,,,TRUE,185,"Stress: pooled residual variance",2.23049165303095
0.619825961346792,0.111680184216967,0.400936822494738,0.838715100198846,0,"REPAIR / fuller_equations","fuller_equations",0.619825961346792,0.111680184216967,"ok","ok",2.41246938850261,2.46732601683104,,0.788808377377219,0.832217579175015,0.930007828350454,0.986666666666667,0.986666666666667,,1,1,"fuller","fuller","supplied",0,4,4,4,4,,,FALSE,5.90666173803816,0.315396437137397,2.05391114332194,0.153558949306484,5.88806074537616,109.237537638927,705.730570538455,0.154786461291568,,,,,,,,,,,,,,,TRUE,185,"Stress: pooled residual variance",2.23049165303095
0.587276481308857,0.0449015246611979,0.499271110121972,0.675281852495742,0,"Oracle: true predictors",,,,,,,,,,,,,,,,,,,,,,,,,,,,,,,,,,,,,,,,,,,,,,,,,,TRUE,185,"Factors: fixed measurement parameters",
0.519232111713025,0.041089923054678,0.438697342398334,0.599766881027715,0,"Likelihood-only / naive OLS",,,,,,,,,,,,,,,,,,,,,,,,,,,,,,,,,,,,,,,,,,,,,,,,,,FALSE,185,"Factors: fixed measurement parameters",
0.663337778279861,0.0551959429040531,0.555155718095188,0.771519838464534,0,"Conditional posterior mean / naive OLS",,,,,,,,,,,,,,,,,,,,,,,,,,,,,,,,,,,,,,,,,,,,,,,,,,TRUE,185,"Factors: fixed measurement parameters",
0.654638777451466,0.054787683990763,0.547256890033209,0.762020664869724,0,"REPAIR / stabilized","stabilized",0.654638777451466,0.054787683990763,"ok","ok",2.6863006872955,2.6883388836098,,0.542588739886188,0.704360172299792,0.712501274957825,0.986666666666667,0.986666666666667,,1,1,"modified","modified","supplied",0,4,4,4,4,,,FALSE,1.67644840054067,0.699460570298142,1.49421433705517,0.468112608045679,1.6756932907847,297.235566553736,634.640133648683,0.468352930730782,,,,,,,,,,,,,,,TRUE,185,"Factors: fixed measurement parameters",
0.654636551436808,0.0550472915250769,0.54674584260118,0.762527260272435,0,"REPAIR / fuller_equations","fuller_equations",0.654636551436808,0.0550472915250769,"ok","ok",2.6863006872955,2.68835325610373,,0.542592897021879,0.705576333460573,0.713789508260734,0.986666666666667,0.986666666666667,,1,1,"fuller","fuller","supplied",0,4,4,4,4,,,FALSE,1.67872437016024,0.695932464790234,1.49421433705517,0.465751430388355,1.67568796900781,296.71848196756,633.533792415129,0.468354625309605,,,,,,,,,,,,,,,TRUE,185,"Factors: fixed measurement parameters",
0.556993814537046,0.0889479576427321,0.382659021058897,0.731328608015195,0,"Oracle: true predictors",,,,,,,,,,,,,,,,,,,,,,,,,,,,,,,,,,,,,,,,,,,,,,,,,,TRUE,186,"Stress: pooled residual variance",2.2432151220464
0.304261686340124,0.0728332271643435,0.161511184220186,0.447012188460062,0,"Likelihood-only / naive OLS",,,,,,,,,,,,,,,,,,,,,,,,,,,,,,,,,,,,,,,,,,,,,,,,,,FALSE,186,"Stress: pooled residual variance",2.2432151220464
0.469981918091273,0.113088911778786,0.248331723954025,0.69163211222852,0,"Conditional posterior mean / naive OLS",,,,,,,,,,,,,,,,,,,,,,,,,,,,,,,,,,,,,,,,,,,,,,,,,,TRUE,186,"Stress: pooled residual variance",2.2432151220464
0.518293893486481,0.13911003784718,0.245643229418004,0.790944557554958,0,"REPAIR / stabilized","stabilized",0.518293893486481,0.13911003784718,"ok","ok",1.9895379378869,2.04200709071451,,0.678698463984146,0.711838569691851,0.785539282627007,0.986666666666667,0.986666666666667,,1,1,"modified","modified","supplied",0,4,4,4,4,,,FALSE,8.55243494640227,0.222371611763955,2.09038814183767,0.106378144476302,8.37003511775804,91.4528935974417,839.332603603671,0.108959062479867,,,,,,,,,,,,,,,TRUE,186,"Stress: pooled residual variance",2.2432151220464
0.51832656301972,0.140849029145283,0.242267538637532,0.794385587401907,0,"REPAIR / fuller_equations","fuller_equations",0.51832656301972,0.140849029145283,"ok","ok",1.9895379378869,2.04280559364849,,0.678702307441554,0.71236875609012,0.787276059233456,0.986666666666667,0.986666666666667,,1,1,"fuller","fuller","supplied",0,4,4,4,4,,,FALSE,8.64719297359527,0.219640189350264,2.09038814183767,0.105071486464316,8.3673991322264,91.3528025768455,838.11994324992,0.108997290080717,,,,,,,,,,,,,,,TRUE,186,"Stress: pooled residual variance",2.2432151220464
0.597758338250207,0.047975029043402,0.503729009167876,0.691787667332538,0,"Oracle: true predictors",,,,,,,,,,,,,,,,,,,,,,,,,,,,,,,,,,,,,,,,,,,,,,,,,,TRUE,186,"Factors: fixed measurement parameters",
0.471281851549122,0.044621627427895,0.383825068858883,0.558738634239361,0,"Likelihood-only / naive OLS",,,,,,,,,,,,,,,,,,,,,,,,,,,,,,,,,,,,,,,,,,,,,,,,,,FALSE,186,"Factors: fixed measurement parameters",
0.601598270006421,0.0603857637998091,0.483244347779853,0.71995219223299,0,"Conditional posterior mean / naive OLS",,,,,,,,,,,,,,,,,,,,,,,,,,,,,,,,,,,,,,,,,,,,,,,,,,TRUE,186,"Factors: fixed measurement parameters",
0.582872566289502,0.0592192422396432,0.466804984308048,0.698940148270956,0,"REPAIR / stabilized","stabilized",0.582872566289502,0.0592192422396432,"ok","ok",3.0088547482856,3.00972144963599,,0.695004633453342,0.821747610838338,0.827880209640528,0.986666666666667,0.986666666666667,,1,1,"modified","modified","supplied",0,4,4,4,4,,,FALSE,2.30494887179833,0.55541393403117,1.60138972300581,0.346832458115602,2.30297910656431,202.48371596571,583.351692929575,0.347104017044748,,,,,,,,,,,,,,,TRUE,186,"Factors: fixed measurement parameters",
0.582871088706487,0.0594968822455004,0.466259342312886,0.699482835100088,0,"REPAIR / fuller_equations","fuller_equations",0.582871088706487,0.0594968822455004,"ok","ok",3.0088547482856,3.00972773738527,,0.69500760181245,0.822616282034259,0.828800305981094,0.986666666666667,0.986666666666667,,1,1,"fuller","fuller","supplied",0,4,4,4,4,,,FALSE,2.31184158594034,0.551885027116111,1.60138972300581,0.344628805335544,2.30296477610449,202.267831895155,582.726415673727,0.347105994261991,,,,,,,,,,,,,,,TRUE,186,"Factors: fixed measurement parameters",
0.665545200143602,0.0777154752488676,0.513225667614407,0.817864732672796,0,"Oracle: true predictors",,,,,,,,,,,,,,,,,,,,,,,,,,,,,,,,,,,,,,,,,,,,,,,,,,TRUE,187,"Stress: pooled residual variance",2.27499108238359
0.368301428353569,0.06750642994762,0.235991256931358,0.50061159977578,0,"Likelihood-only / naive OLS",,,,,,,,,,,,,,,,,,,,,,,,,,,,,,,,,,,,,,,,,,,,,,,,,,FALSE,187,"Stress: pooled residual variance",2.27499108238359
0.59319078134225,0.113512310677936,0.370710740611573,0.815670822072926,0,"Conditional posterior mean / naive OLS",,,,,,,,,,,,,,,,,,,,,,,,,,,,,,,,,,,,,,,,,,,,,,,,,,TRUE,187,"Stress: pooled residual variance",2.27499108238359
0.583261672969514,0.117874336312899,0.352232219094671,0.814291126844357,0,"REPAIR / stabilized","stabilized",0.583261672969514,0.117874336312899,"ok","ok",2.23813160735215,2.26669073025422,,0.674925533174617,0.71337240189736,0.799788055472816,0.986666666666667,0.986666666666667,,1,1,"modified","modified","supplied",0,4,4,4,4,,,FALSE,7.39414591381973,0.29462406222669,2.36970024418191,0.12432967543049,7.41615171186946,116.376065137228,936.931053140679,0.124209849537087,,,,,,,,,,,,,,,TRUE,187,"Stress: pooled residual variance",2.27499108238359
0.583297325272354,0.119085568034483,0.349893900846273,0.816700749698436,0,"REPAIR / fuller_equations","fuller_equations",0.583297325272354,0.119085568034483,"ok","ok",2.23813160735215,2.26706577377669,,0.674929455833222,0.713914534140129,0.801564321783403,0.986666666666667,0.986666666666667,,1,1,"fuller","fuller","supplied",0,4,4,4,4,,,FALSE,7.45548557351824,0.291853555049976,2.36970024418191,0.123160537188843,7.41643432019993,116.197206647007,935.502697225992,0.124208307460322,,,,,,,,,,,,,,,TRUE,187,"Stress: pooled residual variance",2.27499108238359
0.549854043592948,0.0536913180533972,0.444620993925805,0.655087093260092,0,"Oracle: true predictors",,,,,,,,,,,,,,,,,,,,,,,,,,,,,,,,,,,,,,,,,,,,,,,,,,TRUE,187,"Factors: fixed measurement parameters",
0.419766414156148,0.0505228786797309,0.320743391548589,0.518789436763707,0,"Likelihood-only / naive OLS",,,,,,,,,,,,,,,,,,,,,,,,,,,,,,,,,,,,,,,,,,,,,,,,,,FALSE,187,"Factors: fixed measurement parameters",
0.533177931472392,0.0694836008437018,0.39699257630258,0.669363286642204,0,"Conditional posterior mean / naive OLS",,,,,,,,,,,,,,,,,,,,,,,,,,,,,,,,,,,,,,,,,,,,,,,,,,TRUE,187,"Factors: fixed measurement parameters",
0.534626583984515,0.0791095130123308,0.379574787645844,0.689678380323186,0,"REPAIR / stabilized","stabilized",0.534626583984515,0.0791095130123308,"ok","ok",2.22416093773517,2.22422575975569,,0.713042924818326,0.819482983053611,0.824608926494672,0.986666666666667,0.986666666666667,,1,1,"modified","modified","supplied",0,4,4,4,4,,,FALSE,3.92012597238782,0.322082738377554,1.588416709062,0.20276967406604,3.92117055102461,117.710116934729,580.641273886697,0.202724336399307,,,,,,,,,,,,,,,TRUE,187,"Factors: fixed measurement parameters",
0.534626282558427,0.079800225242267,0.3782207151254,0.691031849991455,0,"REPAIR / fuller_equations","fuller_equations",0.534626282558427,0.079800225242267,"ok","ok",2.22416093773517,2.22422603546856,,0.713045498315082,0.820240467689383,0.825393129077394,0.986666666666667,0.986666666666667,,1,1,"fuller","fuller","supplied",0,4,4,4,4,,,FALSE,3.94888397164656,0.318623104559899,1.588416709062,0.200591634891611,3.92117500689981,117.600564676352,580.101427048472,0.202724143042878,,,,,,,,,,,,,,,TRUE,187,"Factors: fixed measurement parameters",
0.64115917212496,0.0766576577565737,0.490912923782878,0.791405420467042,0,"Oracle: true predictors",,,,,,,,,,,,,,,,,,,,,,,,,,,,,,,,,,,,,,,,,,,,,,,,,,TRUE,188,"Stress: pooled residual variance",2.20039652445258
0.427768343128076,0.0613534730229054,0.307517745676732,0.548018940579421,0,"Likelihood-only / naive OLS",,,,,,,,,,,,,,,,,,,,,,,,,,,,,,,,,,,,,,,,,,,,,,,,,,FALSE,188,"Stress: pooled residual variance",2.20039652445258
0.659255895001333,0.0996212290593759,0.464001873949342,0.854509916053325,0,"Conditional posterior mean / naive OLS",,,,,,,,,,,,,,,,,,,,,,,,,,,,,,,,,,,,,,,,,,,,,,,,,,TRUE,188,"Stress: pooled residual variance",2.20039652445258
0.638347713504189,0.102124010119389,0.438188331713382,0.838507095294995,0,"REPAIR / stabilized","stabilized",0.638347713504189,0.102124010119389,"ok","ok",2.27792762726494,2.33755946816788,,0.584180882555328,0.626066340502916,0.721090182691792,0.986666666666667,0.986666666666667,,1,1,"modified","modified","supplied",0,4,4,4,4,,,FALSE,6.37740387893261,0.293690352010306,2.05955440400505,0.142598977448321,6.3620207012613,132.30402017757,922.235687195348,0.14346009595435,,,,,,,,,,,,,,,TRUE,188,"Stress: pooled residual variance",2.20039652445258
0.638310678415375,0.10306506693376,0.436306859160995,0.840314497669755,0,"REPAIR / fuller_equations","fuller_equations",0.638310678415375,0.10306506693376,"ok","ok",2.27792762726494,2.33826418525563,,0.584184840824546,0.626613093256419,0.722884669670561,0.986666666666667,0.986666666666667,,1,1,"fuller","fuller","supplied",0,4,4,4,4,,,FALSE,6.4269842300833,0.291032534647362,2.05955440400505,0.141308495702475,6.36184715822568,132.099189484362,920.745103547457,0.143469879965051,,,,,,,,,,,,,,,TRUE,188,"Stress: pooled residual variance",2.20039652445258
0.658938112747333,0.0510255536028065,0.558929865394614,0.758946360100051,0,"Oracle: true predictors",,,,,,,,,,,,,,,,,,,,,,,,,,,,,,,,,,,,,,,,,,,,,,,,,,TRUE,188,"Factors: fixed measurement parameters",
0.548303199626349,0.0470800200346427,0.456028055967025,0.640578343285673,0,"Likelihood-only / naive OLS",,,,,,,,,,,,,,,,,,,,,,,,,,,,,,,,,,,,,,,,,,,,,,,,,,TRUE,188,"Factors: fixed measurement parameters",
0.711676417693536,0.0644442155542301,0.58536807619531,0.837984759191763,0,"Conditional posterior mean / naive OLS",,,,,,,,,,,,,,,,,,,,,,,,,,,,,,,,,,,,,,,,,,,,,,,,,,TRUE,188,"Factors: fixed measurement parameters",
0.697440844510177,0.0669927790579283,0.566137410332388,0.828744278687966,0,"REPAIR / stabilized","stabilized",0.697440844510177,0.0669927790579283,"ok","ok",2.59033372882585,2.59039524438511,,0.698054239317759,0.847271137190906,0.849053768156952,0.986666666666667,0.986666666666667,,1,1,"modified","modified","supplied",0,4,4,4,4,,,FALSE,3.09986267527643,0.442486654838879,1.69608646502579,0.260886849794035,3.10026676960736,156.589983290071,600.283958779461,0.260859849742545,,,,,,,,,,,,,,,TRUE,188,"Factors: fixed measurement parameters",
0.697440997175212,0.0674131196677929,0.56531371054085,0.829568283809575,0,"REPAIR / fuller_equations","fuller_equations",0.697440997175212,0.0674131196677929,"ok","ok",2.59033372882585,2.59039500022578,,0.698057804700908,0.848330698444078,0.850108463024703,0.986666666666667,0.986666666666667,,1,1,"fuller","fuller","supplied",0,4,4,4,4,,,FALSE,3.11445724833054,0.439007028209689,1.69608646502579,0.258835287741662,3.10026516561685,156.394738977639,599.535248083993,0.260859956904033,,,,,,,,,,,,,,,TRUE,188,"Factors: fixed measurement parameters",
0.479592543939972,0.0812330551834972,0.320378681426162,0.638806406453781,0,"Oracle: true predictors",,,,,,,,,,,,,,,,,,,,,,,,,,,,,,,,,,,,,,,,,,,,,,,,,,TRUE,189,"Stress: pooled residual variance",2.26610404672461
0.292851406010078,0.0664252298011339,0.162660347935058,0.423042464085097,0,"Likelihood-only / naive OLS",,,,,,,,,,,,,,,,,,,,,,,,,,,,,,,,,,,,,,,,,,,,,,,,,,FALSE,189,"Stress: pooled residual variance",2.26610404672461
0.466547959646369,0.107447388920731,0.255954947128869,0.677140972163869,0,"Conditional posterior mean / naive OLS",,,,,,,,,,,,,,,,,,,,,,,,,,,,,,,,,,,,,,,,,,,,,,,,,,TRUE,189,"Stress: pooled residual variance",2.26610404672461
0.468564525530587,0.115417407028467,0.242350564565792,0.694778486495383,0,"REPAIR / stabilized","stabilized",0.468564525530587,0.115417407028467,"ok","ok",2.25792348927623,2.30174756852776,,0.627462069719351,0.661706815931669,0.73623054414275,0.986666666666667,0.986666666666667,,1,1,"modified","modified","supplied",0,4,4,4,4,,,FALSE,7.27777702176605,0.285732809563161,2.2688918813324,0.12593496054795,7.21108342815174,123.912585103462,972.867441743013,0.127368416072654,,,,,,,,,,,,,,,TRUE,189,"Stress: pooled residual variance",2.26610404672461
0.468626122912583,0.116582365879893,0.240128884555522,0.697123361269645,0,"REPAIR / fuller_equations","fuller_equations",0.468626122912583,0.116582365879893,"ok","ok",2.25792348927623,2.30224963847109,,0.627465034573323,0.662121683791628,0.737569727231338,0.986666666666667,0.986666666666667,,1,1,"fuller","fuller","supplied",0,4,4,4,4,,,FALSE,7.34008212713847,0.282958791043482,2.2688918813324,0.124712329120467,7.21034645456534,123.775492239421,971.668862915516,0.127384438221092,,,,,,,,,,,,,,,TRUE,189,"Stress: pooled residual variance",2.26610404672461
0.579246557837916,0.0469127361762469,0.487299284516243,0.67119383115959,0,"Oracle: true predictors",,,,,,,,,,,,,,,,,,,,,,,,,,,,,,,,,,,,,,,,,,,,,,,,,,TRUE,189,"Factors: fixed measurement parameters",
0.47777832150932,0.0443145589588637,0.39092338195917,0.56463326105947,0,"Likelihood-only / naive OLS",,,,,,,,,,,,,,,,,,,,,,,,,,,,,,,,,,,,,,,,,,,,,,,,,,FALSE,189,"Factors: fixed measurement parameters",
0.604460223326787,0.060044828973733,0.486774521080403,0.722145925573171,0,"Conditional posterior mean / naive OLS",,,,,,,,,,,,,,,,,,,,,,,,,,,,,,,,,,,,,,,,,,,,,,,,,,TRUE,189,"Factors: fixed measurement parameters",
0.609132945538526,0.0625601687414347,0.486517267938566,0.731748623138487,0,"REPAIR / stabilized","stabilized",0.609132945538526,0.0625601687414347,"ok","ok",2.85009458154106,2.85014514509147,,0.565177531798102,0.708521720879814,0.716279585657505,0.986666666666667,0.986666666666667,,1,1,"modified","modified","supplied",0,4,4,4,4,,,FALSE,2.32039919256244,0.517315677731827,1.52718932507277,0.338737096467837,2.32252007365559,218.434783467351,645.297648258358,0.338502370273471,,,,,,,,,,,,,,,TRUE,189,"Factors: fixed measurement parameters",
0.609131036262332,0.0629310632122924,0.485788418857425,0.732473653667238,0,"REPAIR / fuller_equations","fuller_equations",0.609131036262332,0.0629310632122924,"ok","ok",2.85009458154106,2.85014537782103,,0.565181148330658,0.709582064033671,0.717393736074387,0.986666666666667,0.986666666666667,,1,1,"fuller","fuller","supplied",0,4,4,4,4,,,FALSE,2.32737274489508,0.513869595784683,1.52718932507277,0.336480610064634,2.32253149882116,218.105124681124,644.326179076128,0.338501106681488,,,,,,,,,,,,,,,TRUE,189,"Factors: fixed measurement parameters",
0.509051856240576,0.0868127409036341,0.338902010670246,0.679201701810906,0,"Oracle: true predictors",,,,,,,,,,,,,,,,,,,,,,,,,,,,,,,,,,,,,,,,,,,,,,,,,,TRUE,190,"Stress: pooled residual variance",2.30946333131293
0.315780934719968,0.0671323540409302,0.184203938602353,0.447357930837583,0,"Likelihood-only / naive OLS",,,,,,,,,,,,,,,,,,,,,,,,,,,,,,,,,,,,,,,,,,,,,,,,,,FALSE,190,"Stress: pooled residual variance",2.30946333131293
0.432807260092296,0.115731652624659,0.205977389076663,0.659637131107928,0,"Conditional posterior mean / naive OLS",,,,,,,,,,,,,,,,,,,,,,,,,,,,,,,,,,,,,,,,,,,,,,,,,,TRUE,190,"Stress: pooled residual variance",2.30946333131293
0.488933316124299,0.122667920212564,0.248508610449241,0.729358021799357,0,"REPAIR / stabilized","stabilized",0.488933316124299,0.122667920212564,"ok","ok",2.14399223525055,2.17270791694933,,0.63092317537802,0.667723625325886,0.748532288029466,0.986666666666667,0.986666666666667,,1,1,"modified","modified","supplied",0,4,4,4,4,,,FALSE,6.70673778740516,0.269829719939657,2.00434422562503,0.134622444832556,6.82057464844828,112.999440897535,851.055087653037,0.132775706927686,,,,,,,,,,,,,,,TRUE,190,"Stress: pooled residual variance",2.30946333131293
0.488791712757512,0.124067755041259,0.245623381233906,0.731960044281118,0,"REPAIR / fuller_equations","fuller_equations",0.488791712757512,0.124067755041259,"ok","ok",2.14399223525055,2.17304172553276,,0.630926471749804,0.668181196441755,0.750023229203255,0.986666666666667,0.986666666666667,,1,1,"fuller","fuller","supplied",0,4,4,4,4,,,FALSE,6.76734292583485,0.267024637602779,2.00434422562503,0.133222943538808,6.82189222360302,112.833416755593,849.93962361282,0.132754625882688,,,,,,,,,,,,,,,TRUE,190,"Stress: pooled residual variance",2.30946333131293
0.528971717011242,0.0470219920308299,0.436810306149486,0.621133127872998,0,"Oracle: true predictors",,,,,,,,,,,,,,,,,,,,,,,,,,,,,,,,,,,,,,,,,,,,,,,,,,TRUE,190,"Factors: fixed measurement parameters",
0.435136347921868,0.0447201987958887,0.347486368900455,0.522786326943282,0,"Likelihood-only / naive OLS",,,,,,,,,,,,,,,,,,,,,,,,,,,,,,,,,,,,,,,,,,,,,,,,,,FALSE,190,"Factors: fixed measurement parameters",
0.556021174579562,0.0605410650773759,0.43736286744221,0.674679481716915,0,"Conditional posterior mean / naive OLS",,,,,,,,,,,,,,,,,,,,,,,,,,,,,,,,,,,,,,,,,,,,,,,,,,TRUE,190,"Factors: fixed measurement parameters",
0.559271191679294,0.0623695208350265,0.437029177109622,0.681513206248966,0,"REPAIR / stabilized","stabilized",0.559271191679294,0.0623695208350265,"ok","ok",2.76121632240172,2.76176511115585,,0.607483835285634,0.721732960619786,0.726851198861223,0.986666666666667,0.986666666666667,,1,1,"modified","modified","supplied",0,4,4,4,4,,,FALSE,2.26475960624204,0.477874406678007,1.40481216097163,0.340169611250721,2.26468724833146,198.313947684892,582.94260793076,0.340194634920985,,,,,,,,,,,,,,,TRUE,190,"Factors: fixed measurement parameters",
0.559269952114717,0.062723718054511,0.43633372375143,0.682206180478003,0,"REPAIR / fuller_equations","fuller_equations",0.559269952114717,0.062723718054511,"ok","ok",2.76121632240172,2.76176939710977,,0.607486969174329,0.722651445570972,0.727816443842081,0.986666666666667,0.986666666666667,,1,1,"fuller","fuller","supplied",0,4,4,4,4,,,FALSE,2.27235515957107,0.474363604464701,1.40481216097163,0.337670485523566,2.26468668347777,198.059382096717,582.193979530537,0.3401948303492,,,,,,,,,,,,,,,TRUE,190,"Factors: fixed measurement parameters",
0.700546769418631,0.0866909584707373,0.530635613030729,0.870457925806534,0,"Oracle: true predictors",,,,,,,,,,,,,,,,,,,,,,,,,,,,,,,,,,,,,,,,,,,,,,,,,,TRUE,191,"Stress: pooled residual variance",2.26790267886178
0.494970555510074,0.067131161305653,0.363395897110646,0.626545213909503,0,"Likelihood-only / naive OLS",,,,,,,,,,,,,,,,,,,,,,,,,,,,,,,,,,,,,,,,,,,,,,,,,,TRUE,191,"Stress: pooled residual variance",2.26790267886178
0.826644943278883,0.115348338139028,0.60056635484984,1.05272353170793,0,"Conditional posterior mean / naive OLS",,,,,,,,,,,,,,,,,,,,,,,,,,,,,,,,,,,,,,,,,,,,,,,,,,FALSE,191,"Stress: pooled residual variance",2.26790267886178
0.801087899900023,0.125311751615726,0.555481379893572,1.04669441990647,0,"REPAIR / stabilized","stabilized",0.801087899900023,0.125311751615726,"ok","ok",2.03110660873872,2.05859571391062,,0.618234233780473,0.683861164164587,0.832686162189115,0.986666666666667,0.986666666666667,,1,1,"modified","modified","supplied",0,4,4,4,4,,,FALSE,8.1438221940219,0.261731809364,2.32157354784835,0.112738969483252,8.33863263142768,101.978072467775,922.52494436286,0.110542346947817,,,,,,,,,,,,,,,TRUE,191,"Stress: pooled residual variance",2.26790267886178
0.801237600727246,0.126818595774548,0.552677720439189,1.0497974810153,0,"REPAIR / fuller_equations","fuller_equations",0.801237600727246,0.126818595774548,"ok","ok",2.03110660873872,2.05896734166784,,0.618241688651679,0.684888462113311,0.836060479754103,0.986666666666667,0.986666666666667,,1,1,"fuller","fuller","supplied",0,4,4,4,4,,,FALSE,8.22098596014079,0.258962759014294,2.32157354784835,0.111546222282857,8.34119729711184,101.67547316931,920.023482688168,0.110513997829958,,,,,,,,,,,,,,,TRUE,191,"Stress: pooled residual variance",2.26790267886178
0.587008446979831,0.0452808788887357,0.498259555169589,0.675757338790073,0,"Oracle: true predictors",,,,,,,,,,,,,,,,,,,,,,,,,,,,,,,,,,,,,,,,,,,,,,,,,,TRUE,191,"Factors: fixed measurement parameters",
0.442298360117993,0.0430424185783017,0.357936769897024,0.526659950338963,0,"Likelihood-only / naive OLS",,,,,,,,,,,,,,,,,,,,,,,,,,,,,,,,,,,,,,,,,,,,,,,,,,FALSE,191,"Factors: fixed measurement parameters",
0.55529140355733,0.0585006827444029,0.440632172307296,0.669950634807363,0,"Conditional posterior mean / naive OLS",,,,,,,,,,,,,,,,,,,,,,,,,,,,,,,,,,,,,,,,,,,,,,,,,,TRUE,191,"Factors: fixed measurement parameters",
0.547967222591185,0.0603136919743408,0.429754558546834,0.666179886635535,0,"REPAIR / stabilized","stabilized",0.547967222591185,0.0603136919743408,"ok","ok",2.74764537581149,2.74652693341583,,0.552631803742991,0.688422345964522,0.699011389056882,0.986666666666667,0.986666666666667,,1,1,"modified","modified","supplied",0,4,4,4,4,,,FALSE,2.6100252249494,0.482675831436218,1.58486851315922,0.304552603215058,2.60933665721236,209.551529120934,687.873686878053,0.304636640590212,,,,,,,,,,,,,,,TRUE,191,"Factors: fixed measurement parameters",
0.547965568052156,0.0606693138785436,0.429055897883454,0.666875238220857,0,"REPAIR / fuller_equations","fuller_equations",0.547965568052156,0.0606693138785436,"ok","ok",2.74764537581149,2.74651901407611,,0.55263516323336,0.689397206893897,0.700076789418266,0.986666666666667,0.986666666666667,,1,1,"fuller","fuller","supplied",0,4,4,4,4,,,FALSE,2.61977593373934,0.479204538489159,1.58486851315922,0.30236233132926,2.60933182662255,209.249682416152,686.881515178842,0.304637230427827,,,,,,,,,,,,,,,TRUE,191,"Factors: fixed measurement parameters",
0.616087274103759,0.076524166484183,0.466102663847813,0.766071884359705,0,"Oracle: true predictors",,,,,,,,,,,,,,,,,,,,,,,,,,,,,,,,,,,,,,,,,,,,,,,,,,TRUE,192,"Stress: pooled residual variance",2.20762663473219
0.456985428568438,0.0607372240828557,0.337942656845102,0.576028200291774,0,"Likelihood-only / naive OLS",,,,,,,,,,,,,,,,,,,,,,,,,,,,,,,,,,,,,,,,,,,,,,,,,,FALSE,192,"Stress: pooled residual variance",2.20762663473219
0.698505797517988,0.0961330308393885,0.510088519348109,0.886923075687868,0,"Conditional posterior mean / naive OLS",,,,,,,,,,,,,,,,,,,,,,,,,,,,,,,,,,,,,,,,,,,,,,,,,,TRUE,192,"Stress: pooled residual variance",2.20762663473219
0.724251184032567,0.10749670387438,0.513561515982016,0.934940852083119,0,"REPAIR / stabilized","stabilized",0.724251184032567,0.10749670387438,"ok","ok",2.05631173887472,2.14623365427509,,0.49048552064862,0.545676831044185,0.670683926837921,0.986666666666667,0.986666666666667,,1,1,"modified","modified","supplied",0,4,4,4,4,,,FALSE,7.39623525552306,0.266199181479042,2.15395936037539,0.123585981414547,7.22262244413746,135.82792499867,1068.54505680236,0.12711483164326,,,,,,,,,,,,,,,TRUE,192,"Stress: pooled residual variance",2.20762663473219
0.724178045591154,0.108632630725915,0.511262001822521,0.937094089359786,0,"REPAIR / fuller_equations","fuller_equations",0.724178045591154,0.108632630725915,"ok","ok",2.05631173887472,2.14742529708606,,0.490491720618104,0.546532315387241,0.673490575226527,0.986666666666667,0.986666666666667,,1,1,"fuller","fuller","supplied",0,4,4,4,4,,,FALSE,7.4623803297082,0.263504540546277,2.15395936037539,0.122334963878034,7.22051028628638,135.49551030391,1065.5591394886,0.127159071029074,,,,,,,,,,,,,,,TRUE,192,"Stress: pooled residual variance",2.20762663473219
0.530151627691591,0.0508534481775417,0.430480700773935,0.629822554609247,0,"Oracle: true predictors",,,,,,,,,,,,,,,,,,,,,,,,,,,,,,,,,,,,,,,,,,,,,,,,,,TRUE,192,"Factors: fixed measurement parameters",
0.409175767551673,0.0481593971464976,0.314785083627376,0.503566451475969,0,"Likelihood-only / naive OLS",,,,,,,,,,,,,,,,,,,,,,,,,,,,,,,,,,,,,,,,,,,,,,,,,,FALSE,192,"Factors: fixed measurement parameters",
0.518681574725472,0.0659345740517911,0.389452184247973,0.647910965202972,0,"Conditional posterior mean / naive OLS",,,,,,,,,,,,,,,,,,,,,,,,,,,,,,,,,,,,,,,,,,,,,,,,,,TRUE,192,"Factors: fixed measurement parameters",
0.512357483953151,0.0708531345419217,0.373487892059214,0.651227075847088,0,"REPAIR / stabilized","stabilized",0.512357483953151,0.0708531345419217,"ok","ok",2.50126847635851,2.5017407042485,,0.688655776463861,0.793601432681447,0.799862409282133,0.986666666666667,0.986666666666667,,1,1,"modified","modified","supplied",0,4,4,4,4,,,FALSE,3.2564560849269,0.39563564088535,1.61435684270328,0.245073226947053,3.25523589693952,149.292824064276,608.954466645834,0.24516254045494,,,,,,,,,,,,,,,TRUE,192,"Factors: fixed measurement parameters",
0.512356138368347,0.0713533080972093,0.372506224320027,0.652206052416668,0,"REPAIR / fuller_equations","fuller_equations",0.512356138368347,0.0713533080972093,"ok","ok",2.50126847635851,2.50174343230598,,0.688658235732609,0.794321283715186,0.800624387801564,0.986666666666667,0.986666666666667,,1,1,"fuller","fuller","supplied",0,4,4,4,4,,,FALSE,3.27394014111836,0.392178365751599,1.61435684270328,0.24293164644744,3.25522885007512,149.155989825942,608.395049358982,0.2451630564435,,,,,,,,,,,,,,,TRUE,192,"Factors: fixed measurement parameters",
0.630428780696555,0.0853361225111846,0.463173053994335,0.797684507398775,0,"Oracle: true predictors",,,,,,,,,,,,,,,,,,,,,,,,,,,,,,,,,,,,,,,,,,,,,,,,,,TRUE,193,"Stress: pooled residual variance",2.26297622613574
0.380038513275953,0.0677649757744819,0.247221601344739,0.512855425207167,0,"Likelihood-only / naive OLS",,,,,,,,,,,,,,,,,,,,,,,,,,,,,,,,,,,,,,,,,,,,,,,,,,FALSE,193,"Stress: pooled residual variance",2.26297622613574
0.55875968796091,0.111278288932966,0.340658249391056,0.776861126530765,0,"Conditional posterior mean / naive OLS",,,,,,,,,,,,,,,,,,,,,,,,,,,,,,,,,,,,,,,,,,,,,,,,,,TRUE,193,"Stress: pooled residual variance",2.26297622613574
0.560159892544961,0.11172877672512,0.341175514127009,0.779144270962913,0,"REPAIR / stabilized","stabilized",0.560159892544961,0.11172877672512,"ok","ok",2.37177662392792,2.41887780521106,,0.739793497699433,0.776990275050813,0.860434434466366,0.986666666666667,0.986666666666667,,1,1,"modified","modified","supplied",0,4,4,4,4,,,FALSE,6.23168006761157,0.308920576784171,2.11602945735429,0.145990678773641,6.19796554306183,113.913202617047,774.360212422846,0.147106218513774,,,,,,,,,,,,,,,TRUE,193,"Stress: pooled residual variance",2.26297622613574
0.560080897805927,0.112730733589297,0.339132720020126,0.781029075591729,0,"REPAIR / fuller_equations","fuller_equations",0.560080897805927,0.112730733589297,"ok","ok",2.37177662392792,2.41940779180619,,0.739796711323784,0.777435273844289,0.861891212564719,0.986666666666667,0.986666666666667,,1,1,"fuller","fuller","supplied",0,4,4,4,4,,,FALSE,6.27914682961831,0.30617450934171,2.11602945735429,0.144692933398255,6.19759771564024,113.792182004338,773.47305086589,0.147118483154584,,,,,,,,,,,,,,,TRUE,193,"Stress: pooled residual variance",2.26297622613574
0.591019791168548,0.0543527098758723,0.484490437349683,0.697549144987412,0,"Oracle: true predictors",,,,,,,,,,,,,,,,,,,,,,,,,,,,,,,,,,,,,,,,,,,,,,,,,,TRUE,193,"Factors: fixed measurement parameters",
0.441391595789833,0.049192099578671,0.34497685229173,0.537806339287936,0,"Likelihood-only / naive OLS",,,,,,,,,,,,,,,,,,,,,,,,,,,,,,,,,,,,,,,,,,,,,,,,,,FALSE,193,"Factors: fixed measurement parameters",
0.56529984269061,0.0669234130179732,0.434132363452883,0.696467321928336,0,"Conditional posterior mean / naive OLS",,,,,,,,,,,,,,,,,,,,,,,,,,,,,,,,,,,,,,,,,,,,,,,,,,TRUE,193,"Factors: fixed measurement parameters",
0.576292119232673,0.0716311097117247,0.435897724025056,0.716686514440291,0,"REPAIR / stabilized","stabilized",0.576292119232673,0.0716311097117247,"ok","ok",2.60685140291521,2.60693941215962,,0.686106547389824,0.805918965955716,0.811079087760706,0.986666666666667,0.986666666666667,,1,1,"modified","modified","supplied",0,4,4,4,4,,,FALSE,2.56308752866624,0.424294975045141,1.41299907044057,0.300279726944793,2.56186087209745,157.680609435127,524.918282511577,0.300390774504315,,,,,,,,,,,,,,,TRUE,193,"Factors: fixed measurement parameters",
0.576295347104737,0.0721070465936747,0.434968132749583,0.717622561459891,0,"REPAIR / fuller_equations","fuller_equations",0.576295347104737,0.0721070465936747,"ok","ok",2.60685140291521,2.60693991395447,,0.686109861714862,0.806893374888471,0.812090677407018,0.986666666666667,0.986666666666667,,1,1,"fuller","fuller","supplied",0,4,4,4,4,,,FALSE,2.57375802460596,0.420829069150107,1.41299907044057,0.297826854917104,2.56185356212223,157.488639493675,524.278059758912,0.300391436494778,,,,,,,,,,,,,,,TRUE,193,"Factors: fixed measurement parameters",
0.54818430057624,0.083590180552846,0.384350557231462,0.712018043921019,0,"Oracle: true predictors",,,,,,,,,,,,,,,,,,,,,,,,,,,,,,,,,,,,,,,,,,,,,,,,,,TRUE,194,"Stress: pooled residual variance",2.21287239644915
0.320652060738728,0.0670084338946849,0.189317943644713,0.451986177832743,0,"Likelihood-only / naive OLS",,,,,,,,,,,,,,,,,,,,,,,,,,,,,,,,,,,,,,,,,,,,,,,,,,FALSE,194,"Stress: pooled residual variance",2.21287239644915
0.483846397932439,0.114670694135573,0.259095967344508,0.70859682852037,0,"Conditional posterior mean / naive OLS",,,,,,,,,,,,,,,,,,,,,,,,,,,,,,,,,,,,,,,,,,,,,,,,,,TRUE,194,"Stress: pooled residual variance",2.21287239644915
0.48641409452499,0.121537718572847,0.248204543359045,0.724623645690935,0,"REPAIR / stabilized","stabilized",0.48641409452499,0.121537718572847,"ok","ok",2.12344226569212,2.14506370538545,,0.655316226874057,0.683118761714773,0.745332506808878,0.986666666666667,0.986666666666667,,1,1,"modified","modified","supplied",0,4,4,4,4,,,FALSE,8.24611050746068,0.238240064139832,2.15198642363669,0.110707047927015,8.30883579165181,99.7058630616271,905.544362315191,0.110105995035639,,,,,,,,,,,,,,,TRUE,194,"Stress: pooled residual variance",2.21287239644915
0.486367935383627,0.122924341928728,0.245440652380032,0.727295218387222,0,"REPAIR / fuller_equations","fuller_equations",0.486367935383627,0.122924341928728,"ok","ok",2.12344226569212,2.14532337724673,,0.655318761467672,0.683468017598795,0.746481022234002,0.986666666666667,0.986666666666667,,1,1,"fuller","fuller","supplied",0,4,4,4,4,,,FALSE,8.32901826874487,0.235564583551903,2.15198642363669,0.109463787022326,8.30958658497934,99.5993202211528,904.63573693339,0.110098812322828,,,,,,,,,,,,,,,TRUE,194,"Stress: pooled residual variance",2.21287239644915
0.669002135167812,0.0495003348019767,0.571983261733263,0.766021008602361,0,"Oracle: true predictors",,,,,,,,,,,,,,,,,,,,,,,,,,,,,,,,,,,,,,,,,,,,,,,,,,TRUE,194,"Factors: fixed measurement parameters",
0.535435825624351,0.0449644967352447,0.447307031440302,0.623564619808399,0,"Likelihood-only / naive OLS",,,,,,,,,,,,,,,,,,,,,,,,,,,,,,,,,,,,,,,,,,,,,,,,,,TRUE,194,"Factors: fixed measurement parameters",
0.682208948521663,0.0607027859123474,0.563233674372217,0.801184222671109,0,"Conditional posterior mean / naive OLS",,,,,,,,,,,,,,,,,,,,,,,,,,,,,,,,,,,,,,,,,,,,,,,,,,TRUE,194,"Factors: fixed measurement parameters",
0.692027391728491,0.0633312241756034,0.567900473247476,0.816154310209506,0,"REPAIR / stabilized","stabilized",0.692027391728491,0.0633312241756034,"ok","ok",2.45916309783425,2.45973440617299,,0.559567355385218,0.746629097571364,0.757141359892154,0.986666666666667,0.986666666666667,,1,1,"modified","modified","supplied",0,4,4,4,4,,,FALSE,2.05055732393048,0.502631931746927,1.35123002192981,0.371981027352453,2.04992546627647,201.327400214496,541.040021606625,0.372111844178647,,,,,,,,,,,,,,,TRUE,194,"Factors: fixed measurement parameters",
0.692029185676165,0.0637046801787883,0.567170306879097,0.816888064473233,0,"REPAIR / fuller_equations","fuller_equations",0.692029185676165,0.0637046801787883,"ok","ok",2.45916309783425,2.45973923926559,,0.559572902435192,0.748246557185782,0.75887219183879,0.986666666666667,0.986666666666667,,1,1,"fuller","fuller","supplied",0,4,4,4,4,,,FALSE,2.05646270876679,0.499089566857812,1.35123002192981,0.369359441958683,2.04992009152586,200.886840875937,539.854463343264,0.372112957317914,,,,,,,,,,,,,,,TRUE,194,"Factors: fixed measurement parameters",
0.629195614613364,0.0803872805487024,0.47163943992279,0.786751789303937,0,"Oracle: true predictors",,,,,,,,,,,,,,,,,,,,,,,,,,,,,,,,,,,,,,,,,,,,,,,,,,TRUE,195,"Stress: pooled residual variance",2.26075100892649
0.420505499074262,0.0622251576467982,0.29854643115421,0.542464566994313,0,"Likelihood-only / naive OLS",,,,,,,,,,,,,,,,,,,,,,,,,,,,,,,,,,,,,,,,,,,,,,,,,,FALSE,195,"Stress: pooled residual variance",2.26075100892649
0.688093899368691,0.101941813197127,0.488291616983612,0.887896181753769,0,"Conditional posterior mean / naive OLS",,,,,,,,,,,,,,,,,,,,,,,,,,,,,,,,,,,,,,,,,,,,,,,,,,TRUE,195,"Stress: pooled residual variance",2.26075100892649
0.617247100173167,0.0996824838249558,0.421873021986757,0.812621178359576,0,"REPAIR / stabilized","stabilized",0.617247100173167,0.0996824838249558,"ok","ok",2.43508090996633,2.48056789660383,,0.656020070511953,0.697449724888218,0.790697758924697,0.986666666666667,0.986666666666667,,1,1,"modified","modified","supplied",0,4,4,4,4,,,FALSE,6.49554951723028,0.330031996408783,2.33522812531562,0.141327518639823,6.49854194254176,133.800827336793,944.546658719255,0.141656133237736,,,,,,,,,,,,,,,TRUE,195,"Stress: pooled residual variance",2.26075100892649
0.617337030869841,0.100512082893004,0.420336968388449,0.814337093351234,0,"REPAIR / fuller_equations","fuller_equations",0.617337030869841,0.100512082893004,"ok","ok",2.43508090996633,2.48102838738559,,0.656023379540255,0.697908168433033,0.792198889981125,0.986666666666667,0.986666666666667,,1,1,"fuller","fuller","supplied",0,4,4,4,4,,,FALSE,6.54189102301415,0.327298661822072,2.33522812531562,0.140157040022732,6.49857138119048,133.63738916763,943.3713157363,0.141659373078697,,,,,,,,,,,,,,,TRUE,195,"Stress: pooled residual variance",2.26075100892649
0.600248825843639,0.0443364235990863,0.513351032386118,0.68714661930116,0,"Oracle: true predictors",,,,,,,,,,,,,,,,,,,,,,,,,,,,,,,,,,,,,,,,,,,,,,,,,,TRUE,195,"Factors: fixed measurement parameters",
0.485495094406903,0.042104082985767,0.402972608152714,0.568017580661092,0,"Likelihood-only / naive OLS",,,,,,,,,,,,,,,,,,,,,,,,,,,,,,,,,,,,,,,,,,,,,,,,,,FALSE,195,"Factors: fixed measurement parameters",
0.619339876811681,0.0571236439091311,0.507379592084093,0.731300161539268,0,"Conditional posterior mean / naive OLS",,,,,,,,,,,,,,,,,,,,,,,,,,,,,,,,,,,,,,,,,,,,,,,,,,TRUE,195,"Factors: fixed measurement parameters",
0.601467560935183,0.0567960112140068,0.490149424490196,0.712785697380169,0,"REPAIR / stabilized","stabilized",0.601467560935183,0.0567960112140068,"ok","ok",2.87236293312818,2.87262737398293,,0.58615793661418,0.721273908397587,0.727869924280505,0.986666666666667,0.986666666666667,,1,1,"modified","modified","supplied",0,4,4,4,4,,,FALSE,2.45773010913526,0.521223282547792,1.60269719801601,0.325216318586579,2.45758824471454,216.335160041994,665.140163895129,0.325247476825205,,,,,,,,,,,,,,,TRUE,195,"Factors: fixed measurement parameters",
0.601469016613165,0.05708307395059,0.489588247543172,0.713349785683158,0,"REPAIR / fuller_equations","fuller_equations",0.601469016613165,0.05708307395059,"ok","ok",2.87236293312818,2.87262919494905,,0.58616110724482,0.722201760345591,0.728852747063844,0.986666666666667,0.986666666666667,,1,1,"fuller","fuller","supplied",0,4,4,4,4,,,FALSE,2.46606908939528,0.51770190384879,1.60269719801601,0.323019160755791,2.45758725353564,216.054034909922,664.27537691536,0.325247694582921,,,,,,,,,,,,,,,TRUE,195,"Factors: fixed measurement parameters",
0.536362018427728,0.0816010009177129,0.376426995526591,0.696297041328865,0,"Oracle: true predictors",,,,,,,,,,,,,,,,,,,,,,,,,,,,,,,,,,,,,,,,,,,,,,,,,,TRUE,196,"Stress: pooled residual variance",2.29548426162546
0.308027988440285,0.0659875884722395,0.178694691608045,0.437361285272524,0,"Likelihood-only / naive OLS",,,,,,,,,,,,,,,,,,,,,,,,,,,,,,,,,,,,,,,,,,,,,,,,,,FALSE,196,"Stress: pooled residual variance",2.29548426162546
0.49156079712169,0.111116621601887,0.273776220698226,0.709345373545153,0,"Conditional posterior mean / naive OLS",,,,,,,,,,,,,,,,,,,,,,,,,,,,,,,,,,,,,,,,,,,,,,,,,,TRUE,196,"Stress: pooled residual variance",2.29548426162546
0.481200218099363,0.117229648176107,0.251434329753893,0.710966106444834,0,"REPAIR / stabilized","stabilized",0.481200218099363,0.117229648176107,"ok","ok",2.18080651892707,2.20494641750967,,0.653803947512904,0.681566073436113,0.743642324429967,0.986666666666667,0.986666666666667,,1,1,"modified","modified","supplied",0,4,4,4,4,,,FALSE,6.79659470153556,0.263525149053078,1.98428286517033,0.132806241327119,6.81940674765679,110.733178907802,834.844592266221,0.132639271947863,,,,,,,,,,,,,,,TRUE,196,"Stress: pooled residual variance",2.29548426162546
0.481223103354712,0.118497239249825,0.248972782157629,0.713473424551796,0,"REPAIR / fuller_equations","fuller_equations",0.481223103354712,0.118497239249825,"ok","ok",2.18080651892707,2.20525080114784,,0.653806600529324,0.6819325579253,0.744843878819851,0.986666666666667,0.986666666666667,,1,1,"fuller","fuller","supplied",0,4,4,4,4,,,FALSE,6.85935939134305,0.260733299939563,1.98428286517033,0.13139925991206,6.8196925617295,110.611486802049,833.940498826879,0.132637144925385,,,,,,,,,,,,,,,TRUE,196,"Stress: pooled residual variance",2.29548426162546
0.597603173618622,0.048002719191687,0.503519572842926,0.691686774394318,0,"Oracle: true predictors",,,,,,,,,,,,,,,,,,,,,,,,,,,,,,,,,,,,,,,,,,,,,,,,,,TRUE,196,"Factors: fixed measurement parameters",
0.436254214387157,0.0447699192850187,0.348506784997755,0.524001643776559,0,"Likelihood-only / naive OLS",,,,,,,,,,,,,,,,,,,,,,,,,,,,,,,,,,,,,,,,,,,,,,,,,,FALSE,196,"Factors: fixed measurement parameters",
0.554770012314197,0.0607702464775494,0.435662517886578,0.673877506741816,0,"Conditional posterior mean / naive OLS",,,,,,,,,,,,,,,,,,,,,,,,,,,,,,,,,,,,,,,,,,,,,,,,,,TRUE,196,"Factors: fixed measurement parameters",
0.560976474182369,0.0635547736448475,0.436411406792873,0.685541541571866,0,"REPAIR / stabilized","stabilized",0.560976474182369,0.0635547736448475,"ok","ok",2.77223390009768,2.77322876142392,,0.581206303432122,0.703144205018404,0.709841154624003,0.986666666666667,0.986666666666667,,1,1,"modified","modified","supplied",0,4,4,4,4,,,FALSE,2.35345497924266,0.469833152638133,1.43067451122891,0.328399750572588,2.35382977424017,199.985793453487,609.028657593136,0.328368445327065,,,,,,,,,,,,,,,TRUE,196,"Factors: fixed measurement parameters",
0.560977998256727,0.0639405573548622,0.43565680868978,0.686299187823675,0,"REPAIR / fuller_equations","fuller_equations",0.560977998256727,0.0639405573548622,"ok","ok",2.77223390009768,2.77323577322305,,0.581209617876299,0.704113776226675,0.710867735447808,0.986666666666667,0.986666666666667,,1,1,"fuller","fuller","supplied",0,4,4,4,4,,,FALSE,2.36158689274479,0.466358747802924,1.43067451122891,0.325971242335431,2.3538324266875,199.707092973483,608.180324772668,0.328368223763456,,,,,,,,,,,,,,,TRUE,196,"Factors: fixed measurement parameters",
0.527394267456605,0.0737115944577147,0.382922197076462,0.671866337836748,0,"Oracle: true predictors",,,,,,,,,,,,,,,,,,,,,,,,,,,,,,,,,,,,,,,,,,,,,,,,,,TRUE,197,"Stress: pooled residual variance",2.27218604006411
0.37222439453961,0.0612372490429119,0.252201591903193,0.492247197176027,0,"Likelihood-only / naive OLS",,,,,,,,,,,,,,,,,,,,,,,,,,,,,,,,,,,,,,,,,,,,,,,,,,FALSE,197,"Stress: pooled residual variance",2.27218604006411
0.566120927357437,0.0985623007815651,0.372942367592165,0.759299487122708,0,"Conditional posterior mean / naive OLS",,,,,,,,,,,,,,,,,,,,,,,,,,,,,,,,,,,,,,,,,,,,,,,,,,TRUE,197,"Stress: pooled residual variance",2.27218604006411
0.553658296203878,0.105625018461082,0.346637064153779,0.760679528253977,0,"REPAIR / stabilized","stabilized",0.553658296203878,0.105625018461082,"ok","ok",2.15974391263799,2.22965338818329,,0.563687309914507,0.602994195943988,0.690310457663219,0.986666666666667,0.986666666666667,,1,1,"modified","modified","supplied",0,4,4,4,4,,,FALSE,7.43792596907659,0.263654066254629,2.15321190235368,0.122446873884743,7.34939320816988,124.934132243014,1004.7055275451,0.124349004576772,,,,,,,,,,,,,,,TRUE,197,"Stress: pooled residual variance",2.27218604006411
0.553643226992293,0.106697172856489,0.34452061094133,0.762765843043255,0,"REPAIR / fuller_equations","fuller_equations",0.553643226992293,0.106697172856489,"ok","ok",2.15974391263799,2.23039914508533,,0.563690604064331,0.603452193082784,0.691802418432065,0.986666666666667,0.986666666666667,,1,1,"fuller","fuller","supplied",0,4,4,4,4,,,FALSE,7.5064027915788,0.260903028503417,2.15321190235368,0.121169230124644,7.3485024214469,124.778986824656,1003.30069844493,0.124368483963041,,,,,,,,,,,,,,,TRUE,197,"Stress: pooled residual variance",2.27218604006411
0.594002354959989,0.0462956463573129,0.503264555458653,0.684740154461325,0,"Oracle: true predictors",,,,,,,,,,,,,,,,,,,,,,,,,,,,,,,,,,,,,,,,,,,,,,,,,,TRUE,197,"Factors: fixed measurement parameters",
0.458298226198997,0.0451906713072551,0.36972613799959,0.546870314398405,0,"Likelihood-only / naive OLS",,,,,,,,,,,,,,,,,,,,,,,,,,,,,,,,,,,,,,,,,,,,,,,,,,FALSE,197,"Factors: fixed measurement parameters",
0.592745916467376,0.0609244819918501,0.47333612598659,0.712155706948161,0,"Conditional posterior mean / naive OLS",,,,,,,,,,,,,,,,,,,,,,,,,,,,,,,,,,,,,,,,,,,,,,,,,,TRUE,197,"Factors: fixed measurement parameters",
0.588015020036463,0.0611796575768097,0.468105094599423,0.707924945473503,0,"REPAIR / stabilized","stabilized",0.588015020036463,0.0611796575768097,"ok","ok",3.13798441954807,3.13894846687188,,0.664962687124481,0.77802885826375,0.780801099618273,0.986666666666667,0.986666666666667,,1,1,"modified","modified","supplied",0,4,4,4,4,,,FALSE,1.93970579556071,0.57890008547902,1.44592644744829,0.400366205695068,1.93927295819377,223.076705964367,557.046849332222,0.400463096114425,,,,,,,,,,,,,,,TRUE,197,"Factors: fixed measurement parameters",
0.588013325661417,0.0614845796679085,0.467505763907732,0.708520887415101,0,"REPAIR / fuller_equations","fuller_equations",0.588013325661417,0.0614845796679085,"ok","ok",3.13798441954807,3.13895451365238,,0.664965639792037,0.778900270250941,0.781693075180337,0.986666666666667,0.986666666666667,,1,1,"fuller","fuller","supplied",0,4,4,4,4,,,FALSE,1.94395256163327,0.57539550304338,1.44592644744829,0.397942443102009,1.9392702434539,222.826249440252,556.420587533639,0.400463703954486,,,,,,,,,,,,,,,TRUE,197,"Factors: fixed measurement parameters",
0.693077067933115,0.081244117239499,0.533841524187948,0.852312611678283,0,"Oracle: true predictors",,,,,,,,,,,,,,,,,,,,,,,,,,,,,,,,,,,,,,,,,,,,,,,,,,TRUE,198,"Stress: pooled residual variance",2.25560449447172
0.396723317189914,0.0631434814193325,0.272964367749548,0.52048226663028,0,"Likelihood-only / naive OLS",,,,,,,,,,,,,,,,,,,,,,,,,,,,,,,,,,,,,,,,,,,,,,,,,,FALSE,198,"Stress: pooled residual variance",2.25560449447172
0.628213619706612,0.103399056279411,0.425555193363537,0.830872046049688,0,"Conditional posterior mean / naive OLS",,,,,,,,,,,,,,,,,,,,,,,,,,,,,,,,,,,,,,,,,,,,,,,,,,TRUE,198,"Stress: pooled residual variance",2.25560449447172
0.596423347126998,0.103765616324789,0.39304647629681,0.799800217957185,0,"REPAIR / stabilized","stabilized",0.596423347126998,0.103765616324789,"ok","ok",2.37940703288186,2.42816173127388,,0.625980445382998,0.668359650622976,0.762941598163528,0.986666666666667,0.986666666666667,,1,1,"modified","modified","supplied",0,4,4,4,4,,,FALSE,5.44035825652737,0.32236711383192,1.94315243447437,0.165899035048746,5.45840381553759,135.671127594356,817.60703989199,0.165936838817188,,,,,,,,,,,,,,,TRUE,198,"Stress: pooled residual variance",2.25560449447172
0.596468039974831,0.104682956542735,0.391293215355899,0.801642864593763,0,"REPAIR / fuller_equations","fuller_equations",0.596468039974831,0.104682956542735,"ok","ok",2.37940703288186,2.42868517058139,,0.625984012086277,0.668854823903643,0.764557765411995,0.986666666666667,0.986666666666667,,1,1,"fuller","fuller","supplied",0,4,4,4,4,,,FALSE,5.47916281110652,0.319617139312128,1.94315243447437,0.164483822082947,5.45859088889231,135.483073719295,816.471826889858,0.165937230480302,,,,,,,,,,,,,,,TRUE,198,"Stress: pooled residual variance",2.25560449447172
0.545240208297719,0.0532280512971061,0.440915144788141,0.649565271807298,0,"Oracle: true predictors",,,,,,,,,,,,,,,,,,,,,,,,,,,,,,,,,,,,,,,,,,,,,,,,,,TRUE,198,"Factors: fixed measurement parameters",
0.427473830703318,0.0469389564787815,0.335475166533014,0.519472494873623,0,"Likelihood-only / naive OLS",,,,,,,,,,,,,,,,,,,,,,,,,,,,,,,,,,,,,,,,,,,,,,,,,,FALSE,198,"Factors: fixed measurement parameters",
0.536163763318284,0.0635547357122956,0.411598770275223,0.660728756361345,0,"Conditional posterior mean / naive OLS",,,,,,,,,,,,,,,,,,,,,,,,,,,,,,,,,,,,,,,,,,,,,,,,,,TRUE,198,"Factors: fixed measurement parameters",
0.539317582241266,0.0648556540365509,0.412202836135837,0.666432328346696,0,"REPAIR / stabilized","stabilized",0.539317582241266,0.0648556540365509,"ok","ok",2.77689558632895,2.77827434980972,,0.671823145614429,0.80789732138094,0.819165478747505,0.986666666666667,0.986666666666667,,1,1,"modified","modified","supplied",0,4,4,4,4,,,FALSE,2.21095585991275,0.518079988974207,1.47010084132459,0.35241119140331,2.21197139061915,191.743524358956,544.245076280406,0.352310995019762,,,,,,,,,,,,,,,TRUE,198,"Factors: fixed measurement parameters",
0.53931857384149,0.0652143963460471,0.411500705729717,0.667136441953263,0,"REPAIR / fuller_equations","fuller_equations",0.53931857384149,0.0652143963460471,"ok","ok",2.77689558632895,2.77828592448706,,0.671826951539429,0.808999043999273,0.820378255395146,0.986666666666667,0.986666666666667,,1,1,"fuller","fuller","supplied",0,4,4,4,4,,,FALSE,2.21739145603273,0.514601076036108,1.47010084132459,0.350044746299474,2.21197991212007,191.477078696717,543.490093322606,0.352310154406181,,,,,,,,,,,,,,,TRUE,198,"Factors: fixed measurement parameters",
0.387034568536653,0.0875947771706052,0.215351960048455,0.55871717702485,0,"Oracle: true predictors",,,,,,,,,,,,,,,,,,,,,,,,,,,,,,,,,,,,,,,,,,,,,,,,,,FALSE,199,"Stress: pooled residual variance",2.23661824598881
0.173608903512963,0.0671787850116667,0.0419409043649371,0.305276902660989,0,"Likelihood-only / naive OLS",,,,,,,,,,,,,,,,,,,,,,,,,,,,,,,,,,,,,,,,,,,,,,,,,,FALSE,199,"Stress: pooled residual variance",2.23661824598881
0.235353566714119,0.110607657957542,0.0185665407030107,0.452140592725227,0,"Conditional posterior mean / naive OLS",,,,,,,,,,,,,,,,,,,,,,,,,,,,,,,,,,,,,,,,,,,,,,,,,,FALSE,199,"Stress: pooled residual variance",2.23661824598881
0.270733680658396,0.115095654258017,0.0451503435356094,0.496317017781183,0,"REPAIR / stabilized","stabilized",0.270733680658396,0.115095654258017,"ok","ok",2.34817633939459,2.36384793867455,,0.664635279507188,0.679623460800801,0.711641633576805,0.986666666666667,0.986666666666667,,1,1,"modified","modified","supplied",0,4,4,4,4,,,FALSE,6.21714459397244,0.296305546029604,2.02931977090609,0.14601225015282,6.24428106585739,127.449506745948,875.65153509727,0.14554820226723,,,,,,,,,,,,,,,FALSE,199,"Stress: pooled residual variance",2.23661824598881
0.270729769387394,0.116220664844298,0.0429414520332696,0.498518086741519,0,"REPAIR / fuller_equations","fuller_equations",0.270729769387394,0.116220664844298,"ok","ok",2.34817633939459,2.36401235571537,,0.664636403319905,0.679782135878161,0.712148344004381,0.986666666666667,0.986666666666667,,1,1,"fuller","fuller","supplied",0,4,4,4,4,,,FALSE,6.26645445456158,0.293570467397485,2.02931977090609,0.144664469151851,6.24456460653723,127.3857879376,875.242839939764,0.145543364795041,,,,,,,,,,,,,,,FALSE,199,"Stress: pooled residual variance",2.23661824598881
0.6037890417985,0.0460419324388779,0.513548512439673,0.694029571157327,0,"Oracle: true predictors",,,,,,,,,,,,,,,,,,,,,,,,,,,,,,,,,,,,,,,,,,,,,,,,,,TRUE,199,"Factors: fixed measurement parameters",
0.47807589463696,0.0424456481544392,0.3948839529538,0.56126783632012,0,"Likelihood-only / naive OLS",,,,,,,,,,,,,,,,,,,,,,,,,,,,,,,,,,,,,,,,,,,,,,,,,,FALSE,199,"Factors: fixed measurement parameters",
0.609592656813265,0.0572928892126555,0.497300657386217,0.721884656240314,0,"Conditional posterior mean / naive OLS",,,,,,,,,,,,,,,,,,,,,,,,,,,,,,,,,,,,,,,,,,,,,,,,,,TRUE,199,"Factors: fixed measurement parameters",
0.60126157537518,0.0570937773282149,0.489359828070529,0.71316332267983,0,"REPAIR / stabilized","stabilized",0.60126157537518,0.0570937773282149,"ok","ok",2.66905757933192,2.67033522230083,,0.580653521130883,0.724296779584319,0.732763310771316,0.986666666666667,0.986666666666667,,1,1,"modified","modified","supplied",0,4,4,4,4,,,FALSE,2.11796068047386,0.534723656537329,1.44997761177676,0.368780629572683,2.11559999179847,220.933687606,598.500469376322,0.369145387364905,,,,,,,,,,,,,,,TRUE,199,"Factors: fixed measurement parameters",
0.601263458625827,0.0573774787100273,0.48880566683046,0.713721250421195,0,"REPAIR / fuller_equations","fuller_equations",0.601263458625827,0.0573774787100273,"ok","ok",2.66905757933192,2.67034696501844,,0.580657474311605,0.725446863846382,0.734005636230362,0.986666666666667,0.986666666666667,,1,1,"fuller","fuller","supplied",0,4,4,4,4,,,FALSE,2.12421830276089,0.531137169044733,1.44997761177676,0.366307151731738,2.1155782576963,220.578423921257,597.532633028795,0.369148748919672,,,,,,,,,,,,,,,TRUE,199,"Factors: fixed measurement parameters",
0.573782901805901,0.0855415730324762,0.406124499481345,0.741441304130457,0,"Oracle: true predictors",,,,,,,,,,,,,,,,,,,,,,,,,,,,,,,,,,,,,,,,,,,,,,,,,,TRUE,200,"Stress: pooled residual variance",2.27294224445429
0.344906862896205,0.0647215393132389,0.218054976818264,0.471758748974146,0,"Likelihood-only / naive OLS",,,,,,,,,,,,,,,,,,,,,,,,,,,,,,,,,,,,,,,,,,,,,,,,,,FALSE,200,"Stress: pooled residual variance",2.27294224445429
0.516608689916286,0.106904830589777,0.307079072186967,0.726138307645606,0,"Conditional posterior mean / naive OLS",,,,,,,,,,,,,,,,,,,,,,,,,,,,,,,,,,,,,,,,,,,,,,,,,,TRUE,200,"Stress: pooled residual variance",2.27294224445429
0.550742897289398,0.112507054704273,0.330233122062345,0.771252672516452,0,"REPAIR / stabilized","stabilized",0.550742897289398,0.112507054704273,"ok","ok",2.24011763603041,2.28697090584845,,0.606462265099839,0.643034102246969,0.725002837881161,0.986666666666667,0.986666666666667,,1,1,"modified","modified","supplied",0,4,4,4,4,,,FALSE,6.19860449109352,0.297996791620193,2.0380838354628,0.146214197097797,6.15626428287769,131.34019349346,890.048113392292,0.147565273738827,,,,,,,,,,,,,,,TRUE,200,"Stress: pooled residual variance",2.27294224445429
0.550628128670905,0.11364420839643,0.327889573162339,0.773366684179472,0,"REPAIR / fuller_equations","fuller_equations",0.550628128670905,0.11364420839643,"ok","ok",2.24011763603041,2.28763703750504,,0.606466331409017,0.643598721923483,0.726841756758432,0.986666666666667,0.986666666666667,,1,1,"fuller","fuller","supplied",0,4,4,4,4,,,FALSE,6.24801979760247,0.29522712135461,2.0380838354628,0.144855239130814,6.15568225166671,131.125309061738,888.479042910181,0.14758402025133,,,,,,,,,,,,,,,TRUE,200,"Stress: pooled residual variance",2.27294224445429
0.546319826496868,0.0479114701019701,0.452415070650639,0.640224582343097,0,"Oracle: true predictors",,,,,,,,,,,,,,,,,,,,,,,,,,,,,,,,,,,,,,,,,,,,,,,,,,TRUE,200,"Factors: fixed measurement parameters",
0.443012488099453,0.0478012416773423,0.349323775995568,0.536701200203339,0,"Likelihood-only / naive OLS",,,,,,,,,,,,,,,,,,,,,,,,,,,,,,,,,,,,,,,,,,,,,,,,,,FALSE,200,"Factors: fixed measurement parameters",
0.563161224374768,0.0649412469519199,0.435878719237884,0.690443729511653,0,"Conditional posterior mean / naive OLS",,,,,,,,,,,,,,,,,,,,,,,,,,,,,,,,,,,,,,,,,,,,,,,,,,TRUE,200,"Factors: fixed measurement parameters",
0.569195883788433,0.0680142451030281,0.435890412950819,0.702501354626048,0,"REPAIR / stabilized","stabilized",0.569195883788433,0.0680142451030281,"ok","ok",2.80462649254316,2.80448293272346,,0.669237579437104,0.793487624586905,0.800099723528683,0.986666666666667,0.986666666666667,,1,1,"modified","modified","supplied",0,4,4,4,4,,,FALSE,2.45179988572896,0.473089624842526,1.48601400629651,0.31836148437226,2.45207404175862,178.445036927449,560.578317269926,0.318323116378269,,,,,,,,,,,,,,,TRUE,200,"Factors: fixed measurement parameters",
0.569197033215928,0.0684298089825468,0.435077072141181,0.703316994290675,0,"REPAIR / fuller_equations","fuller_equations",0.569197033215928,0.0684298089825468,"ok","ok",2.80462649254316,2.80448203067766,,0.669240847324437,0.794445366764534,0.801107022631599,0.986666666666667,0.986666666666667,,1,1,"fuller","fuller","supplied",0,4,4,4,4,,,FALSE,2.46047313848055,0.469632844047485,1.48601400629651,0.316035274268995,2.4520757532947,178.227302592053,559.894734375644,0.318322876872204,,,,,,,,,,,,,,,TRUE,200,"Factors: fixed measurement parameters",
0.653072895512403,0.0805359349674041,0.495225363515031,0.810920427509775,0,"Oracle: true predictors",,,,,,,,,,,,,,,,,,,,,,,,,,,,,,,,,,,,,,,,,,,,,,,,,,TRUE,201,"Stress: pooled residual variance",2.25933192216415
0.400818733390092,0.0661397570398797,0.271187191645699,0.530450275134486,0,"Likelihood-only / naive OLS",,,,,,,,,,,,,,,,,,,,,,,,,,,,,,,,,,,,,,,,,,,,,,,,,,FALSE,201,"Stress: pooled residual variance",2.25933192216415
0.615337623070408,0.106641811840063,0.406323512617786,0.824351733523029,0,"Conditional posterior mean / naive OLS",,,,,,,,,,,,,,,,,,,,,,,,,,,,,,,,,,,,,,,,,,,,,,,,,,TRUE,201,"Stress: pooled residual variance",2.25933192216415
0.624537332124279,0.115392465338037,0.398372255974441,0.850702408274117,0,"REPAIR / stabilized","stabilized",0.624537332124279,0.115392465338037,"ok","ok",2.17757201451842,2.24115093833457,,0.629215684269321,0.674088902260351,0.774889174501043,0.986666666666667,0.986666666666667,,1,1,"modified","modified","supplied",0,4,4,4,4,,,FALSE,7.75606250885734,0.280382950822702,2.36494969049292,0.118557680930736,7.60951497269692,118.464299563959,977.834341631805,0.121149661573827,,,,,,,,,,,,,,,TRUE,201,"Stress: pooled residual variance",2.25933192216415
0.624501027807778,0.11657272030222,0.396022694435565,0.85297936117999,0,"REPAIR / fuller_equations","fuller_equations",0.624501027807778,0.11657272030222,"ok","ok",2.17757201451842,2.24195081660031,,0.629220155254421,0.674706069116401,0.776914116567088,0.986666666666667,0.986666666666667,,1,1,"fuller","fuller","supplied",0,4,4,4,4,,,FALSE,7.82352025369873,0.277636768667964,2.36494969049292,0.117396479842283,7.60776605275107,118.284454238721,976.095112640261,0.121181279064875,,,,,,,,,,,,,,,TRUE,201,"Stress: pooled residual variance",2.25933192216415
0.662645180310977,0.047767903848713,0.569021809150527,0.756268551471426,0,"Oracle: true predictors",,,,,,,,,,,,,,,,,,,,,,,,,,,,,,,,,,,,,,,,,,,,,,,,,,TRUE,201,"Factors: fixed measurement parameters",
0.509635920011648,0.0424995264214406,0.426338378865616,0.59293346115768,0,"Likelihood-only / naive OLS",,,,,,,,,,,,,,,,,,,,,,,,,,,,,,,,,,,,,,,,,,,,,,,,,,FALSE,201,"Factors: fixed measurement parameters",
0.651905561881704,0.0575090666795474,0.539189862405278,0.764621261358129,0,"Conditional posterior mean / naive OLS",,,,,,,,,,,,,,,,,,,,,,,,,,,,,,,,,,,,,,,,,,,,,,,,,,TRUE,201,"Factors: fixed measurement parameters",
0.640909849667793,0.0578026878258622,0.527618663319491,0.754201036016095,0,"REPAIR / stabilized","stabilized",0.640909849667793,0.0578026878258622,"ok","ok",2.65766533166291,2.65831040231845,,0.568208237399191,0.720415340604831,0.727650981415513,0.986666666666667,0.986666666666667,,1,1,"modified","modified","supplied",0,4,4,4,4,,,FALSE,2.22960518512344,0.516838380116846,1.47160135182341,0.351208144431539,2.22940524798596,214.657252228357,611.166122925683,0.351225704724572,,,,,,,,,,,,,,,TRUE,201,"Factors: fixed measurement parameters",
0.640912755846626,0.0581033291817601,0.527032323268501,0.754793188424751,0,"REPAIR / fuller_equations","fuller_equations",0.640912755846626,0.0581033291817601,"ok","ok",2.65766533166291,2.65831589179262,,0.568212220265545,0.721579105896457,0.728888709305654,0.986666666666667,0.986666666666667,,1,1,"fuller","fuller","supplied",0,4,4,4,4,,,FALSE,2.23668737494163,0.513279426972672,1.47160135182341,0.348789722390975,2.22940354509573,214.30622889251,610.16643943115,0.351225854198578,,,,,,,,,,,,,,,TRUE,201,"Factors: fixed measurement parameters",
0.444031289415027,0.0837399594556602,0.279903984815089,0.608158594014966,0,"Oracle: true predictors",,,,,,,,,,,,,,,,,,,,,,,,,,,,,,,,,,,,,,,,,,,,,,,,,,TRUE,202,"Stress: pooled residual variance",2.288961746205
0.230429498171857,0.0643262596747197,0.104352345949235,0.356506650394479,0,"Likelihood-only / naive OLS",,,,,,,,,,,,,,,,,,,,,,,,,,,,,,,,,,,,,,,,,,,,,,,,,,FALSE,202,"Stress: pooled residual variance",2.288961746205
0.34769375409274,0.109950886466185,0.132193976550765,0.563193531634715,0,"Conditional posterior mean / naive OLS",,,,,,,,,,,,,,,,,,,,,,,,,,,,,,,,,,,,,,,,,,,,,,,,,,FALSE,202,"Stress: pooled residual variance",2.288961746205
0.376473025570557,0.114794150853864,0.151480624261125,0.601465426879988,0,"REPAIR / stabilized","stabilized",0.376473025570557,0.114794150853864,"ok","ok",2.24106629917864,2.25922930169075,,0.579854582012317,0.608101397469062,0.668606238106147,0.986666666666667,0.986666666666667,,1,1,"modified","modified","supplied",0,4,4,4,4,,,FALSE,5.98296209755856,0.294692924097195,1.95562579272112,0.150689832990569,6.05783856747103,137.238282902572,919.82168135957,0.149200965452046,,,,,,,,,,,,,,,TRUE,202,"Stress: pooled residual variance",2.288961746205
0.376483947235275,0.116028202826141,0.149072848505131,0.603895045965419,0,"REPAIR / fuller_equations","fuller_equations",0.376483947235275,0.116028202826141,"ok","ok",2.24106629917864,2.25944609219058,,0.579857104103979,0.608457793900624,0.669742007545726,0.986666666666667,0.986666666666667,,1,1,"fuller","fuller","supplied",0,4,4,4,4,,,FALSE,6.03116049617414,0.291906691496584,1.95562579272112,0.149265106127699,6.05873135195531,137.066891917574,918.781390682405,0.149183356680494,,,,,,,,,,,,,,,TRUE,202,"Stress: pooled residual variance",2.288961746205
0.607150280534694,0.0479844670967355,0.513102453207746,0.701198107861643,0,"Oracle: true predictors",,,,,,,,,,,,,,,,,,,,,,,,,,,,,,,,,,,,,,,,,,,,,,,,,,TRUE,202,"Factors: fixed measurement parameters",
0.457306808398926,0.0446896920218175,0.369716621555977,0.544896995241875,0,"Likelihood-only / naive OLS",,,,,,,,,,,,,,,,,,,,,,,,,,,,,,,,,,,,,,,,,,,,,,,,,,FALSE,202,"Factors: fixed measurement parameters",
0.579662642302054,0.0608280323419414,0.460441889661411,0.698883394942697,0,"Conditional posterior mean / naive OLS",,,,,,,,,,,,,,,,,,,,,,,,,,,,,,,,,,,,,,,,,,,,,,,,,,TRUE,202,"Factors: fixed measurement parameters",
0.568827770131251,0.06186986107059,0.447565070704398,0.690090469558104,0,"REPAIR / stabilized","stabilized",0.568827770131251,0.06186986107059,"ok","ok",2.56459768891475,2.56485920676394,,0.631342813394158,0.763103297765754,0.771353371710017,0.986666666666667,0.986666666666667,,1,1,"modified","modified","supplied",0,4,4,4,4,,,FALSE,2.7146056695713,0.435835173986403,1.50354361244298,0.289871986671708,2.7172046490461,170.782260087934,589.675781249804,0.289620611051662,,,,,,,,,,,,,,,TRUE,202,"Factors: fixed measurement parameters",
0.568826603344085,0.0622224180861735,0.446872904864192,0.690780301823979,0,"REPAIR / fuller_equations","fuller_equations",0.568826603344085,0.0622224180861735,"ok","ok",2.56459768891475,2.56486156415162,,0.6313462791082,0.764110243464102,0.772447098319116,0.986666666666667,0.986666666666667,,1,1,"fuller","fuller","supplied",0,4,4,4,4,,,FALSE,2.72684277824164,0.43229538592239,1.50354361244298,0.28751768977289,2.71722835965363,170.552135142765,588.885866212704,0.289618319827635,,,,,,,,,,,,,,,TRUE,202,"Factors: fixed measurement parameters",
0.579284174161499,0.0830132357635596,0.41658122182479,0.741987126498208,0,"Oracle: true predictors",,,,,,,,,,,,,,,,,,,,,,,,,,,,,,,,,,,,,,,,,,,,,,,,,,TRUE,203,"Stress: pooled residual variance",2.30772412404073
0.402113525017022,0.0711396790267786,0.262682316252797,0.541544733781248,0,"Likelihood-only / naive OLS",,,,,,,,,,,,,,,,,,,,,,,,,,,,,,,,,,,,,,,,,,,,,,,,,,FALSE,203,"Stress: pooled residual variance",2.30772412404073
0.580921538991952,0.118231645121165,0.349191772721548,0.812651305262355,0,"Conditional posterior mean / naive OLS",,,,,,,,,,,,,,,,,,,,,,,,,,,,,,,,,,,,,,,,,,,,,,,,,,TRUE,203,"Stress: pooled residual variance",2.30772412404073
0.632714706787931,0.12553154603243,0.386677397640736,0.878752015935126,0,"REPAIR / stabilized","stabilized",0.632714706787931,0.12553154603243,"ok","ok",2.1694882412494,2.223165499841,,0.746001278281171,0.791176772729178,0.893675118579884,0.986666666666667,0.986666666666667,,1,1,"modified","modified","supplied",0,4,4,4,4,,,FALSE,7.19771028804411,0.281761076219551,2.22190980253152,0.126810312416161,7.18312497926174,101.119142703308,793.503761308988,0.12743372827433,,,,,,,,,,,,,,,TRUE,203,"Stress: pooled residual variance",2.30772412404073
0.632453088237882,0.126854715078499,0.383822415414933,0.88108376106083,0,"REPAIR / fuller_equations","fuller_equations",0.632453088237882,0.126854715078499,"ok","ok",2.1694882412494,2.22396413050218,,0.74600659572175,0.791911094071711,0.896081603670253,0.986666666666667,0.986666666666667,,1,1,"fuller","fuller","supplied",0,4,4,4,4,,,FALSE,7.2608659742676,0.278949544093264,2.22190980253152,0.125544945062777,7.18291714778312,100.947729823328,792.102898942825,0.127442697101673,,,,,,,,,,,,,,,TRUE,203,"Stress: pooled residual variance",2.30772412404073
0.555889561428679,0.0546376872296337,0.448801662260033,0.662977460597326,0,"Oracle: true predictors",,,,,,,,,,,,,,,,,,,,,,,,,,,,,,,,,,,,,,,,,,,,,,,,,,TRUE,203,"Factors: fixed measurement parameters",
0.419997416804169,0.0518711790863089,0.318331773959376,0.521663059648962,0,"Likelihood-only / naive OLS",,,,,,,,,,,,,,,,,,,,,,,,,,,,,,,,,,,,,,,,,,,,,,,,,,FALSE,203,"Factors: fixed measurement parameters",
0.53493501071435,0.0706479652527911,0.396467543237843,0.673402478190858,0,"Conditional posterior mean / naive OLS",,,,,,,,,,,,,,,,,,,,,,,,,,,,,,,,,,,,,,,,,,,,,,,,,,TRUE,203,"Factors: fixed measurement parameters",
0.547213884405188,0.075960507784134,0.398334024900911,0.696093743909465,0,"REPAIR / stabilized","stabilized",0.547213884405188,0.075960507784134,"ok","ok",2.5749164288145,2.5747435228216,,0.769517146541461,0.879485590181061,0.884519891468603,0.986666666666667,0.986666666666667,,1,1,"modified","modified","supplied",0,4,4,4,4,,,FALSE,2.69444389536206,0.413815887320775,1.44107018374223,0.287158732440194,2.6953685196337,140.917312638546,490.88163909935,0.287069838051176,,,,,,,,,,,,,,,TRUE,203,"Factors: fixed measurement parameters",
0.547213447005459,0.0764761403980795,0.397322966148595,0.697103927862323,0,"REPAIR / fuller_equations","fuller_equations",0.547213447005459,0.0764761403980795,"ok","ok",2.5749164288145,2.5747425225634,,0.769520149312013,0.88036828957135,0.885436879251083,0.986666666666667,0.986666666666667,,1,1,"fuller","fuller","supplied",0,4,4,4,4,,,FALSE,2.706416635661,0.410358806639766,1.44107018374223,0.28475976483958,2.69537386297251,140.774646090382,490.385541309271,0.28706932450441,,,,,,,,,,,,,,,TRUE,203,"Factors: fixed measurement parameters",
0.652542326173102,0.081062706750233,0.493662340453313,0.81142231189289,0,"Oracle: true predictors",,,,,,,,,,,,,,,,,,,,,,,,,,,,,,,,,,,,,,,,,,,,,,,,,,TRUE,204,"Stress: pooled residual variance",2.33734965008938
0.496680637099588,0.066269408642452,0.366794982883614,0.626566291315561,0,"Likelihood-only / naive OLS",,,,,,,,,,,,,,,,,,,,,,,,,,,,,,,,,,,,,,,,,,,,,,,,,,TRUE,204,"Stress: pooled residual variance",2.33734965008938
0.760806650147331,0.109194910575704,0.54678855812388,0.974824742170783,0,"Conditional posterior mean / naive OLS",,,,,,,,,,,,,,,,,,,,,,,,,,,,,,,,,,,,,,,,,,,,,,,,,,TRUE,204,"Stress: pooled residual variance",2.33734965008938
0.82599459407503,0.126974956139837,0.577128253102397,1.07486093504766,0,"REPAIR / stabilized","stabilized",0.82599459407503,0.126974956139837,"ok","ok",1.90073660417553,2.00195073975354,,0.555937355175211,0.633124001240992,0.808580561979265,0.986666666666667,0.986666666666667,,1,1,"modified","modified","supplied",0,4,4,4,4,,,FALSE,7.7553040990091,0.256102616567779,2.18233390935072,0.117352626685792,7.55100681960109,111.031612398153,916.182250797781,0.121189438347523,,,,,,,,,,,,,,,TRUE,204,"Stress: pooled residual variance",2.33734965008938
0.825618675704588,0.128555174721816,0.573655163223576,1.0775821881856,0,"REPAIR / fuller_equations","fuller_equations",0.825618675704588,0.128555174721816,"ok","ok",1.90073660417553,2.00354160729086,,0.555948082380426,0.63460309203003,0.81342815062114,0.986666666666667,0.986666666666667,,1,1,"fuller","fuller","supplied",0,4,4,4,4,,,FALSE,7.83211642670314,0.253252514508915,2.18233390935072,0.116046638611899,7.5480793079949,110.637607997839,912.503192907868,0.121246269446215,,,,,,,,,,,,,,,TRUE,204,"Stress: pooled residual variance",2.33734965008938
0.587772254934222,0.0486275785313882,0.492463952357308,0.683080557511136,0,"Oracle: true predictors",,,,,,,,,,,,,,,,,,,,,,,,,,,,,,,,,,,,,,,,,,,,,,,,,,TRUE,204,"Factors: fixed measurement parameters",
0.441311708059043,0.0481153356269631,0.347007383126138,0.535616032991947,0,"Likelihood-only / naive OLS",,,,,,,,,,,,,,,,,,,,,,,,,,,,,,,,,,,,,,,,,,,,,,,,,,FALSE,204,"Factors: fixed measurement parameters",
0.558309982398361,0.065369159358601,0.430188784355843,0.686431180440878,0,"Conditional posterior mean / naive OLS",,,,,,,,,,,,,,,,,,,,,,,,,,,,,,,,,,,,,,,,,,,,,,,,,,TRUE,204,"Factors: fixed measurement parameters",
0.571282875826621,0.0697013297449987,0.434670779851873,0.707894971801369,0,"REPAIR / stabilized","stabilized",0.571282875826621,0.0697013297449987,"ok","ok",2.72224497535386,2.72144242119374,,0.64777375959345,0.776798802805422,0.784300087758075,0.986666666666667,0.986666666666667,,1,1,"modified","modified","supplied",0,4,4,4,4,,,FALSE,2.44941176382157,0.455040749192525,1.44124339575381,0.315727898933079,2.45112278155221,175.189674870632,555.247264952184,0.31551650215822,,,,,,,,,,,,,,,TRUE,204,"Factors: fixed measurement parameters",
0.571284112680148,0.0701547963212511,0.433783238547753,0.708784986812543,0,"REPAIR / fuller_equations","fuller_equations",0.571284112680148,0.0701547963212511,"ok","ok",2.72224497535386,2.72143719590636,,0.647777286713378,0.777830941093717,0.785391431031719,0.986666666666667,0.986666666666667,,1,1,"fuller","fuller","supplied",0,4,4,4,4,,,FALSE,2.45834958015013,0.451592300284067,1.44124339575381,0.313335208761094,2.45113392461877,174.953659906696,554.501655532354,0.315515126350218,,,,,,,,,,,,,,,TRUE,204,"Factors: fixed measurement parameters",
0.543720059053058,0.0922946525603231,0.362825864069187,0.724614254036928,0,"Oracle: true predictors",,,,,,,,,,,,,,,,,,,,,,,,,,,,,,,,,,,,,,,,,,,,,,,,,,TRUE,205,"Stress: pooled residual variance",2.29813253206578
0.408034836215185,0.0744622005793802,0.262091604870002,0.553978067560367,0,"Likelihood-only / naive OLS",,,,,,,,,,,,,,,,,,,,,,,,,,,,,,,,,,,,,,,,,,,,,,,,,,FALSE,205,"Stress: pooled residual variance",2.29813253206578
0.644682416450826,0.12704177237883,0.395685118056184,0.893679714845468,0,"Conditional posterior mean / naive OLS",,,,,,,,,,,,,,,,,,,,,,,,,,,,,,,,,,,,,,,,,,,,,,,,,,TRUE,205,"Stress: pooled residual variance",2.29813253206578
0.74137770098011,0.162374804308015,0.423128932539661,1.05962646942056,0,"REPAIR / stabilized","stabilized",0.74137770098011,0.162374804308015,"ok","ok",1.78315004159525,1.82466045044195,,0.659236393032531,0.718351056216856,0.852740644513705,0.986666666666667,0.986666666666667,,1,1,"modified","modified","supplied",0,4,4,4,4,,,FALSE,10.2916888848316,0.192923486098332,2.17895187785463,0.088539580914601,10.2930910973006,74.2438212422717,835.362796211878,0.0888761404972132,,,,,,,,,,,,,,,TRUE,205,"Stress: pooled residual variance",2.29813253206578
0.741162238713405,0.165044782531734,0.417680409114961,1.06464406831185,0,"REPAIR / fuller_equations","fuller_equations",0.741162238713405,0.165044782531734,"ok","ok",1.78315004159525,1.82551212295375,,0.659246462673159,0.719732730466088,0.857278216262789,0.986666666666667,0.986666666666667,,1,1,"fuller","fuller","supplied",0,4,4,4,4,,,FALSE,10.4292266389997,0.190128671748634,2.17895187785463,0.0872569393023182,10.2931520147754,73.9870200902728,832.413955756012,0.0888824839836769,,,,,,,,,,,,,,,TRUE,205,"Stress: pooled residual variance",2.29813253206578
0.587729413884421,0.0448654876451643,0.499794673951072,0.67566415381777,0,"Oracle: true predictors",,,,,,,,,,,,,,,,,,,,,,,,,,,,,,,,,,,,,,,,,,,,,,,,,,TRUE,205,"Factors: fixed measurement parameters",
0.460680817972331,0.0419183196032304,0.378522421257561,0.542839214687102,0,"Likelihood-only / naive OLS",,,,,,,,,,,,,,,,,,,,,,,,,,,,,,,,,,,,,,,,,,,,,,,,,,FALSE,205,"Factors: fixed measurement parameters",
0.591893625127676,0.0564041145531302,0.481343592023669,0.702443658231682,0,"Conditional posterior mean / naive OLS",,,,,,,,,,,,,,,,,,,,,,,,,,,,,,,,,,,,,,,,,,,,,,,,,,TRUE,205,"Factors: fixed measurement parameters",
0.593695060043934,0.0570418984191572,0.481894993532594,0.705495126555274,0,"REPAIR / stabilized","stabilized",0.593695060043934,0.0570418984191572,"ok","ok",2.9121179039249,2.9122461095188,,0.550176958601712,0.670646464559311,0.674630343321542,0.986666666666667,0.986666666666667,,1,1,"modified","modified","supplied",0,4,4,4,4,,,FALSE,1.76542221660115,0.618810624839906,1.41603499075738,0.437002354376094,1.76658119587026,276.257180451812,632.55626753996,0.436731393914076,,,,,,,,,,,,,,,TRUE,205,"Factors: fixed measurement parameters",
0.593695456653791,0.057331734512799,0.481327321837493,0.706063591470089,0,"REPAIR / fuller_equations","fuller_equations",0.593695456653791,0.057331734512799,"ok","ok",2.9121179039249,2.91224699778767,,0.550180216401495,0.671605068240136,0.675622584605315,0.986666666666667,0.986666666666667,,1,1,"fuller","fuller","supplied",0,4,4,4,4,,,FALSE,1.76837064673629,0.615312758287218,1.41603499075738,0.434532170676172,1.76658928413833,275.85900994229,631.647294878447,0.436729504232858,,,,,,,,,,,,,,,TRUE,205,"Factors: fixed measurement parameters",
0.648108091784736,0.0731460994436986,0.504744371265502,0.791471812303971,0,"Oracle: true predictors",,,,,,,,,,,,,,,,,,,,,,,,,,,,,,,,,,,,,,,,,,,,,,,,,,TRUE,206,"Stress: pooled residual variance",2.29847980243015
0.434243418913174,0.0570564728039667,0.32241478713251,0.546072050693837,0,"Likelihood-only / naive OLS",,,,,,,,,,,,,,,,,,,,,,,,,,,,,,,,,,,,,,,,,,,,,,,,,,FALSE,206,"Stress: pooled residual variance",2.29847980243015
0.697391665876051,0.0978727853328587,0.505564531557028,0.889218800195074,0,"Conditional posterior mean / naive OLS",,,,,,,,,,,,,,,,,,,,,,,,,,,,,,,,,,,,,,,,,,,,,,,,,,TRUE,206,"Stress: pooled residual variance",2.29847980243015
0.628972597730313,0.0902842457962197,0.452018727598361,0.805926467862265,0,"REPAIR / stabilized","stabilized",0.628972597730313,0.0902842457962197,"ok","ok",2.50214440755593,2.54539133992512,,0.552004552822434,0.600650961822754,0.709160195927064,0.986666666666667,0.986666666666667,,1,1,"modified","modified","supplied",0,4,4,4,4,,,FALSE,4.3670016033867,0.384209990532584,1.87148910151613,0.20529640820314,4.51810220887176,173.009357954448,867.222219441329,0.199498299370029,,,,,,,,,,,,,,,TRUE,206,"Stress: pooled residual variance",2.29847980243015
0.628994143958919,0.0910011642402876,0.450635139496741,0.807353148421097,0,"REPAIR / fuller_equations","fuller_equations",0.628994143958919,0.0910011642402876,"ok","ok",2.50214440755593,2.54579686796384,,0.552008302930212,0.601173620034004,0.710859554518136,0.986666666666667,0.986666666666667,,1,1,"fuller","fuller","supplied",0,4,4,4,4,,,FALSE,4.39212351726286,0.38141680319101,1.87148910151613,0.203803913622589,4.5195163113961,172.699893285349,865.899834096931,0.199445578443218,,,,,,,,,,,,,,,TRUE,206,"Stress: pooled residual variance",2.29847980243015
0.676202988456696,0.0508051369673902,0.576626749770986,0.775779227142405,0,"Oracle: true predictors",,,,,,,,,,,,,,,,,,,,,,,,,,,,,,,,,,,,,,,,,,,,,,,,,,TRUE,206,"Factors: fixed measurement parameters",
0.557617722543261,0.0455733898023106,0.468295519877327,0.646939925209195,0,"Likelihood-only / naive OLS",,,,,,,,,,,,,,,,,,,,,,,,,,,,,,,,,,,,,,,,,,,,,,,,,,TRUE,206,"Factors: fixed measurement parameters",
0.723614032336898,0.0623781398524123,0.601355124803567,0.845872939870229,0,"Conditional posterior mean / naive OLS",,,,,,,,,,,,,,,,,,,,,,,,,,,,,,,,,,,,,,,,,,,,,,,,,,FALSE,206,"Factors: fixed measurement parameters",
0.729217091962984,0.0682932469909197,0.595364787473483,0.863069396452485,0,"REPAIR / stabilized","stabilized",0.729217091962984,0.0682932469909197,"ok","ok",2.42346656711023,2.42334653451686,,0.565274298065893,0.729024065719063,0.731123797711145,0.986666666666667,0.986666666666667,,1,1,"modified","modified","supplied",0,4,4,4,4,,,FALSE,3.13200588598214,0.427501657629216,1.66612445149725,0.256584468972318,3.13201258134317,175.809106703984,685.174120663476,0.256590407316818,,,,,,,,,,,,,,,TRUE,206,"Factors: fixed measurement parameters",
0.729216289692515,0.0687953701815454,0.594379841833585,0.864052737551444,0,"REPAIR / fuller_equations","fuller_equations",0.729216289692515,0.0687953701815454,"ok","ok",2.42346656711023,2.42334733659199,,0.565278695362448,0.730331028551891,0.732420444035743,0.986666666666667,0.986666666666667,,1,1,"fuller","fuller","supplied",0,4,4,4,4,,,FALSE,3.1469894404188,0.424061965833462,1.66612445149725,0.254519982257257,3.13201253645437,175.495231991687,683.950974422837,0.256590367664556,,,,,,,,,,,,,,,TRUE,206,"Factors: fixed measurement parameters",
0.601731961366242,0.0831939452006515,0.438674825041166,0.764789097691317,0,"Oracle: true predictors",,,,,,,,,,,,,,,,,,,,,,,,,,,,,,,,,,,,,,,,,,,,,,,,,,TRUE,207,"Stress: pooled residual variance",2.23595630656394
0.313309336938731,0.0644140227752967,0.187060172199807,0.439558501677655,0,"Likelihood-only / naive OLS",,,,,,,,,,,,,,,,,,,,,,,,,,,,,,,,,,,,,,,,,,,,,,,,,,FALSE,207,"Stress: pooled residual variance",2.23595630656394
0.527408504509654,0.106513740228419,0.318645409803298,0.736171599216011,0,"Conditional posterior mean / naive OLS",,,,,,,,,,,,,,,,,,,,,,,,,,,,,,,,,,,,,,,,,,,,,,,,,,TRUE,207,"Stress: pooled residual variance",2.23595630656394
0.456705040148831,0.0997393183412294,0.261219568357446,0.652190511940215,0,"REPAIR / stabilized","stabilized",0.456705040148831,0.0997393183412294,"ok","ok",2.6980027350762,2.72137919658876,,0.723080422074647,0.751922894479243,0.815195077295476,0.986666666666667,0.986666666666667,,1,1,"modified","modified","supplied",0,4,4,4,4,,,FALSE,4.88972301442838,0.371502431594656,2.00468360775874,0.185317239167731,4.92517633061528,141.812898893947,769.106338855156,0.184386594843362,,,,,,,,,,,,,,,TRUE,207,"Stress: pooled residual variance",2.23595630656394
0.456780272046071,0.100488248657268,0.259826923808321,0.653733620283822,0,"REPAIR / fuller_equations","fuller_equations",0.456780272046071,0.100488248657268,"ok","ok",2.6980027350762,2.72159676075108,,0.723082427939423,0.752204224098374,0.816102743232311,0.986666666666667,0.986666666666667,,1,1,"fuller","fuller","supplied",0,4,4,4,4,,,FALSE,4.91889907265518,0.368782169304635,2.00468360775874,0.183960285741518,4.92550357500258,141.703598652351,768.549278218873,0.184378025805647,,,,,,,,,,,,,,,TRUE,207,"Stress: pooled residual variance",2.23595630656394
0.614911360782944,0.0496857144934627,0.517529149829617,0.712293571736271,0,"Oracle: true predictors",,,,,,,,,,,,,,,,,,,,,,,,,,,,,,,,,,,,,,,,,,,,,,,,,,TRUE,207,"Factors: fixed measurement parameters",
0.458887999279065,0.0464776822536193,0.367793415977075,0.549982582581056,0,"Likelihood-only / naive OLS",,,,,,,,,,,,,,,,,,,,,,,,,,,,,,,,,,,,,,,,,,,,,,,,,,FALSE,207,"Factors: fixed measurement parameters",
0.575116447737562,0.0626926666623451,0.452241078984591,0.697991816490534,0,"Conditional posterior mean / naive OLS",,,,,,,,,,,,,,,,,,,,,,,,,,,,,,,,,,,,,,,,,,,,,,,,,,TRUE,207,"Factors: fixed measurement parameters",
0.577666967453607,0.0633794277038913,0.45344557179322,0.701888363113995,0,"REPAIR / stabilized","stabilized",0.577666967453607,0.0633794277038913,"ok","ok",2.82372101404165,2.82230076258097,,0.667765166463901,0.822499100069583,0.835153243235682,0.986666666666667,0.986666666666667,,1,1,"modified","modified","supplied",0,4,4,4,4,,,FALSE,2.00688304929667,0.579196383232144,1.48734722163263,0.389415715986193,2.00532216188257,210.624820673239,540.427353181311,0.389737527964421,,,,,,,,,,,,,,,TRUE,207,"Factors: fixed measurement parameters",
0.577670686134294,0.0637114267874805,0.452798584227172,0.702542788041417,0,"REPAIR / fuller_equations","fuller_equations",0.577670686134294,0.0637114267874805,"ok","ok",2.82372101404165,2.82228997708437,,0.667769310839508,0.823700529101011,0.83646973565804,0.986666666666667,0.986666666666667,,1,1,"fuller","fuller","supplied",0,4,4,4,4,,,FALSE,2.0113799400054,0.575721745611123,1.48734722163263,0.387079585208871,2.00531041283869,210.312869068755,539.623581832198,0.38973995234729,,,,,,,,,,,,,,,TRUE,207,"Factors: fixed measurement parameters",
0.694934186617631,0.0786790764247322,0.540726030488282,0.849142342746981,0,"Oracle: true predictors",,,,,,,,,,,,,,,,,,,,,,,,,,,,,,,,,,,,,,,,,,,,,,,,,,TRUE,208,"Stress: pooled residual variance",2.28422291107894
0.394478992191592,0.0661641718273778,0.264799598343012,0.524158386040172,0,"Likelihood-only / naive OLS",,,,,,,,,,,,,,,,,,,,,,,,,,,,,,,,,,,,,,,,,,,,,,,,,,FALSE,208,"Stress: pooled residual variance",2.28422291107894
0.630575098377194,0.110377408300819,0.414239353400717,0.846910843353672,0,"Conditional posterior mean / naive OLS",,,,,,,,,,,,,,,,,,,,,,,,,,,,,,,,,,,,,,,,,,,,,,,,,,TRUE,208,"Stress: pooled residual variance",2.28422291107894
0.610405143054088,0.113017734974057,0.388894452890643,0.831915833217532,0,"REPAIR / stabilized","stabilized",0.610405143054088,0.113017734974057,"ok","ok",2.27157398013765,2.3083683499162,,0.665337240041575,0.708122854323658,0.804169748314225,0.986666666666667,0.986666666666667,,1,1,"modified","modified","supplied",0,4,4,4,4,,,FALSE,6.16012426438342,0.301993852622167,2.05227152893985,0.147151021862185,6.25059358025414,119.454177191493,820.668329757259,0.145557191450077,,,,,,,,,,,,,,,TRUE,208,"Stress: pooled residual variance",2.28422291107894
0.610439679725353,0.114121505945229,0.38676563821123,0.834113721239476,0,"REPAIR / fuller_equations","fuller_equations",0.610439679725353,0.114121505945229,"ok","ok",2.27157398013765,2.30880918533817,,0.665341298836601,0.708684227978222,0.806008539423118,0.986666666666667,0.986666666666667,,1,1,"fuller","fuller","supplied",0,4,4,4,4,,,FALSE,6.20873838240689,0.299211571843556,2.05227152893985,0.14579531393593,6.25165952747207,119.266362362842,819.482589402189,0.145538616567616,,,,,,,,,,,,,,,TRUE,208,"Stress: pooled residual variance",2.28422291107894
0.62771850074986,0.04777054922176,0.534089944753513,0.721347056746208,0,"Oracle: true predictors",,,,,,,,,,,,,,,,,,,,,,,,,,,,,,,,,,,,,,,,,,,,,,,,,,TRUE,208,"Factors: fixed measurement parameters",
0.465772043556683,0.0442465733026093,0.379050353444257,0.552493733669109,0,"Likelihood-only / naive OLS",,,,,,,,,,,,,,,,,,,,,,,,,,,,,,,,,,,,,,,,,,,,,,,,,,FALSE,208,"Factors: fixed measurement parameters",
0.591589221648013,0.0601743676078152,0.473649628344222,0.709528814951805,0,"Conditional posterior mean / naive OLS",,,,,,,,,,,,,,,,,,,,,,,,,,,,,,,,,,,,,,,,,,,,,,,,,,TRUE,208,"Factors: fixed measurement parameters",
0.575884079392076,0.0608916103244296,0.456538716195547,0.695229442588606,0,"REPAIR / stabilized","stabilized",0.575884079392076,0.0608916103244296,"ok","ok",2.82359548742827,2.82357156193792,,0.631740653516018,0.761897663395019,0.769327108561719,0.986666666666667,0.986666666666667,,1,1,"modified","modified","supplied",0,4,4,4,4,,,FALSE,2.67947794965166,0.487207844177452,1.62922911053197,0.299041946297149,2.67669041449006,191.387434565115,639.438874818194,0.299305284839823,,,,,,,,,,,,,,,TRUE,208,"Factors: fixed measurement parameters",
0.575886651082118,0.0612270481888449,0.455883841752284,0.695889460411952,0,"REPAIR / fuller_equations","fuller_equations",0.575886651082118,0.0612270481888449,"ok","ok",2.82359548742827,2.82357135754275,,0.631743650897623,0.762773470797602,0.77026057365266,0.986666666666667,0.986666666666667,,1,1,"fuller","fuller","supplied",0,4,4,4,4,,,FALSE,2.68977951263252,0.48371769701719,1.62922911053197,0.296899738588178,2.67667215038004,191.164730070134,638.691118516414,0.299307011680673,,,,,,,,,,,,,,,TRUE,208,"Factors: fixed measurement parameters",
0.624411333460189,0.0810812837496413,0.465494937490619,0.783327729429758,0,"Oracle: true predictors",,,,,,,,,,,,,,,,,,,,,,,,,,,,,,,,,,,,,,,,,,,,,,,,,,TRUE,209,"Stress: pooled residual variance",2.21883385720746
0.405986416824196,0.0643116041627215,0.279937988877265,0.532034844771126,0,"Likelihood-only / naive OLS",,,,,,,,,,,,,,,,,,,,,,,,,,,,,,,,,,,,,,,,,,,,,,,,,,FALSE,209,"Stress: pooled residual variance",2.21883385720746
0.625762726075042,0.110309478689059,0.409560120691098,0.841965331458985,0,"Conditional posterior mean / naive OLS",,,,,,,,,,,,,,,,,,,,,,,,,,,,,,,,,,,,,,,,,,,,,,,,,,TRUE,209,"Stress: pooled residual variance",2.21883385720746
0.60218912178652,0.113618056494286,0.379501823064282,0.824876420508758,0,"REPAIR / stabilized","stabilized",0.60218912178652,0.113618056494286,"ok","ok",2.17092151692109,2.20777337963363,,0.620008871696895,0.660783578144483,0.752481184609593,0.986666666666667,0.986666666666667,,1,1,"modified","modified","supplied",0,4,4,4,4,,,FALSE,7.73796974708181,0.262803957706014,2.22092340321121,0.118330941682198,7.82459948025786,111.196036828261,947.284817844407,0.117383953309093,,,,,,,,,,,,,,,TRUE,209,"Stress: pooled residual variance",2.21883385720746
0.60213842081539,0.114832269380181,0.377071308567233,0.827205533063547,0,"REPAIR / fuller_equations","fuller_equations",0.60213842081539,0.114832269380181,"ok","ok",2.17092151692109,2.20818407848756,,0.620012452267736,0.661276832424806,0.754104681849184,0.986666666666667,0.986666666666667,,1,1,"fuller","fuller","supplied",0,4,4,4,4,,,FALSE,7.80827693519203,0.260113454924604,2.22092340321121,0.11711950738531,7.82554904629162,111.030709252862,945.959557782645,0.117373632243984,,,,,,,,,,,,,,,TRUE,209,"Stress: pooled residual variance",2.21883385720746
0.549317399538098,0.0460469831166555,0.459066971032729,0.639567828043467,0,"Oracle: true predictors",,,,,,,,,,,,,,,,,,,,,,,,,,,,,,,,,,,,,,,,,,,,,,,,,,TRUE,209,"Factors: fixed measurement parameters",
0.44340727107575,0.0416162386608714,0.361840942128418,0.524973600023081,0,"Likelihood-only / naive OLS",,,,,,,,,,,,,,,,,,,,,,,,,,,,,,,,,,,,,,,,,,,,,,,,,,FALSE,209,"Factors: fixed measurement parameters",
0.557880610185449,0.0566012276492211,0.446944242512222,0.668816977858675,0,"Conditional posterior mean / naive OLS",,,,,,,,,,,,,,,,,,,,,,,,,,,,,,,,,,,,,,,,,,,,,,,,,,TRUE,209,"Factors: fixed measurement parameters",
0.538617516615811,0.0557404869581532,0.429368169697106,0.647866863534516,0,"REPAIR / stabilized","stabilized",0.538617516615811,0.0557404869581532,"ok","ok",3.05739601837917,3.0576776262644,,0.5822894444951,0.711330304596237,0.721093113755554,0.986666666666667,0.986666666666667,,1,1,"modified","modified","supplied",0,4,4,4,4,,,FALSE,2.43537605145641,0.583445114444377,1.74639216814724,0.334085965962249,2.43583966793981,245.073036683794,733.727501557325,0.33401097296153,,,,,,,,,,,,,,,TRUE,209,"Factors: fixed measurement parameters",
0.538616195436859,0.0560146258743348,0.428829546115677,0.64840284475804,0,"REPAIR / fuller_equations","fuller_equations",0.538616195436859,0.0560146258743348,"ok","ok",3.05739601837917,3.057679292912,,0.582292251269496,0.71214625422482,0.721980329197505,0.986666666666667,0.986666666666667,,1,1,"fuller","fuller","supplied",0,4,4,4,4,,,FALSE,2.44234924465362,0.579980228736467,1.74639216814724,0.332101940969978,2.4358425091817,244.786233448286,732.869844439462,0.334010514016321,,,,,,,,,,,,,,,TRUE,209,"Factors: fixed measurement parameters",
0.475061439456109,0.077212640012977,0.323727445879418,0.6263954330328,0,"Oracle: true predictors",,,,,,,,,,,,,,,,,,,,,,,,,,,,,,,,,,,,,,,,,,,,,,,,,,TRUE,210,"Stress: pooled residual variance",2.29356981610929
0.308919767802988,0.0625281471686123,0.186366851332488,0.431472684273489,0,"Likelihood-only / naive OLS",,,,,,,,,,,,,,,,,,,,,,,,,,,,,,,,,,,,,,,,,,,,,,,,,,FALSE,210,"Stress: pooled residual variance",2.29356981610929
0.494953444554968,0.104245869783218,0.290635294242808,0.699271594867128,0,"Conditional posterior mean / naive OLS",,,,,,,,,,,,,,,,,,,,,,,,,,,,,,,,,,,,,,,,,,,,,,,,,,TRUE,210,"Stress: pooled residual variance",2.29356981610929
0.493071252083216,0.109464073244109,0.278525610923708,0.707616893242724,0,"REPAIR / stabilized","stabilized",0.493071252083216,0.109464073244109,"ok","ok",2.23099672443493,2.26128755913217,,0.576340790298304,0.606094891389887,0.672441962682287,0.986666666666667,0.986666666666667,,1,1,"modified","modified","supplied",0,4,4,4,4,,,FALSE,6.54888113171381,0.283226023212964,2.04733227296488,0.138339060519378,6.59579784633938,132.539545015968,962.436575309157,0.13771249806606,,,,,,,,,,,,,,,TRUE,210,"Stress: pooled residual variance",2.29356981610929
0.493111033435235,0.110597498151049,0.276343920278945,0.709878146591525,0,"REPAIR / fuller_equations","fuller_equations",0.493111033435235,0.110597498151049,"ok","ok",2.23099672443493,2.26168157622428,,0.576343767679057,0.606507740309015,0.673789291690216,0.986666666666667,0.986666666666667,,1,1,"fuller","fuller","supplied",0,4,4,4,4,,,FALSE,6.60491504998467,0.280429433158378,2.04733227296488,0.136973092673555,6.59640184694911,132.357068242854,961.167816127001,0.137704432069088,,,,,,,,,,,,,,,TRUE,210,"Stress: pooled residual variance",2.29356981610929
0.581212709986686,0.049240253806503,0.484703585936329,0.677721834037043,0,"Oracle: true predictors",,,,,,,,,,,,,,,,,,,,,,,,,,,,,,,,,,,,,,,,,,,,,,,,,,TRUE,210,"Factors: fixed measurement parameters",
0.491858125722697,0.045388453154282,0.402898392226321,0.580817859219073,0,"Likelihood-only / naive OLS",,,,,,,,,,,,,,,,,,,,,,,,,,,,,,,,,,,,,,,,,,,,,,,,,,FALSE,210,"Factors: fixed measurement parameters",
0.634508616807754,0.0614940150042946,0.51398256213457,0.755034671480937,0,"Conditional posterior mean / naive OLS",,,,,,,,,,,,,,,,,,,,,,,,,,,,,,,,,,,,,,,,,,,,,,,,,,TRUE,210,"Factors: fixed measurement parameters",
0.637473184181699,0.0636348426069421,0.512751184510217,0.76219518385318,0,"REPAIR / stabilized","stabilized",0.637473184181699,0.0636348426069421,"ok","ok",2.8490882523088,2.84920307518953,,0.614817186493044,0.747790991277257,0.751087212991377,0.986666666666667,0.986666666666667,,1,1,"modified","modified","supplied",0,4,4,4,4,,,FALSE,2.20552678775772,0.521982450336116,1.47698914692848,0.353409807662855,2.20610343632392,209.071515280558,591.758092980818,0.353305713534762,,,,,,,,,,,,,,,TRUE,210,"Factors: fixed measurement parameters",
0.637472953186315,0.0639998003712965,0.512035649440821,0.762910256931809,0,"REPAIR / fuller_equations","fuller_equations",0.637472953186315,0.0639998003712965,"ok","ok",2.8490882523088,2.84920353184413,,0.614820712190309,0.748833061046908,0.752147237815011,0.986666666666667,0.986666666666667,,1,1,"fuller","fuller","supplied",0,4,4,4,4,,,FALSE,2.21177564373691,0.518519984215875,1.47698914692848,0.351065534431435,2.20610576721268,208.779211622138,590.931457200736,0.353305292988011,,,,,,,,,,,,,,,TRUE,210,"Factors: fixed measurement parameters",
0.593547948748064,0.0813305401171222,0.434143019275314,0.752952878220813,0,"Oracle: true predictors",,,,,,,,,,,,,,,,,,,,,,,,,,,,,,,,,,,,,,,,,,,,,,,,,,TRUE,211,"Stress: pooled residual variance",2.20164807861281
0.336612177844755,0.0627404238406661,0.213643206742271,0.459581148947238,0,"Likelihood-only / naive OLS",,,,,,,,,,,,,,,,,,,,,,,,,,,,,,,,,,,,,,,,,,,,,,,,,,FALSE,211,"Stress: pooled residual variance",2.20164807861281
0.556891797374066,0.105490501219033,0.350134214273683,0.763649380474449,0,"Conditional posterior mean / naive OLS",,,,,,,,,,,,,,,,,,,,,,,,,,,,,,,,,,,,,,,,,,,,,,,,,,TRUE,211,"Stress: pooled residual variance",2.20164807861281
0.514137783595888,0.101588337456191,0.315028300932452,0.713247266259324,0,"REPAIR / stabilized","stabilized",0.514137783595888,0.101588337456191,"ok","ok",2.48458726361699,2.50412937025086,,0.645919477770285,0.671523677970759,0.729866729602971,0.986666666666667,0.986666666666667,,1,1,"modified","modified","supplied",0,4,4,4,4,,,FALSE,5.91302622031384,0.338193607309576,2.183642641087,0.154875894501321,5.92468650095348,143.700976444954,928.589306358864,0.154751918270981,,,,,,,,,,,,,,,TRUE,211,"Stress: pooled residual variance",2.20164807861281
0.514181836110444,0.102454412405196,0.313374877739046,0.714988794481842,0,"REPAIR / fuller_equations","fuller_equations",0.514181836110444,0.102454412405196,"ok","ok",2.48458726361699,2.50438511697198,,0.645922057426377,0.671880572134221,0.731035879847588,0.986666666666667,0.986666666666667,,1,1,"fuller","fuller","supplied",0,4,4,4,4,,,FALSE,5.95314732712318,0.335496994803158,2.183642641087,0.153640979751224,5.92483786768194,143.533838666748,927.518953187408,0.154750302593274,,,,,,,,,,,,,,,TRUE,211,"Stress: pooled residual variance",2.20164807861281
0.662113346405098,0.0512966156304609,0.5615738272406,0.762652865569596,0,"Oracle: true predictors",,,,,,,,,,,,,,,,,,,,,,,,,,,,,,,,,,,,,,,,,,,,,,,,,,TRUE,211,"Factors: fixed measurement parameters",
0.548079950979724,0.050420179024458,0.449258215997725,0.646901685961724,0,"Likelihood-only / naive OLS",,,,,,,,,,,,,,,,,,,,,,,,,,,,,,,,,,,,,,,,,,,,,,,,,,TRUE,211,"Factors: fixed measurement parameters",
0.698900413148246,0.068388873523425,0.564860684099068,0.832940142197423,0,"Conditional posterior mean / naive OLS",,,,,,,,,,,,,,,,,,,,,,,,,,,,,,,,,,,,,,,,,,,,,,,,,,TRUE,211,"Factors: fixed measurement parameters",
0.701347361290298,0.0708285178122243,0.562526017299985,0.840168705280611,0,"REPAIR / stabilized","stabilized",0.701347361290298,0.0708285178122243,"ok","ok",2.73082227533057,2.73325984201474,,0.741520054708799,0.927764569159797,0.937265410968534,0.986666666666667,0.986666666666667,,1,1,"modified","modified","supplied",0,4,4,4,4,,,FALSE,2.34328241387213,0.484604129242496,1.45948596451201,0.332037539946145,2.34461271886469,156.323507165139,470.983793388344,0.331908463432508,,,,,,,,,,,,,,,TRUE,211,"Factors: fixed measurement parameters",
0.701347678274795,0.0712431572076891,0.5617136560028,0.840981700546791,0,"REPAIR / fuller_equations","fuller_equations",0.701347678274795,0.0712431572076891,"ok","ok",2.73082227533057,2.73327781827112,,0.74152509811294,0.929240123899942,0.93882682164563,0.986666666666667,0.986666666666667,,1,1,"fuller","fuller","supplied",0,4,4,4,4,,,FALSE,2.35119639649304,0.481114623266204,1.45948596451201,0.329646625568658,2.34462253360779,156.07250834332,470.228913005292,0.331907511483804,,,,,,,,,,,,,,,TRUE,211,"Factors: fixed measurement parameters",
0.543440653488708,0.0814909633887365,0.383721300181312,0.703160006796104,0,"Oracle: true predictors",,,,,,,,,,,,,,,,,,,,,,,,,,,,,,,,,,,,,,,,,,,,,,,,,,TRUE,212,"Stress: pooled residual variance",2.18258413819521
0.333450357365894,0.0645588895114495,0.206917259041553,0.459983455690236,0,"Likelihood-only / naive OLS",,,,,,,,,,,,,,,,,,,,,,,,,,,,,,,,,,,,,,,,,,,,,,,,,,FALSE,212,"Stress: pooled residual variance",2.18258413819521
0.503486653908057,0.102718132012494,0.302162814604339,0.704810493211776,0,"Conditional posterior mean / naive OLS",,,,,,,,,,,,,,,,,,,,,,,,,,,,,,,,,,,,,,,,,,,,,,,,,,TRUE,212,"Stress: pooled residual variance",2.18258413819521
0.497232417659845,0.101056803265483,0.299164722866748,0.695300112452941,0,"REPAIR / stabilized","stabilized",0.497232417659845,0.101056803265483,"ok","ok",2.60592371603558,2.65037314339013,,0.684368765643366,0.712080966357095,0.77428006647078,0.986666666666667,0.986666666666667,,1,1,"modified","modified","supplied",0,4,4,4,4,,,FALSE,5.27731734251056,0.368451569130123,2.12637277811297,0.173277034451646,5.23898559962127,149.585109168209,855.699831249134,0.174810259048254,,,,,,,,,,,,,,,TRUE,212,"Stress: pooled residual variance",2.18258413819521
0.497202401887439,0.101836020350974,0.297607469670643,0.696797334104236,0,"REPAIR / fuller_equations","fuller_equations",0.497202401887439,0.101836020350974,"ok","ok",2.60592371603558,2.6508933220943,,0.684371228268405,0.71242324706393,0.77539577233114,0.986666666666667,0.986666666666667,,1,1,"fuller","fuller","supplied",0,4,4,4,4,,,FALSE,5.30923702328057,0.365773395123646,2.12637277811297,0.172017530928066,5.23854929017742,149.451302473204,854.848263343768,0.174827871660662,,,,,,,,,,,,,,,TRUE,212,"Stress: pooled residual variance",2.18258413819521
0.700135662062845,0.0490566376635833,0.60398641903959,0.796284905086099,0,"Oracle: true predictors",,,,,,,,,,,,,,,,,,,,,,,,,,,,,,,,,,,,,,,,,,,,,,,,,,FALSE,212,"Factors: fixed measurement parameters",
0.533505122229666,0.0485098118999317,0.438427638008987,0.628582606450345,0,"Likelihood-only / naive OLS",,,,,,,,,,,,,,,,,,,,,,,,,,,,,,,,,,,,,,,,,,,,,,,,,,TRUE,212,"Factors: fixed measurement parameters",
0.679331436679985,0.0657049750746559,0.550552051928558,0.808110821431413,0,"Conditional posterior mean / naive OLS",,,,,,,,,,,,,,,,,,,,,,,,,,,,,,,,,,,,,,,,,,,,,,,,,,TRUE,212,"Factors: fixed measurement parameters",
0.675069717108165,0.0668133401762885,0.544117976675816,0.806021457540513,0,"REPAIR / stabilized","stabilized",0.675069717108165,0.0668133401762885,"ok","ok",2.96482035953863,2.9639708999132,,0.720973978014467,0.890425493223666,0.898548886679793,0.986666666666667,0.986666666666667,,1,1,"modified","modified","supplied",0,4,4,4,4,,,FALSE,2.21751946697373,0.590728929769594,1.63729883214068,0.360794815322287,2.21703698804766,198.547772270586,550.210591296069,0.360857779569254,,,,,,,,,,,,,,,TRUE,212,"Factors: fixed measurement parameters",
0.675069649061108,0.0671723614446464,0.543414239873095,0.806725058249122,0,"REPAIR / fuller_equations","fuller_equations",0.675069649061108,0.0671723614446464,"ok","ok",2.96482035953863,2.96396702784256,,0.720978004199751,0.891609118809149,0.899780612079351,0.986666666666667,0.986666666666667,,1,1,"fuller","fuller","supplied",0,4,4,4,4,,,FALSE,2.22297284284059,0.587291005025513,1.63729883214068,0.358695061339329,2.21703479029551,198.282022280125,549.473714811333,0.360858066428541,,,,,,,,,,,,,,,TRUE,212,"Factors: fixed measurement parameters",
0.611278848440579,0.0782657955464848,0.457880707948093,0.764676988933064,0,"Oracle: true predictors",,,,,,,,,,,,,,,,,,,,,,,,,,,,,,,,,,,,,,,,,,,,,,,,,,TRUE,213,"Stress: pooled residual variance",2.27567615494962
0.426465452435498,0.0631960256951065,0.302603518107022,0.550327386763975,0,"Likelihood-only / naive OLS",,,,,,,,,,,,,,,,,,,,,,,,,,,,,,,,,,,,,,,,,,,,,,,,,,FALSE,213,"Stress: pooled residual variance",2.27567615494962
0.728141592903974,0.104991941882377,0.522361168147592,0.933922017660356,0,"Conditional posterior mean / naive OLS",,,,,,,,,,,,,,,,,,,,,,,,,,,,,,,,,,,,,,,,,,,,,,,,,,TRUE,213,"Stress: pooled residual variance",2.27567615494962
0.651561115660259,0.103931941462148,0.447858253551125,0.855263977769394,0,"REPAIR / stabilized","stabilized",0.651561115660259,0.103931941462148,"ok","ok",2.3720850566985,2.40819661372214,,0.637006135739676,0.684166676455202,0.789931076108606,0.986666666666667,0.986666666666667,,1,1,"modified","modified","supplied",0,4,4,4,4,,,FALSE,5.80444479483889,0.32941436941156,2.10325211746694,0.156621437190465,5.84930871297061,134.147193628147,860.037141437215,0.15597837252002,,,,,,,,,,,,,,,TRUE,213,"Stress: pooled residual variance",2.27567615494962
0.65172426370091,0.104850960535258,0.446220157307374,0.857228370094446,0,"REPAIR / fuller_equations","fuller_equations",0.65172426370091,0.104850960535258,"ok","ok",2.3720850566985,2.40859042569261,,0.637010245439995,0.68473718540329,0.791793452876287,0.986666666666667,0.986666666666667,,1,1,"fuller","fuller","supplied",0,4,4,4,4,,,FALSE,5.84580498679723,0.326641854338327,2.10325211746694,0.155303233324077,5.84978445793279,133.934238696451,858.709270325373,0.15597157655664,,,,,,,,,,,,,,,TRUE,213,"Stress: pooled residual variance",2.27567615494962
0.682369433471762,0.0518145381663812,0.580814804790079,0.783924062153445,0,"Oracle: true predictors",,,,,,,,,,,,,,,,,,,,,,,,,,,,,,,,,,,,,,,,,,,,,,,,,,TRUE,213,"Factors: fixed measurement parameters",
0.521516331012434,0.0468872258098128,0.429619057090204,0.613413604934664,0,"Likelihood-only / naive OLS",,,,,,,,,,,,,,,,,,,,,,,,,,,,,,,,,,,,,,,,,,,,,,,,,,TRUE,213,"Factors: fixed measurement parameters",
0.67186333667979,0.0634797054239275,0.547445400299681,0.7962812730599,0,"Conditional posterior mean / naive OLS",,,,,,,,,,,,,,,,,,,,,,,,,,,,,,,,,,,,,,,,,,,,,,,,,,TRUE,213,"Factors: fixed measurement parameters",
0.666959933054874,0.0647276428035432,0.540096084355757,0.793823781753992,0,"REPAIR / stabilized","stabilized",0.666959933054874,0.0647276428035432,"ok","ok",2.58667506018968,2.58747686632785,,0.679175816433844,0.831937175071568,0.837108005377793,0.986666666666667,0.986666666666667,,1,1,"modified","modified","supplied",0,4,4,4,4,,,FALSE,2.42658262421792,0.44252002725153,1.391448405861,0.318028340388019,2.42743492145182,159.359212428541,501.192912662386,0.31795982824659,,,,,,,,,,,,,,,TRUE,213,"Factors: fixed measurement parameters",
0.666958950126442,0.0650833682831998,0.539397892298814,0.79452000795407,0,"REPAIR / fuller_equations","fuller_equations",0.666958950126442,0.0650833682831998,"ok","ok",2.58667506018968,2.58748410916916,,0.67917998817461,0.833161681797828,0.838387125511333,0.986666666666667,0.986666666666667,,1,1,"fuller","fuller","supplied",0,4,4,4,4,,,FALSE,2.43664813749303,0.438937157573685,1.391448405861,0.315453419418795,2.42744261991032,159.123060881761,500.451177728958,0.317959209535404,,,,,,,,,,,,,,,TRUE,213,"Factors: fixed measurement parameters",
0.601795454308773,0.0779043558941719,0.449105722517406,0.754485186100141,0,"Oracle: true predictors",,,,,,,,,,,,,,,,,,,,,,,,,,,,,,,,,,,,,,,,,,,,,,,,,,TRUE,214,"Stress: pooled residual variance",2.2711952629899
0.398889103753306,0.0611337969828132,0.279069063428809,0.518709144077803,0,"Likelihood-only / naive OLS",,,,,,,,,,,,,,,,,,,,,,,,,,,,,,,,,,,,,,,,,,,,,,,,,,FALSE,214,"Stress: pooled residual variance",2.2711952629899
0.662469272160151,0.104833734335285,0.456998928498152,0.86793961582215,0,"Conditional posterior mean / naive OLS",,,,,,,,,,,,,,,,,,,,,,,,,,,,,,,,,,,,,,,,,,,,,,,,,,TRUE,214,"Stress: pooled residual variance",2.2711952629899
0.592712196203684,0.103382429774335,0.390086357211745,0.795338035195622,0,"REPAIR / stabilized","stabilized",0.592712196203684,0.103382429774335,"ok","ok",2.30121555172564,2.32777816764685,,0.598278248210476,0.637894999766942,0.726761935830592,0.986666666666667,0.986666666666667,,1,1,"modified","modified","supplied",0,4,4,4,4,,,FALSE,6.87600135497955,0.297319719563894,2.23671745486118,0.132926811528078,6.92692210795745,129.957466670911,982.30692237839,0.13229822951492,,,,,,,,,,,,,,,TRUE,214,"Stress: pooled residual variance",2.2711952629899
0.592796288296088,0.104372336934403,0.388230266922378,0.797362309669798,0,"REPAIR / fuller_equations","fuller_equations",0.592796288296088,0.104372336934403,"ok","ok",2.30121555172564,2.32805132358469,,0.598281441670296,0.638336069707706,0.728210551103128,0.986666666666667,0.986666666666667,,1,1,"fuller","fuller","supplied",0,4,4,4,4,,,FALSE,6.93128596552275,0.29457336596311,2.23671745486118,0.131698961495068,6.92743420577614,129.77566492803,980.979435590043,0.132291932144298,,,,,,,,,,,,,,,TRUE,214,"Stress: pooled residual variance",2.2711952629899
0.647790082552524,0.0494268768993186,0.550915183961565,0.744664981143483,0,"Oracle: true predictors",,,,,,,,,,,,,,,,,,,,,,,,,,,,,,,,,,,,,,,,,,,,,,,,,,TRUE,214,"Factors: fixed measurement parameters",
0.480655773747986,0.0474633221672119,0.387629371713629,0.573682175782343,0,"Likelihood-only / naive OLS",,,,,,,,,,,,,,,,,,,,,,,,,,,,,,,,,,,,,,,,,,,,,,,,,,FALSE,214,"Factors: fixed measurement parameters",
0.619987714127276,0.0644661806927447,0.493636321748645,0.746339106505907,0,"Conditional posterior mean / naive OLS",,,,,,,,,,,,,,,,,,,,,,,,,,,,,,,,,,,,,,,,,,,,,,,,,,TRUE,214,"Factors: fixed measurement parameters",
0.61764693636258,0.0663794376619864,0.487545629231065,0.747748243494095,0,"REPAIR / stabilized","stabilized",0.61764693636258,0.0663794376619864,"ok","ok",2.68121799335904,2.6815751977518,,0.700172959145672,0.825155080449384,0.828283602647232,0.986666666666667,0.986666666666667,,1,1,"modified","modified","supplied",0,4,4,4,4,,,FALSE,2.52253849861697,0.451202801772408,1.46050430900736,0.308936303021981,2.52308471808091,163.896937633719,530.597941239733,0.308891016898362,,,,,,,,,,,,,,,TRUE,214,"Factors: fixed measurement parameters",
0.617646735118115,0.0667631828057293,0.486793301325622,0.748500168910608,0,"REPAIR / fuller_equations","fuller_equations",0.617646735118115,0.0667631828057293,"ok","ok",2.68121799335904,2.68157704669814,,0.700176196074898,0.826111067342722,0.829259476337405,0.986666666666667,0.986666666666667,,1,1,"fuller","fuller","supplied",0,4,4,4,4,,,FALSE,2.53262290984999,0.447690118387944,1.46050430900736,0.306531186266899,2.52308754583772,163.706519739203,529.981886869139,0.308890782487487,,,,,,,,,,,,,,,TRUE,214,"Factors: fixed measurement parameters",
0.700226641944322,0.0924327698205532,0.519061742104757,0.881391541783887,0,"Oracle: true predictors",,,,,,,,,,,,,,,,,,,,,,,,,,,,,,,,,,,,,,,,,,,,,,,,,,TRUE,215,"Stress: pooled residual variance",2.20648090782819
0.370342673829607,0.0721374390587458,0.228955891337513,0.511729456321702,0,"Likelihood-only / naive OLS",,,,,,,,,,,,,,,,,,,,,,,,,,,,,,,,,,,,,,,,,,,,,,,,,,FALSE,215,"Stress: pooled residual variance",2.20648090782819
0.616553902426616,0.120899494213822,0.379595248018416,0.853512556834815,0,"Conditional posterior mean / naive OLS",,,,,,,,,,,,,,,,,,,,,,,,,,,,,,,,,,,,,,,,,,,,,,,,,,TRUE,215,"Stress: pooled residual variance",2.20648090782819
0.553274092150115,0.115701401188541,0.326503512859755,0.780044671440475,0,"REPAIR / stabilized","stabilized",0.553274092150115,0.115701401188541,"ok","ok",2.53053117137781,2.550787877896,,0.85313552837609,0.888961839576408,0.968820008161135,0.986666666666667,0.986666666666667,,1,1,"modified","modified","supplied",0,4,4,4,4,,,FALSE,5.20934351613125,0.337199326538525,1.94108408345435,0.173717011752755,5.24890993722247,108.128412294934,625.961197609194,0.172739800338936,,,,,,,,,,,,,,,TRUE,215,"Stress: pooled residual variance",2.20648090782819
0.553340004942881,0.11666215053772,0.324686391529961,0.781993618355802,0,"REPAIR / fuller_equations","fuller_equations",0.553340004942881,0.11666215053772,"ok","ok",2.53053117137781,2.55100821210111,,0.85313847792576,0.889372444693404,0.970156166658573,0.986666666666667,0.986666666666667,,1,1,"fuller","fuller","supplied",0,4,4,4,4,,,FALSE,5.24393953729244,0.334499369170144,1.94108408345435,0.172326058423429,5.24933512978875,108.020726707085,625.375611065259,0.172729356239339,,,,,,,,,,,,,,,TRUE,215,"Stress: pooled residual variance",2.20648090782819
0.624067485341991,0.0491148352370781,0.527804177170699,0.720330793513282,0,"Oracle: true predictors",,,,,,,,,,,,,,,,,,,,,,,,,,,,,,,,,,,,,,,,,,,,,,,,,,TRUE,215,"Factors: fixed measurement parameters",
0.516925660682849,0.0445466402559266,0.42961585014897,0.604235471216727,0,"Likelihood-only / naive OLS",,,,,,,,,,,,,,,,,,,,,,,,,,,,,,,,,,,,,,,,,,,,,,,,,,TRUE,215,"Factors: fixed measurement parameters",
0.663949985399021,0.0605191857281031,0.545334560998249,0.782565409799794,0,"Conditional posterior mean / naive OLS",,,,,,,,,,,,,,,,,,,,,,,,,,,,,,,,,,,,,,,,,,,,,,,,,,TRUE,215,"Factors: fixed measurement parameters",
0.648015862190232,0.0611715015437884,0.52812192228417,0.767909802096294,0,"REPAIR / stabilized","stabilized",0.648015862190232,0.0611715015437884,"ok","ok",2.44320207008913,2.44364581502658,,0.632499773280872,0.783451180028982,0.789816446713965,0.986666666666667,0.986666666666667,,1,1,"modified","modified","supplied",0,4,4,4,4,,,FALSE,2.80934276916614,0.411757811989223,1.47241582162226,0.279647777443441,2.80893897813494,157.329680609348,562.550297977578,0.27967220206791,,,,,,,,,,,,,,,TRUE,215,"Factors: fixed measurement parameters",
0.648016847062068,0.0615088784600533,0.527461660550912,0.768572033573224,0,"REPAIR / fuller_equations","fuller_equations",0.648016847062068,0.0615088784600533,"ok","ok",2.44320207008913,2.44365028748471,,0.632503756981439,0.784614973585183,0.791054332411396,0.986666666666667,0.986666666666667,,1,1,"fuller","fuller","supplied",0,4,4,4,4,,,FALSE,2.8237728549011,0.408148661485475,1.47241582162226,0.277196601321351,2.80893491115631,157.092893402419,561.703144209051,0.279672448021679,,,,,,,,,,,,,,,TRUE,215,"Factors: fixed measurement parameters",
0.549990318246321,0.0989908160108645,0.355971884064796,0.744008752427846,0,"Oracle: true predictors",,,,,,,,,,,,,,,,,,,,,,,,,,,,,,,,,,,,,,,,,,,,,,,,,,TRUE,216,"Stress: pooled residual variance",2.24400021758337
0.337680180897093,0.0755373912087434,0.189629614641844,0.485730747152343,0,"Likelihood-only / naive OLS",,,,,,,,,,,,,,,,,,,,,,,,,,,,,,,,,,,,,,,,,,,,,,,,,,FALSE,216,"Stress: pooled residual variance",2.24400021758337
0.52944929334865,0.125264669799943,0.28393505200546,0.77496353469184,0,"Conditional posterior mean / naive OLS",,,,,,,,,,,,,,,,,,,,,,,,,,,,,,,,,,,,,,,,,,,,,,,,,,TRUE,216,"Stress: pooled residual variance",2.24400021758337
0.57945391562768,0.141160253123005,0.302784903458034,0.856122927797327,0,"REPAIR / stabilized","stabilized",0.57945391562768,0.141160253123005,"ok","ok",2.07175811753217,2.10119009220289,,0.770589587326165,0.805052363591946,0.883438731582171,0.986666666666667,0.986666666666667,,1,1,"modified","modified","supplied",0,4,4,4,4,,,FALSE,7.61516506494212,0.25172723751301,2.10574493439158,0.119543081121429,7.61857618080435,89.5522328618424,747.905987211815,0.119737285692407,,,,,,,,,,,,,,,TRUE,216,"Stress: pooled residual variance",2.24400021758337
0.579398210445083,0.14285688864973,0.299403853748163,0.859392567142003,0,"REPAIR / fuller_equations","fuller_equations",0.579398210445083,0.14285688864973,"ok","ok",2.07175811753217,2.10172641094676,,0.770594459491564,0.805724245311944,0.88564019632103,0.986666666666667,0.986666666666667,,1,1,"fuller","fuller","supplied",0,4,4,4,4,,,FALSE,7.68841879056384,0.248997066460576,2.10574493439158,0.118246546575461,7.61863775802005,89.405394575585,746.658146074094,0.119740734157493,,,,,,,,,,,,,,,TRUE,216,"Stress: pooled residual variance",2.24400021758337
0.642740909483752,0.0527866107197257,0.539281053607153,0.74620076536035,0,"Oracle: true predictors",,,,,,,,,,,,,,,,,,,,,,,,,,,,,,,,,,,,,,,,,,,,,,,,,,TRUE,216,"Factors: fixed measurement parameters",
0.509434679158207,0.0477178270890406,0.415909456643178,0.602959901673237,0,"Likelihood-only / naive OLS",,,,,,,,,,,,,,,,,,,,,,,,,,,,,,,,,,,,,,,,,,,,,,,,,,TRUE,216,"Factors: fixed measurement parameters",
0.649773384095383,0.0645548728650889,0.523248158253246,0.776298609937519,0,"Conditional posterior mean / naive OLS",,,,,,,,,,,,,,,,,,,,,,,,,,,,,,,,,,,,,,,,,,,,,,,,,,TRUE,216,"Factors: fixed measurement parameters",
0.654612881799486,0.0669460170331045,0.523401099506196,0.785824664092776,0,"REPAIR / stabilized","stabilized",0.654612881799486,0.0669460170331045,"ok","ok",2.86028780536656,2.8607147526412,,0.664849747004453,0.824041048434844,0.831636975938565,0.986666666666667,0.986666666666667,,1,1,"modified","modified","supplied",0,4,4,4,4,,,FALSE,2.17069043907886,0.52060965311624,1.45544931765346,0.357696861581954,2.16971305500082,189.173262826909,528.613711623029,0.357866734568956,,,,,,,,,,,,,,,TRUE,216,"Factors: fixed measurement parameters",
0.654611977076219,0.0673327790352207,0.522642155188193,0.786581798964245,0,"REPAIR / fuller_equations","fuller_equations",0.654611977076219,0.0673327790352207,"ok","ok",2.86028780536656,2.86071737943118,,0.66485397022899,0.825280000875984,0.832934894431173,0.986666666666667,0.986666666666667,,1,1,"fuller","fuller","supplied",0,4,4,4,4,,,FALSE,2.17675856897318,0.517141338494097,1.45544931765346,0.355313876080449,2.1697069948797,188.887042280619,527.812360906985,0.357867788386081,,,,,,,,,,,,,,,TRUE,216,"Factors: fixed measurement parameters",
0.620688110022417,0.0885682991498744,0.447097433516694,0.79427878652814,0,"Oracle: true predictors",,,,,,,,,,,,,,,,,,,,,,,,,,,,,,,,,,,,,,,,,,,,,,,,,,TRUE,217,"Stress: pooled residual variance",2.29299723209376
0.354867937165698,0.0689086611112697,0.219809443164733,0.489926431166662,0,"Likelihood-only / naive OLS",,,,,,,,,,,,,,,,,,,,,,,,,,,,,,,,,,,,,,,,,,,,,,,,,,FALSE,217,"Stress: pooled residual variance",2.29299723209376
0.565710300917348,0.118573969642247,0.333309590914597,0.798111010920098,0,"Conditional posterior mean / naive OLS",,,,,,,,,,,,,,,,,,,,,,,,,,,,,,,,,,,,,,,,,,,,,,,,,,TRUE,217,"Stress: pooled residual variance",2.29299723209376
0.55751743853105,0.118988271265377,0.324304712268229,0.790730164793871,0,"REPAIR / stabilized","stabilized",0.55751743853105,0.118988271265377,"ok","ok",2.29988596436714,2.32236887323662,,0.711850557733998,0.751477668445149,0.839607215183609,0.986666666666667,0.986666666666667,,1,1,"modified","modified","supplied",0,4,4,4,4,,,FALSE,5.84675933063779,0.311876630078978,2.0154860722976,0.154740156414699,5.94595307531422,116.537310200238,763.508178339542,0.152634003808158,,,,,,,,,,,,,,,TRUE,217,"Stress: pooled residual variance",2.29299723209376
0.557508861372969,0.120174095454473,0.321971962407523,0.793045760338415,0,"REPAIR / fuller_equations","fuller_equations",0.557508861372969,0.120174095454473,"ok","ok",2.29988596436714,2.32264851250748,,0.71185435335147,0.752004646046436,0.841324888052748,0.986666666666667,0.986666666666667,,1,1,"fuller","fuller","supplied",0,4,4,4,4,,,FALSE,5.89137046405311,0.309074663688809,2.0154860722976,0.153349937733121,5.94716928694885,116.364496619924,762.503268028064,0.152608521824252,,,,,,,,,,,,,,,TRUE,217,"Stress: pooled residual variance",2.29299723209376
0.547161534919502,0.0483903659707671,0.452318160418086,0.642004909420918,0,"Oracle: true predictors",,,,,,,,,,,,,,,,,,,,,,,,,,,,,,,,,,,,,,,,,,,,,,,,,,TRUE,217,"Factors: fixed measurement parameters",
0.476725556996461,0.0466031408370823,0.385385079389332,0.56806603460359,0,"Likelihood-only / naive OLS",,,,,,,,,,,,,,,,,,,,,,,,,,,,,,,,,,,,,,,,,,,,,,,,,,FALSE,217,"Factors: fixed measurement parameters",
0.604883125794977,0.0638531559057913,0.479733239920405,0.73003301166955,0,"Conditional posterior mean / naive OLS",,,,,,,,,,,,,,,,,,,,,,,,,,,,,,,,,,,,,,,,,,,,,,,,,,TRUE,217,"Factors: fixed measurement parameters",
0.605919966348254,0.0708320204572905,0.467091757299761,0.744748175396748,0,"REPAIR / stabilized","stabilized",0.605919966348254,0.0708320204572905,"ok","ok",2.40644170166817,2.40674853132441,,0.585842660362868,0.725670547218031,0.732931604753189,0.986666666666667,0.986666666666667,,1,1,"modified","modified","supplied",0,4,4,4,4,,,FALSE,3.42363585247758,0.369810560275288,1.59219068535169,0.232265245411609,3.4243720178867,152.492883007102,656.653327298172,0.232227381888918,,,,,,,,,,,,,,,TRUE,217,"Factors: fixed measurement parameters",
0.605919657704435,0.0713861938013949,0.466005288860304,0.745834026548565,0,"REPAIR / fuller_equations","fuller_equations",0.605919657704435,0.0713861938013949,"ok","ok",2.40644170166817,2.40674990467164,,0.58584605248158,0.726667098585749,0.733971047370638,0.986666666666667,0.986666666666667,,1,1,"fuller","fuller","supplied",0,4,4,4,4,,,FALSE,3.44391091809234,0.366354864413219,1.59219068535169,0.23009484214656,3.42437533276338,152.282004782538,655.745740938751,0.23222721136478,,,,,,,,,,,,,,,TRUE,217,"Factors: fixed measurement parameters",
0.56582811429364,0.0878643260857159,0.393617199639754,0.738039028947527,0,"Oracle: true predictors",,,,,,,,,,,,,,,,,,,,,,,,,,,,,,,,,,,,,,,,,,,,,,,,,,TRUE,218,"Stress: pooled residual variance",2.23896809923943
0.307864221184101,0.0700821128094518,0.170505804117102,0.4452226382511,0,"Likelihood-only / naive OLS",,,,,,,,,,,,,,,,,,,,,,,,,,,,,,,,,,,,,,,,,,,,,,,,,,FALSE,218,"Stress: pooled residual variance",2.23896809923943
0.522544642215651,0.115340110950836,0.296482178779159,0.748607105652144,0,"Conditional posterior mean / naive OLS",,,,,,,,,,,,,,,,,,,,,,,,,,,,,,,,,,,,,,,,,,,,,,,,,,TRUE,218,"Stress: pooled residual variance",2.23896809923943
0.498601957490588,0.123561058669278,0.256426732607163,0.740777182374013,0,"REPAIR / stabilized","stabilized",0.498601957490588,0.123561058669278,"ok","ok",2.21339169191085,2.23831966805074,,0.716547231224938,0.743505154376542,0.804160112257762,0.986666666666667,0.986666666666667,,1,1,"modified","modified","supplied",0,4,4,4,4,,,FALSE,7.03099139094596,0.271283755412562,2.0962370704477,0.129414635032011,7.01517600918369,105.696474223834,813.343128897224,0.129953116303009,,,,,,,,,,,,,,,TRUE,218,"Stress: pooled residual variance",2.23896809923943
0.498690100982041,0.124864052699663,0.25396105472699,0.743419147237092,0,"REPAIR / fuller_equations","fuller_equations",0.498690100982041,0.124864052699663,"ok","ok",2.21339169191085,2.23867235481032,,0.71655012347796,0.743904592276307,0.805469345096863,0.986666666666667,0.986666666666667,,1,1,"fuller","fuller","supplied",0,4,4,4,4,,,FALSE,7.09264335512443,0.268565948069574,2.0962370704477,0.128118117867372,7.01495725733381,105.589486824251,812.473089697882,0.129960595819259,,,,,,,,,,,,,,,TRUE,218,"Stress: pooled residual variance",2.23896809923943
0.585400572975166,0.0542508815943613,0.479070798920671,0.691730347029661,0,"Oracle: true predictors",,,,,,,,,,,,,,,,,,,,,,,,,,,,,,,,,,,,,,,,,,,,,,,,,,TRUE,218,"Factors: fixed measurement parameters",
0.484097614680078,0.0494925049857773,0.387094087403286,0.581101141956871,0,"Likelihood-only / naive OLS",,,,,,,,,,,,,,,,,,,,,,,,,,,,,,,,,,,,,,,,,,,,,,,,,,FALSE,218,"Factors: fixed measurement parameters",
0.624524470842715,0.0671723476482508,0.49286908869514,0.75617985299029,0,"Conditional posterior mean / naive OLS",,,,,,,,,,,,,,,,,,,,,,,,,,,,,,,,,,,,,,,,,,,,,,,,,,TRUE,218,"Factors: fixed measurement parameters",
0.675353885865438,0.0769341706501017,0.52456568221078,0.826142089520095,0,"REPAIR / stabilized","stabilized",0.675353885865438,0.0769341706501017,"ok","ok",2.4117868803538,2.41138434821194,,0.590831243508775,0.733865871607502,0.736214264829022,0.986666666666667,0.986666666666667,,1,1,"modified","modified","supplied",0,4,4,4,4,,,FALSE,2.39170497735196,0.424527843104867,1.34409292680976,0.315847092590909,2.39326176917129,173.323392197784,549.083122786681,0.315659660632331,,,,,,,,,,,,,,,TRUE,218,"Factors: fixed measurement parameters",
0.67535398004819,0.0775478431132816,0.523363000467395,0.827344959628984,0,"REPAIR / fuller_equations","fuller_equations",0.67535398004819,0.0775478431132816,"ok","ok",2.4117868803538,2.41138501200523,,0.590836205271341,0.735336238296543,0.737685449314087,0.986666666666667,0.986666666666667,,1,1,"fuller","fuller","supplied",0,4,4,4,4,,,FALSE,2.40056497394035,0.421110709032419,1.34409292680976,0.31330475790237,2.39325920217742,172.977180806014,547.985799647743,0.315659969505062,,,,,,,,,,,,,,,TRUE,218,"Factors: fixed measurement parameters",
0.606729473864009,0.0778381102411106,0.454169581166774,0.759289366561244,0,"Oracle: true predictors",,,,,,,,,,,,,,,,,,,,,,,,,,,,,,,,,,,,,,,,,,,,,,,,,,TRUE,219,"Stress: pooled residual variance",2.1635524664985
0.368786156300272,0.061365733608612,0.248511528542513,0.489060784058031,0,"Likelihood-only / naive OLS",,,,,,,,,,,,,,,,,,,,,,,,,,,,,,,,,,,,,,,,,,,,,,,,,,FALSE,219,"Stress: pooled residual variance",2.1635524664985
0.57001290615533,0.10087947468823,0.37229276898708,0.767733043323581,0,"Conditional posterior mean / naive OLS",,,,,,,,,,,,,,,,,,,,,,,,,,,,,,,,,,,,,,,,,,,,,,,,,,TRUE,219,"Stress: pooled residual variance",2.1635524664985
0.557202411446917,0.10102220314702,0.359202531639869,0.755202291253965,0,"REPAIR / stabilized","stabilized",0.557202411446917,0.10102220314702,"ok","ok",2.3949277918658,2.42936385810961,,0.577361079825776,0.610272136098143,0.68444130306342,0.986666666666667,0.986666666666667,,1,1,"modified","modified","supplied",0,4,4,4,4,,,FALSE,5.28255030554547,0.314291647518367,1.84273475101723,0.170557182657391,5.32426574682163,144.773777421968,853.19676019905,0.169683927759164,,,,,,,,,,,,,,,TRUE,219,"Stress: pooled residual variance",2.1635524664985
0.55720091264341,0.101920969278729,0.357439483587689,0.756962341699131,0,"REPAIR / fuller_equations","fuller_equations",0.55720091264341,0.101920969278729,"ok","ok",2.3949277918658,2.42977175243859,,0.577364119838866,0.610693180699752,0.685819091291544,0.986666666666667,0.986666666666667,,1,1,"fuller","fuller","supplied",0,4,4,4,4,,,FALSE,5.31915858477527,0.31166514809288,1.84273475101723,0.169131855749089,5.32475050795918,144.56833918144,852.036773379819,0.169673825940603,,,,,,,,,,,,,,,TRUE,219,"Stress: pooled residual variance",2.1635524664985
0.63681692283586,0.0526216422948521,0.5336803991306,0.73995344654112,0,"Oracle: true predictors",,,,,,,,,,,,,,,,,,,,,,,,,,,,,,,,,,,,,,,,,,,,,,,,,,TRUE,219,"Factors: fixed measurement parameters",
0.481242321425993,0.0502310694799853,0.382791234340293,0.579693408511694,0,"Likelihood-only / naive OLS",,,,,,,,,,,,,,,,,,,,,,,,,,,,,,,,,,,,,,,,,,,,,,,,,,FALSE,219,"Factors: fixed measurement parameters",
0.614758982876456,0.067478466986021,0.48250361785188,0.747014347901032,0,"Conditional posterior mean / naive OLS",,,,,,,,,,,,,,,,,,,,,,,,,,,,,,,,,,,,,,,,,,,,,,,,,,TRUE,219,"Factors: fixed measurement parameters",
0.653653483004724,0.0730100818157381,0.510556352137554,0.796750613871893,0,"REPAIR / stabilized","stabilized",0.653653483004724,0.0730100818157381,"ok","ok",2.68350203127604,2.6828262384485,,0.665560259665662,0.818117426887861,0.824379706249254,0.986666666666667,0.986666666666667,,1,1,"modified","modified","supplied",0,4,4,4,4,,,FALSE,1.72892594269404,0.564366071640853,1.30466359837776,0.432575931713427,1.72829881643882,206.603664645598,477.438270158851,0.432733774309415,,,,,,,,,,,,,,,TRUE,219,"Factors: fixed measurement parameters",
0.653654843438291,0.073477516482077,0.509641557459972,0.79766812941661,0,"REPAIR / fuller_equations","fuller_equations",0.653654843438291,0.073477516482077,"ok","ok",2.68350203127604,2.68282213119995,,0.665565162416433,0.819559286719276,0.825870902847865,0.986666666666667,0.986666666666667,,1,1,"fuller","fuller","supplied",0,4,4,4,4,,,FALSE,1.73152828573871,0.560951300003187,1.30466359837776,0.429958573766204,1.72829501079121,206.238086773357,476.592404694467,0.432734732534337,,,,,,,,,,,,,,,TRUE,219,"Factors: fixed measurement parameters",
0.587582931081042,0.0841059601827918,0.42273827823761,0.752427583924473,0,"Oracle: true predictors",,,,,,,,,,,,,,,,,,,,,,,,,,,,,,,,,,,,,,,,,,,,,,,,,,TRUE,220,"Stress: pooled residual variance",2.21503047879194
0.413887050443465,0.0630654190191832,0.290281100495939,0.537493000390992,0,"Likelihood-only / naive OLS",,,,,,,,,,,,,,,,,,,,,,,,,,,,,,,,,,,,,,,,,,,,,,,,,,FALSE,220,"Stress: pooled residual variance",2.21503047879194
0.630438692019093,0.106100974087186,0.42248460408359,0.838392779954595,0,"Conditional posterior mean / naive OLS",,,,,,,,,,,,,,,,,,,,,,,,,,,,,,,,,,,,,,,,,,,,,,,,,,TRUE,220,"Stress: pooled residual variance",2.21503047879194
0.630901582568446,0.104786157700766,0.425524487396609,0.836278677740282,0,"REPAIR / stabilized","stabilized",0.630901582568446,0.104786157700766,"ok","ok",2.35730358903883,2.40352404513118,,0.602162486321265,0.646513416000517,0.746443858338945,0.986666666666667,0.986666666666667,,1,1,"modified","modified","supplied",0,4,4,4,4,,,FALSE,5.76031113812975,0.34842494129271,2.19271569382285,0.158901102534298,5.87897482100198,148.338639893317,949.539926399038,0.156221592972783,,,,,,,,,,,,,,,TRUE,220,"Stress: pooled residual variance",2.21503047879194
0.630806222185264,0.105732615925308,0.423574102980454,0.838038341390074,0,"REPAIR / fuller_equations","fuller_equations",0.630806222185264,0.105732615925308,"ok","ok",2.35730358903883,2.40409150058918,,0.602166866389277,0.647121003430731,0.748427648646422,0.986666666666667,0.986666666666667,,1,1,"fuller","fuller","supplied",0,4,4,4,4,,,FALSE,5.79810947381391,0.345720863255154,2.19271569382285,0.157667892937097,5.88041137836454,148.051601372131,947.896061335548,0.156189699916605,,,,,,,,,,,,,,,TRUE,220,"Stress: pooled residual variance",2.21503047879194
0.568975451522489,0.0518900391122486,0.467272843706107,0.670678059338871,0,"Oracle: true predictors",,,,,,,,,,,,,,,,,,,,,,,,,,,,,,,,,,,,,,,,,,,,,,,,,,TRUE,220,"Factors: fixed measurement parameters",
0.468364594265843,0.0503037645655174,0.369771027430646,0.566958161101039,0,"Likelihood-only / naive OLS",,,,,,,,,,,,,,,,,,,,,,,,,,,,,,,,,,,,,,,,,,,,,,,,,,FALSE,220,"Factors: fixed measurement parameters",
0.59228593010517,0.0679687868853823,0.459069555736942,0.725502304473397,0,"Conditional posterior mean / naive OLS",,,,,,,,,,,,,,,,,,,,,,,,,,,,,,,,,,,,,,,,,,,,,,,,,,TRUE,220,"Factors: fixed measurement parameters",
0.633905019913702,0.0753779697089519,0.486166914056405,0.781643125770999,0,"REPAIR / stabilized","stabilized",0.633905019913702,0.0753779697089519,"ok","ok",2.59054161286763,2.59055924941875,,0.6243151366668,0.787649057207642,0.797887889764765,0.986666666666667,0.986666666666667,,1,1,"modified","modified","supplied",0,4,4,4,4,,,FALSE,2.0383712761556,0.456377259375182,1.25774481996661,0.362853618739051,2.03814645814087,173.245335963881,477.404012736026,0.362890405907994,,,,,,,,,,,,,,,TRUE,220,"Factors: fixed measurement parameters",
0.633909316437077,0.0759173158217324,0.485114111623529,0.782704521250626,0,"REPAIR / fuller_equations","fuller_equations",0.633909316437077,0.0759173158217324,"ok","ok",2.59054161286763,2.5905593085757,,0.624320489642616,0.78921265870209,0.799547788135058,0.986666666666667,0.986666666666667,,1,1,"fuller","fuller","supplied",0,4,4,4,4,,,FALSE,2.04407775855877,0.452940034433456,1.25774481996661,0.36012077111594,2.03814481063371,172.897869891795,476.446162801108,0.362890675570351,,,,,,,,,,,,,,,TRUE,220,"Factors: fixed measurement parameters",
0.555825697046764,0.0833017588509294,0.392557249850101,0.719094144243426,0,"Oracle: true predictors",,,,,,,,,,,,,,,,,,,,,,,,,,,,,,,,,,,,,,,,,,,,,,,,,,TRUE,221,"Stress: pooled residual variance",2.27776609995755
0.439029948395601,0.0668173136095564,0.308070420177153,0.56998947661405,0,"Likelihood-only / naive OLS",,,,,,,,,,,,,,,,,,,,,,,,,,,,,,,,,,,,,,,,,,,,,,,,,,FALSE,221,"Stress: pooled residual variance",2.27776609995755
0.677122447781107,0.110157680012201,0.461217362336705,0.893027533225508,0,"Conditional posterior mean / naive OLS",,,,,,,,,,,,,,,,,,,,,,,,,,,,,,,,,,,,,,,,,,,,,,,,,,TRUE,221,"Stress: pooled residual variance",2.27776609995755
0.685755087779005,0.11560537463187,0.45917271708128,0.91233745847673,0,"REPAIR / stabilized","stabilized",0.685755087779005,0.11560537463187,"ok","ok",2.19436517061887,2.25602867312846,,0.66205298049799,0.712274512297505,0.826330160306413,0.986666666666667,0.986666666666667,,1,1,"modified","modified","supplied",0,4,4,4,4,,,FALSE,6.8432773096186,0.296962116309862,2.22301428938447,0.13358533848745,6.82181464124606,117.403556143214,872.933404289136,0.134493141820847,,,,,,,,,,,,,,,TRUE,221,"Stress: pooled residual variance",2.27776609995755
0.685651726984759,0.116763489298624,0.456799493250227,0.91450396071929,0,"REPAIR / fuller_equations","fuller_equations",0.685651726984759,0.116763489298624,"ok","ok",2.19436517061887,2.25687313079219,,0.662058541497538,0.713042541638305,0.82884827637015,0.986666666666667,0.986666666666667,,1,1,"fuller","fuller","supplied",0,4,4,4,4,,,FALSE,6.89923463003486,0.294179874782564,2.22301428938447,0.1323337758949,6.82153602218895,117.18310834595,871.217143134852,0.134505053383473,,,,,,,,,,,,,,,TRUE,221,"Stress: pooled residual variance",2.27776609995755
0.625412445329274,0.0476300905660501,0.532059183239435,0.718765707419113,0,"Oracle: true predictors",,,,,,,,,,,,,,,,,,,,,,,,,,,,,,,,,,,,,,,,,,,,,,,,,,TRUE,221,"Factors: fixed measurement parameters",
0.49201415114311,0.0438510422097158,0.406067687727522,0.577960614558699,0,"Likelihood-only / naive OLS",,,,,,,,,,,,,,,,,,,,,,,,,,,,,,,,,,,,,,,,,,,,,,,,,,FALSE,221,"Factors: fixed measurement parameters",
0.634956606593693,0.0601533906771183,0.517058127318574,0.752855085868813,0,"Conditional posterior mean / naive OLS",,,,,,,,,,,,,,,,,,,,,,,,,,,,,,,,,,,,,,,,,,,,,,,,,,TRUE,221,"Factors: fixed measurement parameters",
0.611690112126783,0.0618459819146867,0.490474214985482,0.732906009268085,0,"REPAIR / stabilized","stabilized",0.611690112126783,0.0618459819146867,"ok","ok",2.51541507589602,2.51546001887369,,0.632100976583831,0.755326391766901,0.758529136094214,0.986666666666667,0.986666666666667,,1,1,"modified","modified","supplied",0,4,4,4,4,,,FALSE,3.32761662468371,0.41090359681744,1.68933160441259,0.24323442226745,3.3283597052529,163.019552513849,670.337908570565,0.243190114164174,,,,,,,,,,,,,,,TRUE,221,"Factors: fixed measurement parameters",
0.611689775425293,0.0622304477176995,0.489720339156799,0.733659211693787,0,"REPAIR / fuller_equations","fuller_equations",0.611689775425293,0.0622304477176995,"ok","ok",2.51541507589602,2.51546015689437,,0.632103652054909,0.756117807148918,0.759333788767816,0.986666666666667,0.986666666666667,,1,1,"fuller","fuller","supplied",0,4,4,4,4,,,FALSE,3.34566153430683,0.407388921469567,1.68933160441259,0.241153909869118,3.32836198845654,162.848362198438,669.63434722016,0.243189978044685,,,,,,,,,,,,,,,TRUE,221,"Factors: fixed measurement parameters",
0.583173536579787,0.0829454127232046,0.420603514959495,0.745743558200078,0,"Oracle: true predictors",,,,,,,,,,,,,,,,,,,,,,,,,,,,,,,,,,,,,,,,,,,,,,,,,,TRUE,222,"Stress: pooled residual variance",2.26021731867041
0.39393884126076,0.0672819817691107,0.262068580184823,0.525809102336697,0,"Likelihood-only / naive OLS",,,,,,,,,,,,,,,,,,,,,,,,,,,,,,,,,,,,,,,,,,,,,,,,,,FALSE,222,"Stress: pooled residual variance",2.26021731867041
0.610001070498839,0.111149609374318,0.392151839229479,0.827850301768198,0,"Conditional posterior mean / naive OLS",,,,,,,,,,,,,,,,,,,,,,,,,,,,,,,,,,,,,,,,,,,,,,,,,,TRUE,222,"Stress: pooled residual variance",2.26021731867041
0.615175386992093,0.118808102101125,0.38231578580233,0.848034988181856,0,"REPAIR / stabilized","stabilized",0.615175386992093,0.118808102101125,"ok","ok",2.18008215325355,2.22350588505612,,0.646468656569631,0.691735753157488,0.792851965231802,0.986666666666667,0.986666666666667,,1,1,"modified","modified","supplied",0,4,4,4,4,,,FALSE,7.33277213668664,0.281659439656525,2.25595070335869,0.124851770580442,7.40921280847673,113.831152606217,918.135111650698,0.123980829359159,,,,,,,,,,,,,,,TRUE,222,"Stress: pooled residual variance",2.26021731867041
0.615190406598153,0.120063062418955,0.379871128383417,0.850509684812889,0,"REPAIR / fuller_equations","fuller_equations",0.615190406598153,0.120063062418955,"ok","ok",2.18008215325355,2.22402493204725,,0.646472924795479,0.692325142493861,0.794785144201368,0.986666666666667,0.986666666666667,,1,1,"fuller","fuller","supplied",0,4,4,4,4,,,FALSE,7.39567860246606,0.278915495188598,2.25595070335869,0.123635456560884,7.41010727240044,113.644157448553,916.701884614075,0.123970681587937,,,,,,,,,,,,,,,TRUE,222,"Stress: pooled residual variance",2.26021731867041
0.603358780965727,0.0505384916346542,0.504305157528826,0.702412404402628,0,"Oracle: true predictors",,,,,,,,,,,,,,,,,,,,,,,,,,,,,,,,,,,,,,,,,,,,,,,,,,TRUE,222,"Factors: fixed measurement parameters",
0.48309633360347,0.0481133381484192,0.388795923656571,0.577396743550368,0,"Likelihood-only / naive OLS",,,,,,,,,,,,,,,,,,,,,,,,,,,,,,,,,,,,,,,,,,,,,,,,,,FALSE,222,"Factors: fixed measurement parameters",
0.621584835637389,0.0650003000396585,0.494186588575361,0.748983082699417,0,"Conditional posterior mean / naive OLS",,,,,,,,,,,,,,,,,,,,,,,,,,,,,,,,,,,,,,,,,,,,,,,,,,TRUE,222,"Factors: fixed measurement parameters",
0.638186924524942,0.0682835975657046,0.504353532561334,0.77202031648855,0,"REPAIR / stabilized","stabilized",0.638186924524942,0.0682835975657046,"ok","ok",2.84115543958371,2.84047949901315,,0.661987238856228,0.797669890866259,0.801529386600135,0.986666666666667,0.986666666666667,,1,1,"modified","modified","supplied",0,4,4,4,4,,,FALSE,1.9801330695261,0.555934148668299,1.4287062366692,0.389117184764567,1.98060975650297,208.844046999623,536.794828867703,0.389057486712665,,,,,,,,,,,,,,,TRUE,222,"Factors: fixed measurement parameters",
0.638188317908764,0.0686887098180683,0.503560920520827,0.772815715296701,0,"REPAIR / fuller_equations","fuller_equations",0.638188317908764,0.0686887098180683,"ok","ok",2.84115543958371,2.84047666442328,,0.661991098672329,0.798809845620067,0.802691114527346,0.986666666666667,0.986666666666667,,1,1,"fuller","fuller","supplied",0,4,4,4,4,,,FALSE,1.98441276816499,0.552503623934918,1.4287062366692,0.38671604403645,1.98061175421959,208.545008429392,536.026550413887,0.389057236564806,,,,,,,,,,,,,,,TRUE,222,"Factors: fixed measurement parameters",
0.543528540441811,0.0756293538860198,0.395297730651177,0.691759350232444,0,"Oracle: true predictors",,,,,,,,,,,,,,,,,,,,,,,,,,,,,,,,,,,,,,,,,,,,,,,,,,TRUE,223,"Stress: pooled residual variance",2.30511845080532
0.404222837178276,0.0590464927997415,0.288493837877379,0.519951836479173,0,"Likelihood-only / naive OLS",,,,,,,,,,,,,,,,,,,,,,,,,,,,,,,,,,,,,,,,,,,,,,,,,,FALSE,223,"Stress: pooled residual variance",2.30511845080532
0.672267421340774,0.0983035526431137,0.479595998607934,0.864938844073614,0,"Conditional posterior mean / naive OLS",,,,,,,,,,,,,,,,,,,,,,,,,,,,,,,,,,,,,,,,,,,,,,,,,,TRUE,223,"Stress: pooled residual variance",2.30511845080532
0.63252304276706,0.0998534591353728,0.436813859129987,0.828232226404132,0,"REPAIR / stabilized","stabilized",0.63252304276706,0.0998534591353728,"ok","ok",2.25533406172426,2.30243597097515,,0.542505063580883,0.583872120284018,0.677904338459881,0.986666666666667,0.986666666666667,,1,1,"modified","modified","supplied",0,4,4,4,4,,,FALSE,5.55442793378256,0.314747083898589,1.94231356846894,0.162047513340852,5.54183649995878,150.39604790347,922.730356313582,0.162990246147662,,,,,,,,,,,,,,,TRUE,223,"Stress: pooled residual variance",2.30511845080532
0.632577725953875,0.1008021875082,0.43500906887495,0.8301463830328,0,"REPAIR / fuller_equations","fuller_equations",0.632577725953875,0.1008021875082,"ok","ok",2.25533406172426,2.30305538458106,,0.542509460609894,0.58448030757966,0.679896186212648,0.986666666666667,0.986666666666667,,1,1,"fuller","fuller","supplied",0,4,4,4,4,,,FALSE,5.59593110101141,0.311944182461483,1.94231356846894,0.160604439739036,5.54168286494368,150.106591678635,920.887661840871,0.163002066265682,,,,,,,,,,,,,,,TRUE,223,"Stress: pooled residual variance",2.30511845080532
0.586363385797618,0.052613294789443,0.483243222902321,0.689483548692916,0,"Oracle: true predictors",,,,,,,,,,,,,,,,,,,,,,,,,,,,,,,,,,,,,,,,,,,,,,,,,,TRUE,223,"Factors: fixed measurement parameters",
0.485456013498548,0.0471934756035089,0.3929585010104,0.577953525986695,0,"Likelihood-only / naive OLS",,,,,,,,,,,,,,,,,,,,,,,,,,,,,,,,,,,,,,,,,,,,,,,,,,FALSE,223,"Factors: fixed measurement parameters",
0.618472579177829,0.0642514716026692,0.492542008882899,0.744403149472758,0,"Conditional posterior mean / naive OLS",,,,,,,,,,,,,,,,,,,,,,,,,,,,,,,,,,,,,,,,,,,,,,,,,,TRUE,223,"Factors: fixed measurement parameters",
0.62745060624077,0.0690032066990494,0.49220680629286,0.76269440618868,0,"REPAIR / stabilized","stabilized",0.62745060624077,0.0690032066990494,"ok","ok",2.67936221467052,2.6796563687608,,0.611796880025151,0.756964470132856,0.763731677506198,0.986666666666667,0.986666666666667,,1,1,"modified","modified","supplied",0,4,4,4,4,,,FALSE,2.63200794205612,0.449999816485368,1.51148152858323,0.297721016086231,2.63186068747317,178.016514172564,597.840202695345,0.297766047465496,,,,,,,,,,,,,,,TRUE,223,"Factors: fixed measurement parameters",
0.627451394371357,0.0694671505281707,0.49129828122752,0.763604507515194,0,"REPAIR / fuller_equations","fuller_equations",0.627451394371357,0.0694671505281707,"ok","ok",2.67936221467052,2.67965766355571,,0.61180064192971,0.758071172236989,0.764878736017647,0.986666666666667,0.986666666666667,,1,1,"fuller","fuller","supplied",0,4,4,4,4,,,FALSE,2.64240289840531,0.446557967794923,1.51148152858323,0.295443880292404,2.63186003468809,177.755173005504,596.962127745111,0.297766248048153,,,,,,,,,,,,,,,TRUE,223,"Factors: fixed measurement parameters",
0.659745245305858,0.0891672828733008,0.484980582274894,0.834509908336823,0,"Oracle: true predictors",,,,,,,,,,,,,,,,,,,,,,,,,,,,,,,,,,,,,,,,,,,,,,,,,,TRUE,224,"Stress: pooled residual variance",2.1891482913704
0.361199423953689,0.0754926099310358,0.213236627389928,0.50916222051745,0,"Likelihood-only / naive OLS",,,,,,,,,,,,,,,,,,,,,,,,,,,,,,,,,,,,,,,,,,,,,,,,,,FALSE,224,"Stress: pooled residual variance",2.1891482913704
0.576090394953313,0.118004482108828,0.344805860005709,0.807374929900917,0,"Conditional posterior mean / naive OLS",,,,,,,,,,,,,,,,,,,,,,,,,,,,,,,,,,,,,,,,,,,,,,,,,,TRUE,224,"Stress: pooled residual variance",2.1891482913704
0.600796283732205,0.14196267988971,0.322554543999585,0.879038023464826,0,"REPAIR / stabilized","stabilized",0.600796283732205,0.14196267988971,"ok","ok",2.00501485440948,2.05542246073912,,0.762667402598711,0.799009166806046,0.88143073258298,0.986666666666667,0.986666666666667,,1,1,"modified","modified","supplied",0,4,4,4,4,,,FALSE,8.83855245022994,0.218471608837805,2.11498597887416,0.103296953748176,8.58845305047565,80.1532017861732,752.598893459865,0.106501886307182,,,,,,,,,,,,,,,TRUE,224,"Stress: pooled residual variance",2.1891482913704
0.600834601812859,0.143694075332613,0.319199389369153,0.882469814256566,0,"REPAIR / fuller_equations","fuller_equations",0.600834601812859,0.143694075332613,"ok","ok",2.00501485440948,2.05624938383646,,0.762672032128664,0.799645680612627,0.88352356373743,0.986666666666667,0.986666666666667,,1,1,"fuller","fuller","supplied",0,4,4,4,4,,,FALSE,8.93620938946383,0.215805894635127,2.11498597887416,0.102036560426752,8.58455495060514,80.0607365724815,751.367118712456,0.106553420529865,,,,,,,,,,,,,,,TRUE,224,"Stress: pooled residual variance",2.1891482913704
0.618177535898513,0.0496752272558235,0.520815879553257,0.71553919224377,0,"Oracle: true predictors",,,,,,,,,,,,,,,,,,,,,,,,,,,,,,,,,,,,,,,,,,,,,,,,,,TRUE,224,"Factors: fixed measurement parameters",
0.504990536544578,0.0453936863774315,0.416020546119306,0.593960526969851,0,"Likelihood-only / naive OLS",,,,,,,,,,,,,,,,,,,,,,,,,,,,,,,,,,,,,,,,,,,,,,,,,,FALSE,224,"Factors: fixed measurement parameters",
0.649228326998448,0.0616376239090303,0.528420804044124,0.770035849952772,0,"Conditional posterior mean / naive OLS",,,,,,,,,,,,,,,,,,,,,,,,,,,,,,,,,,,,,,,,,,,,,,,,,,TRUE,224,"Factors: fixed measurement parameters",
0.637785034218259,0.062234468539854,0.515807717283154,0.759762351153363,0,"REPAIR / stabilized","stabilized",0.637785034218259,0.062234468539854,"ok","ok",2.90743261818264,2.90758688044755,,0.658395371148443,0.797546850990396,0.802163606808689,0.986666666666667,0.986666666666667,,1,1,"modified","modified","supplied",0,4,4,4,4,,,FALSE,2.41977849176321,0.508357422045131,1.55289429831587,0.327361252209149,2.42040595857266,190.925397399723,583.351092669395,0.327290717029525,,,,,,,,,,,,,,,TRUE,224,"Factors: fixed measurement parameters",
0.637784824066212,0.0625667551809901,0.515156237281937,0.760413410850487,0,"REPAIR / fuller_equations","fuller_equations",0.637784824066212,0.0625667551809901,"ok","ok",2.90743261818264,2.90758774507415,,0.658398745547388,0.798540881838836,0.803189630052397,0.986666666666667,0.986666666666667,,1,1,"fuller","fuller","supplied",0,4,4,4,4,,,FALSE,2.42795769557238,0.50485188573855,1.55289429831587,0.325103831140385,2.42040950556701,190.686069008001,582.620561294833,0.327290318392153,,,,,,,,,,,,,,,TRUE,224,"Factors: fixed measurement parameters",
0.528001763687045,0.0905046847359862,0.35061584117236,0.70538768620173,0,"Oracle: true predictors",,,,,,,,,,,,,,,,,,,,,,,,,,,,,,,,,,,,,,,,,,,,,,,,,,TRUE,225,"Stress: pooled residual variance",2.23297136199794
0.434805767088134,0.0729092660629035,0.291906231465595,0.577705302710673,0,"Likelihood-only / naive OLS",,,,,,,,,,,,,,,,,,,,,,,,,,,,,,,,,,,,,,,,,,,,,,,,,,FALSE,225,"Stress: pooled residual variance",2.23297136199794
0.673534250198092,0.115984039678773,0.446209709646233,0.900858790749951,0,"Conditional posterior mean / naive OLS",,,,,,,,,,,,,,,,,,,,,,,,,,,,,,,,,,,,,,,,,,,,,,,,,,TRUE,225,"Stress: pooled residual variance",2.23297136199794
0.730270345994556,0.13186865358754,0.471812534273188,0.988728157715924,0,"REPAIR / stabilized","stabilized",0.730270345994556,0.13186865358754,"ok","ok",2.0844335334565,2.14957520494861,,0.706693983344563,0.762632439785463,0.889397921509275,0.986666666666667,0.986666666666667,,1,1,"modified","modified","supplied",0,4,4,4,4,,,FALSE,7.5978183459571,0.27846006938514,2.30339526385428,0.120891135687755,7.58495477343403,103.090549685908,847.866525912246,0.121588182261341,,,,,,,,,,,,,,,TRUE,225,"Stress: pooled residual variance",2.23297136199794
0.730235455935451,0.133323211195028,0.468926763689969,0.991544148180933,0,"REPAIR / fuller_equations","fuller_equations",0.730235455935451,0.133323211195028,"ok","ok",2.0844335334565,2.15061282294981,,0.706701221723095,0.763632556749024,0.892670731048536,0.986666666666667,0.986666666666667,,1,1,"fuller","fuller","supplied",0,4,4,4,4,,,FALSE,7.66353887242518,0.275741145921343,2.30339526385428,0.11971073755702,7.58477180932588,102.863974341155,845.930634027671,0.121598592370861,,,,,,,,,,,,,,,TRUE,225,"Stress: pooled residual variance",2.23297136199794
0.60585994808787,0.0522753536883898,0.503402137579533,0.708317758596207,0,"Oracle: true predictors",,,,,,,,,,,,,,,,,,,,,,,,,,,,,,,,,,,,,,,,,,,,,,,,,,TRUE,225,"Factors: fixed measurement parameters",
0.501651100759004,0.0465554350035895,0.410404124867373,0.592898076650634,0,"Likelihood-only / naive OLS",,,,,,,,,,,,,,,,,,,,,,,,,,,,,,,,,,,,,,,,,,,,,,,,,,FALSE,225,"Factors: fixed measurement parameters",
0.65670538922187,0.0631617264074561,0.532910680261883,0.780500098181856,0,"Conditional posterior mean / naive OLS",,,,,,,,,,,,,,,,,,,,,,,,,,,,,,,,,,,,,,,,,,,,,,,,,,TRUE,225,"Factors: fixed measurement parameters",
0.672470058995157,0.0679594204209509,0.539272042559877,0.805668075430437,0,"REPAIR / stabilized","stabilized",0.672470058995157,0.0679594204209509,"ok","ok",2.57590409838818,2.57599871711926,,0.608248912519204,0.741669857057602,0.742175003935866,0.986666666666667,0.986666666666667,,1,1,"modified","modified","supplied",0,4,4,4,4,,,FALSE,2.4789803760546,0.490866597097796,1.54488516180825,0.317736624852587,2.47880308051096,198.527708382889,624.775352860485,0.317758547090478,,,,,,,,,,,,,,,TRUE,225,"Factors: fixed measurement parameters",
0.672470329612777,0.0684090045428264,0.5383911444906,0.806549514734954,0,"REPAIR / fuller_equations","fuller_equations",0.672470329612777,0.0684090045428264,"ok","ok",2.57590409838818,2.57599744912299,,0.608253033684385,0.742893380826989,0.743392576619533,0.986666666666667,0.986666666666667,,1,1,"fuller","fuller","supplied",0,4,4,4,4,,,FALSE,2.4873213157664,0.487438992123362,1.54488516180825,0.315517945393964,2.47880545645249,198.201063006436,623.747962340521,0.317758253289863,,,,,,,,,,,,,,,TRUE,225,"Factors: fixed measurement parameters",
0.614535268334677,0.0900497545545713,0.438040992591045,0.791029544078308,0,"Oracle: true predictors",,,,,,,,,,,,,,,,,,,,,,,,,,,,,,,,,,,,,,,,,,,,,,,,,,TRUE,226,"Stress: pooled residual variance",2.22247354562887
0.45201504509863,0.068838468215964,0.317094126644435,0.586935963552825,0,"Likelihood-only / naive OLS",,,,,,,,,,,,,,,,,,,,,,,,,,,,,,,,,,,,,,,,,,,,,,,,,,FALSE,226,"Stress: pooled residual variance",2.22247354562887
0.701483937778535,0.11158328383313,0.48278472018889,0.92018315536818,0,"Conditional posterior mean / naive OLS",,,,,,,,,,,,,,,,,,,,,,,,,,,,,,,,,,,,,,,,,,,,,,,,,,TRUE,226,"Stress: pooled residual variance",2.22247354562887
0.743425838671747,0.127169394476039,0.494178405562944,0.99267327178055,0,"REPAIR / stabilized","stabilized",0.743425838671747,0.127169394476039,"ok","ok",2.00293661691781,2.068709995357,,0.653002504589889,0.708195749067446,0.834351032880208,0.986666666666667,0.986666666666667,,1,1,"modified","modified","supplied",0,4,4,4,4,,,FALSE,7.91533962674241,0.244709648015389,2.12423518271684,0.115198943133223,7.77670642205951,97.183177512438,826.050317680886,0.117648011788528,,,,,,,,,,,,,,,TRUE,226,"Stress: pooled residual variance",2.22247354562887
0.743226308829017,0.128664612880826,0.49104830149781,0.995404316160224,0,"REPAIR / fuller_equations","fuller_equations",0.743226308829017,0.128664612880826,"ok","ok",2.00293661691781,2.06984138848958,,0.653010356899592,0.709280703424336,0.837897090820113,0.986666666666667,0.986666666666667,,1,1,"fuller","fuller","supplied",0,4,4,4,4,,,FALSE,7.99319744759545,0.242009516962887,2.12423518271684,0.113927835736796,7.77445763028268,96.9362318987445,823.66715345089,0.117688597259966,,,,,,,,,,,,,,,TRUE,226,"Stress: pooled residual variance",2.22247354562887
0.581315425379982,0.0504464202243934,0.482442258591198,0.680188592168766,0,"Oracle: true predictors",,,,,,,,,,,,,,,,,,,,,,,,,,,,,,,,,,,,,,,,,,,,,,,,,,TRUE,226,"Factors: fixed measurement parameters",
0.459950470052527,0.0496000879154319,0.36273608410826,0.557164855996793,0,"Likelihood-only / naive OLS",,,,,,,,,,,,,,,,,,,,,,,,,,,,,,,,,,,,,,,,,,,,,,,,,,FALSE,226,"Factors: fixed measurement parameters",
0.590790661242518,0.066931829990946,0.459606685040906,0.72197463744413,0,"Conditional posterior mean / naive OLS",,,,,,,,,,,,,,,,,,,,,,,,,,,,,,,,,,,,,,,,,,,,,,,,,,TRUE,226,"Factors: fixed measurement parameters",
0.642229981849611,0.0757303757449328,0.493801172853857,0.790658790845365,0,"REPAIR / stabilized","stabilized",0.642229981849611,0.0757303757449328,"ok","ok",2.52492301775704,2.52523048842629,,0.594553679946952,0.733853596713977,0.738134144253479,0.986666666666667,0.986666666666667,,1,1,"modified","modified","supplied",0,4,4,4,4,,,FALSE,2.03520463517833,0.473674230755586,1.29310970666356,0.366306298927835,2.03450737902032,193.410249805881,527.813734393963,0.366436561238701,,,,,,,,,,,,,,,TRUE,226,"Factors: fixed measurement parameters",
0.642229378896594,0.0762970453577236,0.492689917868637,0.791768839924551,0,"REPAIR / fuller_equations","fuller_equations",0.642229378896594,0.0762970453577236,"ok","ok",2.52492301775704,2.52523167331434,,0.594558520162481,0.735282270216163,0.739587755526625,0.986666666666667,0.986666666666667,,1,1,"fuller","fuller","supplied",0,4,4,4,4,,,FALSE,2.04051500513768,0.47026222437363,1.29310970666356,0.363667693429498,2.03450469238089,193.033571795421,526.785063820185,0.366437063335782,,,,,,,,,,,,,,,TRUE,226,"Factors: fixed measurement parameters",
0.726128327791405,0.079781110457507,0.56976022464808,0.882496430934731,0,"Oracle: true predictors",,,,,,,,,,,,,,,,,,,,,,,,,,,,,,,,,,,,,,,,,,,,,,,,,,TRUE,227,"Stress: pooled residual variance",2.1516923455572
0.387473951373387,0.0664853586969882,0.257165042828064,0.517782859918711,0,"Likelihood-only / naive OLS",,,,,,,,,,,,,,,,,,,,,,,,,,,,,,,,,,,,,,,,,,,,,,,,,,FALSE,227,"Stress: pooled residual variance",2.1516923455572
0.587598030046783,0.107604401434433,0.376697278657303,0.798498781436262,0,"Conditional posterior mean / naive OLS",,,,,,,,,,,,,,,,,,,,,,,,,,,,,,,,,,,,,,,,,,,,,,,,,,TRUE,227,"Stress: pooled residual variance",2.1516923455572
0.591910647194339,0.11094332567148,0.37446572455314,0.809355569835539,0,"REPAIR / stabilized","stabilized",0.591910647194339,0.11094332567148,"ok","ok",2.34946914477393,2.39808206024105,,0.644438031567282,0.684248669317908,0.77332431378129,0.986666666666667,0.986666666666667,,1,1,"modified","modified","supplied",0,4,4,4,4,,,FALSE,6.17374397447579,0.318905191204453,2.14977662786459,0.148343407901512,6.19817938974343,131.881325728341,889.868050389252,0.148203237177301,,,,,,,,,,,,,,,TRUE,227,"Stress: pooled residual variance",2.1516923455572
0.591878497864523,0.11195821774669,0.372444423307718,0.811312572421327,0,"REPAIR / fuller_equations","fuller_equations",0.591878497864523,0.11195821774669,"ok","ok",2.34946914477393,2.39865455831149,,0.644441683182698,0.684754576485416,0.774978496801089,0.986666666666667,0.986666666666667,,1,1,"fuller","fuller","supplied",0,4,4,4,4,,,FALSE,6.21713934491214,0.31628605264804,2.14977662786459,0.14712507734453,6.19845751960249,131.698779973367,888.64588249021,0.148201643161069,,,,,,,,,,,,,,,TRUE,227,"Stress: pooled residual variance",2.1516923455572
0.557090739832056,0.0489347454367527,0.461180401183385,0.653001078480727,0,"Oracle: true predictors",,,,,,,,,,,,,,,,,,,,,,,,,,,,,,,,,,,,,,,,,,,,,,,,,,TRUE,227,"Factors: fixed measurement parameters",
0.409108669108024,0.0461114367151914,0.318731913870851,0.499485424345197,0,"Likelihood-only / naive OLS",,,,,,,,,,,,,,,,,,,,,,,,,,,,,,,,,,,,,,,,,,,,,,,,,,FALSE,227,"Factors: fixed measurement parameters",
0.519762938078352,0.0620500762913254,0.398147023309392,0.641378852847313,0,"Conditional posterior mean / naive OLS",,,,,,,,,,,,,,,,,,,,,,,,,,,,,,,,,,,,,,,,,,,,,,,,,,TRUE,227,"Factors: fixed measurement parameters",
0.535098169432825,0.0639354263604162,0.409787036430197,0.660409302435453,0,"REPAIR / stabilized","stabilized",0.535098169432825,0.0639354263604162,"ok","ok",2.68604248280899,2.68684209744267,,0.636942971077323,0.75404372615132,0.761473902262288,0.986666666666667,0.986666666666667,,1,1,"modified","modified","supplied",0,4,4,4,4,,,FALSE,1.88335525058369,0.510016050527345,1.28045130886756,0.398309601462634,1.88324626427251,202.449876395704,508.209994471784,0.398358707223229,,,,,,,,,,,,,,,TRUE,227,"Factors: fixed measurement parameters",
0.535100009256578,0.0642880358403785,0.409097774372616,0.66110224414054,0,"REPAIR / fuller_equations","fuller_equations",0.535100009256578,0.0642880358403785,"ok","ok",2.68604248280899,2.68685039976159,,0.636946750076122,0.755142314888864,0.762661165375789,0.986666666666667,0.986666666666667,,1,1,"fuller","fuller","supplied",0,4,4,4,4,,,FALSE,1.88807640064981,0.506461181443964,1.28045130886756,0.395533338859939,1.88324513617576,202.150565771818,507.457986321211,0.398359216370398,,,,,,,,,,,,,,,TRUE,227,"Factors: fixed measurement parameters",
0.542020072202218,0.0853105574047586,0.374814452187854,0.709225692216582,0,"Oracle: true predictors",,,,,,,,,,,,,,,,,,,,,,,,,,,,,,,,,,,,,,,,,,,,,,,,,,TRUE,228,"Stress: pooled residual variance",2.20450099166446
0.36431345985824,0.0660176713723323,0.234921201625268,0.493705718091212,0,"Likelihood-only / naive OLS",,,,,,,,,,,,,,,,,,,,,,,,,,,,,,,,,,,,,,,,,,,,,,,,,,FALSE,228,"Stress: pooled residual variance",2.20450099166446
0.604665137466396,0.108475638570002,0.392056792669208,0.817273482263584,0,"Conditional posterior mean / naive OLS",,,,,,,,,,,,,,,,,,,,,,,,,,,,,,,,,,,,,,,,,,,,,,,,,,TRUE,228,"Stress: pooled residual variance",2.20450099166446
0.571990220588396,0.113002923018752,0.350508561323889,0.793471879852902,0,"REPAIR / stabilized","stabilized",0.571990220588396,0.113002923018752,"ok","ok",2.27574814261812,2.30450211769967,,0.648194590158004,0.682724041166616,0.760475047510575,0.986666666666667,0.986666666666667,,1,1,"modified","modified","supplied",0,4,4,4,4,,,FALSE,7.17872350261017,0.284964911591825,2.23124949036221,0.127715395711111,7.2360327745975,118.325330472534,931.461625031319,0.127031889766318,,,,,,,,,,,,,,,TRUE,228,"Stress: pooled residual variance",2.20450099166446
0.572096607852238,0.114114919057868,0.348435476400113,0.795757739304364,0,"REPAIR / fuller_equations","fuller_equations",0.572096607852238,0.114114919057868,"ok","ok",2.27574814261812,2.30486626545426,,0.648197979166053,0.683192540698617,0.762010345569447,0.986666666666667,0.986666666666667,,1,1,"fuller","fuller","supplied",0,4,4,4,4,,,FALSE,7.23801948332925,0.282284020870093,2.23124949036221,0.126513875785477,7.23674152565967,118.163747221801,930.251202545538,0.127023482365256,,,,,,,,,,,,,,,TRUE,228,"Stress: pooled residual variance",2.20450099166446
0.62189091200696,0.0473525375435794,0.529081643844963,0.714700180168956,0,"Oracle: true predictors",,,,,,,,,,,,,,,,,,,,,,,,,,,,,,,,,,,,,,,,,,,,,,,,,,TRUE,228,"Factors: fixed measurement parameters",
0.503547390069069,0.0440219028878142,0.417266045878033,0.589828734260104,0,"Likelihood-only / naive OLS",,,,,,,,,,,,,,,,,,,,,,,,,,,,,,,,,,,,,,,,,,,,,,,,,,FALSE,228,"Factors: fixed measurement parameters",
0.646397092376474,0.0596926695133689,0.529401609989219,0.763392574763729,0,"Conditional posterior mean / naive OLS",,,,,,,,,,,,,,,,,,,,,,,,,,,,,,,,,,,,,,,,,,,,,,,,,,TRUE,228,"Factors: fixed measurement parameters",
0.641429791722167,0.0612573236241694,0.52136764362948,0.761491939814854,0,"REPAIR / stabilized","stabilized",0.641429791722167,0.0612573236241694,"ok","ok",2.87646747118233,2.87658655726598,,0.583737391057833,0.727579290377562,0.732940506606864,0.986666666666667,0.986666666666667,,1,1,"modified","modified","supplied",0,4,4,4,4,,,FALSE,2.31316300339207,0.524804747587466,1.5393172648193,0.34093345120057,2.31159670282511,216.098687588021,633.42689480486,0.341158055271073,,,,,,,,,,,,,,,TRUE,228,"Factors: fixed measurement parameters",
0.641430719667963,0.0616014480102824,0.520694100172293,0.762167339163633,0,"REPAIR / fuller_equations","fuller_equations",0.641430719667963,0.0616014480102824,"ok","ok",2.87646747118233,2.87658714775972,,0.583740964204272,0.728631579675521,0.734027440908652,0.986666666666667,0.986666666666667,,1,1,"fuller","fuller","supplied",0,4,4,4,4,,,FALSE,2.32012631014856,0.52133703384237,1.5393172648193,0.338680690301729,2.31158890493111,215.785148037294,632.505775456291,0.34115917420932,,,,,,,,,,,,,,,TRUE,228,"Factors: fixed measurement parameters",
0.529077774882206,0.0857032178295382,0.36110255457712,0.697052995187291,0,"Oracle: true predictors",,,,,,,,,,,,,,,,,,,,,,,,,,,,,,,,,,,,,,,,,,,,,,,,,,TRUE,229,"Stress: pooled residual variance",2.1975070274241
0.357968674592947,0.0666244542456689,0.227387143781799,0.488550205404094,0,"Likelihood-only / naive OLS",,,,,,,,,,,,,,,,,,,,,,,,,,,,,,,,,,,,,,,,,,,,,,,,,,FALSE,229,"Stress: pooled residual variance",2.1975070274241
0.495293695507978,0.109252515222296,0.281162700451864,0.709424690564091,0,"Conditional posterior mean / naive OLS",,,,,,,,,,,,,,,,,,,,,,,,,,,,,,,,,,,,,,,,,,,,,,,,,,TRUE,229,"Stress: pooled residual variance",2.1975070274241
0.546124448063616,0.114925824158604,0.320873971819169,0.771374924308064,0,"REPAIR / stabilized","stabilized",0.546124448063616,0.114925824158604,"ok","ok",2.26422898650175,2.32112747947002,,0.617958285491608,0.660891814970075,0.755352886628008,0.986666666666667,0.986666666666667,,1,1,"modified","modified","supplied",0,4,4,4,4,,,FALSE,6.33728285124764,0.296445126104126,2.06383047794633,0.143638311998915,6.35655812713516,125.751094738092,875.4937375161,0.143634488003153,,,,,,,,,,,,,,,TRUE,229,"Stress: pooled residual variance",2.1975070274241
0.545958032108028,0.11606606087661,0.318472732962439,0.773443331253616,0,"REPAIR / fuller_equations","fuller_equations",0.545958032108028,0.11606606087661,"ok","ok",2.26422898650175,2.32178224549902,,0.617962141112202,0.661429201843856,0.757096372724025,0.986666666666667,0.986666666666667,,1,1,"fuller","fuller","supplied",0,4,4,4,4,,,FALSE,6.38635978480353,0.293775324577996,2.06383047794633,0.142344697259401,6.3567765534823,125.556958477872,874.142796762766,0.143634379809397,,,,,,,,,,,,,,,TRUE,229,"Stress: pooled residual variance",2.1975070274241
0.540567006006092,0.0472111985211775,0.448034757237613,0.63309925477457,0,"Oracle: true predictors",,,,,,,,,,,,,,,,,,,,,,,,,,,,,,,,,,,,,,,,,,,,,,,,,,TRUE,229,"Factors: fixed measurement parameters",
0.44118903584692,0.0445039288666654,0.353962938097724,0.528415133596117,0,"Likelihood-only / naive OLS",,,,,,,,,,,,,,,,,,,,,,,,,,,,,,,,,,,,,,,,,,,,,,,,,,FALSE,229,"Factors: fixed measurement parameters",
0.555419101967636,0.0605226941599084,0.436796801166883,0.67404140276839,0,"Conditional posterior mean / naive OLS",,,,,,,,,,,,,,,,,,,,,,,,,,,,,,,,,,,,,,,,,,,,,,,,,,TRUE,229,"Factors: fixed measurement parameters",
0.548928772905544,0.0626451835901043,0.42614646926404,0.671711076547048,0,"REPAIR / stabilized","stabilized",0.548928772905544,0.0626451835901043,"ok","ok",2.58650494008824,2.58630570898166,,0.598212958144418,0.729745958435655,0.739328331102774,0.986666666666667,0.986666666666667,,1,1,"modified","modified","supplied",0,4,4,4,4,,,FALSE,2.70147759703111,0.438999400229134,1.50863266603557,0.290991578077617,2.70170557312178,179.83524632671,618.072825438227,0.290961257193605,,,,,,,,,,,,,,,TRUE,229,"Factors: fixed measurement parameters",
0.548925075429861,0.063024035400804,0.425400235883908,0.672449914975814,0,"REPAIR / fuller_equations","fuller_equations",0.548925075429861,0.063024035400804,"ok","ok",2.58650494008824,2.58630400787918,,0.598216433389734,0.730753595235707,0.740431455048657,0.986666666666667,0.986666666666667,,1,1,"fuller","fuller","supplied",0,4,4,4,4,,,FALSE,2.71323659055517,0.435492739130857,1.50863266603557,0.28866718117357,2.70170751399786,179.581878636508,617.202577184307,0.290960999313653,,,,,,,,,,,,,,,TRUE,229,"Factors: fixed measurement parameters",
0.579014823685317,0.0806658334989553,0.42091269524446,0.737116952126174,0,"Oracle: true predictors",,,,,,,,,,,,,,,,,,,,,,,,,,,,,,,,,,,,,,,,,,,,,,,,,,TRUE,230,"Stress: pooled residual variance",2.29949647820989
0.337193827284832,0.0645874037858601,0.2106048420096,0.463782812560063,0,"Likelihood-only / naive OLS",,,,,,,,,,,,,,,,,,,,,,,,,,,,,,,,,,,,,,,,,,,,,,,,,,FALSE,230,"Stress: pooled residual variance",2.29949647820989
0.506704841529995,0.108639211312668,0.293775900048329,0.719633783011661,0,"Conditional posterior mean / naive OLS",,,,,,,,,,,,,,,,,,,,,,,,,,,,,,,,,,,,,,,,,,,,,,,,,,TRUE,230,"Stress: pooled residual variance",2.29949647820989
0.482648895422122,0.101030552444749,0.284632651292228,0.680665139552015,0,"REPAIR / stabilized","stabilized",0.482648895422122,0.101030552444749,"ok","ok",2.64662267523162,2.68159757475994,,0.724014842784136,0.761848924841835,0.84418529523565,0.986666666666667,0.986666666666667,,1,1,"modified","modified","supplied",0,4,4,4,4,,,FALSE,4.99959195181459,0.37164221110078,2.0517036151518,0.181138351736677,5.07560927004858,137.855549153476,770.362048225086,0.178949040222186,,,,,,,,,,,,,,,TRUE,230,"Stress: pooled residual variance",2.29949647820989
0.48264415263111,0.101812419272667,0.28309547767779,0.682192827584429,0,"REPAIR / fuller_equations","fuller_equations",0.48264415263111,0.101812419272667,"ok","ok",2.64662267523162,2.68191521587475,,0.724017452910253,0.762216830867964,0.845364771132637,0.986666666666667,0.986666666666667,,1,1,"fuller","fuller","supplied",0,4,4,4,4,,,FALSE,5.03039073182772,0.368846763690473,2.0517036151518,0.179775851134903,5.07629248893715,137.717302233412,769.673123015346,0.178929597663327,,,,,,,,,,,,,,,TRUE,230,"Stress: pooled residual variance",2.29949647820989
0.637978601085099,0.0486088053073808,0.542707093351114,0.733250108819085,0,"Oracle: true predictors",,,,,,,,,,,,,,,,,,,,,,,,,,,,,,,,,,,,,,,,,,,,,,,,,,TRUE,230,"Factors: fixed measurement parameters",
0.529659275670629,0.045801693765621,0.43988960545908,0.619428945882179,0,"Likelihood-only / naive OLS",,,,,,,,,,,,,,,,,,,,,,,,,,,,,,,,,,,,,,,,,,,,,,,,,,TRUE,230,"Factors: fixed measurement parameters",
0.678228549340435,0.0623367008230918,0.556050860812127,0.800406237868744,0,"Conditional posterior mean / naive OLS",,,,,,,,,,,,,,,,,,,,,,,,,,,,,,,,,,,,,,,,,,,,,,,,,,TRUE,230,"Factors: fixed measurement parameters",
0.709431560953783,0.0705560782613144,0.571144188671218,0.847718933236349,0,"REPAIR / stabilized","stabilized",0.709431560953783,0.0705560782613144,"ok","ok",2.37897434860375,2.37927976238873,,0.500412222482949,0.671292201058408,0.676722663130474,0.986666666666667,0.986666666666667,,1,1,"modified","modified","supplied",0,4,4,4,4,,,FALSE,2.67486742113679,0.423980264247189,1.46233485018626,0.289933775559808,2.67548375285107,189.063490194131,652.212088221993,0.289880383403411,,,,,,,,,,,,,,,TRUE,230,"Factors: fixed measurement parameters",
0.709431512753815,0.0711093589697792,0.570059730209317,0.848803295298312,0,"REPAIR / fuller_equations","fuller_equations",0.709431512753815,0.0711093589697792,"ok","ok",2.37897434860375,2.37928004660778,,0.500417196044173,0.672763371900729,0.678210838025917,0.986666666666667,0.986666666666667,,1,1,"fuller","fuller","supplied",0,4,4,4,4,,,FALSE,2.68610460540535,0.42055572346408,1.46233485018626,0.287591944765942,2.6754843273796,188.649670773462,650.784647598197,0.289880333639857,,,,,,,,,,,,,,,TRUE,230,"Factors: fixed measurement parameters",
0.501843981258042,0.0814949925052531,0.342116731027384,0.6615712314887,0,"Oracle: true predictors",,,,,,,,,,,,,,,,,,,,,,,,,,,,,,,,,,,,,,,,,,,,,,,,,,TRUE,231,"Stress: pooled residual variance",2.24202625993713
0.386615996074321,0.0635379509825904,0.262083900496973,0.51114809165167,0,"Likelihood-only / naive OLS",,,,,,,,,,,,,,,,,,,,,,,,,,,,,,,,,,,,,,,,,,,,,,,,,,FALSE,231,"Stress: pooled residual variance",2.24202625993713
0.575792296415838,0.102069690532992,0.375739379058024,0.775845213773652,0,"Conditional posterior mean / naive OLS",,,,,,,,,,,,,,,,,,,,,,,,,,,,,,,,,,,,,,,,,,,,,,,,,,TRUE,231,"Stress: pooled residual variance",2.24202625993713
0.589713870589384,0.105611708847538,0.38271872490248,0.796709016276288,0,"REPAIR / stabilized","stabilized",0.589713870589384,0.105611708847538,"ok","ok",2.32808093268039,2.39459411006028,,0.603992005103304,0.646401246688931,0.741118935465864,0.986666666666667,0.986666666666667,,1,1,"modified","modified","supplied",0,4,4,4,4,,,FALSE,5.58804267600976,0.327913927658535,2.02073630589144,0.162274477230159,5.50188978624633,143.931671381254,870.898069910983,0.165268102380759,,,,,,,,,,,,,,,TRUE,231,"Stress: pooled residual variance",2.24202625993713
0.589641301210908,0.106566282545044,0.380775225456301,0.798507376965514,0,"REPAIR / fuller_equations","fuller_equations",0.589641301210908,0.106566282545044,"ok","ok",2.32808093268039,2.39537735031533,,0.603995938657887,0.646947061552142,0.74290019004038,0.986666666666667,0.986666666666667,,1,1,"fuller","fuller","supplied",0,4,4,4,4,,,FALSE,5.627161858427,0.32518214122906,2.02073630589144,0.160922600480327,5.50092283940627,143.72267046352,869.453371499556,0.165302332677876,,,,,,,,,,,,,,,TRUE,231,"Stress: pooled residual variance",2.24202625993713
0.603704528706381,0.0518718988247204,0.502037475200223,0.705371582212538,0,"Oracle: true predictors",,,,,,,,,,,,,,,,,,,,,,,,,,,,,,,,,,,,,,,,,,,,,,,,,,TRUE,231,"Factors: fixed measurement parameters",
0.493395018325357,0.0480358104896819,0.39924655979739,0.587543476853325,0,"Likelihood-only / naive OLS",,,,,,,,,,,,,,,,,,,,,,,,,,,,,,,,,,,,,,,,,,,,,,,,,,FALSE,231,"Factors: fixed measurement parameters",
0.632073689516428,0.0643970905013688,0.505857711424579,0.758289667608278,0,"Conditional posterior mean / naive OLS",,,,,,,,,,,,,,,,,,,,,,,,,,,,,,,,,,,,,,,,,,,,,,,,,,TRUE,231,"Factors: fixed measurement parameters",
0.66843424297316,0.0692228882696005,0.532759875058903,0.804108610887417,0,"REPAIR / stabilized","stabilized",0.66843424297316,0.0692228882696005,"ok","ok",2.49452292178129,2.49445558640223,,0.614912310265997,0.778333357715678,0.78573520777212,0.986666666666667,0.986666666666667,,1,1,"modified","modified","supplied",0,4,4,4,4,,,FALSE,1.64974691385705,0.517707783169398,1.17470748873339,0.440712082058494,1.64897407284838,199.211278677251,451.775054014707,0.440952365357397,,,,,,,,,,,,,,,TRUE,231,"Factors: fixed measurement parameters",
0.668437483564367,0.0696576296934886,0.531911038116702,0.804963929012033,0,"REPAIR / fuller_equations","fuller_equations",0.668437483564367,0.0696576296934886,"ok","ok",2.49452292178129,2.49445486897998,,0.614918023267481,0.780004217646097,0.787497789146001,0.986666666666667,0.986666666666667,,1,1,"fuller","fuller","supplied",0,4,4,4,4,,,FALSE,1.65275740818391,0.5141577308685,1.17470748873339,0.437690008618981,1.64896623569283,198.781175367763,450.797165082694,0.440954803545179,,,,,,,,,,,,,,,TRUE,231,"Factors: fixed measurement parameters",
0.61616699269941,0.0751754480075181,0.468825822083012,0.763508163315809,0,"Oracle: true predictors",,,,,,,,,,,,,,,,,,,,,,,,,,,,,,,,,,,,,,,,,,,,,,,,,,TRUE,232,"Stress: pooled residual variance",2.15455746713535
0.442260651693025,0.0666893471304326,0.311551933164887,0.572969370221162,0,"Likelihood-only / naive OLS",,,,,,,,,,,,,,,,,,,,,,,,,,,,,,,,,,,,,,,,,,,,,,,,,,FALSE,232,"Stress: pooled residual variance",2.15455746713535
0.667095633694049,0.105411347350024,0.46049318932616,0.873698078061937,0,"Conditional posterior mean / naive OLS",,,,,,,,,,,,,,,,,,,,,,,,,,,,,,,,,,,,,,,,,,,,,,,,,,TRUE,232,"Stress: pooled residual variance",2.15455746713535
0.669217154695348,0.112534119744419,0.44865433296437,0.889779976426326,0,"REPAIR / stabilized","stabilized",0.669217154695348,0.112534119744419,"ok","ok",2.24801541803752,2.31957449478232,,0.633094108053415,0.683139277027204,0.795271662039898,0.986666666666667,0.986666666666667,,1,1,"modified","modified","supplied",0,4,4,4,4,,,FALSE,7.45012768682064,0.284360846631376,2.29894900525486,0.123691672142964,7.33146965647976,117.61554578881,933.128518651521,0.126044315909214,,,,,,,,,,,,,,,TRUE,232,"Stress: pooled residual variance",2.15455746713535
0.669201553695726,0.113601038169488,0.44654761027717,0.891855497114281,0,"REPAIR / fuller_equations","fuller_equations",0.669201553695726,0.113601038169488,"ok","ok",2.24801541803752,2.32037280174932,,0.633098580147353,0.683757689943072,0.797298408118957,0.986666666666667,0.986666666666667,,1,1,"fuller","fuller","supplied",0,4,4,4,4,,,FALSE,7.51109462342302,0.281728161607332,2.29894900525486,0.122546503190531,7.33021329220671,117.436693476483,931.521855239106,0.126069713572463,,,,,,,,,,,,,,,TRUE,232,"Stress: pooled residual variance",2.15455746713535
0.608671342900722,0.0467758627306591,0.516992336602841,0.700350349198604,0,"Oracle: true predictors",,,,,,,,,,,,,,,,,,,,,,,,,,,,,,,,,,,,,,,,,,,,,,,,,,TRUE,232,"Factors: fixed measurement parameters",
0.442894510487232,0.0432093194970898,0.358205800476452,0.527583220498012,0,"Likelihood-only / naive OLS",,,,,,,,,,,,,,,,,,,,,,,,,,,,,,,,,,,,,,,,,,,,,,,,,,FALSE,232,"Factors: fixed measurement parameters",
0.565054266515106,0.0585499676998332,0.450298438527449,0.679810094502762,0,"Conditional posterior mean / naive OLS",,,,,,,,,,,,,,,,,,,,,,,,,,,,,,,,,,,,,,,,,,,,,,,,,,TRUE,232,"Factors: fixed measurement parameters",
0.5504618682404,0.0576294366474107,0.437510247962143,0.663413488518658,0,"REPAIR / stabilized","stabilized",0.5504618682404,0.0576294366474107,"ok","ok",3.20036075667543,3.20179936473379,,0.640809540586593,0.753771530696852,0.759237377822049,0.986666666666667,0.986666666666667,,1,1,"modified","modified","supplied",0,4,4,4,4,,,FALSE,2.20322027445787,0.589683458669289,1.62351609917875,0.363213804265679,2.2033367430358,234.322761997263,645.124500449136,0.363220993520053,,,,,,,,,,,,,,,TRUE,232,"Factors: fixed measurement parameters",
0.550461859264378,0.0579037324949451,0.436972629003844,0.663951089524912,0,"REPAIR / fuller_equations","fuller_equations",0.550461859264378,0.0579037324949451,"ok","ok",3.20036075667543,3.20180823772249,,0.640812138682318,0.754533314673655,0.760038627651401,0.986666666666667,0.986666666666667,,1,1,"fuller","fuller","supplied",0,4,4,4,4,,,FALSE,2.20884650267192,0.586200411131909,1.62351609917875,0.361068431306864,2.20333746163828,234.083908547898,644.466823660926,0.363221037846715,,,,,,,,,,,,,,,TRUE,232,"Factors: fixed measurement parameters",
0.530125503473571,0.0762148643515825,0.380747114257863,0.679503892689278,0,"Oracle: true predictors",,,,,,,,,,,,,,,,,,,,,,,,,,,,,,,,,,,,,,,,,,,,,,,,,,TRUE,233,"Stress: pooled residual variance",2.28332533387043
0.337217350970486,0.0651587054206567,0.209508635066744,0.464926066874228,0,"Likelihood-only / naive OLS",,,,,,,,,,,,,,,,,,,,,,,,,,,,,,,,,,,,,,,,,,,,,,,,,,FALSE,233,"Stress: pooled residual variance",2.28332533387043
0.497466691221034,0.106471929940388,0.288785543173401,0.706147839268667,0,"Conditional posterior mean / naive OLS",,,,,,,,,,,,,,,,,,,,,,,,,,,,,,,,,,,,,,,,,,,,,,,,,,TRUE,233,"Stress: pooled residual variance",2.28332533387043
0.510364531148086,0.109677643478229,0.295400300021533,0.72532876227464,0,"REPAIR / stabilized","stabilized",0.510364531148086,0.109677643478229,"ok","ok",2.32351304441266,2.37131689862754,,0.653528527975462,0.687708649685132,0.763597149101579,0.986666666666667,0.986666666666667,,1,1,"modified","modified","supplied",0,4,4,4,4,,,FALSE,5.62393472748111,0.300860256712403,1.88467057743215,0.159635461133119,5.57715714774136,124.971221076344,774.734813087619,0.16130838445001,,,,,,,,,,,,,,,TRUE,233,"Stress: pooled residual variance",2.28332533387043
0.510311059071163,0.110710046298187,0.293323355599953,0.727298762542372,0,"REPAIR / fuller_equations","fuller_equations",0.510311059071163,0.110710046298187,"ok","ok",2.32351304441266,2.37186560641432,,0.653531535889943,0.688126676825153,0.764958970944514,0.986666666666667,0.986666666666667,,1,1,"fuller","fuller","supplied",0,4,4,4,4,,,FALSE,5.66748104990581,0.298089372964821,1.88467057743215,0.158165239344356,5.57663490938887,124.828621902913,773.760238620203,0.161327263501562,,,,,,,,,,,,,,,TRUE,233,"Stress: pooled residual variance",2.28332533387043
0.515049268558264,0.0454907966093315,0.425888945575937,0.60420959154059,0,"Oracle: true predictors",,,,,,,,,,,,,,,,,,,,,,,,,,,,,,,,,,,,,,,,,,,,,,,,,,TRUE,233,"Factors: fixed measurement parameters",
0.444639783388443,0.0438477632988452,0.358699746520069,0.530579820256817,0,"Likelihood-only / naive OLS",,,,,,,,,,,,,,,,,,,,,,,,,,,,,,,,,,,,,,,,,,,,,,,,,,FALSE,233,"Factors: fixed measurement parameters",
0.566311755812523,0.059679090255099,0.449342888282414,0.683280623342632,0,"Conditional posterior mean / naive OLS",,,,,,,,,,,,,,,,,,,,,,,,,,,,,,,,,,,,,,,,,,,,,,,,,,TRUE,233,"Factors: fixed measurement parameters",
0.562245538001079,0.0619399758919829,0.440845416049514,0.683645659952645,0,"REPAIR / stabilized","stabilized",0.562245538001079,0.0619399758919829,"ok","ok",2.70615898632847,2.70641474678253,,0.575198071474216,0.696983582022661,0.703533887162541,0.986666666666667,0.986666666666667,,1,1,"modified","modified","supplied",0,4,4,4,4,,,FALSE,2.61107016896071,0.453881148990562,1.50940542626922,0.300701946005598,2.61154345691398,194.910719436623,648.248605477148,0.300672794032711,,,,,,,,,,,,,,,TRUE,233,"Factors: fixed measurement parameters",
0.562244736931981,0.0623141282443841,0.440111289844978,0.684378184018984,0,"REPAIR / fuller_equations","fuller_equations",0.562244736931981,0.0623141282443841,"ok","ok",2.70615898632847,2.70641648406232,,0.575201161781381,0.69788773549333,0.70449152455603,0.986666666666667,0.986666666666667,,1,1,"fuller","fuller","supplied",0,4,4,4,4,,,FALSE,2.6215479919813,0.450397954076156,1.50940542626922,0.298394285748264,2.61154669536895,194.655135988572,647.398998091775,0.300672593813588,,,,,,,,,,,,,,,TRUE,233,"Factors: fixed measurement parameters",
0.521384314904287,0.0891795677802166,0.346595573898214,0.69617305591036,0,"Oracle: true predictors",,,,,,,,,,,,,,,,,,,,,,,,,,,,,,,,,,,,,,,,,,,,,,,,,,TRUE,234,"Stress: pooled residual variance",2.25749422703519
0.357857684147139,0.0717683657080908,0.217194272129982,0.498521096164297,0,"Likelihood-only / naive OLS",,,,,,,,,,,,,,,,,,,,,,,,,,,,,,,,,,,,,,,,,,,,,,,,,,FALSE,234,"Stress: pooled residual variance",2.25749422703519
0.555529171404737,0.119920392903842,0.320489520301314,0.790568822508161,0,"Conditional posterior mean / naive OLS",,,,,,,,,,,,,,,,,,,,,,,,,,,,,,,,,,,,,,,,,,,,,,,,,,TRUE,234,"Stress: pooled residual variance",2.25749422703519
0.585343548527304,0.130841128494123,0.328899648982245,0.841787448072363,0,"REPAIR / stabilized","stabilized",0.585343548527304,0.130841128494123,"ok","ok",2.11626018894908,2.14838576046024,,0.729614596486951,0.765770951137628,0.847814238537452,0.986666666666667,0.986666666666667,,1,1,"modified","modified","supplied",0,4,4,4,4,,,FALSE,8.22003703063328,0.256590717151524,2.29930214662759,0.11159504092486,8.22699742224694,95.5738715082358,855.338813750075,0.111738027050602,,,,,,,,,,,,,,,TRUE,234,"Stress: pooled residual variance",2.25749422703519
0.585286345537893,0.13233517479125,0.325914169059231,0.844658522016556,0,"REPAIR / fuller_equations","fuller_equations",0.585286345537893,0.13233517479125,"ok","ok",2.11626018894908,2.14889602387048,,0.729619066676134,0.766387320955944,0.849836265748484,0.986666666666667,0.986666666666667,,1,1,"fuller","fuller","supplied",0,4,4,4,4,,,FALSE,8.29877758565006,0.253846618497775,2.29930214662759,0.110401592444079,8.22710597939214,95.4242470683386,853.982878616405,0.111740234444679,,,,,,,,,,,,,,,TRUE,234,"Stress: pooled residual variance",2.25749422703519
0.508271614828246,0.047745354810776,0.414692438970039,0.601850790686454,0,"Oracle: true predictors",,,,,,,,,,,,,,,,,,,,,,,,,,,,,,,,,,,,,,,,,,,,,,,,,,TRUE,234,"Factors: fixed measurement parameters",
0.397115586088251,0.0416605312406099,0.31546244527985,0.478768726896652,0,"Likelihood-only / naive OLS",,,,,,,,,,,,,,,,,,,,,,,,,,,,,,,,,,,,,,,,,,,,,,,,,,FALSE,234,"Factors: fixed measurement parameters",
0.49732604972032,0.0565817940708794,0.386427771160734,0.608224328279905,0,"Conditional posterior mean / naive OLS",,,,,,,,,,,,,,,,,,,,,,,,,,,,,,,,,,,,,,,,,,,,,,,,,,TRUE,234,"Factors: fixed measurement parameters",
0.485322614565876,0.055742010592989,0.376070281377768,0.594574947753985,0,"REPAIR / stabilized","stabilized",0.485322614565876,0.055742010592989,"ok","ok",2.98322547649789,2.98195335889785,,0.590243766726685,0.699776790287592,0.708768996979219,0.986666666666667,0.986666666666667,,1,1,"modified","modified","supplied",0,4,4,4,4,,,FALSE,2.33603480115843,0.562204731056499,1.63730694808427,0.343371615025701,2.33928347952645,239.96526436463,699.769291665615,0.342920541416523,,,,,,,,,,,,,,,FALSE,234,"Factors: fixed measurement parameters",
0.485324667854089,0.0560152232550039,0.375536847688311,0.595112488019867,0,"REPAIR / fuller_equations","fuller_equations",0.485324667854089,0.0560152232550039,"ok","ok",2.98322547649789,2.98194400836258,,0.590246375777595,0.700532425176176,0.709601090708939,0.986666666666667,0.986666666666667,,1,1,"fuller","fuller","supplied",0,4,4,4,4,,,FALSE,2.34279309299348,0.558717104237955,1.63730694808427,0.341241515460299,2.33930736915707,239.698698423585,698.998703983803,0.342917228683645,,,,,,,,,,,,,,,FALSE,234,"Factors: fixed measurement parameters",
0.623842185193343,0.0894259765786056,0.448570491816954,0.799113878569732,0,"Oracle: true predictors",,,,,,,,,,,,,,,,,,,,,,,,,,,,,,,,,,,,,,,,,,,,,,,,,,TRUE,235,"Stress: pooled residual variance",2.23563853880916
0.356452202106269,0.072110315563238,0.215118580688505,0.497785823524034,0,"Likelihood-only / naive OLS",,,,,,,,,,,,,,,,,,,,,,,,,,,,,,,,,,,,,,,,,,,,,,,,,,FALSE,235,"Stress: pooled residual variance",2.23563853880916
0.599812759260883,0.116469770138039,0.371536204502667,0.828089314019099,0,"Conditional posterior mean / naive OLS",,,,,,,,,,,,,,,,,,,,,,,,,,,,,,,,,,,,,,,,,,,,,,,,,,TRUE,235,"Stress: pooled residual variance",2.23563853880916
0.58114306847846,0.124986341729694,0.336174340128845,0.826111796828076,0,"REPAIR / stabilized","stabilized",0.58114306847846,0.124986341729694,"ok","ok",2.23721600904695,2.27242151509508,,0.774377744351797,0.807341527468026,0.882470935909217,0.986666666666667,0.986666666666667,,1,1,"modified","modified","supplied",0,4,4,4,4,,,FALSE,7.08819594261353,0.287645166978837,2.22708621726899,0.129157625218285,7.0009206056625,103.013067972532,786.62741877086,0.130955348764087,,,,,,,,,,,,,,,TRUE,235,"Stress: pooled residual variance",2.23563853880916
0.581227871737558,0.126248953769682,0.333784469263118,0.828671274211997,0,"REPAIR / fuller_equations","fuller_equations",0.581227871737558,0.126248953769682,"ok","ok",2.23721600904695,2.27297281102377,,0.774381742987098,0.807893690026031,0.884280401736916,0.986666666666667,0.986666666666667,,1,1,"fuller","fuller","supplied",0,4,4,4,4,,,FALSE,7.14690265143326,0.28492659581613,2.22708621726899,0.127936940028091,6.99959327672987,102.885938026084,785.490314261388,0.130983076631352,,,,,,,,,,,,,,,TRUE,235,"Stress: pooled residual variance",2.23563853880916
0.672045427642794,0.048530896302951,0.576926618751562,0.767164236534026,0,"Oracle: true predictors",,,,,,,,,,,,,,,,,,,,,,,,,,,,,,,,,,,,,,,,,,,,,,,,,,TRUE,235,"Factors: fixed measurement parameters",
0.543725613015235,0.0467747227176853,0.452048841101724,0.635402384928746,0,"Likelihood-only / naive OLS",,,,,,,,,,,,,,,,,,,,,,,,,,,,,,,,,,,,,,,,,,,,,,,,,,TRUE,235,"Factors: fixed measurement parameters",
0.700286885576583,0.0633749823464112,0.576074202656756,0.824499568496411,0,"Conditional posterior mean / naive OLS",,,,,,,,,,,,,,,,,,,,,,,,,,,,,,,,,,,,,,,,,,,,,,,,,,TRUE,235,"Factors: fixed measurement parameters",
0.717313208035367,0.0681497795095163,0.583742094642369,0.850884321428364,0,"REPAIR / stabilized","stabilized",0.717313208035367,0.0681497795095163,"ok","ok",2.57706976725864,2.5780272279634,,0.580148969127123,0.753664824250352,0.758945898947684,0.986666666666667,0.986666666666667,,1,1,"modified","modified","supplied",0,4,4,4,4,,,FALSE,2.25519201670256,0.458147537617698,1.35802715392151,0.337362575037419,2.2553351541812,182.114952132363,539.784370650535,0.337384633632282,,,,,,,,,,,,,,,TRUE,235,"Factors: fixed measurement parameters",
0.717312166454052,0.0685981223333668,0.58286231727358,0.851762015634524,0,"REPAIR / fuller_equations","fuller_equations",0.717312166454052,0.0685981223333668,"ok","ok",2.57706976725864,2.57803216673058,,0.580153999283746,0.755148021980308,0.760466937118564,0.986666666666667,0.986666666666667,,1,1,"fuller","fuller","supplied",0,4,4,4,4,,,FALSE,2.26280089506567,0.45467050654918,1.35802715392151,0.334802220438855,2.25533589353442,181.75595706062,538.720136410592,0.337384747248602,,,,,,,,,,,,,,,TRUE,235,"Factors: fixed measurement parameters",
0.600456787382779,0.0800887876655033,0.443485647992917,0.757427926772641,0,"Oracle: true predictors",,,,,,,,,,,,,,,,,,,,,,,,,,,,,,,,,,,,,,,,,,,,,,,,,,TRUE,236,"Stress: pooled residual variance",2.16987083932151
0.413285774531069,0.0679452112119224,0.280115607633735,0.546455941428404,0,"Likelihood-only / naive OLS",,,,,,,,,,,,,,,,,,,,,,,,,,,,,,,,,,,,,,,,,,,,,,,,,,FALSE,236,"Stress: pooled residual variance",2.16987083932151
0.596339480649608,0.110943106752592,0.378894987081546,0.81378397421767,0,"Conditional posterior mean / naive OLS",,,,,,,,,,,,,,,,,,,,,,,,,,,,,,,,,,,,,,,,,,,,,,,,,,TRUE,236,"Stress: pooled residual variance",2.16987083932151
0.652147558966155,0.124411391602015,0.408305712159697,0.895989405772612,0,"REPAIR / stabilized","stabilized",0.652147558966155,0.124411391602015,"ok","ok",2.06670115390235,2.12632075325524,,0.609918329869578,0.656432563575272,0.761578032325543,0.986666666666667,0.986666666666667,,1,1,"modified","modified","supplied",0,4,4,4,4,,,FALSE,8.05229827507558,0.243472782101416,2.14382484240686,0.113569344512339,7.96517386892388,104.122211280192,904.411577142932,0.115127021714072,,,,,,,,,,,,,,,TRUE,236,"Stress: pooled residual variance",2.16987083932151
0.651895877466429,0.125840804478402,0.405252432903214,0.898539322029644,0,"REPAIR / fuller_equations","fuller_equations",0.651895877466429,0.125840804478402,"ok","ok",2.06670115390235,2.12717821634571,,0.609923712275634,0.657174555398132,0.764013587300058,0.986666666666667,0.986666666666667,,1,1,"fuller","fuller","supplied",0,4,4,4,4,,,FALSE,8.12994439408428,0.240842845389524,2.14382484240686,0.112342594705233,7.96397623497243,103.912750532831,902.421964535566,0.115148738191795,,,,,,,,,,,,,,,TRUE,236,"Stress: pooled residual variance",2.16987083932151
0.584643015865292,0.0501331352147465,0.486383876412312,0.682902155318272,0,"Oracle: true predictors",,,,,,,,,,,,,,,,,,,,,,,,,,,,,,,,,,,,,,,,,,,,,,,,,,TRUE,236,"Factors: fixed measurement parameters",
0.488466137242367,0.0457506450897747,0.398796520596935,0.5781357538878,0,"Likelihood-only / naive OLS",,,,,,,,,,,,,,,,,,,,,,,,,,,,,,,,,,,,,,,,,,,,,,,,,,FALSE,236,"Factors: fixed measurement parameters",
0.618754823703213,0.0622183491101886,0.496809100269704,0.740700547136723,0,"Conditional posterior mean / naive OLS",,,,,,,,,,,,,,,,,,,,,,,,,,,,,,,,,,,,,,,,,,,,,,,,,,TRUE,236,"Factors: fixed measurement parameters",
0.6133580324855,0.0639612065381435,0.48799637126301,0.738719693707989,0,"REPAIR / stabilized","stabilized",0.6133580324855,0.0639612065381435,"ok","ok",2.77742718142017,2.77796951277783,,0.62908040310799,0.77950750608016,0.788496047821113,0.986666666666667,0.986666666666667,,1,1,"modified","modified","supplied",0,4,4,4,4,,,FALSE,2.50167488948373,0.480952965962773,1.52741269769758,0.314880822116878,2.50476319487346,184.507985279827,586.554493513403,0.314562393298946,,,,,,,,,,,,,,,TRUE,236,"Factors: fixed measurement parameters",
0.613356989156146,0.064332738088555,0.48726713947573,0.739446838836562,0,"REPAIR / fuller_equations","fuller_equations",0.613356989156146,0.064332738088555,"ok","ok",2.77742718142017,2.77797322695681,,0.629084173292716,0.780608142496969,0.789671819766386,0.986666666666667,0.986666666666667,,1,1,"fuller","fuller","supplied",0,4,4,4,4,,,FALSE,2.51076827554941,0.477468725125642,1.52741269769758,0.312599683009954,2.50478444168205,184.243788235139,585.718680946578,0.314560204802386,,,,,,,,,,,,,,,TRUE,236,"Factors: fixed measurement parameters",
0.563575559197846,0.08100209057684,0.404814378994789,0.722336739400904,0,"Oracle: true predictors",,,,,,,,,,,,,,,,,,,,,,,,,,,,,,,,,,,,,,,,,,,,,,,,,,TRUE,237,"Stress: pooled residual variance",2.27268328768362
0.379014905160604,0.0626108735142883,0.256299848032006,0.501729962289202,0,"Likelihood-only / naive OLS",,,,,,,,,,,,,,,,,,,,,,,,,,,,,,,,,,,,,,,,,,,,,,,,,,FALSE,237,"Stress: pooled residual variance",2.27268328768362
0.601133009146966,0.108183784191543,0.389096688420287,0.813169329873644,0,"Conditional posterior mean / naive OLS",,,,,,,,,,,,,,,,,,,,,,,,,,,,,,,,,,,,,,,,,,,,,,,,,,TRUE,237,"Stress: pooled residual variance",2.27268328768362
0.549189810560765,0.101207221198857,0.350827302035628,0.747552319085902,0,"REPAIR / stabilized","stabilized",0.549189810560765,0.101207221198857,"ok","ok",2.51266110062271,2.54129805130165,,0.641451233931151,0.685801440308246,0.782944510485748,0.986666666666667,0.986666666666667,,1,1,"modified","modified","supplied",0,4,4,4,4,,,FALSE,5.27993346690021,0.34534479948243,2.01528736017453,0.17136255916006,5.39220605451041,139.652721238712,829.092722216064,0.168440413836268,,,,,,,,,,,,,,,TRUE,237,"Stress: pooled residual variance",2.27268328768362
0.549210689163421,0.102059554488883,0.349177638087008,0.749243740239834,0,"REPAIR / fuller_equations","fuller_equations",0.549210689163421,0.102059554488883,"ok","ok",2.51266110062271,2.54155808587851,,0.641454368485793,0.686240963179761,0.78436270011528,0.986666666666667,0.986666666666667,,1,1,"fuller","fuller","supplied",0,4,4,4,4,,,FALSE,5.31484329469643,0.342588699390307,2.01528736017453,0.169994962584709,5.39321247337672,139.469084887293,828.129195718788,0.16841464545425,,,,,,,,,,,,,,,TRUE,237,"Stress: pooled residual variance",2.27268328768362
0.639967082231514,0.0501141810810799,0.541745092197879,0.738189072265149,0,"Oracle: true predictors",,,,,,,,,,,,,,,,,,,,,,,,,,,,,,,,,,,,,,,,,,,,,,,,,,TRUE,237,"Factors: fixed measurement parameters",
0.461583191401575,0.046862237378405,0.369734893904934,0.553431488898215,0,"Likelihood-only / naive OLS",,,,,,,,,,,,,,,,,,,,,,,,,,,,,,,,,,,,,,,,,,,,,,,,,,FALSE,237,"Factors: fixed measurement parameters",
0.585601758163872,0.0636046651118802,0.460938905295856,0.710264611031889,0,"Conditional posterior mean / naive OLS",,,,,,,,,,,,,,,,,,,,,,,,,,,,,,,,,,,,,,,,,,,,,,,,,,TRUE,237,"Factors: fixed measurement parameters",
0.593518076513068,0.067195609916171,0.461817101158171,0.725219051867966,0,"REPAIR / stabilized","stabilized",0.593518076513068,0.067195609916171,"ok","ok",2.78711832427832,2.78776940086775,,0.624162017331693,0.760263134247556,0.767670922585265,0.986666666666667,0.986666666666667,,1,1,"modified","modified","supplied",0,4,4,4,4,,,FALSE,2.44367613498594,0.470429765316785,1.47575599243902,0.318772051563411,2.44299505297904,185.20856260662,580.842144491362,0.318862128657701,,,,,,,,,,,,,,,TRUE,237,"Factors: fixed measurement parameters",
0.593519210653783,0.0676179455407026,0.460990472685415,0.726047948622151,0,"REPAIR / fuller_equations","fuller_equations",0.593519210653783,0.0676179455407026,"ok","ok",2.78711832427832,2.78777331201103,,0.624165601861137,0.761313480857344,0.768776392114997,0.986666666666667,0.986666666666667,,1,1,"fuller","fuller","supplied",0,4,4,4,4,,,FALSE,2.45232963827976,0.466974204008894,1.47575599243902,0.316430498267612,2.44299096299236,184.950507348509,580.031859826086,0.318862669722942,,,,,,,,,,,,,,,TRUE,237,"Factors: fixed measurement parameters",
0.626075485586165,0.090988035472697,0.447742213035626,0.804408758136704,0,"Oracle: true predictors",,,,,,,,,,,,,,,,,,,,,,,,,,,,,,,,,,,,,,,,,,,,,,,,,,TRUE,238,"Stress: pooled residual variance",2.30895144092628
0.367415678096156,0.0736627691597931,0.223039303541474,0.511792052650838,0,"Likelihood-only / naive OLS",,,,,,,,,,,,,,,,,,,,,,,,,,,,,,,,,,,,,,,,,,,,,,,,,,FALSE,238,"Stress: pooled residual variance",2.30895144092628
0.577834368914819,0.127132192612087,0.32865985011952,0.827008887710118,0,"Conditional posterior mean / naive OLS",,,,,,,,,,,,,,,,,,,,,,,,,,,,,,,,,,,,,,,,,,,,,,,,,,TRUE,238,"Stress: pooled residual variance",2.30895144092628
0.582140046983404,0.135135686487379,0.317278968442045,0.847001125524762,0,"REPAIR / stabilized","stabilized",0.582140046983404,0.135135686487379,"ok","ok",2.12904049790898,2.14754426981297,,0.772783989569891,0.817417704253147,0.916345066209884,0.986666666666667,0.986666666666667,,1,1,"modified","modified","supplied",0,4,4,4,4,,,FALSE,6.89387343472793,0.256990600582611,1.96560387021544,0.130743841359269,6.98034893005793,87.8427651788219,678.559395429335,0.129454791681489,,,,,,,,,,,,,,,TRUE,238,"Stress: pooled residual variance",2.30895144092628
0.582161173367088,0.136699436422521,0.314235201272024,0.850087145462152,0,"REPAIR / fuller_equations","fuller_equations",0.582161173367088,0.136699436422521,"ok","ok",2.12904049790898,2.14777197864914,,0.77278820731334,0.818001742726685,0.918253823524475,0.986666666666667,0.986666666666667,,1,1,"fuller","fuller","supplied",0,4,4,4,4,,,FALSE,6.95987604190422,0.254177012305493,1.96560387021544,0.129312429710283,6.98139771340618,87.7070291761794,677.591893731912,0.129439312936764,,,,,,,,,,,,,,,TRUE,238,"Stress: pooled residual variance",2.30895144092628
0.540655257330411,0.0467056857711279,0.449113795345755,0.632196719315067,0,"Oracle: true predictors",,,,,,,,,,,,,,,,,,,,,,,,,,,,,,,,,,,,,,,,,,,,,,,,,,TRUE,238,"Factors: fixed measurement parameters",
0.448967785210045,0.0431967008309327,0.364303807330466,0.533631763089625,0,"Likelihood-only / naive OLS",,,,,,,,,,,,,,,,,,,,,,,,,,,,,,,,,,,,,,,,,,,,,,,,,,FALSE,238,"Factors: fixed measurement parameters",
0.564449449277892,0.0584804850088032,0.449829804862204,0.679069093693581,0,"Conditional posterior mean / naive OLS",,,,,,,,,,,,,,,,,,,,,,,,,,,,,,,,,,,,,,,,,,,,,,,,,,TRUE,238,"Factors: fixed measurement parameters",
0.556559984213457,0.058427344196571,0.442044493875852,0.671075474551061,0,"REPAIR / stabilized","stabilized",0.556559984213457,0.058427344196571,"ok","ok",2.62280509177633,2.62441113886862,,0.597787606196275,0.742967969936109,0.755047889520489,0.986666666666667,0.986666666666667,,1,1,"modified","modified","supplied",0,4,4,4,4,,,FALSE,2.28962571985325,0.517555719779844,1.50409394233988,0.344098001601347,2.28907097561562,208.168297015835,604.822450338924,0.344180836705357,,,,,,,,,,,,,,,TRUE,238,"Factors: fixed measurement parameters",
0.556563950038806,0.0587294031269451,0.441456435076459,0.671671465001152,0,"REPAIR / fuller_equations","fuller_equations",0.556563950038806,0.0587294031269451,"ok","ok",2.62280509177633,2.62442586054986,,0.597791667687477,0.744140252860184,0.75635148701536,0.986666666666667,0.986666666666667,,1,1,"fuller","fuller","supplied",0,4,4,4,4,,,FALSE,2.29712528177915,0.513994947481651,1.50409394233988,0.341730614699533,2.28906589374829,207.83294522647,603.84677091401,0.344181595791073,,,,,,,,,,,,,,,TRUE,238,"Factors: fixed measurement parameters",
0.639687675858073,0.0811139647020696,0.480707226398764,0.798668125317383,0,"Oracle: true predictors",,,,,,,,,,,,,,,,,,,,,,,,,,,,,,,,,,,,,,,,,,,,,,,,,,TRUE,239,"Stress: pooled residual variance",2.2491441398094
0.488686519174008,0.0639103277712672,0.363424578502174,0.613948459845841,0,"Likelihood-only / naive OLS",,,,,,,,,,,,,,,,,,,,,,,,,,,,,,,,,,,,,,,,,,,,,,,,,,TRUE,239,"Stress: pooled residual variance",2.2491441398094
0.752860617247216,0.105538635102739,0.546008693468333,0.9597125410261,0,"Conditional posterior mean / naive OLS",,,,,,,,,,,,,,,,,,,,,,,,,,,,,,,,,,,,,,,,,,,,,,,,,,TRUE,239,"Stress: pooled residual variance",2.2491441398094
0.756058666961699,0.116577448802281,0.527571065899667,0.984546268023731,0,"REPAIR / stabilized","stabilized",0.756058666961699,0.116577448802281,"ok","ok",2.02304363370884,2.09422366520522,,0.547430933289807,0.612282388749645,0.758183760131498,0.986666666666667,0.986666666666667,,1,1,"modified","modified","supplied",0,4,4,4,4,,,FALSE,6.94380051031503,0.24987223870692,1.92472102366717,0.129822574614392,6.90751323926186,111.334712110959,848.508293015336,0.131212285168493,,,,,,,,,,,,,,,TRUE,239,"Stress: pooled residual variance",2.2491441398094
0.755999273840236,0.117909172893254,0.524901541522552,0.98709700615792,0,"REPAIR / fuller_equations","fuller_equations",0.755999273840236,0.117909172893254,"ok","ok",2.02304363370884,2.09506761578092,,0.547437427449286,0.613177579338718,0.761125217016992,0.986666666666667,0.986666666666667,,1,1,"fuller","fuller","supplied",0,4,4,4,4,,,FALSE,7.01015943240027,0.247141422981716,1.92472102366717,0.128403763424809,6.90711338504725,111.060152292745,846.315456571009,0.131227843507342,,,,,,,,,,,,,,,TRUE,239,"Stress: pooled residual variance",2.2491441398094
0.624699337152293,0.04917748933957,0.528313229196633,0.721085445107952,0,"Oracle: true predictors",,,,,,,,,,,,,,,,,,,,,,,,,,,,,,,,,,,,,,,,,,,,,,,,,,TRUE,239,"Factors: fixed measurement parameters",
0.490850589454222,0.0458318878133081,0.401021739996658,0.580679438911786,0,"Likelihood-only / naive OLS",,,,,,,,,,,,,,,,,,,,,,,,,,,,,,,,,,,,,,,,,,,,,,,,,,FALSE,239,"Factors: fixed measurement parameters",
0.628967921119995,0.0622844337328414,0.506892674206155,0.751043168033836,0,"Conditional posterior mean / naive OLS",,,,,,,,,,,,,,,,,,,,,,,,,,,,,,,,,,,,,,,,,,,,,,,,,,TRUE,239,"Factors: fixed measurement parameters",
0.623383470749426,0.0637963803665561,0.498344862886958,0.748422078611894,0,"REPAIR / stabilized","stabilized",0.623383470749426,0.0637963803665561,"ok","ok",2.90414193886314,2.90409734512551,,0.652162982339913,0.785216483118985,0.78965760557432,0.986666666666667,0.986666666666667,,1,1,"modified","modified","supplied",0,4,4,4,4,,,FALSE,2.44919606738788,0.51774587650423,1.59403902327061,0.324801255769719,2.44972817553471,197.537887665684,608.274667694707,0.324751133257498,,,,,,,,,,,,,,,TRUE,239,"Factors: fixed measurement parameters",
0.623383598797641,0.064156317553633,0.497639527011806,0.749127670583477,0,"REPAIR / fuller_equations","fuller_equations",0.623383598797641,0.064156317553633,"ok","ok",2.90414193886314,2.90409716506195,,0.65216617673661,0.786159329973319,0.790623327216425,0.986666666666667,0.986666666666667,,1,1,"fuller","fuller","supplied",0,4,4,4,4,,,FALSE,2.45710755692226,0.514287779791,1.59403902327061,0.322631863011607,2.4497302673496,197.299912245446,607.54224311877,0.324750936219056,,,,,,,,,,,,,,,TRUE,239,"Factors: fixed measurement parameters",
0.64653192271876,0.0818992178958847,0.486012405280828,0.807051440156693,0,"Oracle: true predictors",,,,,,,,,,,,,,,,,,,,,,,,,,,,,,,,,,,,,,,,,,,,,,,,,,TRUE,240,"Stress: pooled residual variance",2.18991164195316
0.369435445478135,0.0679542624477498,0.236247538484563,0.502623352471707,0,"Likelihood-only / naive OLS",,,,,,,,,,,,,,,,,,,,,,,,,,,,,,,,,,,,,,,,,,,,,,,,,,FALSE,240,"Stress: pooled residual variance",2.18991164195316
0.622044835340641,0.112651278761425,0.401252386155866,0.842837284525415,0,"Conditional posterior mean / naive OLS",,,,,,,,,,,,,,,,,,,,,,,,,,,,,,,,,,,,,,,,,,,,,,,,,,TRUE,240,"Stress: pooled residual variance",2.18991164195316
0.588296497420094,0.126360955220027,0.340633576136762,0.835959418703427,0,"REPAIR / stabilized","stabilized",0.588296497420094,0.126360955220027,"ok","ok",2.0317836036925,2.06421878500166,,0.658059138951683,0.692329746234418,0.77001976735072,0.986666666666667,0.986666666666667,,1,1,"modified","modified","supplied",0,4,4,4,4,,,FALSE,8.52784764843158,0.220744476202286,2.06867527666335,0.106708132829012,8.53164976620332,91.2146058858496,852.718937015488,0.106969133587088,,,,,,,,,,,,,,,TRUE,240,"Stress: pooled residual variance",2.18991164195316
0.588413113438689,0.127892758796756,0.337747912313578,0.8390783145638,0,"REPAIR / fuller_equations","fuller_equations",0.588413113438689,0.127892758796756,"ok","ok",2.0317836036925,2.06467625366185,,0.658062913757266,0.69284861062627,0.771728329563919,0.986666666666667,0.986666666666667,,1,1,"fuller","fuller","supplied",0,4,4,4,4,,,FALSE,8.61946565177898,0.218106305708324,2.06867527666335,0.105432838188174,8.53171490485758,91.0882270131756,851.510237346666,0.106972556544957,,,,,,,,,,,,,,,TRUE,240,"Stress: pooled residual variance",2.18991164195316
0.596624644538115,0.0513240015046609,0.4960314500465,0.69721783902973,0,"Oracle: true predictors",,,,,,,,,,,,,,,,,,,,,,,,,,,,,,,,,,,,,,,,,,,,,,,,,,TRUE,240,"Factors: fixed measurement parameters",
0.466318797521693,0.0500063294043094,0.3683081928902,0.564329402153185,0,"Likelihood-only / naive OLS",,,,,,,,,,,,,,,,,,,,,,,,,,,,,,,,,,,,,,,,,,,,,,,,,,FALSE,240,"Factors: fixed measurement parameters",
0.596544342686807,0.0681492542904564,0.462974258704251,0.730114426669363,0,"Conditional posterior mean / naive OLS",,,,,,,,,,,,,,,,,,,,,,,,,,,,,,,,,,,,,,,,,,,,,,,,,,TRUE,240,"Factors: fixed measurement parameters",
0.614336078814887,0.0755178712420215,0.466323770991392,0.762348386638382,0,"REPAIR / stabilized","stabilized",0.614336078814887,0.0755178712420215,"ok","ok",2.47788335454747,2.47851176751434,,0.665806216297578,0.799085388746501,0.804270224965238,0.986666666666667,0.986666666666667,,1,1,"modified","modified","supplied",0,4,4,4,4,,,FALSE,2.86508114411659,0.392311238171492,1.45087516933436,0.27039627285887,2.86367979545111,147.084864021007,543.709653939627,0.270520971910753,,,,,,,,,,,,,,,TRUE,240,"Factors: fixed measurement parameters",
0.61433564757041,0.076084765703148,0.465212247020072,0.763459048120749,0,"REPAIR / fuller_equations","fuller_equations",0.61433564757041,0.076084765703148,"ok","ok",2.47788335454747,2.47851408779672,,0.665809915873669,0.800176704187391,0.805387883339434,0.986666666666667,0.986666666666667,,1,1,"fuller","fuller","supplied",0,4,4,4,4,,,FALSE,2.87911188270605,0.388866303343881,1.45087516933436,0.268021888831613,2.86367462332581,146.883526278888,542.964470492472,0.270521432361244,,,,,,,,,,,,,,,TRUE,240,"Factors: fixed measurement parameters",
0.692918512061641,0.0986773618771527,0.499514436692996,0.886322587430286,0,"Oracle: true predictors",,,,,,,,,,,,,,,,,,,,,,,,,,,,,,,,,,,,,,,,,,,,,,,,,,TRUE,241,"Stress: pooled residual variance",2.21717738328348
0.408591883498247,0.0814508090867811,0.248951231176508,0.568232535819985,0,"Likelihood-only / naive OLS",,,,,,,,,,,,,,,,,,,,,,,,,,,,,,,,,,,,,,,,,,,,,,,,,,FALSE,241,"Stress: pooled residual variance",2.21717738328348
0.624621959715746,0.132778638932937,0.364380609490941,0.884863309940551,0,"Conditional posterior mean / naive OLS",,,,,,,,,,,,,,,,,,,,,,,,,,,,,,,,,,,,,,,,,,,,,,,,,,TRUE,241,"Stress: pooled residual variance",2.21717738328348
0.698910845044003,0.184223056359589,0.337840289457315,1.05998140063069,0,"REPAIR / stabilized","stabilized",0.698910845044003,0.184223056359589,"ok","ok",1.69526319131663,1.74739097478534,,0.767982951055807,0.823349580884933,0.947887790403896,0.986666666666667,0.986666666666667,,1,1,"modified","modified","supplied",0,4,4,4,4,,,FALSE,11.8668138568232,0.154333227506688,2.01836806523481,0.0764643625535825,11.5818938593742,54.1137039114073,688.096328893936,0.0786426284215047,,,,,,,,,,,,,,,TRUE,241,"Stress: pooled residual variance",2.21717738328348
0.698764138380344,0.187485852079125,0.331298620694455,1.06622965606623,0,"REPAIR / fuller_equations","fuller_equations",0.698764138380344,0.187485852079125,"ok","ok",1.69526319131663,1.74831197371309,,0.767990740170302,0.824411590548519,0.951399780325595,0.986666666666667,0.986666666666667,,1,1,"fuller","fuller","supplied",0,4,4,4,4,,,FALSE,12.0608584953378,0.151640806989329,2.01836806523481,0.0751304034191044,11.5771820754868,54.0103065064463,686.458002153583,0.0786796953885059,,,,,,,,,,,,,,,TRUE,241,"Stress: pooled residual variance",2.21717738328348
0.457809399963854,0.055730702476465,0.348579230276866,0.567039569650843,0,"Oracle: true predictors",,,,,,,,,,,,,,,,,,,,,,,,,,,,,,,,,,,,,,,,,,,,,,,,,,FALSE,241,"Factors: fixed measurement parameters",
0.350568432793679,0.0471772896639714,0.258102644164081,0.443034221423277,0,"Likelihood-only / naive OLS",,,,,,,,,,,,,,,,,,,,,,,,,,,,,,,,,,,,,,,,,,,,,,,,,,FALSE,241,"Factors: fixed measurement parameters",
0.435939038547578,0.0641139699590857,0.310277966521887,0.561600110573268,0,"Conditional posterior mean / naive OLS",,,,,,,,,,,,,,,,,,,,,,,,,,,,,,,,,,,,,,,,,,,,,,,,,,FALSE,241,"Factors: fixed measurement parameters",
0.433619417058283,0.0665625173839618,0.303159280265396,0.564079553851169,0,"REPAIR / stabilized","stabilized",0.433619417058283,0.0665625173839618,"ok","ok",2.44765173670746,2.44669761177579,,0.681069028727413,0.784816462419132,0.795481603662449,0.986666666666667,0.986666666666667,,1,1,"modified","modified","supplied",0,4,4,4,4,,,FALSE,2.62451490401466,0.414536679194041,1.40982902758153,0.294033298424244,2.62661043934574,157.869280206925,537.254157318993,0.293844687949414,,,,,,,,,,,,,,,FALSE,241,"Factors: fixed measurement parameters",
0.433609628473331,0.0669723703048282,0.302346194716588,0.564873062230074,0,"REPAIR / fuller_equations","fuller_equations",0.433609628473331,0.0669723703048282,"ok","ok",2.44765173670746,2.44668687059307,,0.681072345084502,0.785766145198382,0.796565437273232,0.986666666666667,0.986666666666667,,1,1,"fuller","fuller","supplied",0,4,4,4,4,,,FALSE,2.63643186458355,0.411017050906376,1.40982902758153,0.291536805431968,2.62663403377794,157.671882696914,536.586259144373,0.293842564936966,,,,,,,,,,,,,,,FALSE,241,"Factors: fixed measurement parameters",
0.53862332506845,0.0831010626719093,0.375748235154502,0.701498414982398,0,"Oracle: true predictors",,,,,,,,,,,,,,,,,,,,,,,,,,,,,,,,,,,,,,,,,,,,,,,,,,TRUE,242,"Stress: pooled residual variance",2.24165120108043
0.357471282032669,0.0673772705971766,0.225414258285593,0.489528305779744,0,"Likelihood-only / naive OLS",,,,,,,,,,,,,,,,,,,,,,,,,,,,,,,,,,,,,,,,,,,,,,,,,,FALSE,242,"Stress: pooled residual variance",2.24165120108043
0.578212865064736,0.110504215702277,0.361628582148428,0.794797147981045,0,"Conditional posterior mean / naive OLS",,,,,,,,,,,,,,,,,,,,,,,,,,,,,,,,,,,,,,,,,,,,,,,,,,TRUE,242,"Stress: pooled residual variance",2.24165120108043
0.579706520494927,0.120397031162041,0.34373267557178,0.815680365418074,0,"REPAIR / stabilized","stabilized",0.579706520494927,0.120397031162041,"ok","ok",2.14949523060672,2.1863592302252,,0.645255517649847,0.680728730203151,0.76097233331156,0.986666666666667,0.986666666666667,,1,1,"modified","modified","supplied",0,4,4,4,4,,,FALSE,7.79470768759501,0.267310216589688,2.27287426720218,0.117608888642457,7.8408529616109,111.348179939912,949.833303386374,0.11722918068142,,,,,,,,,,,,,,,TRUE,242,"Stress: pooled residual variance",2.24165120108043
0.579735477896578,0.121708155190472,0.34119187709844,0.818279078694716,0,"REPAIR / fuller_equations","fuller_equations",0.579735477896578,0.121708155190472,"ok","ok",2.14949523060672,2.1868971694928,,0.645259591333326,0.681290726208171,0.762815941649944,0.986666666666667,0.986666666666667,,1,1,"fuller","fuller","supplied",0,4,4,4,4,,,FALSE,7.8651234141257,0.264591898364618,2.27287426720218,0.116412905976678,7.84151471723103,111.16911648723,948.349825971514,0.117223743225076,,,,,,,,,,,,,,,TRUE,242,"Stress: pooled residual variance",2.24165120108043
0.591340240917137,0.0499822418586787,0.493376847007557,0.689303634826718,0,"Oracle: true predictors",,,,,,,,,,,,,,,,,,,,,,,,,,,,,,,,,,,,,,,,,,,,,,,,,,TRUE,242,"Factors: fixed measurement parameters",
0.504642672956602,0.0444250392690833,0.417571195977421,0.591714149935783,0,"Likelihood-only / naive OLS",,,,,,,,,,,,,,,,,,,,,,,,,,,,,,,,,,,,,,,,,,,,,,,,,,FALSE,242,"Factors: fixed measurement parameters",
0.64687699516764,0.0607579412146139,0.527793618612195,0.765960371723085,0,"Conditional posterior mean / naive OLS",,,,,,,,,,,,,,,,,,,,,,,,,,,,,,,,,,,,,,,,,,,,,,,,,,TRUE,242,"Factors: fixed measurement parameters",
0.618628686885006,0.0617230713814752,0.49765368996212,0.739603683807892,0,"REPAIR / stabilized","stabilized",0.618628686885006,0.0617230713814752,"ok","ok",2.50276246115622,2.5037760111212,,0.659120269947241,0.795628309592943,0.801178000704922,0.986666666666667,0.986666666666667,,1,1,"modified","modified","supplied",0,4,4,4,4,,,FALSE,3.319747209053,0.405710406410549,1.66718259028259,0.243350913556373,3.31772812544335,152.791202911437,627.484639400753,0.243497917426875,,,,,,,,,,,,,,,TRUE,242,"Factors: fixed measurement parameters",
0.618627562817551,0.0620882534822945,0.49693682212926,0.740318303505842,0,"REPAIR / fuller_equations","fuller_equations",0.618627562817551,0.0620882534822945,"ok","ok",2.50276246115622,2.50378291888047,,0.659123265133991,0.796506941686271,0.802100844300448,0.986666666666667,0.986666666666667,,1,1,"fuller","fuller","supplied",0,4,4,4,4,,,FALSE,3.3382178011194,0.402171491742322,1.66718259028259,0.241228221843508,3.31771436517197,152.621392156484,626.784678261055,0.243498919884122,,,,,,,,,,,,,,,TRUE,242,"Factors: fixed measurement parameters",
0.632515486128388,0.0825933510125204,0.470635492781373,0.794395479475403,0,"Oracle: true predictors",,,,,,,,,,,,,,,,,,,,,,,,,,,,,,,,,,,,,,,,,,,,,,,,,,TRUE,243,"Stress: pooled residual variance",2.23281362681597
0.354537257133113,0.0628377395695607,0.231377550706867,0.47769696355936,0,"Likelihood-only / naive OLS",,,,,,,,,,,,,,,,,,,,,,,,,,,,,,,,,,,,,,,,,,,,,,,,,,FALSE,243,"Stress: pooled residual variance",2.23281362681597
0.55497752850706,0.104701349417027,0.349766654516942,0.760188402497177,0,"Conditional posterior mean / naive OLS",,,,,,,,,,,,,,,,,,,,,,,,,,,,,,,,,,,,,,,,,,,,,,,,,,TRUE,243,"Stress: pooled residual variance",2.23281362681597
0.500151622538107,0.0965492311694395,0.310918606710974,0.68938463836524,0,"REPAIR / stabilized","stabilized",0.500151622538107,0.0965492311694395,"ok","ok",2.69633857432564,2.73317966533275,,0.699470871718588,0.734988401327562,0.812884656990284,0.986666666666667,0.986666666666667,,1,1,"modified","modified","supplied",0,4,4,4,4,,,FALSE,4.39446310032674,0.36680922377683,1.8006442826569,0.203709987202799,4.42437838787757,142.072488258438,700.002602447685,0.202959942951149,,,,,,,,,,,,,,,TRUE,243,"Stress: pooled residual variance",2.23281362681597
0.500176426118146,0.0972604715658995,0.309549404729601,0.690803447506691,0,"REPAIR / fuller_equations","fuller_equations",0.500176426118146,0.0972604715658995,"ok","ok",2.69633857432564,2.73350793827164,,0.699473297385256,0.735329937411693,0.813981524257371,0.986666666666667,0.986666666666667,,1,1,"fuller","fuller","supplied",0,4,4,4,4,,,FALSE,4.42011281806778,0.36410390396142,1.8006442826569,0.202207569517382,4.42464646567596,141.942641589324,699.386287084056,0.202953137930576,,,,,,,,,,,,,,,TRUE,243,"Stress: pooled residual variance",2.23281362681597
0.568070235340755,0.0443166180805497,0.481211259986261,0.654929210695249,0,"Oracle: true predictors",,,,,,,,,,,,,,,,,,,,,,,,,,,,,,,,,,,,,,,,,,,,,,,,,,TRUE,243,"Factors: fixed measurement parameters",
0.442007474802266,0.0423034671585183,0.359094202750397,0.524920746854134,0,"Likelihood-only / naive OLS",,,,,,,,,,,,,,,,,,,,,,,,,,,,,,,,,,,,,,,,,,,,,,,,,,FALSE,243,"Factors: fixed measurement parameters",
0.561597620288943,0.0567216405686449,0.450425247630373,0.672769992947513,0,"Conditional posterior mean / naive OLS",,,,,,,,,,,,,,,,,,,,,,,,,,,,,,,,,,,,,,,,,,,,,,,,,,TRUE,243,"Factors: fixed measurement parameters",
0.581404869777594,0.0588100527369179,0.466139284484334,0.696670455070854,0,"REPAIR / stabilized","stabilized",0.581404869777594,0.0588100527369179,"ok","ok",2.56443122488183,2.56603092843209,,0.517287789458442,0.654318837353987,0.662802600820143,0.986666666666667,0.986666666666667,,1,1,"modified","modified","supplied",0,4,4,4,4,,,FALSE,1.59171659337289,0.596198854824938,1.26886349377573,0.469868396206152,1.59186813457329,272.580223625982,580.078285308563,0.469902477871564,,,,,,,,,,,,,,,TRUE,243,"Factors: fixed measurement parameters",
0.581403622325395,0.0591385025851547,0.465494287158863,0.697312957491927,0,"REPAIR / fuller_equations","fuller_equations",0.581403622325395,0.0591385025851547,"ok","ok",2.56443122488183,2.56604587402163,,0.517292216999437,0.655607772571751,0.664188452794293,0.986666666666667,0.986666666666667,,1,1,"fuller","fuller","supplied",0,4,4,4,4,,,FALSE,1.59402686209164,0.592638270740065,1.26886349377573,0.467062275530178,1.59186955168163,272.037148510604,578.922175139096,0.469902795561843,,,,,,,,,,,,,,,TRUE,243,"Factors: fixed measurement parameters",
0.748828681283053,0.0779930013507671,0.595965207589366,0.90169215497674,0,"Oracle: true predictors",,,,,,,,,,,,,,,,,,,,,,,,,,,,,,,,,,,,,,,,,,,,,,,,,,TRUE,244,"Stress: pooled residual variance",2.19780947897921
0.519174290036364,0.0694346556981704,0.383084865589011,0.655263714483717,0,"Likelihood-only / naive OLS",,,,,,,,,,,,,,,,,,,,,,,,,,,,,,,,,,,,,,,,,,,,,,,,,,TRUE,244,"Stress: pooled residual variance",2.19780947897921
0.871080383149364,0.112838571834531,0.649920846286748,1.09223992001198,0,"Conditional posterior mean / naive OLS",,,,,,,,,,,,,,,,,,,,,,,,,,,,,,,,,,,,,,,,,,,,,,,,,,FALSE,244,"Stress: pooled residual variance",2.19780947897921
0.92405011278525,0.145123910420906,0.639612475064657,1.20848775050584,0,"REPAIR / stabilized","stabilized",0.92405011278525,0.145123910420906,"ok","ok",1.77716688185745,1.8310827072102,,0.564984946720735,0.643477219685798,0.822466042735929,0.986666666666667,0.986666666666667,,1,1,"modified","modified","supplied",0,4,4,4,4,,,FALSE,9.63791488697969,0.191006561358011,2.0268743805669,0.0942370001759003,9.5770424236475,80.3088914398088,841.595022783847,0.0954246273631244,,,,,,,,,,,,,,,FALSE,244,"Stress: pooled residual variance",2.19780947897921
0.924470366099779,0.147328962374934,0.635710905965251,1.21322982623431,0,"REPAIR / fuller_equations","fuller_equations",0.924470366099779,0.147328962374934,"ok","ok",1.77716688185745,1.83201676266141,,0.564997007501723,0.645134237547378,0.827906124562498,0.986666666666667,0.986666666666667,,1,1,"fuller","fuller","supplied",0,4,4,4,4,,,FALSE,9.76068114230744,0.188346751207968,2.0268743805669,0.0929247283471453,9.57606965139223,79.9768179998404,837.946046117957,0.0954438753787999,,,,,,,,,,,,,,,FALSE,244,"Stress: pooled residual variance",2.19780947897921
0.608541717612251,0.0501965320735313,0.51015832259932,0.706925112625182,0,"Oracle: true predictors",,,,,,,,,,,,,,,,,,,,,,,,,,,,,,,,,,,,,,,,,,,,,,,,,,TRUE,244,"Factors: fixed measurement parameters",
0.439898541563495,0.0477986846852524,0.346214841072014,0.533582242054976,0,"Likelihood-only / naive OLS",,,,,,,,,,,,,,,,,,,,,,,,,,,,,,,,,,,,,,,,,,,,,,,,,,FALSE,244,"Factors: fixed measurement parameters",
0.550964033633748,0.0646533259033994,0.424245843382355,0.677682223885141,0,"Conditional posterior mean / naive OLS",,,,,,,,,,,,,,,,,,,,,,,,,,,,,,,,,,,,,,,,,,,,,,,,,,TRUE,244,"Factors: fixed measurement parameters",
0.566101645502428,0.068041918988544,0.43274193484589,0.699461356158966,0,"REPAIR / stabilized","stabilized",0.566101645502428,0.068041918988544,"ok","ok",2.76751290761908,2.76941736570754,,0.641198603045666,0.786895986834362,0.798414748932892,0.986666666666667,0.986666666666667,,1,1,"modified","modified","supplied",0,4,4,4,4,,,FALSE,2.15947429270777,0.497991200388547,1.40165232216597,0.35528867787912,2.15942857533749,189.24561688182,532.583519790402,0.355335097406502,,,,,,,,,,,,,,,TRUE,244,"Factors: fixed measurement parameters",
0.566105094157723,0.068458052089291,0.431929777610946,0.7002804107045,0,"REPAIR / fuller_equations","fuller_equations",0.566105094157723,0.068458052089291,"ok","ok",2.76751290761908,2.76943177380331,,0.641202761811445,0.788103554987565,0.799728844635466,0.986666666666667,0.986666666666667,,1,1,"fuller","fuller","supplied",0,4,4,4,4,,,FALSE,2.16565743948953,0.494535986394758,1.40165232216597,0.352823577269541,2.15942828695911,188.95101277261,531.75391525213,0.355335442491324,,,,,,,,,,,,,,,TRUE,244,"Factors: fixed measurement parameters",
0.554844095305847,0.0926537041538904,0.373246172129992,0.736442018481701,0,"Oracle: true predictors",,,,,,,,,,,,,,,,,,,,,,,,,,,,,,,,,,,,,,,,,,,,,,,,,,TRUE,245,"Stress: pooled residual variance",2.27318589828481
0.358500116137951,0.069523807790399,0.222235956800684,0.494764275475218,0,"Likelihood-only / naive OLS",,,,,,,,,,,,,,,,,,,,,,,,,,,,,,,,,,,,,,,,,,,,,,,,,,FALSE,245,"Stress: pooled residual variance",2.27318589828481
0.504734729223884,0.114444533819812,0.280427564709576,0.729041893738192,0,"Conditional posterior mean / naive OLS",,,,,,,,,,,,,,,,,,,,,,,,,,,,,,,,,,,,,,,,,,,,,,,,,,TRUE,245,"Stress: pooled residual variance",2.27318589828481
0.551140742396885,0.123984213309036,0.308136149659643,0.794145335134127,0,"REPAIR / stabilized","stabilized",0.551140742396885,0.123984213309036,"ok","ok",2.16523899971621,2.21806002106307,,0.676348160321016,0.719884629113602,0.815923775373685,0.986666666666667,0.986666666666667,,1,1,"modified","modified","supplied",0,4,4,4,4,,,FALSE,7.11630524716866,0.266845754699982,2.08996959360179,0.127679252136921,7.08385819308288,105.090860443636,817.001559669014,0.128629938584464,,,,,,,,,,,,,,,TRUE,245,"Stress: pooled residual variance",2.27318589828481
0.551002181304585,0.125320227510153,0.305379048850319,0.79662531375885,0,"REPAIR / fuller_equations","fuller_equations",0.551002181304585,0.125320227510153,"ok","ok",2.16523899971621,2.21867580591472,,0.676352080495265,0.720428389036187,0.817697639673259,0.986666666666667,0.986666666666667,,1,1,"fuller","fuller","supplied",0,4,4,4,4,,,FALSE,7.18115011491964,0.264076807439701,2.08996959360179,0.126354377713505,7.08349524206494,104.946705619348,815.812787767734,0.128640672459313,,,,,,,,,,,,,,,TRUE,245,"Stress: pooled residual variance",2.27318589828481
0.549815712576687,0.0499907116473615,0.451835718186331,0.647795706967042,0,"Oracle: true predictors",,,,,,,,,,,,,,,,,,,,,,,,,,,,,,,,,,,,,,,,,,,,,,,,,,TRUE,245,"Factors: fixed measurement parameters",
0.405182331977529,0.0449612411437227,0.317059918635612,0.493304745319446,0,"Likelihood-only / naive OLS",,,,,,,,,,,,,,,,,,,,,,,,,,,,,,,,,,,,,,,,,,,,,,,,,,FALSE,245,"Factors: fixed measurement parameters",
0.518137123275844,0.0610466051487831,0.398487975805791,0.637786270745896,0,"Conditional posterior mean / naive OLS",,,,,,,,,,,,,,,,,,,,,,,,,,,,,,,,,,,,,,,,,,,,,,,,,,TRUE,245,"Factors: fixed measurement parameters",
0.508580264515517,0.0611074388232658,0.388811885234432,0.628348643796603,0,"REPAIR / stabilized","stabilized",0.508580264515517,0.0611074388232658,"ok","ok",2.79005950646116,2.79026405267839,,0.681016623782498,0.774922020825351,0.779040802866135,0.986666666666667,0.986666666666667,,1,1,"modified","modified","supplied",0,4,4,4,4,,,FALSE,2.49367053714179,0.481690304568736,1.52274624808425,0.316329989435039,2.49347488064654,186.21662502992,588.647223887913,0.316346731069233,,,,,,,,,,,,,,,TRUE,245,"Factors: fixed measurement parameters",
0.508580436162598,0.0614248273583783,0.388189986783586,0.62897088554161,0,"REPAIR / fuller_equations","fuller_equations",0.508580436162598,0.0614248273583783,"ok","ok",2.79005950646116,2.79026560690808,,0.681018940246712,0.775601074660166,0.779754919139454,0.986666666666667,0.986666666666667,,1,1,"fuller","fuller","supplied",0,4,4,4,4,,,FALSE,2.50297843881759,0.478166903724248,1.52274624808425,0.314016143087414,2.49347339414421,186.051595261438,588.125313725526,0.316346858262026,,,,,,,,,,,,,,,TRUE,245,"Factors: fixed measurement parameters",
0.638723474953002,0.083773342596529,0.47453074059927,0.802916209306734,0,"Oracle: true predictors",,,,,,,,,,,,,,,,,,,,,,,,,,,,,,,,,,,,,,,,,,,,,,,,,,TRUE,246,"Stress: pooled residual variance",2.25207983495831
0.444431786608189,0.0654142707495066,0.316222171864204,0.572641401352174,0,"Likelihood-only / naive OLS",,,,,,,,,,,,,,,,,,,,,,,,,,,,,,,,,,,,,,,,,,,,,,,,,,FALSE,246,"Stress: pooled residual variance",2.25207983495831
0.708460197440008,0.110738948454309,0.491415846783725,0.925504548096292,0,"Conditional posterior mean / naive OLS",,,,,,,,,,,,,,,,,,,,,,,,,,,,,,,,,,,,,,,,,,,,,,,,,,TRUE,246,"Stress: pooled residual variance",2.25207983495831
0.717672163400224,0.118163392640882,0.48607616953303,0.949268157267418,0,"REPAIR / stabilized","stabilized",0.717672163400224,0.118163392640882,"ok","ok",2.1085630663227,2.1468086674818,,0.598157252038427,0.65116473165439,0.771624422396099,0.986666666666667,0.986666666666667,,1,1,"modified","modified","supplied",0,4,4,4,4,,,FALSE,6.27508739863796,0.278114226941077,1.93442607892844,0.143770925118594,6.38895623940614,115.104044563198,812.354815067311,0.141691835178771,,,,,,,,,,,,,,,TRUE,246,"Stress: pooled residual variance",2.25207983495831
0.717656641747154,0.119483731651239,0.483472830972277,0.951840452522032,0,"REPAIR / fuller_equations","fuller_equations",0.717656641747154,0.119483731651239,"ok","ok",2.1085630663227,2.14735014661934,,0.598163543959874,0.652033467362972,0.774471932981186,0.986666666666667,0.986666666666667,,1,1,"fuller","fuller","supplied",0,4,4,4,4,,,FALSE,6.32831865354665,0.275370856205165,1.93442607892844,0.142352741831161,6.39057971596386,114.785402933519,810.273259564397,0.141662583058989,,,,,,,,,,,,,,,TRUE,246,"Stress: pooled residual variance",2.25207983495831
0.585834973966939,0.0458855344585777,0.495900979016755,0.675768968917123,0,"Oracle: true predictors",,,,,,,,,,,,,,,,,,,,,,,,,,,,,,,,,,,,,,,,,,,,,,,,,,TRUE,246,"Factors: fixed measurement parameters",
0.456950060216955,0.0437268072210674,0.371247092904737,0.542653027529173,0,"Likelihood-only / naive OLS",,,,,,,,,,,,,,,,,,,,,,,,,,,,,,,,,,,,,,,,,,,,,,,,,,FALSE,246,"Factors: fixed measurement parameters",
0.581946290042586,0.0593089532019433,0.465702877806006,0.698189702279167,0,"Conditional posterior mean / naive OLS",,,,,,,,,,,,,,,,,,,,,,,,,,,,,,,,,,,,,,,,,,,,,,,,,,TRUE,246,"Factors: fixed measurement parameters",
0.579477341691673,0.0606595213065697,0.460586864611356,0.698367818771989,0,"REPAIR / stabilized","stabilized",0.579477341691673,0.0606595213065697,"ok","ok",2.94890113832936,2.94951489356149,,0.582446951776007,0.709901770791109,0.716442571902527,0.986666666666667,0.986666666666667,,1,1,"modified","modified","supplied",0,4,4,4,4,,,FALSE,2.30848202716984,0.518014670253762,1.52089498656566,0.340598578356481,2.30896989565689,218.398781448034,641.311687426422,0.340550134560102,,,,,,,,,,,,,,,TRUE,246,"Factors: fixed measurement parameters",
0.579476435431497,0.0609975126275954,0.459923507534883,0.699029363328111,0,"REPAIR / fuller_equations","fuller_equations",0.579476435431497,0.0609975126275954,"ok","ok",2.94890113832936,2.94951875331681,,0.58245017322573,0.710845652462292,0.717436859420226,0.986666666666667,0.986666666666667,,1,1,"fuller","fuller","supplied",0,4,4,4,4,,,FALSE,2.31553422129841,0.514542526567665,1.52089498656566,0.338315617523046,2.3089729841221,218.105565293085,640.451257069813,0.340549827774496,,,,,,,,,,,,,,,TRUE,246,"Factors: fixed measurement parameters",
0.600684485959419,0.0758182017554112,0.452083541146222,0.749285430772616,0,"Oracle: true predictors",,,,,,,,,,,,,,,,,,,,,,,,,,,,,,,,,,,,,,,,,,,,,,,,,,TRUE,247,"Stress: pooled residual variance",2.2675019936934
0.370032692704634,0.0644481426235722,0.243716654291931,0.496348731117336,0,"Likelihood-only / naive OLS",,,,,,,,,,,,,,,,,,,,,,,,,,,,,,,,,,,,,,,,,,,,,,,,,,FALSE,247,"Stress: pooled residual variance",2.2675019936934
0.619015886180508,0.111808111239804,0.399876014971045,0.838155757389971,0,"Conditional posterior mean / naive OLS",,,,,,,,,,,,,,,,,,,,,,,,,,,,,,,,,,,,,,,,,,,,,,,,,,TRUE,247,"Stress: pooled residual variance",2.2675019936934
0.570287760327568,0.113610415482193,0.347615437713837,0.792960082941299,0,"REPAIR / stabilized","stabilized",0.570287760327568,0.113610415482193,"ok","ok",2.2097228007287,2.22898591475112,,0.630946624589057,0.666864893126749,0.747685938899835,0.986666666666667,0.986666666666667,,1,1,"modified","modified","supplied",0,4,4,4,4,,,FALSE,7.54565607552069,0.274704993893539,2.26419583870965,0.121325633232367,7.59987494926973,115.609481524494,957.680556548094,0.120718208941405,,,,,,,,,,,,,,,TRUE,247,"Stress: pooled residual variance",2.2675019936934
0.570352798334413,0.114812841306544,0.345323764410874,0.795381832257951,0,"REPAIR / fuller_equations","fuller_equations",0.570352798334413,0.114812841306544,"ok","ok",2.2097228007287,2.22921725989812,,0.630949991376563,0.667329098826261,0.749211746321026,0.986666666666667,0.986666666666667,,1,1,"fuller","fuller","supplied",0,4,4,4,4,,,FALSE,7.61247396740081,0.271954166663963,2.26419583870965,0.120110708629757,7.60051797306564,115.440857274929,956.340531138855,0.120711037037672,,,,,,,,,,,,,,,TRUE,247,"Stress: pooled residual variance",2.2675019936934
0.567399620551584,0.0449205526798187,0.479356955133505,0.655442285969663,0,"Oracle: true predictors",,,,,,,,,,,,,,,,,,,,,,,,,,,,,,,,,,,,,,,,,,,,,,,,,,TRUE,247,"Factors: fixed measurement parameters",
0.448192511635217,0.0407830108591457,0.368259279170186,0.528125744100249,0,"Likelihood-only / naive OLS",,,,,,,,,,,,,,,,,,,,,,,,,,,,,,,,,,,,,,,,,,,,,,,,,,FALSE,247,"Factors: fixed measurement parameters",
0.567485111093813,0.0555121120833304,0.458683370704735,0.676286851482892,0,"Conditional posterior mean / naive OLS",,,,,,,,,,,,,,,,,,,,,,,,,,,,,,,,,,,,,,,,,,,,,,,,,,TRUE,247,"Factors: fixed measurement parameters",
0.54232026675599,0.0547261116313635,0.435059058944599,0.649581474567381,0,"REPAIR / stabilized","stabilized",0.54232026675599,0.0547261116313635,"ok","ok",2.68939672531661,2.68992760053727,,0.565775232006307,0.694952600588673,0.704484495988836,0.986666666666667,0.986666666666667,,1,1,"modified","modified","supplied",0,4,4,4,4,,,FALSE,2.68617880822456,0.492655727237534,1.64362313529744,0.299737644632498,2.68488679999656,211.995818150616,706.931220697675,0.299881815859534,,,,,,,,,,,,,,,TRUE,247,"Factors: fixed measurement parameters",
0.542317434627329,0.055003631290568,0.434512298278895,0.650122570975762,0,"REPAIR / fuller_equations","fuller_equations",0.542317434627329,0.055003631290568,"ok","ok",2.68939672531661,2.68993207670064,,0.565778360358584,0.695857864037366,0.705483610759285,0.986666666666667,0.986666666666667,,1,1,"fuller","fuller","supplied",0,4,4,4,4,,,FALSE,2.69679793526368,0.489114704660763,1.64362313529744,0.297583244088525,2.68487593273326,211.71434340409,705.989745182644,0.299883029248985,,,,,,,,,,,,,,,TRUE,247,"Factors: fixed measurement parameters",
0.627640032890862,0.0768715876050148,0.476974489750618,0.778305576031107,0,"Oracle: true predictors",,,,,,,,,,,,,,,,,,,,,,,,,,,,,,,,,,,,,,,,,,,,,,,,,,TRUE,248,"Stress: pooled residual variance",2.21309149925473
0.444000491061903,0.0634765287534436,0.319588780841533,0.568412201282274,0,"Likelihood-only / naive OLS",,,,,,,,,,,,,,,,,,,,,,,,,,,,,,,,,,,,,,,,,,,,,,,,,,FALSE,248,"Stress: pooled residual variance",2.21309149925473
0.669246299934818,0.104197889356575,0.465022189530841,0.873470410338796,0,"Conditional posterior mean / naive OLS",,,,,,,,,,,,,,,,,,,,,,,,,,,,,,,,,,,,,,,,,,,,,,,,,,TRUE,248,"Stress: pooled residual variance",2.21309149925473
0.682789724207258,0.110154180728247,0.466891497233377,0.898687951181138,0,"REPAIR / stabilized","stabilized",0.682789724207258,0.110154180728247,"ok","ok",2.17840316548775,2.24793145264253,,0.56227348086991,0.61546446947027,0.735004952822122,0.986666666666667,0.986666666666667,,1,1,"modified","modified","supplied",0,4,4,4,4,,,FALSE,7.27573998831466,0.292128948505251,2.31150527305456,0.126380394589892,7.20669232599732,130.746099293888,1021.83435937619,0.127952341878293,,,,,,,,,,,,,,,TRUE,248,"Stress: pooled residual variance",2.21309149925473
0.682686196597932,0.111264116815007,0.464612534868861,0.900759858327003,0,"REPAIR / fuller_equations","fuller_equations",0.682686196597932,0.111264116815007,"ok","ok",2.17840316548775,2.24876861566864,,0.562278730353134,0.616190177429555,0.737382651108355,0.986666666666667,0.986666666666667,,1,1,"fuller","fuller","supplied",0,4,4,4,4,,,FALSE,7.33478898300271,0.289434447982719,2.31150527305456,0.125214703750272,7.20590042011148,130.469330111022,1019.52572860972,0.127970610696541,,,,,,,,,,,,,,,TRUE,248,"Stress: pooled residual variance",2.21309149925473
0.550679155106674,0.0521470056699184,0.448472902092028,0.65288540812132,0,"Oracle: true predictors",,,,,,,,,,,,,,,,,,,,,,,,,,,,,,,,,,,,,,,,,,,,,,,,,,TRUE,248,"Factors: fixed measurement parameters",
0.397977281026447,0.0481260102157247,0.30365203428402,0.492302527768875,0,"Likelihood-only / naive OLS",,,,,,,,,,,,,,,,,,,,,,,,,,,,,,,,,,,,,,,,,,,,,,,,,,FALSE,248,"Factors: fixed measurement parameters",
0.494976000678873,0.0650791372150992,0.367423235592339,0.622528765765408,0,"Conditional posterior mean / naive OLS",,,,,,,,,,,,,,,,,,,,,,,,,,,,,,,,,,,,,,,,,,,,,,,,,,TRUE,248,"Factors: fixed measurement parameters",
0.501527265248946,0.066200276475305,0.371777107590754,0.631277422907138,0,"REPAIR / stabilized","stabilized",0.501527265248946,0.066200276475305,"ok","ok",2.65007507333709,2.64946997796529,,0.715165315025683,0.84887562922467,0.862070963935213,0.986666666666667,0.986666666666667,,1,1,"modified","modified","supplied",0,4,4,4,4,,,FALSE,2.08929104959091,0.509731119126382,1.38689487434679,0.36753407093415,2.09250826516391,179.156623397537,488.194496189149,0.366977966355695,,,,,,,,,,,,,,,TRUE,248,"Factors: fixed measurement parameters",
0.501522366798242,0.0665625739414124,0.37106211915479,0.631982614441694,0,"REPAIR / fuller_equations","fuller_equations",0.501522366798242,0.0665625739414124,"ok","ok",2.65007507333709,2.6494639005922,,0.715169504048196,0.850080142204146,0.863427040992494,0.986666666666667,0.986666666666667,,1,1,"fuller","fuller","supplied",0,4,4,4,4,,,FALSE,2.09525484695296,0.506209986024604,1.38689487434679,0.36499521008254,2.09254028782927,178.893016173878,487.483519046629,0.366972439445212,,,,,,,,,,,,,,,TRUE,248,"Factors: fixed measurement parameters",
0.650664228143737,0.0790171618223958,0.495793436811268,0.805535019476206,0,"Oracle: true predictors",,,,,,,,,,,,,,,,,,,,,,,,,,,,,,,,,,,,,,,,,,,,,,,,,,TRUE,249,"Stress: pooled residual variance",2.31892296196457
0.426366952302629,0.0649405044268006,0.299085902488236,0.553648002117022,0,"Likelihood-only / naive OLS",,,,,,,,,,,,,,,,,,,,,,,,,,,,,,,,,,,,,,,,,,,,,,,,,,FALSE,249,"Stress: pooled residual variance",2.31892296196457
0.655421305450449,0.107304572973787,0.445108207045376,0.865734403855522,0,"Conditional posterior mean / naive OLS",,,,,,,,,,,,,,,,,,,,,,,,,,,,,,,,,,,,,,,,,,,,,,,,,,TRUE,249,"Stress: pooled residual variance",2.31892296196457
0.671767098146128,0.116758052853169,0.442925519648892,0.900608676643364,0,"REPAIR / stabilized","stabilized",0.671767098146128,0.116758052853169,"ok","ok",2.09746437315008,2.1612902721838,,0.59035985149741,0.644794031665292,0.766898381231198,0.986666666666667,0.986666666666667,,1,1,"modified","modified","supplied",0,4,4,4,4,,,FALSE,7.77968551253682,0.275206549719612,2.33609088606765,0.117806439535779,7.62795007824667,118.589089461755,984.491550449474,0.120457193774404,,,,,,,,,,,,,,,TRUE,249,"Stress: pooled residual variance",2.31892296196457
0.671693532984758,0.118037420733948,0.44034443951822,0.903042626451297,0,"REPAIR / fuller_equations","fuller_equations",0.671693532984758,0.118037420733948,"ok","ok",2.09746437315008,2.16210003008416,,0.590365469667509,0.645569601340794,0.769441844386589,0.986666666666667,0.986666666666667,,1,1,"fuller","fuller","supplied",0,4,4,4,4,,,FALSE,7.85060229291468,0.272384821623655,2.33609088606765,0.116598554982662,7.6261390356925,118.341378592103,982.171024622863,0.120489584426036,,,,,,,,,,,,,,,TRUE,249,"Stress: pooled residual variance",2.31892296196457
0.526327409905325,0.0453677418262516,0.437408269865961,0.61524654994469,0,"Oracle: true predictors",,,,,,,,,,,,,,,,,,,,,,,,,,,,,,,,,,,,,,,,,,,,,,,,,,TRUE,249,"Factors: fixed measurement parameters",
0.44666678129208,0.0450643544648357,0.358342269554455,0.534991293029704,0,"Likelihood-only / naive OLS",,,,,,,,,,,,,,,,,,,,,,,,,,,,,,,,,,,,,,,,,,,,,,,,,,FALSE,249,"Factors: fixed measurement parameters",
0.567124826153543,0.0612993282415178,0.44698035052367,0.687269301783417,0,"Conditional posterior mean / naive OLS",,,,,,,,,,,,,,,,,,,,,,,,,,,,,,,,,,,,,,,,,,,,,,,,,,TRUE,249,"Factors: fixed measurement parameters",
0.56593408080392,0.0638027684478591,0.440882952532168,0.690985209075673,0,"REPAIR / stabilized","stabilized",0.56593408080392,0.0638027684478591,"ok","ok",2.68985342337383,2.69133095801552,,0.60485549903751,0.73032537467014,0.737455373025826,0.986666666666667,0.986666666666667,,1,1,"modified","modified","supplied",0,4,4,4,4,,,FALSE,2.55760956430058,0.457376968728437,1.49365312864498,0.306213644893151,2.55739282077185,187.482570063738,612.170713438667,0.306258639866349,,,,,,,,,,,,,,,TRUE,249,"Factors: fixed measurement parameters",
0.565937306144278,0.064191057558757,0.440125145199577,0.691749467088979,0,"REPAIR / fuller_equations","fuller_equations",0.565937306144278,0.064191057558757,"ok","ok",2.68985342337383,2.69134149034513,,0.604858735878311,0.731271195607756,0.738461773994539,0.986666666666667,0.986666666666667,,1,1,"fuller","fuller","supplied",0,4,4,4,4,,,FALSE,2.56764763487676,0.453887259328117,1.49365312864498,0.303877286247764,2.55739128561941,187.237258249811,611.369079136613,0.306258959831973,,,,,,,,,,,,,,,TRUE,249,"Factors: fixed measurement parameters",
0.651080476810365,0.0765563171679754,0.501032852372108,0.801128101248622,0,"Oracle: true predictors",,,,,,,,,,,,,,,,,,,,,,,,,,,,,,,,,,,,,,,,,,,,,,,,,,TRUE,250,"Stress: pooled residual variance",2.19477489036857
0.409277218728563,0.0605591903255339,0.29058338675761,0.527971050699516,0,"Likelihood-only / naive OLS",,,,,,,,,,,,,,,,,,,,,,,,,,,,,,,,,,,,,,,,,,,,,,,,,,FALSE,250,"Stress: pooled residual variance",2.19477489036857
0.63378268350735,0.0990540417188735,0.43964032921523,0.82792503779947,0,"Conditional posterior mean / naive OLS",,,,,,,,,,,,,,,,,,,,,,,,,,,,,,,,,,,,,,,,,,,,,,,,,,TRUE,250,"Stress: pooled residual variance",2.19477489036857
0.601600665322626,0.0965049052180627,0.412454526763771,0.79074680388148,0,"REPAIR / stabilized","stabilized",0.601600665322626,0.0965049052180627,"ok","ok",2.48516061519517,2.53211928566178,,0.588684775796783,0.629370340714899,0.720558161006186,0.986666666666667,0.986666666666667,,1,1,"modified","modified","supplied",0,4,4,4,4,,,FALSE,6.05005456678077,0.359386029140196,2.35875058956568,0.152362878351785,6.09582588989443,159.473015889974,1051.68309156459,0.151635998685426,,,,,,,,,,,,,,,TRUE,250,"Stress: pooled residual variance",2.19477489036857
0.601616193213304,0.097287635790045,0.410935930923766,0.792296455502842,0,"REPAIR / fuller_equations","fuller_equations",0.601616193213304,0.097287635790045,"ok","ok",2.48516061519517,2.53259880275822,,0.588688054491645,0.629824972409276,0.722044917748883,0.986666666666667,0.986666666666667,,1,1,"fuller","fuller","supplied",0,4,4,4,4,,,FALSE,6.08840557236018,0.356712948061862,2.35875058956568,0.151229616916617,6.0962859572951,159.248549015764,1050.25347819409,0.151628680430168,,,,,,,,,,,,,,,TRUE,250,"Stress: pooled residual variance",2.19477489036857
0.616644367469295,0.0490117819339164,0.520583040060688,0.712705694877902,0,"Oracle: true predictors",,,,,,,,,,,,,,,,,,,,,,,,,,,,,,,,,,,,,,,,,,,,,,,,,,TRUE,250,"Factors: fixed measurement parameters",
0.506658529931682,0.0452863828118014,0.417898850630458,0.595418209232907,0,"Likelihood-only / naive OLS",,,,,,,,,,,,,,,,,,,,,,,,,,,,,,,,,,,,,,,,,,,,,,,,,,FALSE,250,"Factors: fixed measurement parameters",
0.656034337387348,0.0613156379955258,0.535857895227022,0.776210779547675,0,"Conditional posterior mean / naive OLS",,,,,,,,,,,,,,,,,,,,,,,,,,,,,,,,,,,,,,,,,,,,,,,,,,TRUE,250,"Factors: fixed measurement parameters",
0.656940013128878,0.06347231350245,0.532536564648641,0.781343461609116,0,"REPAIR / stabilized","stabilized",0.656940013128878,0.06347231350245,"ok","ok",2.81043134709269,2.81028712001385,,0.613725235235955,0.751177536023546,0.753873123246809,0.986666666666667,0.986666666666667,,1,1,"modified","modified","supplied",0,4,4,4,4,,,FALSE,2.06945579881288,0.555672356099463,1.47530484205111,0.376649178028126,2.06886267805427,221.740333581123,588.56962606742,0.376744438993057,,,,,,,,,,,,,,,TRUE,250,"Factors: fixed measurement parameters",
0.656940375217347,0.0638360879441082,0.531823941932964,0.782056808501731,0,"REPAIR / fuller_equations","fuller_equations",0.656940375217347,0.0638360879441082,"ok","ok",2.81043134709269,2.81028666722338,,0.61372887444399,0.752254686156032,0.75496259467047,0.986666666666667,0.986666666666667,,1,1,"fuller","fuller","supplied",0,4,4,4,4,,,FALSE,2.07450380765043,0.552203858147279,1.47530484205111,0.374298139887858,2.06886082527571,221.422262997459,587.724900872294,0.376744736642649,,,,,,,,,,,,,,,TRUE,250,"Factors: fixed measurement parameters",
