"variable","mean","median","sd","mad","q5","q95","rhat","ess_bulk","ess_tail"
"(Intercept)",1.04761405068507,1.04789700613921,0.0520486627426531,0.0506689051965718,0.959918508384277,1.1336686763778,1.00088105258016,1163.37914174529,2051.03188890115
"stress_w",0.553554245155988,0.554238412602191,0.043486918892909,0.0434994721328215,0.480232488889027,0.625524045433065,1.00123095833602,2080.58346119098,2719.67117329949
"stress_b",0.370521932651603,0.370119062845397,0.0497405907230553,0.0501974866095367,0.28861771244161,0.450519241598621,1.00037150654733,1539.5567137166,2621.28010476706
"b[(Intercept) id:1]",-0.973509340321781,-0.974326078611311,0.287548653860383,0.284420902401022,-1.450657825017,-0.501359190104666,1.00236704691343,6040.9591663654,3089.49553417657
"b[stress_w id:1]",0.694887819640587,0.696382957363386,0.273945911518154,0.269714899885087,0.238481025609948,1.14846728779319,1.00068685399872,7971.79012166586,3003.09787712224
"b[(Intercept) id:2]",-0.411812767647286,-0.409638451802702,0.431295164260498,0.435133725904652,-1.11227699613553,0.313314631529911,1.00272815856923,9405.48899041862,2544.89256328755
"b[stress_w id:2]",0.337851306539627,0.342953319025783,0.40495607150573,0.409961100667588,-0.329614729623179,0.993323084878113,1.00073528582529,9428.458658775,2989.37514354874
"b[(Intercept) id:3]",-1.31724577222005,-1.31973654878094,0.288505089994568,0.286512213300178,-1.79429614934665,-0.839839011146058,1.00088450505501,7791.2096981798,2283.13595769466
"b[stress_w id:3]",0.169049973334128,0.171722188340976,0.2733320672478,0.283958940636157,-0.272350779761716,0.616361998385231,0.999998131703626,8861.66202979862,2843.04534490992
"b[(Intercept) id:4]",-1.57055666462465,-1.57183265277728,0.421629365266762,0.423797816759647,-2.27647470030736,-0.884240499961205,1.00028851651049,8852.28615396758,3051.60713018888
"b[stress_w id:4]",-0.656553550097894,-0.65010560558908,0.392368659212612,0.382549080066702,-1.31844860423214,-0.014186579079886,0.999760210175246,9236.8434358936,3081.15042495936
"b[(Intercept) id:5]",-0.489850134819479,-0.486470398863612,0.289154369928676,0.29523373722092,-0.965416123035856,-0.0179321997693648,1.00107141791826,7295.73091679385,3001.93889142798
"b[stress_w id:5]",0.343881087107147,0.345531161193172,0.268762707341967,0.270143557359496,-0.102718849801704,0.794299451720718,1.00254716538334,8166.84269326215,3020.4333142732
"b[(Intercept) id:6]",1.01596798899976,1.00903600704439,0.44004731582902,0.424656934256769,0.303156854220145,1.75548620713051,1.0007747857401,8885.1211349585,2848.82018849846
"b[stress_w id:6]",0.492140141101925,0.487020121151844,0.403162890382239,0.407204848842978,-0.165215162432143,1.14961010433328,1.00093128140698,9635.98588591933,3030.77491638482
"b[(Intercept) id:7]",0.721782739002276,0.720352335309705,0.290067416480799,0.279389041826647,0.249712746792965,1.21287791170847,1.00158190194597,5778.46824521277,2431.82435559306
"b[stress_w id:7]",0.680942742078695,0.686439297134087,0.277274641953653,0.284124699470254,0.231375006729782,1.13842508650829,0.99980602488015,9843.53234709106,2866.12513853627
"b[(Intercept) id:8]",1.08166597576008,1.07644509192328,0.423138235782709,0.410180806405206,0.381318830467455,1.783088151312,1.00000285718308,7150.16647017142,2591.19278999008
"b[stress_w id:8]",0.307460773180546,0.302290623727577,0.417095790082747,0.421087827581279,-0.373706734190325,1.0112465543778,1.0064483006169,9177.76496918416,2576.36988509832
"b[(Intercept) id:9]",-0.403343112690907,-0.403746818942894,0.295372981913735,0.288678377866536,-0.894647065275648,0.0668191062122292,1.00191097718296,5973.66514714367,2755.6419560538
"b[stress_w id:9]",-0.460994024921898,-0.454571254190066,0.276426427387037,0.277380452206711,-0.918963736394144,-0.0194543626173878,1.000714535532,8495.89731155134,2967.71801899055
"b[(Intercept) id:10]",1.35046877762057,1.34471266928861,0.423710914235482,0.421124801122629,0.67128504823984,2.04738029159118,1.00041577122903,7272.19545590291,2893.63270642183
"b[stress_w id:10]",0.223792680157434,0.232666059370144,0.420510060542952,0.435026551393777,-0.453935740018708,0.893406292613048,1.00275584370184,10451.2073970734,2989.68053635352
"b[(Intercept) id:11]",0.616443276423699,0.615878138881398,0.302053064195901,0.30454383986039,0.116275364775016,1.1129072940373,1.00016533993305,6944.23226079203,3175.94473254753
"b[stress_w id:11]",-0.198784401535631,-0.196070027539884,0.27350941950714,0.271061826184288,-0.642388995336833,0.240115386472916,0.999697663079551,9047.15580409627,3009.23777393476
"b[(Intercept) id:12]",0.648270289605681,0.648050179246206,0.428920232466546,0.428190875366541,-0.065227316031263,1.35434545774013,1.00058842448402,7608.00573755201,2737.32576468933
"b[stress_w id:12]",0.624986321993656,0.622434253843254,0.393073553674874,0.377506364020335,-0.0229402424261017,1.29207780242809,1.00308264519669,10137.6932795532,2637.17022961007
"b[(Intercept) id:13]",0.0560948432681395,0.0529795261489152,0.289114058122139,0.278242400086689,-0.426168910438565,0.526857983545355,0.999756357142411,5539.00572264306,2873.3234055189
"b[stress_w id:13]",-0.0342588335810794,-0.0358309037781342,0.267347634330622,0.272050627004912,-0.475190238420231,0.410489430358831,1.0023879159767,9707.25739918524,2910.76589573023
"b[(Intercept) id:14]",0.237546903975261,0.233859819864123,0.432018138921412,0.430082294048166,-0.477468458574853,0.960245147220715,1.00112383493784,7653.60181768657,3050.76214066265
"b[stress_w id:14]",-0.626284794583098,-0.626895389185919,0.40594113046576,0.396759741668513,-1.31158723210356,0.0464939985734864,1.00107846603459,9570.68976602392,3017.38094468011
"b[(Intercept) id:15]",0.749456227563972,0.752282581284807,0.27942082771596,0.277642814009107,0.291338791846533,1.20871306324162,1.00142551807564,6866.4735610059,2616.50416031715
"b[stress_w id:15]",0.139771761164671,0.1382819078784,0.271586386248282,0.262001442830477,-0.303765436196826,0.585792745319616,1.00019464344905,8807.03868242,2738.06059655537
"b[(Intercept) id:16]",-0.469727770320497,-0.463872369653893,0.445474722224363,0.443889284961835,-1.21687364669034,0.261785004060311,1.00091525643781,8991.34447502934,2612.35889781115
"b[stress_w id:16]",0.230773428745383,0.228360464616781,0.413329822153152,0.408525449993839,-0.446359027155438,0.928330827945997,1.00003136309569,9827.53963135996,3144.27823191032
"b[(Intercept) id:17]",1.09744957759887,1.09716006400026,0.288302212632755,0.295000964646985,0.625722728105752,1.56172225648582,0.999811610913022,7053.09355617757,3161.69418091482
"b[stress_w id:17]",-0.37286760221431,-0.375160629135232,0.275288539304257,0.271610106819382,-0.825562821913267,0.0885016805489861,0.9998093070331,8046.88827881185,3098.5513052843
"b[(Intercept) id:18]",0.388933249891287,0.39719608566483,0.427096857660201,0.421761017264622,-0.318219551213092,1.08987487875647,1.00127594294294,8859.59341237897,2665.41433382713
"b[stress_w id:18]",-0.214675592599144,-0.218913897718573,0.402951144369661,0.399528684022377,-0.876260574211247,0.444450823021938,1.00524339232028,9674.73137341057,3008.21835546268
"b[(Intercept) id:19]",-0.507272030109946,-0.505103952536287,0.291213216585173,0.292677515602797,-0.985432152115047,-0.030936626368491,1.00152773533722,5649.94991932572,3045.48149130346
"b[stress_w id:19]",0.056891178520881,0.059593117750325,0.277697463027223,0.28663472161063,-0.401381532604344,0.520570450124692,1.00068145356309,10529.5453854055,2739.17515753174
"b[(Intercept) id:20]",-0.665892164991668,-0.664362044378767,0.43884013954149,0.440018140511178,-1.39409728835324,0.0328013273883018,1.00294942366171,8789.29295016892,2348.27378978856
"b[stress_w id:20]",-0.718641406492818,-0.708153990229852,0.411974490909204,0.409719381093811,-1.40687328003294,-0.0346192742088046,0.999989201957026,9673.13383726256,2819.78218445619
"b[(Intercept) id:21]",1.6669901728713,1.67134958468827,0.292624739914557,0.288109087167029,1.1754250009189,2.15060561725306,1.00091435716279,6446.47250227101,2275.38291098286
"b[stress_w id:21]",0.198596225928998,0.203195526134426,0.28451583042689,0.285477073049015,-0.269845361316756,0.663359982407653,1.00342880792294,10298.7144894568,3143.00033298558
"b[(Intercept) id:22]",-0.340451298859039,-0.337720915497278,0.421776186111205,0.4197600032854,-1.04623284936023,0.338810302145602,1.00023923006966,8151.01915901248,3109.79307656488
"b[stress_w id:22]",0.231329033075577,0.237788653510071,0.400316578746816,0.403247801928958,-0.429183947833376,0.883458426799485,1.0020097248824,9796.34057417847,2933.70510939525
"b[(Intercept) id:23]",0.788202127238392,0.786628136087675,0.284870387277023,0.285324466189068,0.325675800160799,1.27039757024134,1.00066705629876,6024.89536034922,3158.40744274641
"b[stress_w id:23]",-0.00552391766036756,-0.00327692076093734,0.263170429735082,0.26492785194778,-0.437479457208537,0.420758055884947,0.999826931389482,8235.17436212806,3305.26643692384
"b[(Intercept) id:24]",-0.620304943801518,-0.62945459076294,0.433397301577091,0.435035536915047,-1.32973931937101,0.11232128364079,1.00059882083013,6861.92175609109,3315.23167875502
"b[stress_w id:24]",-0.46873554016999,-0.469182921304391,0.388246464726688,0.39037099919211,-1.11020963459398,0.15842366287938,1.00062869830342,8934.37230026871,3343.09071849481
"b[(Intercept) id:25]",-0.525923040927555,-0.528112396837908,0.284939812662945,0.280099752320197,-0.987036069519456,-0.0380931508413373,1.00190824765635,8123.33951791749,2740.77313967678
"b[stress_w id:25]",-0.654323493983377,-0.653893149712819,0.275431547629652,0.277837251161973,-1.10686571665041,-0.197988755363089,1.00060890862864,8669.99769173022,2625.98310115792
"b[(Intercept) id:26]",-0.256182119755594,-0.260310884140999,0.431434175169962,0.435790063434932,-0.952298440939429,0.446613859276551,1.00220687598017,8457.25863407238,2778.64207712217
"b[stress_w id:26]",-0.399067391741154,-0.39429923017523,0.405421827764156,0.39712556047496,-1.07457536557352,0.263877557901721,1.0004491193077,8858.7176634218,2569.76725865092
"b[(Intercept) id:27]",-0.718507321154948,-0.717805416932064,0.285474205422456,0.285506256087863,-1.18653409438857,-0.2514020126926,1.00116523544359,7082.63228159758,2505.89085218523
"b[stress_w id:27]",0.411901729221839,0.412489176882599,0.27391856570603,0.27171356550512,-0.0401345280776471,0.859186287475419,1.0006709816929,7794.04623343537,2929.99073766157
"b[(Intercept) id:28]",0.315559936308358,0.320146351790509,0.443096061892578,0.446413134077442,-0.420460812665359,1.04695217486875,1.00135942586222,8687.13475512619,2847.34599047055
"b[stress_w id:28]",0.0953730911101736,0.0901532410609198,0.413017397664585,0.423124619686638,-0.571525302065572,0.782228169086042,1.00004540105601,8162.56156960882,3204.72968298453
"b[(Intercept) id:29]",0.398037037391598,0.399852931792255,0.28374577200544,0.286251266380619,-0.0726643932142914,0.859349542817257,1.00275066473159,6911.69094471487,2724.32128086744
"b[stress_w id:29]",-0.0864227602400251,-0.0898185363678454,0.274181152631724,0.274657494317924,-0.541370530260918,0.374765399745523,1.00332891305876,9095.38531766403,2907.45209976027
"b[(Intercept) id:30]",-0.38884692661657,-0.385040174245375,0.42569835335611,0.43451759165757,-1.08339210734416,0.291104481067158,1.00206934740606,8330.60280497006,2895.97463463371
"b[stress_w id:30]",-0.0941847574579976,-0.0885523290728167,0.405243236341378,0.405052539069942,-0.766263710956184,0.563343206505887,0.999585579063302,9757.81337190803,2755.73780011663
"b[(Intercept) id:31]",0.233338192422367,0.232594064672502,0.283975703903071,0.282909627931416,-0.22776424238583,0.705435146651657,1.00128537600872,7701.33645630036,3005.66417696066
"b[stress_w id:31]",0.476174953373753,0.48135578226717,0.2743628412479,0.277723891504412,0.0183677743774462,0.920426326921435,1.00077782754649,8754.2973966698,3179.08815853799
"b[(Intercept) id:32]",-0.388861353393444,-0.395423998949598,0.429010876917037,0.435141610585809,-1.09511152955723,0.337306314654646,1.00058602931194,8395.85150957723,2894.40357626509
"b[stress_w id:32]",-0.33436556033043,-0.329761747374245,0.405456279525898,0.396181287142634,-1.00115095112784,0.333667680645752,1.00181085748873,9421.51271987449,2390.39648330822
"b[(Intercept) id:33]",0.839263612076088,0.842121082615793,0.298308938842512,0.302154603610019,0.347882266377846,1.3423047605665,1.00200021220038,7613.57652852981,2881.53495475964
"b[stress_w id:33]",1.08979109830801,1.08923275005435,0.268558883685453,0.270385769104189,0.649245424859713,1.52677226043227,0.999504953422635,7489.13481373707,2623.37849510594
"b[(Intercept) id:34]",0.399840307470902,0.411724416572541,0.446658037046326,0.434382689571569,-0.347708134058912,1.11274961136591,1.00404558602131,7773.7549678913,2660.87428252121
"b[stress_w id:34]",0.444779571042637,0.452313851576978,0.3970598463564,0.383107672277194,-0.213678812553528,1.0936261138439,1.00076165721919,9962.81197591792,2779.60192788474
"b[(Intercept) id:35]",0.766328390444928,0.769175782702849,0.291991572675884,0.29602836937084,0.282527207445481,1.24809258435407,1.00076480411513,7169.44684667451,2845.79003470332
"b[stress_w id:35]",0.194011210693841,0.193276365873223,0.273170636051398,0.275530581408399,-0.258658701628087,0.635356473128945,0.999886784992312,9529.11198048209,3018.65983961419
"b[(Intercept) id:36]",-0.114559865266546,-0.108703539753492,0.422825011863923,0.432241643414163,-0.796922919232765,0.586850402043452,1.00130927826501,8710.67408480596,2704.24423279533
"b[stress_w id:36]",0.222891256814209,0.230496995018756,0.410618167687579,0.420999506197216,-0.446155184322792,0.888933805667565,1.00025413624169,10035.8138953701,2736.31405770111
"b[(Intercept) id:37]",1.10076277797049,1.10196508808667,0.281511263758044,0.279873894516796,0.645842539759006,1.56778767277821,1.00099708281126,6987.4631755254,2731.82478713223
"b[stress_w id:37]",0.387383544838738,0.387998748593869,0.272371047726344,0.269416574063723,-0.0521316672243355,0.834181625439413,1.00151679807548,9724.20038923955,3049.45868184163
"b[(Intercept) id:38]",-0.989530073999206,-0.984162077079181,0.419399909007446,0.416066835048175,-1.68243027076383,-0.302123440535438,1.00141958075074,6385.71801635356,3022.23545728599
"b[stress_w id:38]",-0.606665742379279,-0.610822608762352,0.407002387426857,0.396770592654751,-1.28340858198311,0.0733363999439564,1.00185184490059,10465.8271557486,2788.25933162847
"b[(Intercept) id:39]",1.05773665194169,1.05134501691511,0.300117963302234,0.299281200978424,0.563581115573417,1.55778599275968,0.99987757457106,4457.66515085007,3109.60639087535
"b[stress_w id:39]",0.0374576596382596,0.0355437614007018,0.272015191313105,0.275824456684623,-0.405634739527606,0.489274031412256,1.00219986396186,8649.10302116201,3059.36480782943
"b[(Intercept) id:40]",0.488452280138066,0.479029084614006,0.425025749115004,0.4327147327636,-0.204999400511953,1.20135830643577,1.0027559906654,9123.6732688742,3006.28018731183
"b[stress_w id:40]",0.461388951288536,0.461661652510079,0.392871501995353,0.392981062224872,-0.171057053154309,1.12053471041577,1.00243833032595,9113.96672842196,3189.85529896147
"b[(Intercept) id:41]",0.821954381769332,0.821119213929684,0.280856968782831,0.28669903660474,0.369849365251926,1.28949870400624,1.0004373482027,5892.7229734976,3078.86168255043
"b[stress_w id:41]",-0.821464142170498,-0.820121399697289,0.271312444414855,0.267068554004998,-1.27115354509405,-0.373729685706907,1.00300298439536,8493.34311229153,2725.21420030801
"b[(Intercept) id:42]",-0.214412643037465,-0.206877202807142,0.437754880869205,0.423543696536807,-0.93960153140348,0.508593226056181,1.00137466098351,10274.1677976358,2642.40040443023
"b[stress_w id:42]",0.288313089049457,0.280737764716948,0.403885940638896,0.407570347791208,-0.368940546367374,0.951794283894149,1.00092522264999,10375.7403785338,2888.42405610648
"b[(Intercept) id:43]",-0.269669870536502,-0.266130649816492,0.289037641055697,0.293306844483837,-0.744113133702192,0.202227354296519,1.00036202490085,6987.04275534349,3126.51972288368
"b[stress_w id:43]",-0.0839558391048928,-0.0845018455496714,0.273927517063512,0.260051837852724,-0.535877364726851,0.37059543730196,1.00035441411135,9932.21261445526,3158.43763871813
"b[(Intercept) id:44]",1.15109731294169,1.14931562963546,0.426842248650705,0.436053167694216,0.436838533446733,1.85749003227852,1.00114289010354,7355.77315103417,3120.98762493365
"b[stress_w id:44]",-0.117879213687625,-0.120395692326472,0.397504161648896,0.39382818328512,-0.782372143065549,0.529471958137697,1.00114481533282,8904.15390073143,2483.91358754106
"b[(Intercept) id:45]",-0.0645823856485249,-0.0628394941740104,0.285486522455056,0.292355148005287,-0.526166986653133,0.409308383507608,1.00079922062133,7577.10770497007,3369.39068357476
"b[stress_w id:45]",0.2653137707486,0.261390053561435,0.279156828339166,0.282959003341227,-0.188761237254503,0.724627814925512,0.999616124382924,9609.25667348817,2678.73044906105
"b[(Intercept) id:46]",-0.987559322076417,-0.985816392015396,0.428972682335612,0.422267379071316,-1.68596171152336,-0.281888115276636,1.00146795233877,7993.61291828532,2910.62862986227
"b[stress_w id:46]",-0.1796949220495,-0.181912295422378,0.404269588167799,0.401370378062665,-0.841901203616151,0.492630838078465,1.00108219184744,9858.58161933897,2445.58812781817
"b[(Intercept) id:47]",-0.506115877263063,-0.499145490252006,0.298385522038506,0.296240805823874,-1.00117377944318,-0.0169524674578234,1.00178231725183,7462.6066965445,2875.7939749727
"b[stress_w id:47]",-0.624498376308251,-0.624175260347867,0.277554701815023,0.266260326605655,-1.08443375181683,-0.160603093059572,1.00011936814552,10667.6815129667,3115.09302156641
"b[(Intercept) id:48]",0.161997290075409,0.159659483975657,0.43538734687884,0.442535497847541,-0.559620146853237,0.871010639926406,1.00028231171833,8163.0853913229,3002.73491440014
"b[stress_w id:48]",0.344429471805942,0.347074172042883,0.40260040101869,0.398422000798806,-0.328011996037264,1.0191367703544,1.00225474846093,10603.5169854824,2468.43105421357
"b[(Intercept) id:49]",0.437257956412792,0.437875011637956,0.292871965468407,0.29229240572869,-0.0492590323894227,0.919712351450108,1.00356465297202,6504.36106712589,3040.19051133424
"b[stress_w id:49]",-0.291491817356902,-0.292093470711928,0.273766420336703,0.275389919161665,-0.733723499426672,0.148379797773572,1.00495478140065,9655.25806998763,2819.31053537377
"b[(Intercept) id:50]",-0.693957695211484,-0.685411207031775,0.445466047479571,0.454078235713503,-1.40314766978257,0.035810899598249,1.00150162409443,10126.6060092856,2710.67185600462
"b[stress_w id:50]",-0.231935543260144,-0.22356452235886,0.398136046272033,0.398525472843727,-0.903514713837279,0.405594636214082,1.00133690869754,10316.1648889687,2790.85889930122
"b[(Intercept) id:51]",0.230122190862219,0.228025085311225,0.287416561267809,0.287605884320504,-0.235255937564362,0.706714575863586,1.00105871737607,7120.06491891411,2744.84972462922
"b[stress_w id:51]",-0.189959634172416,-0.189323252163232,0.269005262719386,0.267636608060677,-0.6275571574818,0.258020434368639,1.00214904024243,10866.2980978955,2984.90587574055
"b[(Intercept) id:52]",-0.0694479241467576,-0.0708730606968854,0.423250717415095,0.421936981478953,-0.752118904684914,0.629219246050357,1.00118966593869,10188.4700057607,2655.93554698503
"b[stress_w id:52]",-0.493354606150964,-0.492120472658016,0.399476315060667,0.399301189955766,-1.14041357025499,0.156957655640989,1.00230607783631,8062.6213481872,2675.00267987432
"b[(Intercept) id:53]",0.433266324140612,0.434946364716812,0.288858581905932,0.293371295261783,-0.0396551292459272,0.91021588545903,0.999728780303187,6515.63406031683,2906.22373626795
"b[stress_w id:53]",-0.123115349592536,-0.127520062222262,0.263861869487196,0.264464502363652,-0.565762065801471,0.30870391589532,1.00000634378622,7729.85632021183,3249.82332822919
"b[(Intercept) id:54]",0.735568328387861,0.733899655474278,0.424742471436585,0.432241974371357,0.0275673908343038,1.43045141366558,1.00094020925839,7947.02036524976,2934.27401521169
"b[stress_w id:54]",-0.0247652375108233,-0.0223202013167093,0.403708161133112,0.409256282966554,-0.686607592635049,0.633610591624345,1.00288289482805,9293.11471908928,3047.90613468804
"b[(Intercept) id:55]",0.235134690427048,0.237679282783805,0.288342120835225,0.288122603316232,-0.235552985295744,0.702945531152965,0.999723595106963,6377.23635844948,2978.30647106853
"b[stress_w id:55]",-0.253419118755797,-0.256440064994291,0.270181771926075,0.273786389910176,-0.694689506721334,0.19800518259372,1.00082124273613,7344.24230456062,3128.40346030555
"b[(Intercept) id:56]",0.477366475866265,0.467502209473277,0.425024717371685,0.407301684680701,-0.224618803680831,1.1847120507199,0.999465857090869,8503.4575861423,2395.83035574663
"b[stress_w id:56]",0.544084422108854,0.542866723533306,0.406427610070011,0.402284911520973,-0.121587139320279,1.20972982384247,1.00370255308096,9676.12300270017,2809.93497908045
"b[(Intercept) id:57]",-0.791384075716875,-0.789536668299646,0.289761400951,0.288157278945152,-1.27807430803814,-0.317141942981329,1.0027608478779,6506.93587185142,2951.59038638499
"b[stress_w id:57]",-0.18722867828907,-0.189738141370054,0.271185603099129,0.266965325753751,-0.641799051611305,0.269349976934543,1.00075904207855,9249.86431577664,3027.68654172932
"b[(Intercept) id:58]",0.122087822434977,0.122701972428304,0.447710493511558,0.428516298754067,-0.620408996619713,0.875314794894961,0.999271488873599,7837.82242803858,2746.75799402699
"b[stress_w id:58]",-0.394323188956215,-0.394870321382293,0.402680397946611,0.396516445023386,-1.06416180074051,0.283500437738862,1.00171800556015,8137.55660967966,2537.19024372749
"b[(Intercept) id:59]",-0.282003391107397,-0.27834930434464,0.283891437079522,0.280688999600325,-0.744668909600885,0.184643262566632,1.00103482786171,7545.70244858648,2936.91386428182
"b[stress_w id:59]",0.142072499191506,0.137427358100746,0.266873940063293,0.267597698873857,-0.289722840950785,0.583509168394372,1.00150221719946,9081.83341539065,2806.48892857426
"b[(Intercept) id:60]",-0.758969928712052,-0.7673009170663,0.43136844790521,0.416069152774564,-1.46311142928762,-0.0584757620346731,1.00009522553321,7687.97073139086,2539.40926635098
"b[stress_w id:60]",-0.155227726984892,-0.151195651816831,0.397468336619476,0.400520181081407,-0.81334126385161,0.483005038403665,1.00211849075774,6964.53357195063,2612.03475499827
"b[(Intercept) id:61]",0.433917946511493,0.433893133809828,0.289650478342697,0.289404891672644,-0.0389869206272269,0.91466557165933,1.00098043125367,7971.25893901526,2593.12704438316
"b[stress_w id:61]",0.216021705225966,0.216757305678234,0.269772681012445,0.27481318155617,-0.241261371875356,0.657158135893014,1.00181171553313,9159.85174037479,3084.44272445599
"b[(Intercept) id:62]",-0.322228926974907,-0.323759329009413,0.426553120209224,0.432113923976086,-1.02818761628045,0.372907288150371,0.999742894670625,8014.69135159775,2971.22162836295
"b[stress_w id:62]",-0.287532019669986,-0.289338820415194,0.397835670164898,0.390120986033839,-0.93138781748294,0.360504988361411,1.00223932309576,9277.54327522492,3055.2690100548
"b[(Intercept) id:63]",-0.811807998864341,-0.809446782521939,0.297528120657365,0.298582333126064,-1.28915962680933,-0.318755501975593,0.999296245747753,6511.30552666259,2760.75219516194
"b[stress_w id:63]",-0.122830494054156,-0.118370400949836,0.26635198692343,0.274271552220625,-0.564311360179801,0.31886046107334,1.00078811198599,9019.84538331386,3140.38685070769
"b[(Intercept) id:64]",0.824065648033227,0.82080955497038,0.431484906708486,0.434971311492669,0.128706970768555,1.52481298297736,1.00145864876799,8468.8322016639,2819.21742224334
"b[stress_w id:64]",0.296813060653973,0.300311980177599,0.401534963795115,0.410131057732469,-0.3592548863099,0.940243074922078,1.00216200758963,8943.45711825588,3119.29127858504
"b[(Intercept) id:65]",-1.26525660637251,-1.26777408637989,0.290220072890573,0.287146880844999,-1.73973898891498,-0.785253931060023,1.00054634716166,7372.32417670364,2832.95460271639
"b[stress_w id:65]",-0.515383105698689,-0.513439211820113,0.278039911608373,0.277876379784773,-0.965363862255324,-0.0563080800218988,1.00019558301191,8468.03907690055,2968.35918498243
"b[(Intercept) id:66]",-0.451185512667345,-0.455951077022922,0.44239631512222,0.437180530061292,-1.17030957496427,0.2980403265838,1.00029599960906,8426.34102044207,3180.55232310877
"b[stress_w id:66]",0.498300792910791,0.498650028037713,0.410531367676461,0.401569557308728,-0.185714561233421,1.19393955688151,1.00201653294582,7867.84348319015,2795.23275185557
"b[(Intercept) id:67]",-0.513504010407674,-0.513405387519995,0.291592289479143,0.291302393945158,-0.991312306797708,-0.0238644908235754,1.00062675465989,6528.83763773079,2971.83764324683
"b[stress_w id:67]",0.196707531024117,0.198795403140943,0.270960186770009,0.266710634503798,-0.247169216054752,0.645943735152992,0.99951342342593,7636.60448242549,2918.5124622887
"b[(Intercept) id:68]",-0.217818118898435,-0.212270744752376,0.427023067394189,0.434958535152433,-0.921254548650212,0.479029788180057,1.00165585419315,9220.73329612633,3045.08435430912
"b[stress_w id:68]",-0.168050365124792,-0.161535028471465,0.393962010624876,0.397126653443018,-0.809988301863823,0.481892928883547,1.00221634028178,9509.7599008511,2960.64040037659
"b[(Intercept) id:69]",0.706371212025611,0.703252764022282,0.290117257597657,0.292069019501115,0.234098466237958,1.20035665981939,1.0021041579843,7658.47502311673,2945.78140576612
"b[stress_w id:69]",-0.0983226158481539,-0.0979806560968246,0.27502358374766,0.274159419488874,-0.557089171010893,0.364126145074706,1.00322475293626,9254.59613199246,2815.78400951057
"b[(Intercept) id:70]",-0.248886557498944,-0.243213257191259,0.440299063196184,0.461339098950027,-0.961446274740684,0.458625781098926,1.00004771795296,7868.76461460526,3013.65762304234
"b[stress_w id:70]",-0.65732845652158,-0.652367103204519,0.405262170555613,0.39778136065278,-1.32797734927475,0.00762787937965516,1.00091661274773,10978.7966867609,2965.26571781327
"b[(Intercept) id:71]",-1.07595656137556,-1.07588766395193,0.282100214001452,0.286879046477884,-1.53050580679197,-0.609054043160721,1.0002148670417,7301.16460600078,2639.71637544923
"b[stress_w id:71]",0.115846080852076,0.111467360791944,0.255811306055329,0.252775411231189,-0.298887481003602,0.535265493770665,1.00188771947214,8420.04132958404,3049.90919259195
"b[(Intercept) id:72]",-0.393437642598155,-0.396036802978284,0.425647432749879,0.439815341568458,-1.09397967768351,0.315340936011776,0.999808215993338,7021.6106510087,3107.54970676457
"b[stress_w id:72]",-1.20082784811255,-1.1943120484407,0.408358120290839,0.41314767925763,-1.86625114984126,-0.526282158966181,1.00039528371546,9138.4663320413,2850.11287983077
"b[(Intercept) id:73]",-0.0501765309186231,-0.0500020549177146,0.282942917429264,0.291897447795611,-0.513181497866779,0.418332406252745,1.00391573371148,7557.45033093728,3095.11028819106
"b[stress_w id:73]",0.382794620435628,0.382217751100334,0.275206025973948,0.27165995465159,-0.0670499227995682,0.835345758337547,1.00034285125484,9158.57818052438,2961.81992908738
"b[(Intercept) id:74]",-0.615502268693067,-0.614017198892518,0.432451117142814,0.421071632942689,-1.34294145524482,0.0995556964240025,1.00199905066082,7424.32626515986,2708.77901703046
"b[stress_w id:74]",0.0067099205878868,0.00644497802685586,0.411961364874465,0.423998503394138,-0.661416551142378,0.673049534827656,1.00065473388601,10976.207325954,2482.82983632236
"b[(Intercept) id:75]",1.00464268639276,1.0085852887997,0.285918038332428,0.27543986161837,0.520538199634087,1.48351864013187,0.999975073245498,7068.00116136146,2669.51546987534
"b[stress_w id:75]",0.682597005584751,0.6794158102522,0.275850211769687,0.271031127593243,0.229921910623748,1.14366223477802,1.00109327468009,9491.63728704294,2684.55130751564
"b[(Intercept) id:76]",0.0309726043173016,0.036097811165624,0.430284160740687,0.442608243793881,-0.676526723898936,0.733790205350342,1.00030381221394,10312.5710722097,2768.0810674767
"b[stress_w id:76]",0.206015881832594,0.216366211185487,0.393770901049256,0.398679361225004,-0.456104651483962,0.846557658110585,1.0027578056954,8913.54812593281,2953.05652622445
"b[(Intercept) id:77]",-0.28715621253123,-0.28522102912731,0.284325097051855,0.284584520975076,-0.75457826775804,0.175054193213536,1.00293413718075,8388.34827234664,2673.16388057001
"b[stress_w id:77]",0.25281831519376,0.258714235930231,0.277073789240026,0.28192959531767,-0.208536222094488,0.709091806561274,1.00073102080457,8754.45071218855,2829.78392135285
"b[(Intercept) id:78]",0.979460256072012,0.972778858055698,0.43719611013944,0.447245472302819,0.2679941317581,1.70257287837987,1.00103411163781,10554.9321363023,2911.73658184284
"b[stress_w id:78]",0.346448719817258,0.341749583707451,0.394745664247849,0.402761580486495,-0.29671557229513,1.0043728080642,1.00197623536629,9451.65211113705,2763.82007492538
"b[(Intercept) id:79]",0.288053409406029,0.290122414310812,0.281642386049534,0.277485631428031,-0.176970600514057,0.753877011932015,0.999992593834137,6497.09879923495,2903.72218506918
"b[stress_w id:79]",-0.707499380414847,-0.707621038446739,0.275909304996144,0.286056749606743,-1.16407974145962,-0.258527494375176,0.999967965046735,8191.07163696439,2969.40752438477
"b[(Intercept) id:80]",1.69476344353291,1.68970123130784,0.437392725934193,0.439666705279699,0.979761348273041,2.40474267195936,1.0011995281235,7980.42417128382,2921.96381987457
"b[stress_w id:80]",0.42587728073995,0.417735168858039,0.40360801805523,0.403617207180606,-0.232231606779922,1.09395281778315,1.00239768529958,8087.03423435008,2506.52757756023
"b[(Intercept) id:81]",0.0375624393203452,0.0304844790681813,0.291050710412791,0.285979164524693,-0.452174347613541,0.525165742432457,1.00148442490132,6890.04964453489,2778.59059960558
"b[stress_w id:81]",0.255443734251276,0.252632810039029,0.269131741098578,0.266592218906881,-0.187226694532048,0.711507127175948,1.00035430092858,9112.42159318898,3176.03123348384
"b[(Intercept) id:82]",-0.687413123052332,-0.688107573723219,0.418352216041789,0.411489841808049,-1.38409373032345,-0.00782101793140575,1.00086056378781,7956.06526271056,2883.16740826765
"b[stress_w id:82]",-0.507602668678088,-0.510128704774979,0.406008096171968,0.409977170610621,-1.17049406149032,0.165189623386531,1.00047876364528,10987.0123300169,2746.94593159551
"b[(Intercept) id:83]",0.778439390751868,0.77915759888115,0.284133706848036,0.283986916722653,0.312696564870439,1.24801643718979,1.00132339243629,8118.66822504206,2880.23946307664
"b[stress_w id:83]",0.320767346390854,0.322968688272804,0.281933155825391,0.291083471123602,-0.145047900236117,0.794024618154406,1.00199101341556,9561.28499132871,2465.88950161751
"b[(Intercept) id:84]",-0.46541975982185,-0.458927298025281,0.428486232676469,0.421491483745823,-1.17150929853146,0.219732964415624,0.99941286034773,7435.11672137227,3238.52348615671
"b[stress_w id:84]",0.0571581875271853,0.0584823069579989,0.395501107657217,0.391336749959847,-0.585861485690785,0.712606739435976,1.00230857748441,9760.48465547811,3076.83024458118
"b[(Intercept) id:85]",-0.923721020869562,-0.926955335585266,0.278293267199958,0.277720026181593,-1.37477473300312,-0.476631175418506,1.00051463165018,6859.45849237988,3151.16546527933
"b[stress_w id:85]",-0.459276353409754,-0.461814150865342,0.284191375500352,0.286240057846246,-0.925407609028547,0.00509167268525883,1.00470691245926,9496.12800110398,2579.72772285762
"b[(Intercept) id:86]",0.407456790051433,0.3994696468788,0.43131142938903,0.434784393044065,-0.28980336205409,1.13159447772526,1.00209611434671,8262.91815917773,2769.87209066961
"b[stress_w id:86]",0.216475158422074,0.219775882306716,0.410429319791726,0.415377497511544,-0.461599423522415,0.882730850208114,1.00112612658745,9845.05627803714,2519.13191468796
"b[(Intercept) id:87]",-0.511255266631007,-0.512865848784233,0.28826181410354,0.29181824824055,-0.982070233314553,-0.0364411528916425,1.00034586446922,5089.40659875496,2824.09037181618
"b[stress_w id:87]",1.00850403155779,1.0101513105643,0.275009498047257,0.277222099802126,0.555536227981353,1.45429006676419,1.00036094566448,7684.35211325581,2907.21475612167
"b[(Intercept) id:88]",-0.14901781863761,-0.147055597576315,0.429199586139235,0.436778970059985,-0.833980237247925,0.555740347765844,1.00078165814157,7792.86358912794,2863.09535111905
"b[stress_w id:88]",0.322913485298612,0.320723962698823,0.410391201440327,0.399682636229266,-0.341972339492503,0.998830330218776,1.00349112338822,8878.32780055602,2760.27259379912
"b[(Intercept) id:89]",0.374503913875423,0.374002345155114,0.294413308049041,0.291685051308424,-0.109159659387141,0.859646719912013,1.00094038923643,3946.32954627616,2967.20570393014
"b[stress_w id:89]",0.23457526860229,0.232884396567461,0.275727472986688,0.284062803726719,-0.212883558219054,0.683683686206785,1.000051648193,9230.73899137164,2728.62568849817
"b[(Intercept) id:90]",-0.396820890370397,-0.398982317008406,0.415864122227496,0.411603130570526,-1.09823940213546,0.271652162486626,1.00049287391894,8037.08341380991,2921.80845164769
"b[stress_w id:90]",-0.142993073369013,-0.141145020380365,0.395951825639126,0.392493677139929,-0.794000984720915,0.508203186122707,1.00055694594054,11289.5618036129,3030.13121806473
"b[(Intercept) id:91]",-0.349006012099511,-0.349393750473432,0.294610901167359,0.298284627406109,-0.843524538263482,0.13507550830379,1.00328066116991,7229.35702459359,2964.4354517107
"b[stress_w id:91]",-0.14959921821489,-0.148136670538597,0.276913108496327,0.269433069200901,-0.609588124427037,0.313074521353131,0.999655537771968,9028.07175108486,2623.91868304117
"b[(Intercept) id:92]",0.20799724934706,0.208040586372677,0.433776682510716,0.428658229659218,-0.508978899394175,0.932324983102233,1.0034577261572,8627.97735635433,2480.38900019638
"b[stress_w id:92]",0.327879179495908,0.331985555151893,0.399060040071409,0.404633511024317,-0.324051094039172,0.965505780459553,1.00014572751041,9181.1901420462,2908.97703103248
"b[(Intercept) id:93]",-0.0757043498442814,-0.0758523931800016,0.292437327382618,0.297086426675401,-0.544550589069182,0.401044809728448,1.00009228240098,7235.1774271925,2865.37241509631
"b[stress_w id:93]",0.188090736634446,0.187094378342791,0.272370995047307,0.277799444199257,-0.262471837058358,0.639369072212623,1.00167227670385,8237.892518121,3247.97539635014
"b[(Intercept) id:94]",0.595461706980318,0.590200949472226,0.432363381080884,0.429828715606715,-0.0925347520465843,1.31659968027787,1.0005512333567,8323.97472458041,2826.19567299562
"b[stress_w id:94]",-0.23731239551397,-0.236608454636347,0.405164130226405,0.420908022208456,-0.907528627403376,0.424050674581042,1.00142785735449,8133.41157058659,2935.26369695003
"b[(Intercept) id:95]",0.382757561026742,0.379037509651857,0.287652814011095,0.29201892514534,-0.083030546938216,0.863428085056049,0.999540220652745,7609.31072209818,3012.42312448125
"b[stress_w id:95]",0.877673107212978,0.873819011280962,0.269275379994148,0.262992906188091,0.44050751176229,1.33062541376218,1.00268504200729,9345.18289454481,2490.33580505051
"b[(Intercept) id:96]",-0.268252022857361,-0.270151335622611,0.434382615920548,0.441894185549517,-0.974562657506921,0.444870224715871,1.00006307546319,7773.9852922412,3171.44510269479
"b[stress_w id:96]",0.107832771391369,0.102216275007955,0.391599333647513,0.392280757522234,-0.540951175498533,0.757179464151039,1.00092648360381,8391.97101405996,2434.09460061687
"b[(Intercept) id:97]",0.292501484192634,0.289550718945442,0.293262331243769,0.294264594615611,-0.195809471862534,0.766504175469618,1.0003907615778,7623.12389947576,2991.41014434967
"b[stress_w id:97]",1.21183554265188,1.21470674585678,0.272295297571309,0.272678073380182,0.765929301272059,1.66127246020912,1.00093837173784,8037.51059558849,2726.90939084604
"b[(Intercept) id:98]",1.75186876889987,1.75258687112343,0.439419735281813,0.437733611626239,1.02466067046648,2.4778778412842,1.00299331740209,7515.60290092968,2651.91345654606
"b[stress_w id:98]",0.139678127844857,0.137407274881221,0.396300765771148,0.384801047182755,-0.513558033817959,0.808749691253999,1.00135215910194,9670.37826850534,2823.6209244028
"b[(Intercept) id:99]",-0.140618408317509,-0.143177702940521,0.289891511227678,0.294068084522338,-0.621327307619661,0.339098671059304,0.999999799250192,6747.66433105144,2846.48480594796
"b[stress_w id:99]",-0.216128292107007,-0.222069034992681,0.267507077681448,0.258481956656034,-0.665588276549237,0.229585156111115,1.00144644498182,9861.40498000747,3266.48327822779
"b[(Intercept) id:100]",0.461854599391673,0.456604269226764,0.422655230877367,0.430923558296271,-0.220631237922883,1.17573418817248,1.00027261584695,9102.11682307599,3492.73875544687
"b[stress_w id:100]",-0.261006928406973,-0.26196269124589,0.409526944853019,0.405458059909315,-0.927148825638567,0.40840246896925,1.00132401286221,9234.2896602966,2518.11115628978
"b[(Intercept) id:101]",0.20070684430105,0.201786359489624,0.297566737557377,0.304051837929634,-0.284497776523982,0.685920361546286,1.00087929664929,5343.26847124348,2761.65331029155
"b[stress_w id:101]",-0.765632791754864,-0.761327141751908,0.279315256348463,0.281756355310765,-1.22896471445048,-0.305580241894011,1.00200029886648,8392.41190938716,2932.50948318132
"b[(Intercept) id:102]",0.707255532354369,0.70044913076853,0.442898622288145,0.440440040042725,-0.0182170843027677,1.44211751921613,1.00124488894787,8652.50820314581,2744.08238493368
"b[stress_w id:102]",0.169524713601401,0.180381787841753,0.428089993321918,0.413655294896658,-0.557946264656389,0.873368442655491,1.00256837221446,8727.27690263775,2583.77978687034
"b[(Intercept) id:103]",-1.14265508268015,-1.14140112904278,0.307608443206404,0.309504886718477,-1.66356532504677,-0.639556276234862,1.00172791858472,6728.17659571038,2758.02978381902
"b[stress_w id:103]",-0.712557985765325,-0.71133643124429,0.278135535237047,0.270714532582405,-1.16880210305852,-0.247840908224384,1.00265023663254,8743.56785702634,2306.67032793335
"b[(Intercept) id:104]",0.365236650116231,0.363935429454733,0.430564155091366,0.422244644767278,-0.328115887614917,1.08286935359816,1.00260706601517,9928.11244295136,2776.5449604239
"b[stress_w id:104]",0.594692665514261,0.593473855299523,0.399733062600762,0.39250639057233,-0.0704441685294642,1.23534483332302,1.00012737778859,9942.80641325127,2934.00547071105
"b[(Intercept) id:105]",-0.617219712201439,-0.617580786915998,0.294178266914782,0.293799727909452,-1.10236896299075,-0.130725519089899,1.00181952197457,7363.41615588032,2438.40349554744
"b[stress_w id:105]",-0.391120871349233,-0.395112528762259,0.278164741628181,0.274025900365178,-0.846922606627704,0.0687516268074914,1.00019838198758,8215.27754412173,2627.22919403866
"b[(Intercept) id:106]",-1.13234538721122,-1.13317979389905,0.444721288958344,0.442541952608534,-1.84346115123095,-0.415856871957421,0.999973645664477,8029.68867171818,2744.474854144
"b[stress_w id:106]",0.00309929844801728,-0.0023577485978454,0.383429750101272,0.397772457825406,-0.6187680583917,0.629257860867845,0.999931526376486,6810.86281697764,2982.44182110824
"b[(Intercept) id:107]",0.432793577497488,0.433165666030066,0.286785001097375,0.288570867423702,-0.0322184612519188,0.90754790848828,1.00009598568206,7425.95966071115,3012.90546521618
"b[stress_w id:107]",-0.659972442636366,-0.655004793678355,0.285287681592267,0.280111948830283,-1.1324663158036,-0.199065900786402,0.999863480932463,9233.35389986035,3015.27889492818
"b[(Intercept) id:108]",-0.0800064677662464,-0.0725576979825676,0.441614820736661,0.442192377198109,-0.798693905911112,0.635634307671225,1.00002785644916,9265.47348798192,2827.55614657158
"b[stress_w id:108]",0.325529143093854,0.330671608418533,0.407187475457262,0.390590751014786,-0.345444104778343,0.996549255256254,1.00060768608902,8513.5988198559,2723.662940286
"b[(Intercept) id:109]",-0.519011494597729,-0.519940360603023,0.290475013593082,0.299090247465538,-0.997067757075053,-0.0339690822518372,1.00047637924192,7158.70689812901,2827.89546521927
"b[stress_w id:109]",-0.46718480867321,-0.465533860766114,0.2734266412109,0.274979295124062,-0.922078785686896,-0.0190030150179071,1.00017746218325,8031.20087901118,2824.15572748845
"b[(Intercept) id:110]",-0.685574717929285,-0.68189328938753,0.426071060948704,0.436731696810049,-1.38256679645155,0.0209246905818078,1.00380330166052,8913.16750029915,2661.39295788013
"b[stress_w id:110]",-0.349383133330659,-0.347373434635661,0.406461441701087,0.412981287285023,-1.00875485191791,0.325315354339515,1.00021733862167,9976.87014230661,2657.08290328422
"b[(Intercept) id:111]",-0.137786088381015,-0.135669455119975,0.281547714905053,0.278955598114467,-0.596554512051751,0.332783074531509,1.00071888864883,6348.83667003358,3072.22962458834
"b[stress_w id:111]",-0.174783770283223,-0.171353317787996,0.281981473787214,0.282385709879866,-0.648391107495983,0.276141572848132,1.00028631093695,9173.28964689284,2788.10027122297
"b[(Intercept) id:112]",0.535970519479341,0.53670324095345,0.443705857334326,0.448051127545766,-0.201417866484284,1.26014011399912,1.0017983801913,10125.6074217397,2726.72776664676
"b[stress_w id:112]",0.98480900398592,0.987568978446265,0.398844716114716,0.387239619510339,0.345977255197042,1.66165088232208,1.0013347889721,8818.37158512103,2721.9267696314
"b[(Intercept) id:113]",-1.17136366455565,-1.17402268983397,0.295109925407547,0.29234700945077,-1.66337090097646,-0.677472016010643,1.00056690060009,6242.95509615347,2413.95265340329
"b[stress_w id:113]",-0.512191153004382,-0.510081303796716,0.275617055622301,0.277681736390726,-0.966812786718206,-0.0622517670187154,0.999444774417955,8500.91306197806,2891.38238353791
"b[(Intercept) id:114]",-0.813543444417057,-0.81497211187738,0.436947751450971,0.436784866092052,-1.51887390341262,-0.0945424080064458,1.0015193161997,8737.5657447504,2776.4224560808
"b[stress_w id:114]",-0.070608950680017,-0.0721199971074502,0.404142617455078,0.414776794734454,-0.728337346807234,0.589223128077967,1.00017045012877,10227.6534611793,2882.53434292026
"b[(Intercept) id:115]",0.445140779822403,0.448736903812391,0.283477976498091,0.286277311899039,-0.0161114219880184,0.913603458381444,1.00031427770418,6308.64014616435,2858.71830476341
"b[stress_w id:115]",0.176858350192005,0.169513098560231,0.278710699167115,0.280150553813687,-0.28382060279737,0.643492633323485,1.00008024737713,9579.91439355579,3110.6074448595
"b[(Intercept) id:116]",-0.818613162290973,-0.81984817940736,0.438731021424875,0.423335663312648,-1.54807620893633,-0.0965536926617438,1.00271850178985,8183.23661105838,2961.1837128355
"b[stress_w id:116]",-0.868626769658487,-0.867981573445659,0.402887965412898,0.394718829684214,-1.52907612661052,-0.206243546986558,1.00034260197751,8717.0860116827,2809.74681507093
"b[(Intercept) id:117]",-0.505407870322369,-0.511285658083603,0.277280953842019,0.272999529211568,-0.954713923742548,-0.0546893193218106,1.00137944488972,7744.89532647524,2829.19808023551
"b[stress_w id:117]",-0.235048418900165,-0.238481208184456,0.275271983086923,0.277729655969287,-0.6826767677672,0.218795449804086,1.0002427136159,8665.35032894423,2876.49093080305
"b[(Intercept) id:118]",-0.752321047762772,-0.757097115395725,0.435430500113789,0.442089890696488,-1.46788778846675,-0.0306761107655249,1.00217105270658,8666.68668506953,2819.6577407727
"b[stress_w id:118]",0.101703133926288,0.0986047334779723,0.40190886239826,0.393084024009121,-0.562137709878079,0.779239312663755,1.00193424864851,10367.0465295583,2765.68553039103
"b[(Intercept) id:119]",0.677143196153841,0.675619638290157,0.28080624284242,0.275488294106548,0.204112540057645,1.13475245408425,1.00203001174861,6638.00998909544,2872.83260127689
"b[stress_w id:119]",0.290786209580916,0.286130015653278,0.272242251360965,0.271243335208289,-0.146049768046855,0.743693727446179,1.00023363827038,8210.05595390046,3032.64291560938
"b[(Intercept) id:120]",0.604416536829835,0.606166083206413,0.447539827543016,0.441059607315863,-0.137002605861824,1.34166445313539,1.00145401280361,7734.88060300492,2761.16436357233
"b[stress_w id:120]",0.57799680960406,0.577037515022746,0.408202688102294,0.408946046044312,-0.100918475659612,1.24435815186187,1.00136332576234,10278.2094408721,2863.65584775034
"b[(Intercept) id:121]",-0.386461701481484,-0.384802490541956,0.278879321769423,0.287233523398093,-0.840762060450243,0.066242789869603,1.00082899083351,7698.18398050142,3084.80863577778
"b[stress_w id:121]",0.343893278119619,0.338582513793788,0.277708321610751,0.28335841549263,-0.110492153687721,0.809691167384187,0.999589518962837,10570.2127791004,2811.18877829484
"b[(Intercept) id:122]",-0.553074981733544,-0.562100834229065,0.433722503725419,0.431089291879411,-1.26078244745119,0.157407822852603,1.00029655526407,8327.26599227246,2893.02809458534
"b[stress_w id:122]",-0.340399676995312,-0.342454761263139,0.394337667107589,0.39464253172852,-0.988667032620818,0.308744007068419,1.00110980637182,9600.31828374832,3058.70465800927
"b[(Intercept) id:123]",-2.26449583294414,-2.26605237936512,0.28354467106548,0.280672073547438,-2.72895254199443,-1.78258991735572,1.0005026380188,7328.51943959744,3140.66230849142
"b[stress_w id:123]",-1.55353299331873,-1.55362995972296,0.276890343135457,0.276559127057744,-2.00991845797482,-1.09611240651654,1.00019766972848,7850.39158618315,2982.59553931348
"b[(Intercept) id:124]",0.65858664537751,0.657927377156115,0.439521797484159,0.440134566990542,-0.061185819027311,1.39883982450088,1.00125962239581,7068.05415315094,2358.32938282569
"b[stress_w id:124]",0.500111758399709,0.500132233395712,0.386945971982298,0.370819006065701,-0.123024485801652,1.14661204489018,0.999853030099234,7868.46176005238,2844.67896340256
"b[(Intercept) id:125]",0.775071653123329,0.779666027878846,0.296593825460041,0.296360391057268,0.2709036455986,1.25497970499168,1.00121314511521,5794.098160338,2640.56419161247
"b[stress_w id:125]",-0.587366798634189,-0.589016408704608,0.270177913548231,0.270883120408623,-1.03277468120849,-0.14680895908206,1.00133082619135,7524.1237814628,3041.30424266885
"b[(Intercept) id:126]",0.598105166737812,0.592898010537257,0.426296264570013,0.405473491146274,-0.109999421379138,1.30858039871818,1.0012461462473,8240.68131927193,2951.82921378797
"b[stress_w id:126]",0.6220472396503,0.624363878679598,0.420145866751574,0.423490832466163,-0.0602299417714376,1.32583326689259,1.00153510338815,9577.790290741,2663.47074641428
"b[(Intercept) id:127]",0.868323633125257,0.866662496339534,0.290843963437314,0.294508961888079,0.390929263876472,1.35098580595243,1.00068582370922,6231.36875849578,2890.19590842244
"b[stress_w id:127]",-0.0194524299576775,-0.0209362944749976,0.275050723603147,0.262593242424214,-0.467171598594332,0.442433374250111,1.00058565358208,7649.57532745859,2834.30737657354
"b[(Intercept) id:128]",-0.304898436461984,-0.302255644857714,0.431410772440985,0.419402357145618,-1.01445719321595,0.390326037738872,1.00101620855484,7079.4385317316,2659.33291609295
"b[stress_w id:128]",-0.444151485139309,-0.435631210042469,0.413735447102631,0.419487612425721,-1.14150661572248,0.220745066639272,1.00164809973966,10323.3608806657,2968.95845913697
"b[(Intercept) id:129]",0.576692573529064,0.580455966599237,0.285869816747227,0.289029556917193,0.111581119390035,1.04905049980294,1.00097554180289,5894.62953931167,2796.78197730543
"b[stress_w id:129]",-0.423286447342289,-0.421196942550894,0.267432515722152,0.268478402781883,-0.862682578463885,0.0126964991598535,1.00014298421042,8050.55408678064,2795.22878472104
"b[(Intercept) id:130]",-0.30591580577541,-0.302657141017655,0.43936843313304,0.426765085285651,-1.04808859904247,0.41026728670464,1.00406188034728,8635.90588716542,2704.28436994286
"b[stress_w id:130]",-0.258520000575332,-0.255072763879709,0.414986106002765,0.412797386945214,-0.950857446712894,0.407796468504457,1.00152237301917,8702.38396973349,2387.52392754568
"b[(Intercept) id:131]",0.790530900299401,0.790094956429959,0.285893675887499,0.283646210252934,0.323663134099491,1.25717790703858,0.99966673259547,8706.71383099354,3046.08100624763
"b[stress_w id:131]",-0.15777580900938,-0.159856028324024,0.281579222994061,0.284221903715016,-0.616812737091056,0.307090283253388,1.00143067722582,9506.91904336546,2637.26641481692
"b[(Intercept) id:132]",-1.02508506709076,-1.02352493572101,0.435917301668151,0.443459950022294,-1.74038656285192,-0.295117836763364,1.00182012564982,10375.0918047662,2821.44424501587
"b[stress_w id:132]",-0.244554904174227,-0.249964373080092,0.398419691886326,0.409285108816643,-0.892065956686305,0.406739013169999,1.00136345389217,9067.18550120537,2512.18733696424
"b[(Intercept) id:133]",-0.058292332648569,-0.0662842091709764,0.279985622586068,0.278944845963964,-0.511851357556963,0.407211983937668,1.00535887056131,6693.11194702899,3190.98293850702
"b[stress_w id:133]",-0.0665001764942622,-0.0623903596257613,0.281448392424116,0.283877045551887,-0.536678688908233,0.395252110523597,1.00173221862348,10780.6330068358,2894.92146010059
"b[(Intercept) id:134]",-0.563385102598099,-0.555137095391189,0.423998276861118,0.428771466028301,-1.2645705197218,0.141758763231922,1.00061942069955,9888.02044575512,3079.94034938111
"b[stress_w id:134]",-0.565768733881272,-0.568168068763135,0.414996434810636,0.41298142117413,-1.2393653482902,0.106471370829724,1.00104866797017,9642.46235746128,3012.21268771437
"b[(Intercept) id:135]",0.270807840994772,0.270984452198919,0.292478138101775,0.295501012097459,-0.208185370731971,0.760978064577007,1.00019745440415,7206.4829775526,2951.23379909571
"b[stress_w id:135]",0.36528217834375,0.371520113399583,0.272818278311327,0.269155023554164,-0.0942272507706095,0.81830097645636,1.00249572254021,8594.05080176697,2784.29988208203
"b[(Intercept) id:136]",-0.131191506039097,-0.128953280288492,0.449165193461723,0.46167043386548,-0.872168587580178,0.58955322689222,1.00299041152835,8881.09932638294,3155.20326900632
"b[stress_w id:136]",0.480309749877224,0.47741332740389,0.385639345134922,0.390278943073881,-0.151208182547352,1.13035824637258,1.00289457138039,8477.40377560927,3055.91468914828
"b[(Intercept) id:137]",0.815261219316615,0.813976147952038,0.291030635154223,0.295962194095408,0.338982472095012,1.30005762539756,1.00284759318867,6547.93813231441,3091.56367177176
"b[stress_w id:137]",0.577231617445397,0.579401053704974,0.277527147183246,0.285715683350752,0.132037924074981,1.02433160145772,1.00212752835109,7916.57683083851,2664.80503045668
"b[(Intercept) id:138]",0.0587165170063327,0.059837746703608,0.430535550699035,0.436421012784187,-0.655939315722046,0.766547890323689,1.00331220591662,7223.39365862428,2907.34527442412
"b[stress_w id:138]",-0.470829049970076,-0.472608109907701,0.392317693997477,0.392573323378764,-1.10859466247322,0.168074079733785,1.0010133042607,10323.6160432219,2955.33061358305
"b[(Intercept) id:139]",-0.573589496016779,-0.578118317439405,0.287500356569347,0.289400433022697,-1.03505954224765,-0.103139108618712,0.999869077500883,7562.51230113517,2827.13509498648
"b[stress_w id:139]",0.471810648357886,0.468286355319809,0.278025043408445,0.276686924656132,0.0148069138965108,0.94153413296641,0.999885028047092,9960.30884756511,2659.02685447257
"b[(Intercept) id:140]",0.0779034746201392,0.0755469953489148,0.429367593425379,0.41474022145244,-0.64236618579711,0.789444555135305,1.00120882723672,9286.15695475856,2845.83674834336
"b[stress_w id:140]",-0.177421765443236,-0.179633117593107,0.402609306313398,0.403218574928144,-0.826802064202672,0.481834303994203,1.00076304120884,9435.21387826811,2540.57425122829
"b[(Intercept) id:141]",0.21294038833979,0.211782456069522,0.290810224338484,0.284781111694717,-0.262021367826345,0.683551199413477,1.00069958672122,7482.84706085058,2869.19496347782
"b[stress_w id:141]",0.384840773060458,0.385955571132684,0.278840403737433,0.273206421956427,-0.0788629003241771,0.844151960158861,1.0001721459163,8793.0099146551,3027.59632473775
"b[(Intercept) id:142]",0.105360798187778,0.106696213042785,0.422776939735646,0.428811254812709,-0.604690460583288,0.80489451605343,1.0020303111344,9372.50667534276,2670.86704789687
"b[stress_w id:142]",0.294128117835915,0.293424464806049,0.394518585661452,0.391418240251424,-0.369877060425834,0.955784654912242,0.999762125646893,9441.16608996073,2983.15724477656
"b[(Intercept) id:143]",-0.266378429603004,-0.270095668734762,0.278990122121221,0.281185482464093,-0.723988818185628,0.190230715824574,1.00259386728783,7103.24779778123,2859.32019591892
"b[stress_w id:143]",0.310146025769755,0.310521752525242,0.27535503287368,0.280039873674144,-0.138783745221757,0.765273173021312,0.999950806957415,7984.5342103692,2732.90050889172
"b[(Intercept) id:144]",-0.408820836999424,-0.403206848202255,0.431871294155,0.439877561777194,-1.11186376776091,0.284401018921136,0.999492368188769,7864.95241394302,2654.57877140355
"b[stress_w id:144]",0.366145768091948,0.367808859633142,0.387605187288729,0.381973793674391,-0.27455179834527,0.9986896615506,1.00100239307477,8868.35998528524,2903.90088383081
"b[(Intercept) id:145]",0.450328518112925,0.447290153796339,0.270755715576316,0.269463124007342,0.00874743821781741,0.903456701082819,1.00168643731124,7845.09435502803,3217.23977118797
"b[stress_w id:145]",0.742798284678154,0.742927072531821,0.272540462046287,0.268390525360957,0.296453882690667,1.19487646296911,1.00022269650096,9301.23010431067,2650.30953375388
"b[(Intercept) id:146]",0.294692832475206,0.291730556115927,0.4485329292012,0.464374769797692,-0.436493205905014,1.02847129655948,1.00035013332009,7671.98479142739,2299.35068368016
"b[stress_w id:146]",0.288730042829271,0.282136844333211,0.3973664357215,0.391540573159771,-0.365463717037232,0.950132779946305,1.00117718243726,9067.21842640932,2823.29724045128
"b[(Intercept) id:147]",-0.526078172431728,-0.526683372845385,0.286907960501382,0.280326702710383,-1.0008515465096,-0.047621244733584,1.00032217960759,5432.54578978851,2762.96694714223
"b[stress_w id:147]",-1.07758628359796,-1.08021142939538,0.281686550962432,0.280139696860891,-1.53202228445166,-0.613072605160104,1.00220400895447,9366.06871031656,3118.63497896553
"b[(Intercept) id:148]",-0.258281641645068,-0.253109524075869,0.427897986542233,0.426946732883168,-0.969925533096331,0.43718885720759,1.0000952663553,9027.68059527318,2990.75604236575
"b[stress_w id:148]",-0.436128123712533,-0.434578854756253,0.412842505392978,0.429929625911632,-1.12501283573923,0.222736905598012,1.00159728194111,10551.0653850377,2663.8004522538
"b[(Intercept) id:149]",-1.4028681456813,-1.40426897322941,0.291195811607467,0.294702010622962,-1.87194063734932,-0.925682609773144,1.00035073876068,6160.50847761153,2862.98406828221
"b[stress_w id:149]",-0.518912548846044,-0.51904622170764,0.27396215768942,0.278498254174404,-0.967675560319779,-0.0774831008999889,1.00228513731358,8043.61472852098,3122.93355269663
"b[(Intercept) id:150]",0.489078709547892,0.485711430480603,0.443967427141899,0.463116017112113,-0.239554768470641,1.22005934565126,1.0018716981731,9840.14134031538,2897.23396219525
"b[stress_w id:150]",-0.0115444822823854,-0.00983824970772909,0.397561649342261,0.400163538935945,-0.656856293065807,0.634513726331284,1.00438261075025,9610.14844437797,2512.60972399578
"b[(Intercept) id:151]",0.272370951998449,0.271284809154876,0.284301421061485,0.286416534545134,-0.196910613638333,0.733418046275128,1.00017675416476,8216.9384383414,2791.41409981245
"b[stress_w id:151]",0.0719840452409655,0.0732106912959459,0.27339161274989,0.271051730259905,-0.371239697795168,0.531492251268589,1.0015402360029,8295.60235958103,2494.4236626539
"b[(Intercept) id:152]",-0.625781692025229,-0.61956062446714,0.433263716881378,0.43047679891111,-1.35524535927435,0.0803870469523038,1.0014798608468,7307.4564931302,2812.38875940495
"b[stress_w id:152]",-0.232219475397543,-0.228953518053104,0.393442898539748,0.39225281046358,-0.882177200267008,0.398336754896263,0.9998374845255,8843.22475630536,2681.89998067491
"b[(Intercept) id:153]",-0.221234596791288,-0.220108238134626,0.295831937844152,0.299346561152365,-0.704608021218477,0.256484205402311,1.00003069719305,7519.87261968287,2767.50255750885
"b[stress_w id:153]",-0.525884443841389,-0.528886338560412,0.274501483348663,0.271389030882808,-0.968615035103608,-0.0811076601568979,1.00035757221728,7260.03095785093,3117.17553928768
"b[(Intercept) id:154]",-0.0696074505640764,-0.0735950041537708,0.438107508026948,0.430395306182567,-0.791244167782707,0.664824083814079,1.00062566680658,7915.52865594,2561.51785302212
"b[stress_w id:154]",-0.945330640077367,-0.953227199960285,0.403849597308698,0.40605360090033,-1.61723880015767,-0.280086658599135,1.0002307226553,8341.72495824664,2399.5372029319
"b[(Intercept) id:155]",0.136617803929933,0.135864480948101,0.286729595804882,0.292403693383356,-0.334505225807555,0.600027234026258,1.00279574818918,6223.0798265169,3189.90349625665
"b[stress_w id:155]",0.618143273864925,0.615618051054194,0.272139093724814,0.264550142001555,0.182518334816611,1.07633313739966,0.999667913106847,7601.18114834651,2693.29487490714
"b[(Intercept) id:156]",-0.538354301990387,-0.53997589565231,0.439730822494084,0.442698899364667,-1.26711778357641,0.199346679714039,0.999933853200554,9024.71245645221,2935.96975798076
"b[stress_w id:156]",0.553773360055689,0.54962101454831,0.40266429943872,0.416784379246735,-0.0895736472647,1.21378557335722,1.00204870770818,8558.11073245109,2863.01287216604
"b[(Intercept) id:157]",0.201512382540747,0.205046126870498,0.291073980368459,0.282387806050185,-0.279988783250566,0.677996187980076,1.00006991724175,5860.66033095094,3084.95895031585
"b[stress_w id:157]",1.00796420048614,1.01096761617351,0.276353906073485,0.273923738290623,0.550140150676169,1.4612470404181,0.999858248752977,9818.21778672885,2794.20700371888
"b[(Intercept) id:158]",0.272091305650884,0.271428528732647,0.427526647196015,0.427481089148617,-0.428163059439725,0.978160256769833,1.00107122818451,9844.40952016643,2642.58136471236
"b[stress_w id:158]",-0.403675519048729,-0.403441992965258,0.406640440619713,0.409810606017262,-1.08766622695449,0.264215235032126,1.00299053998021,9081.64581602932,3031.11138775815
"b[(Intercept) id:159]",-1.01024245409946,-1.00535476078146,0.301882220960287,0.300852250870514,-1.51195260622718,-0.507708335301079,1.00043935329581,5861.81255074827,3056.64286124295
"b[stress_w id:159]",-0.846016407055218,-0.84304104395613,0.276534299134423,0.279083697837186,-1.29923691577898,-0.391143979026991,1.00379509357705,9002.38574488478,2911.4801775008
"b[(Intercept) id:160]",-0.192940503686255,-0.194833885089344,0.439609142363081,0.452103041363005,-0.906347151969197,0.519885174382963,1.00057119504912,7999.34670683589,2411.00659925211
"b[stress_w id:160]",0.132066004743791,0.131691795325098,0.4038857818621,0.39946774493807,-0.542575209754724,0.802220481357726,1.00193705251176,9110.40723717791,2544.30984401573
"b[(Intercept) id:161]",-0.48307003745062,-0.482530768184477,0.286633639478015,0.28333041029719,-0.944565005504644,-0.00759791457627004,1.00123105605827,6387.14385349369,3166.76035628402
"b[stress_w id:161]",-0.310695550592793,-0.305775089091267,0.278680293562881,0.272118499429195,-0.771217707257354,0.132645384954448,1.00150936791743,8582.16872926122,2955.05249603752
"b[(Intercept) id:162]",-0.400367760439807,-0.395482492531047,0.442970404202829,0.43480349255266,-1.13386237088922,0.325833407813063,1.00201076027307,8811.88497782536,2125.61571951971
"b[stress_w id:162]",-0.165864869969833,-0.16416910894989,0.404131937908067,0.404888648957926,-0.818791509995252,0.498394813420163,1.00168654597865,9814.02671030814,2738.39876628561
"b[(Intercept) id:163]",-0.729596107268872,-0.735483625640754,0.29350392491943,0.300413907377894,-1.20983959756167,-0.256948432584074,1.00317104763958,6650.98683007933,2593.04953188706
"b[stress_w id:163]",0.060744330000059,0.0621341769149444,0.270464445969136,0.269066849718372,-0.389796933924013,0.492777466984059,1.00291196167764,7795.26786907161,2703.16078961064
"b[(Intercept) id:164]",0.558942302132101,0.562348014002565,0.443668724118513,0.432923444937469,-0.185921858003654,1.28563061672124,1.00077489951075,7113.11815576361,2865.3697776049
"b[stress_w id:164]",0.429292973783646,0.422803876502549,0.403833410792241,0.409010621524542,-0.229676157904968,1.106961953298,1.0004755531877,9673.38285208489,3376.09407398579
"b[(Intercept) id:165]",-0.499960737101202,-0.506357237655551,0.295039403187609,0.29342915126178,-0.979795052283516,-0.0070441891564356,1.00034988021979,6653.477511353,2927.20051729939
"b[stress_w id:165]",-0.392969387749579,-0.392828213946615,0.279620620100847,0.278230209789639,-0.861784717648632,0.0643195219831423,1.00107315497507,9295.94746652895,3060.05937242504
"b[(Intercept) id:166]",-0.0657637847517246,-0.066173150932258,0.428293497899687,0.437525802147244,-0.772594796980481,0.642354788521869,1.00400163534637,9106.78946868385,2583.16334074782
"b[stress_w id:166]",-0.120369370230201,-0.130287938333726,0.3980809078824,0.402218934862332,-0.764803479406543,0.537667978022844,1.00130129168084,8527.6321100592,2556.34633605755
"b[(Intercept) id:167]",-0.326911274218806,-0.324821226637237,0.294730500651865,0.291691525688065,-0.817447300184538,0.153444158476424,1.00102092384692,7268.95373521841,2956.53235312669
"b[stress_w id:167]",0.311401697223551,0.310266325540715,0.281157943862938,0.278905509893882,-0.145301068950906,0.778310267192306,1.00040942052138,9098.39165235528,2521.01314533398
"b[(Intercept) id:168]",-0.867703185228275,-0.875764633230658,0.436764703750692,0.438085803629592,-1.58254570836528,-0.164058545033172,1.00195770269779,7931.51303787964,2312.02587512537
"b[stress_w id:168]",-0.325496188507626,-0.328804013390808,0.405872847108173,0.405716709011218,-0.990590325108336,0.344709561970816,1.00132112250496,8868.73826313763,2878.1138910119
"b[(Intercept) id:169]",0.295150841090145,0.292922632205618,0.280876842530872,0.27385114742412,-0.169981168032637,0.762599063541608,1.00150067248079,7450.97917377925,3218.40147511256
"b[stress_w id:169]",0.753623305896104,0.757846673627702,0.282167959641247,0.280990160384908,0.28018650232434,1.20748423208675,1.00250820773359,9026.76540400572,2791.57890193884
"b[(Intercept) id:170]",0.595235882253063,0.597376247678394,0.446878821666943,0.438189068965154,-0.138339744691357,1.3294515843261,1.00249903818962,9697.4561334562,2280.55467945719
"b[stress_w id:170]",0.637783747704996,0.634323030777215,0.393072540818378,0.414121569942843,-0.00729945600246833,1.26851776147911,1.0016679621203,8604.75254932608,3065.63086463126
"b[(Intercept) id:171]",0.515393735325202,0.520340959824946,0.290722015592038,0.291343115259393,0.0476614487694297,0.986770582867127,1.00222943087319,7094.96016221346,2740.72276960181
"b[stress_w id:171]",-0.31269171940156,-0.310756456028517,0.280244271187746,0.287130563041195,-0.775286399244081,0.151518638546375,1.00000515733031,8584.87746307377,2898.59105530228
"b[(Intercept) id:172]",0.237886756330914,0.236096882970012,0.417792552273014,0.412900575252364,-0.446418608998194,0.910204959900567,1.00046086353771,10022.7235959274,2807.77470298847
"b[stress_w id:172]",0.195669494926248,0.201582554485922,0.404448197269796,0.416664372686173,-0.464514377722223,0.85189513093505,1.00103752616183,8036.00753854682,2974.44590473379
"b[(Intercept) id:173]",-0.162530159822008,-0.161608496470755,0.281625059570489,0.277485470385855,-0.621090812070449,0.303868708918567,0.99998145979978,6458.30960401184,3018.09628650577
"b[stress_w id:173]",0.336778320871963,0.336523684319338,0.276344258915399,0.280653403626337,-0.115256985142806,0.796625812354439,1.00111429804408,9243.54582972726,2902.41777084608
"b[(Intercept) id:174]",0.861485214460857,0.85838695202248,0.441110559946294,0.442715402811173,0.13445377480777,1.58893447122484,1.0026467970744,8025.3243098929,2967.82974477403
"b[stress_w id:174]",0.818305026043491,0.808075227088212,0.408680013383522,0.426505839815429,0.147349229846723,1.49897604097286,1.00111016474463,9536.35384950386,2957.38077104527
"b[(Intercept) id:175]",-0.597202861343662,-0.594278405683684,0.283796487035132,0.28277200322973,-1.07336169833429,-0.123053423803127,0.999931255893593,6925.65412189875,2888.84749291702
"b[stress_w id:175]",-0.112474545056786,-0.111435747740578,0.272142534391576,0.270437026697786,-0.55572517259878,0.337229459285409,1.00430274043451,10863.7254843719,3319.84881146437
"b[(Intercept) id:176]",-0.264378422352407,-0.265227567871673,0.440748492011866,0.446418785081498,-0.990566237672768,0.466203302592748,0.999688831290866,9904.60365950083,2776.07106393178
"b[stress_w id:176]",-0.429145247666386,-0.434385741892309,0.409210518124364,0.413127437932708,-1.09111350961061,0.239011950282182,1.0017659688987,9971.84378073452,2870.84263932517
"b[(Intercept) id:177]",0.303851757839025,0.302854343079975,0.280576847875533,0.281441305734146,-0.157721727628054,0.765060077948707,1.00150925185374,6222.14267360287,2757.15383838148
"b[stress_w id:177]",-0.705967757948228,-0.707702373112806,0.284431995104495,0.288665071453572,-1.16906959182073,-0.254529447751452,0.999487421737926,9316.17061936722,2650.07533395725
"b[(Intercept) id:178]",-0.0790902029514002,-0.080015764586295,0.432033301925868,0.423253991173953,-0.781031604191598,0.624070615854894,1.00242403100191,8394.9934874918,2826.01990984081
"b[stress_w id:178]",0.03956763510883,0.0388552853627418,0.410121398051303,0.421112629387491,-0.611560740170364,0.717237734101443,1.00060536239713,9559.92625570967,3131.79166917257
"b[(Intercept) id:179]",0.633896117505889,0.637565732694599,0.280619534450976,0.281194564840323,0.173924587231256,1.09919258044065,1.00003034421334,5927.47917066559,3356.99664749272
"b[stress_w id:179]",0.249208206794175,0.251306536304279,0.276817702028195,0.281597872049558,-0.197171425938807,0.71089165600095,1.0030671487753,8288.59046824078,2681.19225870951
"b[(Intercept) id:180]",0.360006593479676,0.36728041091199,0.439548703612789,0.444701430281258,-0.382171203198499,1.07942401961781,1.00245500311846,10501.0638857291,2523.66633436581
"b[stress_w id:180]",0.308784752621178,0.307338864282478,0.405577837083222,0.409478643817568,-0.370101834125198,0.976642999406269,1.00410682375008,8281.00794504543,2893.59494876658
"b[(Intercept) id:181]",-0.916930959236495,-0.921014123806924,0.300313118681213,0.292597701147859,-1.42012538074321,-0.43054506644174,1.00077165138709,6802.09844259788,2381.65966954562
"b[stress_w id:181]",-0.00965747784786202,-0.0133919264287706,0.281434358078168,0.279666576977377,-0.475408282756991,0.450676182718781,1.00079272792784,9608.58146339623,3034.27063250613
"b[(Intercept) id:182]",-0.0524429504706816,-0.0527208636785743,0.441900120717939,0.434970361899292,-0.773315362711614,0.678596173194913,1.00270831315832,9585.48172103106,2737.67996650756
"b[stress_w id:182]",0.36497763513448,0.362139014225945,0.405509436982794,0.402296645845148,-0.296687595245504,1.03607734830382,1.00189314551141,8865.30777413176,2661.20469585082
"b[(Intercept) id:183]",-0.791894042857183,-0.786452927039526,0.28977032520016,0.284151176301843,-1.28993323713617,-0.323331665789657,0.99984632473369,8046.23115320451,3023.43017753558
"b[stress_w id:183]",0.139826754962941,0.135840846033488,0.269583481088678,0.269176343304761,-0.302290160730156,0.597071470382642,1.00182509010641,7281.23115656536,2889.15728136962
"b[(Intercept) id:184]",0.208728185623483,0.209947139654103,0.436040770412716,0.43162371081142,-0.508731796989198,0.926059179492623,1.00039419236397,8080.02038529394,2709.18798302586
"b[stress_w id:184]",0.318115161975287,0.315627928252503,0.414385924171325,0.415937291163124,-0.36422903630532,0.990228724534756,1.00325478294742,9610.54627753389,2581.2400350825
"b[(Intercept) id:185]",0.676047301517067,0.681745501037546,0.304918972600077,0.30998456654494,0.182971628295066,1.18793390162183,1.00135907823264,4142.02542027898,2568.76683958627
"b[stress_w id:185]",0.0500614132433517,0.0503840976007671,0.270542820650331,0.27086325134008,-0.3981128163624,0.494257877728369,1.00020338602558,8841.22730386352,3449.75435309611
"b[(Intercept) id:186]",0.168452570215216,0.168439036405634,0.427501911656497,0.428315349333736,-0.523475105902314,0.877382972479874,0.999836575049533,8265.88361615935,2951.81059103704
"b[stress_w id:186]",-0.0517541145324571,-0.0510048691474727,0.393461974293867,0.394980102640602,-0.709800574224252,0.588239417367276,1.00041156431884,12322.3521713598,2719.62334758044
"b[(Intercept) id:187]",-0.311306988434615,-0.315870512978581,0.282489511065425,0.285605209663485,-0.774811768608689,0.156699774084311,1.00179322440853,5467.18281452056,2829.76624010669
"b[stress_w id:187]",0.0725028609284293,0.0706272199335086,0.275825892933871,0.273703035967055,-0.377223266917587,0.526384587195903,1.00110050197407,8899.36260783216,3094.0370858133
"b[(Intercept) id:188]",-0.0434035652850933,-0.0448730561622791,0.442747199589297,0.450571972068614,-0.772039659092837,0.680367748321085,1.00197405881782,7235.65511811082,2724.83937709592
"b[stress_w id:188]",-0.262928305057435,-0.26732581050388,0.389859517244847,0.39561254320341,-0.90838713032051,0.379122684957186,0.999911345553894,9306.17674461431,2724.81557393629
"b[(Intercept) id:189]",-0.12342167580092,-0.124811649023115,0.282804076481615,0.286777740524905,-0.588979952039913,0.33534128335364,0.999693485078444,6747.69876396399,2629.16341526386
"b[stress_w id:189]",-0.332166894307886,-0.331400126482268,0.271633066868002,0.27068811706604,-0.782647059063051,0.116136237788101,1.00196428057609,9053.40066821394,3042.48027020239
"b[(Intercept) id:190]",0.0155830015449874,0.0149646530509315,0.425290003134252,0.420255892511658,-0.682905557651004,0.723055670754174,1.00206769607121,9811.39736775791,3223.56444517476
"b[stress_w id:190]",-0.205259457457673,-0.21078830503445,0.40571698485028,0.411642495724767,-0.856390344482365,0.462886136817923,1.00242595120268,9666.34882103076,2633.84798287583
"b[(Intercept) id:191]",-0.398121816469194,-0.400127450633509,0.288334686425679,0.295050611656147,-0.869935666851741,0.0745805271869856,1.00029526113583,6329.63065444962,2814.50395933827
"b[stress_w id:191]",-1.85773572738192,-1.86102299214754,0.277276854623218,0.278257083006407,-2.31355425619437,-1.39579571700008,1.00183010035255,7652.27497937988,3251.7602763549
"b[(Intercept) id:192]",-0.47205274812685,-0.470319579448296,0.434743183902369,0.442747968140882,-1.19298002014163,0.249395469095423,1.00274836999429,8201.96098820989,3025.56350002181
"b[stress_w id:192]",-0.0790567857862035,-0.0735186635813751,0.387170396022195,0.390323851425423,-0.71826715618819,0.53680534129161,1.00287496354069,8829.79374678818,2578.26924335514
"b[(Intercept) id:193]",-0.108315913228203,-0.109488460990112,0.289601936212664,0.289635284550741,-0.583921779398114,0.372381824453773,1.00112621186573,7647.36489710412,2913.7110711297
"b[stress_w id:193]",0.496902243311408,0.496132577542619,0.272987642402632,0.273079649208506,0.0435059679036429,0.942661195962197,1.00185567118956,8722.117611404,2763.70645760596
"b[(Intercept) id:194]",-0.0192913966760083,-0.0219876473909052,0.426576003076433,0.442137033137619,-0.715494907418543,0.676344978617788,1.0032111438893,6747.1908078256,2949.88482830324
"b[stress_w id:194]",0.6168605765508,0.618135901445788,0.405825813305685,0.398466147743976,-0.067421284573754,1.27401060841301,1.0012882573987,7654.36415690283,2776.05597315787
"b[(Intercept) id:195]",0.51169587794516,0.513666660615681,0.288643163348687,0.284921086809759,0.0381227512884131,0.984404860118801,1.00070635765335,7650.55267490913,2907.92984299029
"b[stress_w id:195]",-0.821261655036467,-0.824090930044043,0.281791021762481,0.278443247847319,-1.2912753839381,-0.358835702637356,1.00026671697734,9057.46893305846,2611.60154280571
"b[(Intercept) id:196]",0.723700334966074,0.72289185317444,0.424000865694053,0.433230227323833,0.0278411715496624,1.41106804071595,0.999476178466147,8263.62641576278,2360.26252812049
"b[stress_w id:196]",-0.266344406914904,-0.260806989162908,0.398613148304362,0.390076156587288,-0.93100519379848,0.399808081231215,1.00319768302456,8758.39376301376,2534.75792962042
"b[(Intercept) id:197]",-0.156172542064481,-0.157540686604198,0.286984205617233,0.28940016422535,-0.616992704733226,0.309835966522056,1.00161999167552,7559.49640653725,3047.40022636068
"b[stress_w id:197]",0.35917533176106,0.361542427795119,0.278409408566042,0.274874987476665,-0.100881105680071,0.821614532011075,1.00159002280387,8069.07503888402,2703.59759683982
"b[(Intercept) id:198]",0.794472960671577,0.797202232903571,0.429653723865122,0.430234516762635,0.0800842738279057,1.51211422176123,0.999671219741121,8429.31019109439,2643.60393565693
"b[stress_w id:198]",-0.0302426836999283,-0.0271090149150292,0.401517512431568,0.385151308625532,-0.710567543941236,0.637190514206465,1.00153078604418,9146.49311734141,2884.37926955169
"b[(Intercept) id:199]",0.432778291700476,0.432940277405462,0.286890832332997,0.291197650304544,-0.0347873898233772,0.903437539042051,1.00334708332955,7090.29814449117,2525.43221021776
"b[stress_w id:199]",-0.17702659350142,-0.170337461041056,0.278033342446005,0.276889289628971,-0.637743336192057,0.28334754876731,1.00118456009973,9497.29723158239,2682.06305796936
"b[(Intercept) id:200]",-0.21852882913989,-0.21366650246777,0.429520309013527,0.423713003731019,-0.935271044930019,0.48343451049375,1.00156782459729,8535.83328561377,2925.97362145941
"b[stress_w id:200]",0.398216947103599,0.399769755795633,0.397601260144807,0.398792760956298,-0.25423896910956,1.05829839647737,1.00059148896851,7963.83583502417,2843.81979103144
"b[(Intercept) id:201]",-0.300825327452042,-0.291112816457789,0.286190132529467,0.29029331216456,-0.77163529955174,0.156637233546058,1.00057258465874,6606.58855770607,2798.05594286939
"b[stress_w id:201]",0.172576663423397,0.167077320897623,0.275865448688185,0.275113950662976,-0.271258686982188,0.625441619640198,1.00278143692698,8464.33881177996,2836.88020984704
"b[(Intercept) id:202]",1.6496809407626,1.64313969776995,0.439853411606864,0.441459432451948,0.946904923885125,2.38128339745265,1.00040630694678,6759.54589280124,3033.96505264097
"b[stress_w id:202]",0.458245394108993,0.461977116679845,0.399862126365789,0.400337391837548,-0.192662536183892,1.11573330103246,1.00184864638127,9549.63777816917,3111.26970533789
"b[(Intercept) id:203]",-0.0835170203579828,-0.0796018610457236,0.294555139631031,0.295542617461681,-0.557067932860017,0.398341428105637,1.0005206562906,5980.16274232744,2706.15751869591
"b[stress_w id:203]",0.313558415368171,0.314162243148172,0.284999702071778,0.289934622143107,-0.155240463589558,0.776664334492694,1.00133920401865,8941.73529699288,2821.83500101294
"b[(Intercept) id:204]",0.274128388411711,0.27863793317198,0.420812785456867,0.446244367979529,-0.41513366122888,0.941922228270124,1.00125360205641,8899.53891736418,2962.35421098335
"b[stress_w id:204]",0.451806748111254,0.456852281127006,0.395161758790454,0.399037539900018,-0.202115554735949,1.09306757252349,1.00152450870763,9782.08485933286,2955.70727902445
"b[(Intercept) id:205]",0.138818429817942,0.13579762950426,0.295904363864533,0.290254852893323,-0.349870275541959,0.627142087308083,1.00443014813264,7808.19584953342,2644.40283013232
"b[stress_w id:205]",0.669814944637166,0.666070965307952,0.278411777588801,0.281618991206511,0.207205132084108,1.12729401363978,1.00094927380139,8633.62806935562,2843.02589706673
"b[(Intercept) id:206]",0.426752032829187,0.424434910454148,0.423559147780659,0.420669228898774,-0.26242523584667,1.12894182152696,1.00152022674258,8330.34927818041,2762.33350551631
"b[stress_w id:206]",0.11712389273552,0.118110287501031,0.404987002818151,0.40801127360105,-0.542806768194453,0.78223044242182,1.00165760494716,8084.10562614053,2609.27415019597
"b[(Intercept) id:207]",-0.20672949088578,-0.209204587562157,0.291140389956133,0.286521783965089,-0.683217236586673,0.278780992114316,1.00073817705999,5755.02438821603,2955.75957731892
"b[stress_w id:207]",-0.212734162203901,-0.211765014354429,0.273967935879402,0.282548624001457,-0.65911801663345,0.236102943800531,1.00133066593695,11364.304622045,3120.64534798359
"b[(Intercept) id:208]",0.581544361433114,0.578542998691594,0.43413375293435,0.429547324645442,-0.122779717455638,1.30321180175223,1.00143733865503,7752.6509016349,2653.19462540697
"b[stress_w id:208]",0.201060921670238,0.19213885515383,0.401517849776826,0.39427882423852,-0.448429001361472,0.86299743491798,1.00088496314044,9637.70515775129,2478.42525243129
"b[(Intercept) id:209]",-1.41497619782721,-1.41312758448557,0.287260952835786,0.29531368307709,-1.87908948827086,-0.953682755150512,1.00092224304762,8228.66590444094,2825.1056192711
"b[stress_w id:209]",-0.368203970243421,-0.371694579586968,0.270076625694651,0.268499274424931,-0.808096483930936,0.0687100828981364,1.00054366830019,8445.64205432388,2904.57228569834
"b[(Intercept) id:210]",0.535275303301564,0.53782512959365,0.437720806702815,0.433661465837407,-0.17008138072556,1.26068561517217,1.00080353754085,9995.84938865243,3084.10292395815
"b[stress_w id:210]",0.260184507932263,0.249722526036531,0.417277706118325,0.407319516170875,-0.418997124507627,0.945381699678342,1.00142685495788,9547.46609206144,2713.05880296462
"b[(Intercept) id:211]",1.90166091791526,1.90680440960831,0.290055768152204,0.296944826323031,1.42646178223479,2.37079098728571,0.999928283389182,7252.01820313334,3112.75147601622
"b[stress_w id:211]",0.625625789258577,0.628473357419382,0.268772601958091,0.268271173701494,0.181634685607825,1.06105883708512,1.00152230619922,7363.82074029098,2670.82727136942
"b[(Intercept) id:212]",0.217549109570919,0.21873623631615,0.439622125397633,0.421792935620432,-0.513538699005039,0.954317061500797,1.0009861460797,9064.46875146981,2841.77035586423
"b[stress_w id:212]",0.167392741486622,0.161900883077597,0.401690084063559,0.406148534932379,-0.478486395513057,0.817748455975105,1.00159209515688,10454.265049293,3173.52906915069
"b[(Intercept) id:213]",0.0744164940704271,0.0772074382755993,0.284361878559078,0.286430778916097,-0.38627911332238,0.535817800599354,1.0007315318172,7703.94681015272,2766.32795208967
"b[stress_w id:213]",0.000301361073088398,0.00259069880759803,0.278625360236181,0.278535000821696,-0.46389619224443,0.462087989063427,1.00042605590464,8150.53944646023,2658.43263137946
"b[(Intercept) id:214]",0.748428533811165,0.743723095163559,0.430283783526106,0.424804081138404,0.042945239439123,1.46857826023378,0.999943274389192,9394.3274883053,2372.8386459318
"b[stress_w id:214]",0.279779161810919,0.277096585598706,0.405260686701827,0.39553838406965,-0.375784130651405,0.951823151704103,0.999355418080049,10126.8404656865,2589.74901152219
"b[(Intercept) id:215]",0.868241486841018,0.864954944863734,0.289167456945468,0.291394873310362,0.391897322025536,1.35084512919343,1.00001615720739,5886.39717818964,2968.4946891849
"b[stress_w id:215]",-0.233342760987968,-0.229527138394861,0.270995894503607,0.26805412791855,-0.686670512928994,0.203005871493871,1.00203703864711,8305.97288460404,2761.34418701021
"b[(Intercept) id:216]",-1.04556703615206,-1.04873493753243,0.420465458700196,0.437352754258471,-1.73525960383994,-0.360415335137899,1.00063401184119,8290.83379421534,2951.96720796428
"b[stress_w id:216]",-0.251892548339944,-0.245193927806815,0.391062951799693,0.388124143494449,-0.914197964563888,0.3796375632709,1.00211679053667,9238.80039163023,2929.84305649979
"b[(Intercept) id:217]",-0.5700715538138,-0.578745661665356,0.290642026441523,0.294148980888983,-1.05086548434297,-0.0978507838676504,0.999810567528822,8386.89601753361,2820.87967637449
"b[stress_w id:217]",0.20584002687696,0.198144519552953,0.278516903186849,0.269430547096567,-0.252173752349768,0.669002159724841,1.00345438160047,10067.8427077384,2995.64718303705
"b[(Intercept) id:218]",1.04069346607107,1.04401935948339,0.424623242470827,0.435595472005438,0.335573124595741,1.74741822933821,1.00097246988009,9286.5488321259,2905.86911525235
"b[stress_w id:218]",0.675305731804944,0.677693814065691,0.402823795114825,0.400271762118151,0.000936514772295805,1.33322724155623,0.999965114224151,8319.22059503642,3011.28811048279
"b[(Intercept) id:219]",0.723155836907311,0.71688061763687,0.285680697912881,0.290065435982358,0.261791379489752,1.19500006576096,1.00219174389165,7649.59214398649,2757.17116342891
"b[stress_w id:219]",0.65938777093107,0.660264034963747,0.271468014190698,0.271079324948095,0.206732106676433,1.10292230015943,1.00156496543325,8534.1077256976,3052.57458768548
"b[(Intercept) id:220]",0.422302571180726,0.427910091101594,0.438766729727953,0.419250891730844,-0.32583164858574,1.1377871187628,1.00566104202431,9493.19602340081,2615.03919922941
"b[stress_w id:220]",-0.123574798445524,-0.122143911617107,0.404552339550897,0.396371242255576,-0.783865262717463,0.540238004433402,1.00209124595698,10699.1405228646,2730.78494985482
"b[(Intercept) id:221]",-1.15391827188483,-1.15463883919358,0.286270841960299,0.280645295163996,-1.63455703986402,-0.691743024861505,0.999664436315633,7250.0392593421,2699.0779580274
"b[stress_w id:221]",-0.173394970667701,-0.172839792484345,0.282110662503426,0.279791030952806,-0.633037307290946,0.281471358522979,1.00114404924617,10082.7206584915,3055.72060676306
"b[(Intercept) id:222]",0.293907803010918,0.289155962630973,0.432395302902668,0.436885553669312,-0.423771434669917,1.0096429272055,1.00020592418881,8919.72089512918,2539.01559650406
"b[stress_w id:222]",-0.127909912195527,-0.125239924697365,0.394695529789531,0.394588719241871,-0.78753036814848,0.51603887135341,1.00075495129955,6615.1562434833,2626.57788615205
"b[(Intercept) id:223]",-1.25034792845411,-1.25391662253527,0.28521400062897,0.296489287988527,-1.70948412138018,-0.784294552697671,1.0013206059596,7205.62626589477,3106.82668411889
"b[stress_w id:223]",-1.08958813332973,-1.09037055805191,0.274105428331013,0.274769480668058,-1.54212793951231,-0.637210407258926,1.00195614926992,8693.86262141306,3048.91282162112
"b[(Intercept) id:224]",0.503800175007535,0.505144662419645,0.43097506602707,0.424419214979201,-0.187542873794961,1.20663353413267,1.0066798026514,9273.23203857315,2936.10036150629
"b[stress_w id:224]",0.220831430333048,0.225267063579142,0.40310923927042,0.398979706079033,-0.429256979764408,0.881864735684536,1.00036913744478,9347.07151871181,2826.37540684722
"b[(Intercept) id:225]",-0.622695768908026,-0.624475670936474,0.283653083481048,0.275546209907694,-1.08776401205685,-0.165886136503449,1.00183381978302,6790.00558423447,2681.52148828524
"b[stress_w id:225]",-0.72140998293547,-0.723690652186162,0.277622120076964,0.268520526685197,-1.17523982959227,-0.262509703734155,1.00197269925506,8844.39112129882,3012.4272915898
"b[(Intercept) id:226]",0.167547918133502,0.164953427467642,0.438474450600035,0.441857929491603,-0.549663113678809,0.894868096328133,1.00081297867488,9547.24373621613,2637.31847987287
"b[stress_w id:226]",0.159740681740576,0.159149962659521,0.397857396006707,0.404045013866276,-0.500327327992481,0.80824839811172,1.00063822405455,9509.85205623494,2770.3125488777
"b[(Intercept) id:227]",-0.716255327966753,-0.719321273303143,0.282788625924128,0.283352252015812,-1.17054271982575,-0.252329088374429,1.00226986302016,7023.04220476383,2464.99612833209
"b[stress_w id:227]",0.221031921355123,0.217524583456838,0.276656838838423,0.264095540811644,-0.236120794920617,0.690816416102309,1.00075254142577,8854.3662668329,2690.69564217851
"b[(Intercept) id:228]",0.886651046786475,0.888902160422014,0.439805948478033,0.440627601489481,0.164227913525011,1.60427504911611,1.001379238922,7624.37766518176,2851.71690370729
"b[stress_w id:228]",0.710348509188793,0.711337509923461,0.396433604442207,0.385407669527932,0.0562398594054838,1.37958357732489,1.00108774347427,8808.28538113846,2440.71845816536
"b[(Intercept) id:229]",-0.105839388761841,-0.110008930499175,0.28895579413317,0.290399634371438,-0.584705956888189,0.366321117152223,1.00033552518498,6474.36016885333,3049.25311074689
"b[stress_w id:229]",-0.0569253175112246,-0.0499226715784441,0.276199953053865,0.278343825086296,-0.516696269948662,0.395660843741027,1.00012925329096,8525.20300941071,2854.4488948161
"b[(Intercept) id:230]",0.26426079162014,0.272425243202041,0.428600223631411,0.425702606846172,-0.434073149614228,0.968601374954586,1.00179394665993,6845.68711585946,2740.1743831019
"b[stress_w id:230]",0.86944808385581,0.867751384998653,0.412291059959116,0.416627092136705,0.185844827864339,1.54448499944034,1.00124621529867,8216.26412275831,2706.64479332174
"b[(Intercept) id:231]",-0.0386829877167038,-0.045789853638777,0.278639544019904,0.279115886219098,-0.490270989171946,0.422116406004116,1.00156934360824,6839.45253698891,2743.87775251814
"b[stress_w id:231]",-0.907561336419119,-0.906164719676235,0.266492451532684,0.256599215260608,-1.3512619101763,-0.478735501446173,1.00223413465078,9680.56881039576,2880.77170245193
"b[(Intercept) id:232]",-0.0977623077930684,-0.095548237249809,0.41323161788365,0.410838320119979,-0.778104255164554,0.566850329546478,1.00054422755986,7434.45033415322,2810.70136235272
"b[stress_w id:232]",0.768249103234532,0.763020753518506,0.40302603860418,0.402835766348037,0.12695005237587,1.42914761276778,1.00033157941985,9375.62013271397,3029.13895882722
"b[(Intercept) id:233]",0.657038918108232,0.660339157603744,0.285766027345759,0.287477441224156,0.190840082443157,1.12544716920249,1.00008910400283,8409.29587982702,2974.64497390009
"b[stress_w id:233]",-0.527196344687422,-0.52843339260635,0.271101356060864,0.267171479157236,-0.969778312116773,-0.0807061166557548,1.00114760430347,9922.92609885432,2723.49813104046
"b[(Intercept) id:234]",0.924564302181842,0.920076026726528,0.450410565051401,0.447724048700235,0.188213236122229,1.65613954509512,1.00052159656081,8381.21015708692,2972.76170112141
"b[stress_w id:234]",0.463743946452032,0.459112231782552,0.403273600287734,0.407527701631219,-0.180686250662353,1.11558016197428,1.0042094295503,11862.6530438641,3085.84786867916
"b[(Intercept) id:235]",1.08531350466857,1.08129439032023,0.295851658648273,0.303026843192167,0.601937309875825,1.57022746428768,1.00013711871656,6211.99443380404,2722.67784692748
"b[stress_w id:235]",0.349639244975919,0.347402840690802,0.266941135801186,0.254745126821765,-0.0737937224893025,0.783698156640398,1.00082599400075,9330.63639337298,2494.78585713312
"b[(Intercept) id:236]",-1.11467563969583,-1.11068966956496,0.424982101356845,0.417766808346384,-1.82484916830371,-0.433162649127218,1.00265692764009,7168.27846255788,2944.50650189784
"b[stress_w id:236]",-0.973001419527199,-0.970205097500869,0.409844432358647,0.407111212053508,-1.65295834156281,-0.324180832399707,1.00296857032327,8525.61309036616,3017.07163558514
"b[(Intercept) id:237]",-0.386372919034324,-0.383116811139979,0.294738808443174,0.290997929223706,-0.870094301966217,0.0893765206441957,0.999949067019212,5999.99713015163,2996.38890296229
"b[stress_w id:237]",-0.491724835203483,-0.488624229517922,0.284422147540974,0.288388790221798,-0.961678651928404,-0.0311708097442626,0.999400474450527,10209.7505768885,2687.71223240349
"b[(Intercept) id:238]",-0.123559647500557,-0.123542885371638,0.427798694274506,0.426877933347663,-0.815428525844774,0.576419482215964,1.00312297772796,8514.71877469115,2681.17415914205
"b[stress_w id:238]",0.521062375037511,0.517447428859689,0.396893980522467,0.407737461445459,-0.118801226664288,1.17922600930249,1.00324721751283,9742.09678494719,2541.25011838137
"b[(Intercept) id:239]",0.363441647556138,0.363678150566696,0.286727408181346,0.289106090810454,-0.112670196586939,0.833747816659523,1.00411877921904,7052.24000835308,3031.19831204901
"b[stress_w id:239]",-0.72742463929203,-0.724757667115865,0.275538960984759,0.278261296070474,-1.1838843847303,-0.286501515774334,1.00006989498501,7249.26607237344,2957.88986225194
"b[(Intercept) id:240]",-0.903532255879761,-0.902702800715574,0.442375108417407,0.432169996392189,-1.63148520897525,-0.160127706810163,1.00411721394775,8289.4840142379,2596.0213649584
"b[stress_w id:240]",-0.507258985401614,-0.512041605881648,0.416660665514131,0.417701517973435,-1.18415078519733,0.189501781793804,1.00274861495201,9401.64538314914,2623.87585353478
"b[(Intercept) id:241]",-1.46630895113554,-1.47128043635636,0.294276879679997,0.291616181344186,-1.94323270184188,-0.978480127933813,1.00022746258605,7020.78515592992,2871.11034276963
"b[stress_w id:241]",-0.245013719792349,-0.243302905249198,0.275020323831298,0.276022506298696,-0.697733724722644,0.205632673956152,1.00137667818332,8127.55926609994,2866.99001781713
"b[(Intercept) id:242]",-0.0450155307857739,-0.0476441665412216,0.424270535284454,0.419647548430798,-0.737180261131579,0.650974097075893,1.00225748432033,6784.01944856943,2667.49769122149
"b[stress_w id:242]",0.140352148386312,0.142646370953193,0.406632069891162,0.4081586574367,-0.5360031957841,0.792916751661469,1.00020773839958,10180.8640137304,2595.88455518005
"b[(Intercept) id:243]",0.373412277703806,0.374928470031672,0.29376372495166,0.289515799412642,-0.10232445076807,0.86764235239601,1.00035598977088,7801.91077387807,2967.47305195275
"b[stress_w id:243]",1.31193254390382,1.31178440243179,0.285276734004359,0.284968281495216,0.848107331707675,1.78450158019331,1.00244460273841,9679.05788612383,2489.90637050534
"b[(Intercept) id:244]",-0.311429858665737,-0.319016894933915,0.431734067532089,0.429903331360552,-1.03091830407379,0.410518612382148,1.00083072267481,9127.91360389814,3031.5207099263
"b[stress_w id:244]",0.106348699477004,0.107890044485403,0.409013428016501,0.42314299288539,-0.566195500839017,0.769012415025002,1.00330682160904,9831.0807602631,2849.63958935417
"b[(Intercept) id:245]",0.333641742859958,0.335557199964403,0.294250808796152,0.287868933037348,-0.153970698063572,0.816082958452862,1.00021734141373,6195.6270757348,2955.70449070119
"b[stress_w id:245]",0.509847195976344,0.514510934393063,0.273625324812537,0.271676745137215,0.0558583714418771,0.952591260424151,1.00045515780316,8244.10143983583,3027.43572199716
"b[(Intercept) id:246]",0.0340142674539515,0.0267953523815228,0.445954843846926,0.455617627388155,-0.701456320406664,0.772305684132514,0.999691652728309,8387.57830072723,2495.48187421904
"b[stress_w id:246]",0.54766253468809,0.542232098749708,0.405114955827891,0.390892635756438,-0.119977775837801,1.22027811536646,1.00157577906761,8139.51778863528,2985.76461494248
"b[(Intercept) id:247]",-0.963384296678387,-0.964314215667638,0.284733008048656,0.282271625769572,-1.42949122391592,-0.497087805718655,1.00041347838872,7077.36081931116,2882.04442958492
"b[stress_w id:247]",1.02520198136413,1.02604837686078,0.272306156438147,0.273438999842693,0.576931821582763,1.48076640674921,1.00092855417827,8187.27887329812,3160.96515875772
"b[(Intercept) id:248]",-0.744435552725404,-0.744141396219818,0.42452456531305,0.445199113574341,-1.42806064897125,-0.0363340093550523,1.00004523234874,6866.96221564132,2688.29705040505
"b[stress_w id:248]",-0.577760278022357,-0.575967040306288,0.40872475192051,0.405546782708386,-1.26367256702193,0.101551374178007,1.0032746992444,9322.66362257183,2765.09654081434
"b[(Intercept) id:249]",0.138926275806796,0.139943535668229,0.292272183781906,0.299435369483552,-0.335533178311218,0.620612348424229,1.00051636091209,5314.56764190368,3044.28920987177
"b[stress_w id:249]",-0.52487853315253,-0.525653778175499,0.279874970987438,0.280375803929165,-0.989531366471263,-0.0772468606689136,1.00051737981227,8904.12632369258,2758.74844393839
"b[(Intercept) id:250]",0.607891857038393,0.608273908508532,0.433177479755406,0.440389936851257,-0.102770308024363,1.31497466219693,1.00000262103649,10119.0539466214,2896.7742650003
"b[stress_w id:250]",0.26494110298371,0.27234384272271,0.399069118054242,0.401144900925328,-0.392517009957991,0.914390773016609,1.0006619453279,8771.92288835788,2574.56563067687
"b[(Intercept) id:251]",0.700288410085727,0.701915027647311,0.289035382280265,0.287864066021786,0.227766050515598,1.17573047031963,1.00069533962594,5781.26019672169,2671.34704378337
"b[stress_w id:251]",-0.0958335310880206,-0.0968091942000359,0.277623412463557,0.279973793129814,-0.544892584673914,0.361405844631216,1.00132892752837,8531.27165818025,2919.50937726233
"b[(Intercept) id:252]",-0.211044288265829,-0.212076700088381,0.438508448201977,0.422632989463745,-0.938419123633562,0.514167075961033,1.00164968481998,7110.23470927191,2621.61515571927
"b[stress_w id:252]",0.232605512698482,0.23900247703191,0.410986559111386,0.413397492538613,-0.458314482825046,0.921748381317726,0.999849893649717,11285.8925793646,2961.84470052443
"b[(Intercept) id:253]",0.174074833338682,0.175932283844828,0.282894918421495,0.288763506957298,-0.293366111434285,0.62205049503088,0.999738237329966,7278.2045954042,2911.23905094181
"b[stress_w id:253]",-0.73963608305912,-0.743222181268062,0.263247235330339,0.261095300249518,-1.16231706945143,-0.300924353201652,1.00153673764549,8274.81367033637,2930.29734688306
"b[(Intercept) id:254]",-0.211375492832977,-0.215674862980726,0.43716991045895,0.43242716399939,-0.930204601184956,0.503947544259482,0.999964488588676,8427.40123181342,2751.17153203282
"b[stress_w id:254]",0.516545358289344,0.523643097428014,0.390513162123474,0.390673076666764,-0.118367483470498,1.18338566743681,1.00177158205551,8275.0187119914,2982.12463499947
"b[(Intercept) id:255]",-0.0840962222545447,-0.0871663831342873,0.294679442494759,0.287620040000352,-0.576514442961626,0.400610460967716,1.00252768397814,7255.48589126186,2643.23879649846
"b[stress_w id:255]",0.0898203966976556,0.0888807897012816,0.271080431767879,0.275707241899221,-0.362450287343423,0.535274239510683,0.999782458524646,8369.2508144504,3137.59815300835
"b[(Intercept) id:256]",0.147757608774241,0.149343335630876,0.437526722225691,0.433852580764915,-0.577892193730855,0.86224325515826,1.00122751681231,9243.12807836464,2850.26005502771
"b[stress_w id:256]",-0.492715043056306,-0.489583038867135,0.398463880675648,0.382890683658791,-1.14737379525364,0.165377924845698,0.999972210574964,9446.67643983885,2236.61953612352
"b[(Intercept) id:257]",-1.13913775200193,-1.13710440298261,0.286073622171626,0.284930102715861,-1.62206332389929,-0.668484518345205,1.00037132943765,5944.57725053378,2786.45255579648
"b[stress_w id:257]",-0.755412945136511,-0.755214373320206,0.276219659350718,0.274622545907888,-1.21697230937772,-0.303080066840406,1.00167497032821,9015.08778724734,2730.06821279877
"b[(Intercept) id:258]",0.781740711060751,0.776009497819138,0.420438433952054,0.41309658210617,0.0767847873192311,1.48085327532069,1.0028947684944,9595.99152995796,3041.65990262003
"b[stress_w id:258]",-0.0558323761580862,-0.0622189802437395,0.410515701672737,0.41660318029099,-0.715505758963042,0.617456599885197,1.00132584197147,9764.90349363898,2621.9803086539
"b[(Intercept) id:259]",-0.274434435405688,-0.275342403593769,0.281318410669466,0.27229763687968,-0.732947796079172,0.186264059342505,1.00036829695488,9231.44099543614,3040.23953718193
"b[stress_w id:259]",-0.178143649499911,-0.180116611602187,0.276170148412702,0.279884854648934,-0.625360935484496,0.274476109121669,1.00243214591435,9970.84703273058,3243.919912362
"b[(Intercept) id:260]",0.678146730123647,0.68703395037876,0.418496372525406,0.411637308717256,-0.0326148630073518,1.36015504481396,1.00057294081517,8109.15607540554,2995.4163922021
"b[stress_w id:260]",0.459181566380607,0.465900128658165,0.401017335332787,0.388595989169635,-0.204836998712075,1.11198644317091,1.00337518734888,9818.85094127624,2939.08912480712
"b[(Intercept) id:261]",0.53621408330848,0.533523094467895,0.30436419701096,0.298974627673641,0.0250690139392955,1.03562227347403,1.00117150056363,5397.79380565254,2847.03595040284
"b[stress_w id:261]",0.00255411641909365,-0.00228017582024323,0.279005790833824,0.274568468454263,-0.442524912199916,0.469294755882252,1.00122671568838,9637.05098808652,2394.13911299492
"b[(Intercept) id:262]",0.648381165382213,0.641704199625867,0.432690634054114,0.439226598208859,-0.0453507017471787,1.36007141759297,1.00302720356567,8936.86442984644,2886.60631330776
"b[stress_w id:262]",-0.106801831965645,-0.102929784617207,0.408665945104586,0.419951651672674,-0.773163842891671,0.556966344719235,1.00333891922434,8389.31233023425,2907.79559579395
"b[(Intercept) id:263]",-0.451857503384904,-0.455864706517821,0.283732344560639,0.284136476375637,-0.915941068712111,0.0151987322242255,1.00221548788122,7472.98546413193,2994.87088236827
"b[stress_w id:263]",0.178231162010492,0.181045952574821,0.277758658301514,0.278373195862298,-0.277865082574196,0.63081612815542,1.00167436192201,8779.27655739949,2882.19000218676
"b[(Intercept) id:264]",0.307249485564412,0.31245743925156,0.426505294242419,0.421390988222412,-0.412849409787196,0.995632920765503,1.00106371681378,8843.68255325009,2728.34305776628
"b[stress_w id:264]",0.252130345502693,0.249784991302018,0.402259160081899,0.402980888635349,-0.4127817388014,0.906430956917387,1.00130723130925,8580.02525192916,3060.78986525613
"b[(Intercept) id:265]",-0.923490244071288,-0.914644257301253,0.275770457601335,0.279330348556219,-1.38120694734969,-0.477882382951207,1.00249538943419,6775.65048558394,3218.22036185556
"b[stress_w id:265]",-0.683431537461722,-0.681630650959677,0.276523525926271,0.272320458283832,-1.12842856202611,-0.224288548591223,1.00358587978634,8198.86567161063,2612.27669041551
"b[(Intercept) id:266]",-0.357128796043569,-0.347829130245766,0.445698751142703,0.447312908976463,-1.1099992543327,0.361129080916978,1.00240754588574,8085.88713929791,2883.15235868509
"b[stress_w id:266]",-0.208363920117231,-0.210683608613456,0.404224528553447,0.386267391986671,-0.859392202627641,0.470278382525124,1.00317576818504,9308.75563466773,2874.0104141613
"b[(Intercept) id:267]",-0.691975392617169,-0.689969290821228,0.289741758880616,0.296420905339947,-1.16258639030624,-0.218607825583407,1.00174571380511,7975.73074426802,3207.13214869623
"b[stress_w id:267]",-0.830043287080412,-0.827552523828493,0.274598251762787,0.272478093100821,-1.27545224957533,-0.391548768833934,1.00173274844496,8771.82538275474,2802.77284284316
"b[(Intercept) id:268]",0.050222043695448,0.0493296653569625,0.431008845477797,0.436908263398601,-0.661997542883452,0.752560447823123,1.0005070905855,7836.48687200255,2840.32124466794
"b[stress_w id:268]",0.590555448517924,0.591547607036205,0.398678395450693,0.40608704195003,-0.0611185048446362,1.25459724428882,0.999980665538185,9058.44956550379,2992.22127956373
"b[(Intercept) id:269]",0.626624013765497,0.618767508813784,0.277401780993889,0.272638299818846,0.177439775242561,1.08109995200129,1.00110286195956,6522.04776334203,3150.12819964266
"b[stress_w id:269]",0.0223202488757625,0.0219840744640508,0.280563003964841,0.274211431463989,-0.437237119553483,0.486072562920932,1.00226974740924,8794.31065769062,2252.5830087894
"b[(Intercept) id:270]",-0.0500570275438325,-0.0476858876531579,0.426943110718207,0.426952074999458,-0.75010821535225,0.641476131641965,1.00628513785492,8533.65221542831,3106.34605665063
"b[stress_w id:270]",-0.257745207976559,-0.254925579761054,0.40360630528863,0.402037593372816,-0.921809865802104,0.398586941106601,1.00345484365804,9426.16315515329,2809.15801287657
"b[(Intercept) id:271]",-0.649689988875082,-0.643432024869966,0.28054567201425,0.279628635027849,-1.11865784194582,-0.191352023547747,0.999967970219948,5926.73371582201,2874.69235090055
"b[stress_w id:271]",0.414373380753786,0.412985996634021,0.279211830099087,0.276718282392333,-0.0383884429270731,0.883796820187024,0.99984856508501,9511.31169298319,2726.69216206589
"b[(Intercept) id:272]",-1.69049839311959,-1.69239668693979,0.427886065772402,0.421633034527706,-2.38501793865366,-0.98679254388535,1.00117606474826,7315.11179686866,2327.16229143073
"b[stress_w id:272]",-0.346070799000635,-0.346001502537523,0.403304615921418,0.39356638264109,-0.99797715575045,0.332844139405875,1.00109379245855,8749.47967820568,2665.14445152455
"b[(Intercept) id:273]",0.385077725069207,0.383488457706187,0.288641996522886,0.292474345577007,-0.0975662403922479,0.862382408214404,1.00027041095541,6765.01276121778,2862.32976450581
"b[stress_w id:273]",-0.480657280595148,-0.481122733219486,0.27474031449501,0.280716815725128,-0.931694614783138,-0.0173385748189798,1.00121682786154,8371.69168738774,3015.43739670793
"b[(Intercept) id:274]",0.805128602524066,0.8063933102541,0.428173156121557,0.425880288495586,0.102862318492565,1.49530880029177,1.00073876654529,7800.95829435643,2491.11928817434
"b[stress_w id:274]",0.0829770058667289,0.0819877116727104,0.404180719046932,0.392040882011896,-0.587758966690059,0.756285615118029,1.0007793486343,11054.7237043744,2905.72291117461
"b[(Intercept) id:275]",-0.0245006830569781,-0.0208323497758971,0.312769865954177,0.316108036093359,-0.533007673901765,0.499685986414238,1.00067977234236,4049.90402254525,2867.00331664106
"b[stress_w id:275]",-0.220370774900647,-0.221400243598422,0.276931328657944,0.278395920653196,-0.68109890083932,0.236325560433317,0.999846510268222,9186.26664756044,3255.80132594629
"b[(Intercept) id:276]",0.211393129855437,0.20479847503509,0.446538639308543,0.443152001924775,-0.520160614949539,0.950289641586376,1.00064513042518,7698.7601065653,2777.88801605112
"b[stress_w id:276]",0.302357501925257,0.309533803976406,0.407510652691857,0.388586674332514,-0.369581273214317,0.972029976905392,1.0002850698847,9790.47047952037,3186.02318192074
"b[(Intercept) id:277]",0.0564008600804384,0.0540990590005292,0.280661700827368,0.283789729130801,-0.408638305870195,0.522364161835667,1.00004242149313,5645.69102634262,2915.99544308454
"b[stress_w id:277]",0.128764284090322,0.132167204128637,0.273477908695508,0.280174797180591,-0.322096474087348,0.576341073202393,1.00203663204463,9493.07593592116,2938.26855892375
"b[(Intercept) id:278]",-0.0157092526104631,-0.013960399247244,0.43005440080184,0.44336536266291,-0.718592227287476,0.678834162845057,1.00650617590279,8768.65961745063,2614.53346716343
"b[stress_w id:278]",0.0342868443225413,0.0327938052116465,0.408777259944627,0.411890023854866,-0.64233416672317,0.706523803502876,1.0030411658413,10748.0214674087,2869.90575060054
"b[(Intercept) id:279]",0.420777730420215,0.417072648376115,0.287686679693713,0.287608955863978,-0.0454868653030491,0.898220764872314,0.999908497381748,8049.84454636216,2989.00634538629
"b[stress_w id:279]",-0.147407263156447,-0.145314599903179,0.273339469767045,0.276097464948584,-0.596094307067616,0.302027739485238,1.0013525056447,10022.0398160325,2950.17926334678
"b[(Intercept) id:280]",-0.322541046618818,-0.324492423701639,0.440592115161422,0.462098822843154,-1.04639110461187,0.376646926232207,1.00273296094338,7678.74167422984,3065.21111095408
"b[stress_w id:280]",-0.0360893661364304,-0.03824804613797,0.399692773792364,0.395486449850417,-0.686238174180637,0.636185836992919,1.00140934147035,9489.33296549553,2665.37713210541
"b[(Intercept) id:281]",-0.298201138737009,-0.294967106534389,0.280415527222626,0.28656796596254,-0.764266628539735,0.164524049420585,0.999731706189491,7232.97284044668,2860.9470446329
"b[stress_w id:281]",-0.331451285755364,-0.333316830788532,0.286842426714167,0.299042014134696,-0.800435310771362,0.143056440957501,1.00033777138696,9017.78805059289,2991.99285570181
"b[(Intercept) id:282]",-0.746165222802005,-0.749823028778586,0.437698835742002,0.44576387435875,-1.48340808147649,-0.0216714801741133,1.00088953530232,7828.25189419014,2764.96514543841
"b[stress_w id:282]",0.109970036694605,0.103491153903266,0.398578873045149,0.398319855389056,-0.529250974883319,0.762360230864232,1.00083066188032,7984.06572729264,3009.45915159076
"b[(Intercept) id:283]",1.02445733965144,1.02654260452065,0.277815820628744,0.278618797367111,0.560227779132594,1.47915787523903,1.00156432510977,6529.80659514053,2717.42631047857
"b[stress_w id:283]",0.142193029667296,0.14249828606078,0.270170007728106,0.274774731864875,-0.300878525639727,0.590467417332185,1.00279999427494,8509.33739444091,3426.50035139963
"b[(Intercept) id:284]",-0.0243010167522241,-0.0313438132132886,0.429454494536398,0.42092942488246,-0.735810882491157,0.688777388086989,1.00012150557926,9020.09701164552,2546.89384398726
"b[stress_w id:284]",0.0913709750703036,0.0916436439325618,0.401443316163652,0.415196019286946,-0.55516041604197,0.746562951817973,1.00059294024682,11368.688868999,2957.32702454693
"b[(Intercept) id:285]",0.574436649556087,0.570240605327144,0.280575767155566,0.279402117049071,0.122842396633987,1.04927684675233,1.00099559801488,6569.60069843694,2907.54778434798
"b[stress_w id:285]",0.078429516327922,0.0788849713673657,0.272714171330507,0.273174070290338,-0.375928714648243,0.527471271844955,0.999650994151107,9331.41944757845,2968.0014406787
"b[(Intercept) id:286]",0.645824382388767,0.652708212333939,0.440737541750904,0.425771891789238,-0.0776544384723122,1.3634613728136,1.00355215650979,8336.64897617025,2642.63531919197
"b[stress_w id:286]",-0.0394556884294105,-0.0459982502767092,0.402101222831919,0.410262256410603,-0.690489939331882,0.629832485872593,1.00129823179019,11464.1738737362,2621.09358120423
"b[(Intercept) id:287]",-0.44722764240952,-0.452095827817979,0.292794479488626,0.293974994021845,-0.921399090441785,0.0307144640007824,1.00202819360291,6266.11033515597,3072.62256292382
"b[stress_w id:287]",-0.777047051009944,-0.777768528836415,0.286525515107692,0.279039902403463,-1.25034443148882,-0.309879599145027,1.00089733119006,8007.4971427151,2908.72645137558
"b[(Intercept) id:288]",-0.698119447540878,-0.697092358509575,0.438196072962872,0.446744059212204,-1.40124793147077,0.0340043278241809,0.999350800596845,7020.15911414424,2720.30972722635
"b[stress_w id:288]",-0.437259330260642,-0.436649474227531,0.40893891761943,0.404033068024383,-1.10963127417214,0.232380149982814,1.00124554807686,8509.52212250573,2812.63458458015
"b[(Intercept) id:289]",1.44330905276433,1.44419804648033,0.293192078997553,0.290483278627901,0.964938024546612,1.92771350913831,1.00038821079089,7107.89941768882,2907.66448948769
"b[stress_w id:289]",0.805142366933711,0.805509929147886,0.270732842443786,0.275158247784445,0.358276542029957,1.25088727660317,1.00018138055047,8514.54788460251,3083.51552308914
"b[(Intercept) id:290]",0.245300841242472,0.244987923956237,0.441225113845039,0.449691156297926,-0.480003602122198,0.964707888084033,1.00186692194294,9945.89567018252,2872.55585251436
"b[stress_w id:290]",-0.10803565966737,-0.105249873450559,0.401237003416906,0.39659674415177,-0.772116760662029,0.534830245343984,0.999910917132776,9063.15375450161,2909.9307702858
"b[(Intercept) id:291]",0.371000065361085,0.368575453525775,0.284257379430033,0.278397205931815,-0.0979714462305908,0.844059662957132,0.999823785856559,7012.47338984533,3187.72123019125
"b[stress_w id:291]",-0.215017932732847,-0.212838543540232,0.272221292651942,0.270252141897139,-0.67109706518864,0.237178494234264,1.00066304827247,9727.88058704132,3248.76397018711
"b[(Intercept) id:292]",0.899507745321763,0.897072480304548,0.437952468218108,0.432333531344161,0.18399232331669,1.62720740851302,1.00097403718265,7639.62212984043,2663.77203063492
"b[stress_w id:292]",0.566254869360702,0.567578475857112,0.400449075442318,0.405097237550952,-0.0851961891528779,1.22020476380437,1.00079846777824,7998.15496165395,3144.38087350777
"b[(Intercept) id:293]",-0.964666825232409,-0.967115557607453,0.295344627167561,0.295026915414871,-1.44675419522405,-0.468850851092493,1.00192010298512,6835.50306643871,2518.65386023773
"b[stress_w id:293]",0.350782783461484,0.34773412308184,0.282674637750152,0.28387834753726,-0.114337887384342,0.818068513116108,1.00108243803915,8197.36535533359,2574.74174257189
"b[(Intercept) id:294]",0.0197456995251508,0.0279477414159907,0.431871031998391,0.431086763622942,-0.683037952180841,0.72239986221899,0.999301829908313,9284.44875392984,2879.24834074813
"b[stress_w id:294]",0.456283213201429,0.456383057878131,0.397326153070501,0.39242306607539,-0.215308512846173,1.1019674207542,1.00102270491101,8304.18459788477,2869.17950328076
"b[(Intercept) id:295]",0.380780854513476,0.383531636137862,0.290987999815254,0.284706728975138,-0.101978916620785,0.856833082565703,0.999900523432371,9008.54918062054,2681.009990177
"b[stress_w id:295]",0.318941261657585,0.318740431336387,0.271155776362559,0.272369285983975,-0.119076090918275,0.761386671976261,1.00132267049824,8573.1872549594,3191.56937675602
"b[(Intercept) id:296]",-0.541395144209731,-0.546850618635522,0.4299646732921,0.429520401753436,-1.23749490830592,0.17424745860329,1.00187843167134,8539.38829748831,2946.25552334998
"b[stress_w id:296]",-0.388141824244665,-0.385253909865895,0.393527062165469,0.392926431652884,-1.02640447577444,0.246307860310943,0.999603674009405,9167.83696156559,2987.02573290157
"b[(Intercept) id:297]",-0.971319178432,-0.966689862622142,0.288640882790276,0.285909048841989,-1.44692213860602,-0.503362362390437,1.00026524954737,6700.55786402948,2487.65947778589
"b[stress_w id:297]",-0.938775624236856,-0.936220810159219,0.273041369640545,0.270249530114985,-1.39843536448576,-0.495310110123005,1.00157934875253,8643.01299589157,2868.61703378288
"b[(Intercept) id:298]",-0.0309019852040935,-0.0314227522331579,0.439025946335291,0.433774029502569,-0.755012379518422,0.702853803159948,1.00104926305651,7661.69825102888,2937.34876639495
"b[stress_w id:298]",-0.469485284210118,-0.460860612850236,0.407253978639864,0.404798945945914,-1.16145590669114,0.187228263936145,1.00069143367475,9900.04808408956,3052.28957229192
"b[(Intercept) id:299]",-0.326198147984635,-0.323688407785774,0.277074823405742,0.27307518779964,-0.790778065962668,0.130304449198946,1.00089644992055,7270.25756645451,3045.15238814403
"b[stress_w id:299]",-0.214305291615834,-0.211822377234618,0.272137524825256,0.267317056796962,-0.664142873967495,0.230444312400348,1.00171015392614,8086.57865764529,2435.42985982489
"b[(Intercept) id:300]",0.0904684343800763,0.088568268095623,0.415725151421055,0.414876166201367,-0.589402274444132,0.77666631186096,1.0009539521763,6731.39351576638,2708.07765111163
"b[stress_w id:300]",-0.342920089757526,-0.34484634417302,0.415787827700796,0.403209499714514,-1.0289522349382,0.34874265065587,1.00074781893231,9505.36984099753,2438.97872383001
"sigma",1.49769692822998,1.49792609119705,0.0169753510468023,0.0167264984304725,1.46967046962393,1.52520193228075,1.00067105711359,6179.81658518007,3471.12518273421
"Sigma[id:(Intercept),(Intercept)]",0.578069472431381,0.575695612418175,0.0610209084286759,0.0622250933776755,0.482653729948929,0.683532178790714,1.00239013206241,1429.88535815884,2691.336134842
"Sigma[id:stress_w,(Intercept)]",0.139644357800822,0.138583177163115,0.0365761668822013,0.0370302818047628,0.081644873394544,0.19976371562021,1.00148364404603,1209.25786116618,2041.13572314133
"Sigma[id:stress_w,stress_w]",0.348664771125625,0.345729885464967,0.0422871895261079,0.041988349122755,0.284096476244355,0.422346680728677,1.00087705090396,1624.41335017183,2901.77068635552
