       -1.3380235917       -0.8035980906       -1.0673300758        0.1229231216        0.9447058371        0.0559927717       -1.4240583299        0.4684358481       -1.0323025713        0.4784520077   1
        1.5433582218        1.5986421366       -1.1491637286        1.0761850273        1.3016236640        3.1716743387       -0.1707902083        0.4684358481        0.3894741112        0.4784520077   2
        0.9418435715        0.1967034030        0.9362240662        2.9594283063        1.0960675211        3.3448972822       -0.0663267568        0.4684358481        0.7492441558        0.4784520077   3
        2.5764494314                   *        0.7232489780        1.5113406142        4.0064911799        2.8625131402        0.7621620113        0.4936913748        0.9277036470        0.4793446644   4
       -0.0831577179        0.5979671109       -0.1387512176        1.0571910203        0.4159901443        0.3337737712       -0.6655422325        0.4684358481       -0.7388775615        0.4784520077   5
        2.8200434188        2.7289434737        1.8053248867        1.1163309561        0.2529269946        2.2993410049        1.0784328371        0.4684358481       -0.0838958105        0.4784520077   6
        0.1636759850        2.4716543778        1.6871906215        2.4559041516       -0.1814327142        0.9041880892        0.1177844985        0.4684358481       -0.3300746363        0.4784520077   7
        0.4766886712                   *       -0.9716984299        0.6519294253        1.8885660765        2.2919408205       -0.4671902522        0.4936913748        0.0682353821        0.4793446644   8
        1.6843003515        1.7047393130       -0.2867164860        0.9562364588        1.0043036789        2.1133347751        0.0630288418        0.4684358481       -0.0260186481        0.4784520077   9
        2.5152552992       -0.2173838135        0.8677886366        2.0503336537        2.6207982778        4.1118894600        0.4279879593        0.4684358481        1.0824681355        0.4784520077  10
        0.3205399822        2.5013689017       -0.1390680561        0.8543612723        0.3166088736        0.2193356503       -0.2714515882        0.4684358481       -0.7719940075        0.4784520077  11
        1.5781066932                   *       -1.0626819510       -0.5677944747       -0.4126936814        1.1498771981       -0.2395725215        0.4936913748       -0.9649657630        0.4793446644  12
        2.9374971647        1.3270663871        2.4911570873        2.3224727620        0.3923970616        1.7148294686        1.0067978708        0.4684358481        0.0466506150        0.4784520077  13
        3.1546681364        2.2588394718        0.4850222664        2.8990359969       -0.4110537462        0.7134289685        0.5472836161        0.4684358481       -0.1010626000        0.4784520077  14
        1.5017146760        2.4150184295        0.5061507923        2.6911921877        3.0953618944        3.3693001212        0.3830276999        0.4684358481        1.1793777471        0.4784520077  15
       -0.3545516191                   *        0.5738097243       -0.3058694718        1.7938341292        0.9391194242       -0.2783828574        0.4936913748       -0.7017894030        0.4793446644  16
        0.5073979904        1.4229114558       -1.9041805002        0.7783466450        0.6082157932        0.9630823162       -0.8114948543        0.4684358481       -0.4677418904        0.4784520077  17
        2.4284682015        2.8846071835        1.9167696341        1.8788693353        1.0249272776        0.8347214065        0.9380811578        0.4684358481       -0.1557702080        0.4784520077  18
       -1.0908086765        1.9765653788       -0.4889262093        1.6307794869        2.4210750823        1.8034819360       -0.7231035357        0.4684358481        0.2188106659        0.4784520077  19
        2.4097823689                   *        0.9687283598        1.4779071244        2.9725322467        3.6202028241        0.7897568443        0.4936913748        0.9108958289        0.4793446644  20
       -0.0636618593        2.5122736021       -0.6562295433        1.2215601407       -0.0218877310        2.2029671606       -0.4489256758        0.4684358481       -0.1782732600        0.4784520077  21
        0.7183140747        0.1112846102        0.0246280110        1.5141922021        0.4266803394        3.0729337951       -0.3550931812        0.4684358481        0.1748844440        0.4784520077  22
        1.0567902709        1.8132669971        0.0028845327        3.1595472841       -0.0180283992        1.7111574876       -0.1825375726        0.4684358481        0.2258029736        0.4784520077  23
        2.3214543223                   *        0.2614422712        1.3182195076        0.1834872926        2.0799306218        0.3623533952        0.4936913748       -0.0828225863        0.4793446644  24
        2.7450529717        1.6767255818       -0.8106414677        0.0217897531        0.4681782937        3.1014497117        0.2878454337        0.4684358481       -0.0315650657        0.4784520077  25
        0.8976577107        1.0746515504        0.7491809787        1.8822494017        2.2908795578        0.6173237238       -0.0414758689        0.4684358481       -0.0470627117        0.4784520077  26
        0.7705565271        2.4919852917        3.1520010460        1.9114746733        1.8304320650        3.7278089592        0.9302220949        0.4684358481        0.6635023648        0.4784520077  27
       -0.8373328219                   *       -1.8031471748        2.4692609011        1.0331534682        2.4418804545       -1.2520535292        0.4936913748        0.3986877338        0.4793446644  28
        0.2564715167        1.9953312203        0.7710819174        0.8446554639       -0.0259004205        0.8028157971       -0.0964955092        0.4684358481       -0.7369679460        0.4784520077  29
        1.1927789491        3.1729124970        0.5522015410        1.3417630626        0.6004887308        1.2705488357        0.2975842820        0.4684358481       -0.2572306029        0.4784520077  30
        1.1793675460        1.9440924926        0.8209604443        3.1412676903        2.1290729599        3.4212984338        0.2566463490        0.4684358481        1.0863313932        0.4784520077  31
        1.6564882476                   *        0.2982786594        4.8193535714        3.8376630336        3.2707575318        0.1801359386        0.4936913748        1.8779968979        0.4793446644  32
        0.9321934741        3.7681771525       -0.0344449672       -0.3386601268        0.5953054528        1.5415068166        0.2503745587        0.4684358481       -0.6139887014        0.4784520077  33
        2.1153111173        1.9073140011        0.3326443978        0.2643517129        1.4456040161        0.3249652910        0.3427939866        0.4684358481       -0.6307689636        0.4784520077  34
        2.3244642067        2.2989064588        0.6472927948        4.2803848240        4.0366497541        3.2711444879        0.5807479220        0.4684358481        1.8033981526        0.4784520077  35
        0.5332926828                   *        1.7747094515        3.5619412553        1.1046841272        2.7151143747        0.2172368123        0.4936913748        0.7234661409        0.4793446644  36
        0.9951831033        4.5583759308        3.3059023346        6.1550239653        2.9963136797        3.7847227411        1.1695138943        0.4684358481        2.1317005301        0.4784520077  37
        0.7624526060        0.4535424431        0.8148788349        4.0844834919        2.0703220923        1.3552068406       -0.2342745135        0.4684358481        0.6938068916        0.4784520077  38
        3.3334198129        3.6714298835        4.2671363778        2.3086787278        0.8155930070        0.7729483214        1.9179918369        0.4684358481       -0.1344858396        0.4784520077  39
        0.7881448186                   *        2.5694447064        1.7731117829       -0.1771229801       -0.3797391099        0.4157700746        0.4936913748       -0.8998519114        0.4793446644  40
        1.2480719125        2.4185998990        2.7271403287        1.9025372762        0.6473733202        2.7182402200        0.8440566629        0.4684358481        0.1924923198        0.4784520077  41
        3.3421951887        1.2914817925        1.7532100752        1.8635207190        1.6142398915        2.2244113119        1.0027710195        0.4684358481        0.3532965859        0.4784520077  42
        0.2860959633        2.2140305646       -0.1379035732        0.7382975988       -0.3596284854       -0.2585429789       -0.3648037869        0.4684358481       -1.0779731420        0.4784520077  43
       -0.4409437118                   *       -0.0197667180        1.7015091981        0.3692238240        2.2291529918       -0.5811781528        0.4936913748       -0.0485904299        0.4793446644  44
       -1.1425933947        0.2869971047        0.6328401697        3.4576433092        3.1759711889        3.0678650832       -0.6816487109        0.4684358481        1.1186562954        0.4784520077  45
        2.9549730428        2.3832892493        1.7928865224        3.2390493394        3.3736416524        2.8047090363        1.0883864020        0.4684358481        1.2415547311        0.4784520077  46
        1.8237938220        1.0526955135        0.8563184205        0.4486192320        0.4990399798        2.2985622463        0.3362217172        0.4684358481       -0.2745821481        0.4784520077  47
        2.3186415094                   *       -0.3722995790        2.0921011731       -0.1829823954        1.9326825354        0.1027816139        0.4936913748        0.0417080558        0.4793446644  48
        0.7322501673        2.8280424177        0.3747003441        1.8019082883       -1.6851799607        1.2887050308       -0.0316280480        0.4684358481       -0.5932034947        0.4784520077  49
        1.5683357912        1.5635643488        1.7940322953        0.5098339092       -0.3697137588        0.6084854849        0.4796485730        0.4684358481       -0.9402697199        0.4784520077  50
        1.7957992951        1.4624544825        1.0891500178        1.3158471399        1.7928877790       -1.2974433717        0.2733992537        0.4684358481       -0.7920320461        0.4784520077  51
        1.9804112225                   *        2.4428340213        0.7954284727        0.1385672095        0.9837199892        0.8879135464        0.4936913748       -0.6494444723        0.4793446644  52
        0.8315725147        1.8959662526        0.8357849133        0.9286515523        1.2997213959        0.7344787020        0.1046791490        0.4684358481       -0.4524402675        0.4784520077  53
        4.1088823098        3.5825782879        3.2017608225        2.6565620516        0.6500860145        3.1279945918        1.9231004619        0.4684358481        0.6739784933        0.4784520077  54
        0.5846802673        1.9187524835        2.1759387645        0.9726377240       -1.3702657407        0.3196631696        0.2910825562        0.4684358481       -1.1463311439        0.4784520077  55
       -0.4607346336                   *        0.2528557597        0.8568152967       -0.9650468910        1.1334221371       -0.5696579489        0.4936913748       -0.8580289928        0.4793446644  56
       -0.0299593163        0.2318731976       -0.4876425791        2.0813562357        1.7694533429        3.9145384332       -0.6251197620        0.4684358481        0.8133145004        0.4784520077  57
        0.7150266481        1.3070698718       -0.4997970420        2.3233197780        2.5566245389        0.6812650600       -0.4101172183        0.4684358481        0.1975408749        0.4784520077  58
       -0.0213442291        1.9852465761       -0.0482821705       -2.1197194806       -1.8663590186       -0.4597778255       -0.3778700507        0.4684358481       -2.2366359469        0.4784520077  59
       -0.9203786568                   *       -2.7534805213        1.4220443050        1.2222459244        1.8897358088       -1.5320181350        0.4936913748        0.0275271406        0.4793446644  60
       -1.3126685322        0.1644308833       -0.8058403553        0.7682283876        0.2369396110        0.4509779915       -1.2396430482        0.4684358481       -0.8654972174        0.4784520077  61
        1.2938008894        1.9958647096        0.5852321144        2.0432864878       -0.2798329464       -0.1476284268        0.0236607512        0.4684358481       -0.6600464485        0.4784520077  62
        2.0220437603        0.6024329721       -0.7270945748        1.1865371177        3.0444767532        1.1054845215       -0.1180385330        0.4684358481        0.1573372254        0.4784520077  63
        0.2344480151                   *        1.3097036939        4.0273640812        1.9114910905        4.3806884577        0.0815134856        0.4936913748        1.4759477032        0.4793446644  64
       -0.4334212176       -0.1820749818       -0.0693086973        1.4554043665        1.6714721064        3.8775681906       -0.6572846074        0.4684358481        0.5605112887        0.4784520077  65
        2.5770039509        2.5022799166        2.1826341468        4.8483122074        1.3614750735        2.2163882400        0.9272757044        0.4684358481        1.0955595489        0.4784520077  66
        3.0290970560        0.9837230185        3.1282439135        1.3226580144        0.8914103708        1.3384296754        1.2050397353        0.4684358481       -0.2705053984        0.4784520077  67
        1.1874805055                   *        0.4105311628        2.0675007777       -0.1394719171       -0.2116783687       -0.1242664559        0.4936913748       -0.6549816362        0.4793446644  68
        0.9956601804        1.2331101147       -0.0632558604        2.3540985121        0.8288766878       -0.4652472617       -0.3426487707        0.4684358481       -0.4559755477        0.4784520077  69
        0.2057327669        2.1805181429        0.1015757022        0.0884851221        0.5996056276        0.1112735450       -0.2417218907        0.4684358481       -0.9836380370        0.4784520077  70
       -1.3447702158        1.6521817263        0.6200091925        2.5325496349        0.3040038284        0.5682384434       -0.7185529973        0.4684358481       -0.3613204392        0.4784520077  71
        0.2897370001                   *       -0.4220841720        3.5689990839        2.2057605404        3.2251646448       -0.4563696836        0.4936913748        1.1564188457        0.4793446644  72
        0.1773560823        1.5197738872        0.1365317620       -0.1653732689       -0.5519242867        1.0318849838       -0.3185750531        0.4684358481       -1.0401157070        0.4784520077  73
        0.4076939948        1.7347864753       -1.9604282140        1.8054764555        2.2436386459        2.2303224164       -0.7397620077        0.4684358481        0.4906412659        0.4784520077  74
        2.1285785641        2.2412835580        2.0014763205        1.8349732747       -0.5238583098        1.3863539110        0.7591230810        0.4684358481       -0.3504801866        0.4784520077  75
        2.2676990762                   *        1.5627673611        2.5929724414        2.6660921389        2.2971767495        0.7787854304        0.4936913748        0.7531544376        0.4793446644  76
        1.4895981659        1.9209557284       -0.0386484330        2.9807599535        2.1081484875        4.1556240852        0.1479123929        0.4684358481        1.2984104976        0.4784520077  77
        2.0199919240        1.7884830119        2.2867345765        3.7415237899        0.7693488822        1.5679981709        0.6983560356        0.4684358481        0.4424578349        0.4784520077  78
        2.0511941281        3.0018985465        0.0607743798       -0.5390508443       -2.5609978796        2.0278426073        0.3988186691        0.4684358481       -1.1107429700        0.4784520077  79
        2.1687764750                   *        2.8460625921        2.4173809060        0.2817940836        2.8074368183        1.0853624672        0.4936913748        0.3281633120        0.4793446644  80
       -0.2273741745        1.4235074541        0.1387232410        2.5759017764        1.5546790899        1.3407724565       -0.4939228475        0.4684358481        0.1822693879        0.4784520077  81
        2.2732373384        3.1929702846        0.7054474632        3.2138550914        2.3150401597        2.8937472538        0.6894127330        0.4684358481        1.0916598733        0.4784520077  82
        2.4829818143        4.0311555076        1.2982583177        3.7253851911        2.1839877062        2.2487676532        0.9712387095        0.4684358481        1.0334326341        0.4784520077  83
       -1.0108373235                   *       -1.1227855386        1.2745784865        1.3141153425        2.7498712004       -1.0034395947        0.4936913748        0.1754930575        0.4793446644  84
        1.1057579036        1.0402578884       -0.0627602333        1.4081320156        2.3810415075        3.0358547638       -0.0628659453        0.4684358481        0.5632436781        0.4784520077  85
        1.3526126393        0.5599432660        1.5350027997        2.0261026400       -0.0657204061        1.9681105610        0.2030079166        0.4684358481       -0.1124175774        0.4784520077  86
       -0.0674189624        0.4050466507        0.6174526528        3.9338665148        1.2489141173        2.7367084280       -0.4775442941        0.4684358481        0.8441887287        0.4784520077  87
        1.4333245026                   *        1.5645569124        3.5620197966        1.6486771527        1.9664016983        0.4100192401        0.4936913748        0.6795761502        0.4793446644  88
        0.9442266834        2.6705703266       -0.0805151561        3.0009528558        1.6536617822        2.4913891648       -0.0047433677        0.4684358481        0.7452719676        0.4784520077  89
        1.8123533166       -0.2965992928        1.1776624890        2.8330751312        1.0914413572        2.8205824854        0.1485950656        0.4684358481        0.5877300513        0.4784520077  90
        2.3009441154        2.7408148435        2.8864462023        2.1114649996        4.6084907568        2.8194816078        1.3599438494        0.4684358481        1.1005509332        0.4784520077  91
        3.0909903360                   *        1.4741119430        2.0246294272        0.8865449733        1.5374520547        0.9263693760        0.4936913748        0.0904168934        0.4793446644  92
        1.0660113550        3.6180792619        2.3484632208        3.3608873188       -1.0454827972        1.2075848701        0.6585470131        0.4684358481       -0.1155313159        0.4784520077  93
        1.0101918995        4.4566806385       -0.6330052847       -0.0504894663        0.2551175226        1.2173826195        0.1669361825        0.4684358481       -0.6406270075        0.4784520077  94
        0.4083619443        2.7361079547        1.4557099644       -1.5554451950       -0.2935550026        0.0200759531        0.3150951073        0.4684358481       -1.6693591164        0.4784520077  95
        1.0768819253                   *       -0.4244605182       -0.9419040929       -1.2273293910       -1.1434445192       -0.3382850203        0.4936913748       -1.9233261146        0.4793446644  96
        2.4101632491        3.8605255632        2.2021863503        4.5652280304        0.1518871815        4.4729157616        1.1724773407        0.4684358481        1.4425819438        0.4784520077  97
        0.1734272245       -0.9341655772       -0.2955507921        2.3758722870        0.6844444370        1.9234366577       -0.8407767757        0.4684358481        0.0974108589        0.4784520077  98
       -0.2250778027        2.8687416590       -0.2073597014        2.2215025199        0.6331358430        0.2813644250       -0.4421858504        0.4684358481       -0.3332400702        0.4784520077  99
        1.5017533541                   *        0.4739878621        1.1579758264       -0.5498435150        1.2760077942        0.1100693463        0.4936913748       -0.5504459992        0.4793446644 100
        0.8850909398        1.0368863326       -0.9009411395        2.3730723263        2.1952962338        2.5858321881       -0.4321622286        0.4684358481        0.6933593705        0.4784520077 101
       -0.0730831475        0.8267982803       -0.8886253618        1.4740078581        1.5096166654        1.5142288330       -0.7582381727        0.4684358481       -0.0418034776        0.4784520077 102
        1.9027351306        1.4684289207        0.6315321600        1.9836339312        1.0242356947        2.8248510237        0.3252544040        0.4684358481        0.4214003361        0.4784520077 103
        3.7317290965                   *        2.2193935533        3.5987219026        1.0058064093        3.8897980447        1.3987696910        0.4936913748        1.2109802815        0.4793446644 104
        2.9229812806        1.8042724889       -0.3623193888        0.5092870459       -0.4923539433        1.1580920616        0.3234069614        0.4684358481       -0.6343339972        0.4784520077 105
        0.5043368943        0.5996716980       -0.5041309461        2.0403629090       -1.6259061900       -0.2372787461       -0.7515879786        0.4684358481       -0.9759757075        0.4784520077 106
        1.8161883142        2.4126728262        0.2619355870        1.3014529983        1.4496510726        0.5018008597        0.2717478795        0.4684358481       -0.2941899377        0.4784520077 107
       -0.3474136684                   *        1.1316139231        1.8864836907        0.1733147035        2.2855487029       -0.2164220717        0.4936913748       -0.0610951268        0.4793446644 108
        0.5361133907        0.4060760145       -1.2369278290       -0.0987529090        0.1881734930        1.9268010677       -0.6926952371        0.4684358481       -0.5777388203        0.4784520077 109
       -0.4703183722        0.7525000837        1.3243178801        1.4326428944       -0.1202699333        1.5450098264       -0.3257326088        0.4684358481       -0.4840626732        0.4784520077 110
       -0.3399078731        0.8528337422       -0.2720694114        0.1207558983        1.8438313075        0.0532476054       -0.6530189079        0.4684358481       -0.7984408998        0.4784520077 111
        1.4910374010                   *       -1.7867428030       -0.4832164772        0.4412613413        1.7804776528       -0.4235145365        0.4936913748       -0.5751287212        0.4793446644 112
       -1.0795879085       -2.0982909124       -2.2770654455        0.5890493344        0.5226298481        0.4882677284       -1.8916507156        0.4684358481       -0.8320215432        0.4784520077 113
        2.2245964562        3.0554360422       -0.5078639595        3.4251536742        1.4806027998        4.0365249095        0.3406585091        0.4684358481        1.3570228393        0.4784520077 114
        1.4367407732        1.4966451807        1.5692225705        0.1969498121        0.3475679259        1.2075985960        0.4423922827        0.4684358481       -0.7184264282        0.4784520077 115
       -0.5635472194                   *       -0.0271689423        2.3962318505        0.6786025839        1.3665851288       -0.6963189430        0.4936913748       -0.0472931386        0.4793446644 116
       -1.1195132053       -0.9244487608       -1.9316332178       -0.9313808099       -1.1004326102       -0.3583916122       -1.6570415587        0.4684358481       -1.7852994975        0.4784520077 117
        0.3393112420        2.2593589490       -0.1391727701        3.0000274678       -1.9072247153        2.3224323355       -0.3817629506        0.4684358481       -0.0309697058        0.4784520077 118
       -0.0350150497        2.5014880929       -0.8574712373        0.3783847640       -2.5458701842       -0.5006826982       -0.6788730560        0.4684358481       -1.6429295637        0.4784520077 119
        2.0075867052                   *       -0.3517002395        0.5532511133       -0.1126588004        0.7147893465        0.0339910629        0.4936913748       -0.7259309284        0.4793446644 120
        2.3130128839        3.1382351931        1.5574582981        2.4936077616        0.3432321714        3.0411970975        0.9011452855        0.4684358481        0.5152920300        0.4784520077 121
        2.3376518095        0.6952123648        2.3568507114        4.8766931705        3.5110521349        5.8028812591        0.8952658209        0.4684358481        2.4507609736        0.4784520077 122
        1.9461930962        0.1199761708        1.2891159223        2.5062732146        1.4508129473        1.0808459765        0.2193765376        0.4684358481        0.0947197456        0.4784520077 123
       -0.9730265788                   *        0.3437910110       -0.2864714431        0.9045458955        1.7560109579       -0.5290173463        0.4936913748       -0.6664805322        0.4793446644 124
       -0.0772009762        0.5825733147        3.0967719700        4.5739620017        2.9954202438        3.0830501439        0.2716850480        0.4684358481        1.3450145977        0.4784520077 125
       -0.0940904219        2.6361113258       -1.1993292493        2.7833931909        2.2161036359        4.7596342366       -0.4604246242        0.4684358481        1.4245060239        0.4784520077 126
        0.0346505389        0.3999071992       -0.2749253343        1.9259207368       -0.1402753185       -0.7711507950       -0.8180534420        0.4684358481       -0.9098282147        0.4784520077 127
        1.0727648102                   *       -1.1603572444        1.1078029972        1.3010900210       -0.6422986743       -0.5527879791        0.4936913748       -0.7020990701        0.4793446644 128
        0.2707909094        0.7529751107        0.3601245537        3.2191121799       -0.2203726280        1.1239669457       -0.4989312229        0.4684358481       -0.0477717433        0.4784520077 129
        1.5054406618        3.2978476243        3.3285507039        3.3587435602        2.2346820983        2.8930530497        1.2008680638        0.4684358481        0.9582034068        0.4784520077 130
       -0.2000050921        2.9521905386        0.0592683367        1.7866223571        0.0800120702        3.0055484400       -0.2102235964        0.4684358481        0.1930813184        0.4784520077 131
        0.3455246877                   *        1.0237784699        2.1496441692        0.2101642669        2.3651326393       -0.0444247798        0.4936913748        0.0847724452        0.4793446644 132
        0.7586986029        0.2729342640        1.3190419467        2.0143872250       -0.4858961717        1.6663680880       -0.0926783241        0.4684358481       -0.3101755226        0.4784520077 133
        0.2050057823        2.4255187685        0.3024172717        0.3139734515       -3.1264104538       -2.4430149771       -0.4199331520        0.4684358481       -2.3585159158        0.4784520077 134
        0.6075538751        2.7448416450       -0.2155750328       -0.0842767658        0.6025157752        1.6239128124       -0.0489727709        0.4684358481       -0.5566693995        0.4784520077 135
        1.1765947744                   *        1.7768469790        3.2439619710        1.7453222971        1.7467015369        0.4047720530        0.4936913748        0.5263374882        0.4793446644 136
        0.8545173076        2.2112352207        2.0220470120        0.5628991129       -2.9090011152       -0.3842690977        0.2987697736        0.4684358481       -1.7238589010        0.4784520077 137
       -1.4106373588        1.2147629521        1.3741464882        1.6700699689        1.1500829181        3.6964595781       -0.3645801885        0.4684358481        0.3895431993        0.4784520077 138
        0.4741855868        3.7122201580        2.2413747023        1.2254190694       -1.7558010830        0.7506349461        0.5387002257        0.4684358481       -0.9901293018        0.4784520077 139
       -0.1242967016                   *        1.1478068829        0.8266524211        0.0010904605        0.3954037068       -0.1955103579        0.4936913748       -0.9022950013        0.4793446644 140
        3.1331812548        2.2766872333        1.7883057190        1.5327831843        1.9814125627        2.5920453383        1.1477491121        0.4684358481        0.4510300800        0.4784520077 141
        1.1987676181        1.1932718933        1.1994845191        2.8623622500        0.3513504145        1.2196820339        0.0965703737        0.4684358481        0.0135884336        0.4784520077 142
       -0.7687236256        1.8828097832        0.0994547917        1.3276686872        1.2620255355        2.1695357747       -0.4928124541        0.4684358481        0.0009364664        0.4784520077 143
        1.4923661202                   *        0.0557227820        0.9300982293        0.2888264297        4.0547593065        0.1800127843        0.4936913748        0.3457260741        0.4793446644 144
       -0.3571005105       -0.4085108639        1.2290217830        3.6283787382        1.5421244228        1.6745111469       -0.5382016537        0.4684358481        0.4544876107        0.4784520077 145
        1.7162747413        1.0844051985        0.7906083726        2.5484068740       -0.0699086035        2.5773518548        0.1814581535        0.4684358481        0.2680556412        0.4784520077 146
        1.1951698445        1.3826102117        0.9512689491       -2.5441413593       -1.2694380931       -0.1119184455        0.2046183764        0.4684358481       -2.1397328551        0.4784520077 147
        2.4159464532                   *       -0.4057907958        2.9003468429        2.8672979520        4.6167389478        0.3449602732        0.4936913748        1.6146355838        0.4793446644 148
        1.9369172844        2.1784936177        0.5390385101       -1.5978351971       -1.8783363185       -3.6611342649        0.1678654608        0.4684358481       -2.9099339656        0.4784520077 149
        1.4981117516        0.8519021828        2.9464867735        2.9339913404        1.8144127853        0.9496210174        0.6420116360        0.4684358481        0.1666320330        0.4784520077 150
        0.9814827405        1.6328270169        0.6535549856       -0.1178677964       -0.6665028578       -0.5519040803       -0.0227964699        0.4684358481       -1.4705506200        0.4784520077 151
        2.4123359735                   *        1.8669991589        2.5927659455        0.6323337532        2.2199234595        0.8332102536        0.4936913748        0.3328259578        0.4793446644 152
        3.1863809731        3.0728487496        3.0308952214        2.5820040424       -0.6132619901        3.3568019489        1.5161653726        0.4684358481        0.4188362772        0.4784520077 153
        0.3204709637        2.1494536259       -0.4524076218       -1.8018949921       -0.7794804540        0.8633380058       -0.2812694951        0.4684358481       -1.5285596273        0.4784520077 154
        3.7362364077        0.1837850988        2.2164306770        2.6478414658       -0.7935965101        1.5557640034        0.9187896590        0.4684358481       -0.1152702669        0.4784520077 155
        1.9483800035                   *        1.5334924614        2.0625827273        3.0376885047        0.9615826695        0.6408819140        0.4936913748        0.2882979048        0.4793446644 156
        1.5432890837        1.0135578115        0.5403336608        2.0940032536        1.2466823468        0.8333289705        0.0353765405        0.4684358481       -0.0889616009        0.4784520077 157
       -0.6166817689        1.7930604238       -1.0953154370        1.1329882921       -1.0007925217       -0.3230400605       -0.9855832639        0.4684358481       -1.1263542187        0.4784520077 158
        1.0395972148        0.9163115151       -0.2409910593        2.7477396706        0.0719233588        2.6874283236       -0.3137042771        0.4684358481        0.3884228616        0.4784520077 159
       -0.0827897930                   *       -1.2278143685        0.1397696283       -2.3293006432        1.0494716553       -0.9213157637        0.4936913748       -1.2610649342        0.4793446644 160
        1.0054242977        0.7182272886       -0.1632090891        2.3804895775        0.3030907643       -2.0281903377       -0.5415243615        0.4684358481       -0.9963398203        0.4784520077 161
        1.2480776761        0.6412219413        1.8662812401        0.6073019337        1.6475404215        0.4578836079        0.3319966181        0.4684358481       -0.6110672747        0.4784520077 162
        0.5348505292        1.4891742566       -0.9175057402       -0.9883927807       -3.7856926610        0.1668934044       -0.6272919454        0.4684358481       -2.0669400013        0.4784520077 163
        1.8885307235                   *        0.7362296017        2.1749455459        0.0369740959        1.5290090599        0.2890924455        0.4936913748       -0.0756297283        0.4793446644 164
        0.1283413610        1.5521096540       -1.7243028244        1.8878031066        2.9885295284        4.1356958481       -0.6620610897        0.4684358481        1.1592998500        0.4784520077 165
        1.8991190897        2.1096753085       -0.2319299012        0.1810115339        1.5123404669        0.9129607895        0.1939027358        0.4684358481       -0.4561620142        0.4784520077 166
       -0.1972210972        4.1173288617        0.8421167580        3.9767494142        0.9750080505        1.7283502484        0.0338580735        0.4684358481        0.6069600070        0.4784520077 167
       -0.5285437949                   *       -1.3574808014        2.7491635331        1.4846646998        3.1901245984       -0.9775496613        0.4936913748        0.7726958779        0.4793446644 168
        0.1383604165        0.9736325946        1.2206272845        2.5015488668        0.7981312094        1.0331711319       -0.2001526171        0.4684358481       -0.1134758339        0.4784520077 169
        0.4494180288        1.5094162224        1.5534627906        0.5210451690       -1.2463472475        0.8299836455        0.0750959510        0.4684358481       -1.0935400751        0.4784520077 170
        0.1536939546        1.3626966383       -0.2198988774        2.9532841481        1.7716406959        1.4075959490       -0.5035480362        0.4684358481        0.3811250103        0.4784520077 171
        2.4383473327                   *        2.4921760710        3.3838764613        1.6723237449        1.8749997002        1.0082830324        0.4936913748        0.6306496057        0.4793446644 172
        2.1491785685        1.9280543747        1.7471322991        1.7973807042       -1.3940684288        0.5140397736        0.5766500533        0.4684358481       -0.7687734570        0.4784520077 173
        0.2491645713        0.5030647405       -0.7161615635        2.4101308636        1.3789507231        1.9121070790       -0.7009966356        0.4684358481        0.3010102526        0.4784520077 174
       -0.1833507173        1.3721277701        0.6157110279        1.2203228371        1.8571885377        1.8282237109       -0.2551772170        0.4684358481       -0.0161850820        0.4784520077 175
        0.2280695143                   *        0.2254976080        2.0648380629        0.7025026722        1.6947149332       -0.3374422409        0.4936913748       -0.0056089786        0.4793446644 176
       -0.2117948640        1.6667361072       -0.6422387308        0.7141328874        0.8539334450        1.6382662013       -0.5834352485        0.4684358481       -0.3378062149        0.4784520077 177
        2.3601813992        4.6761930617        2.2249373501        2.7720547085        1.5335420288        3.0684002880        1.3531038454        0.4684358481        0.8439222154        0.4784520077 178
        2.0781224848        2.2801929206        0.8223972185        5.5827261852        3.2333133682        4.0407220998        0.5027193842        0.4684358481        2.1992624884        0.4784520077 179
        0.6502211045                   *        1.3758986999        1.8037678239       -1.1571690488        3.4297763817        0.1827635443        0.4936913748        0.0268926074        0.4793446644 180
       -0.0128479226        0.9483521123        0.5138573368        5.1817129655        1.0573736605        4.5897140938       -0.3869938247        0.4684358481        1.6901995784        0.4784520077 181
        0.1413070928        2.4666134529        0.3846919217        2.5650766575        0.6463620204        1.5014167722       -0.1930382929        0.4684358481        0.0853534605        0.4784520077 182
        1.8594773268        2.4202890460       -0.1236797104        4.4629104306        0.0591563658        2.4210270227        0.0679485602        0.4684358481        0.8613455720        0.4784520077 183
       -0.1968356405                   *        0.3773396622        1.3011377314       -1.4148128630        2.1324423581       -0.4368349352        0.4936913748       -0.5333255206        0.4793446644 184
        0.9051397549        1.1733990382       -0.0861753810        4.0432502949        1.3333954779        3.2245316098       -0.2650485674        0.4684358481        1.1311158523        0.4784520077 185
       -1.9165040443        0.0146410250       -1.5498388540        1.6132159529        0.0710793883        1.5161564915       -1.6282528282        0.4684358481       -0.3693711538        0.4784520077 186
        0.2500398406        0.2410692302        1.9548467491       -0.1479093928       -2.8694762314       -0.8859507274       -0.1664466168        0.4684358481       -2.1345215341        0.4784520077 187
        2.3339807698                   *        2.3272632527        1.2282186598        0.5317832497        2.1255224838        1.0164466763        0.4936913748       -0.1093882729        0.4793446644 188
       -0.9040964664        1.2303375049       -1.5343344089        1.5960361133       -0.3103042256        1.1868368159       -1.1923211292        0.4684358481       -0.4541743777        0.4784520077 189
        1.2146632986        2.6250926143       -1.9653297756        0.0986108483        0.3753575901        1.2400180461       -0.4142916788        0.4684358481       -0.5490418119        0.4784520077 190
        1.1317412298        1.6934867113        0.7593862900        1.6931671554       -0.2653096764        2.1803698857        0.1168907063        0.4684358481       -0.1275947353        0.4784520077 191
        2.5220797738                   *        1.7967969357        4.1898724231        1.8521992732        2.0214451266        0.7923230011        0.4936913748        0.9598701445        0.4793446644 192
        0.5925994683        1.9835177624        0.4891280599        3.0973217256        1.4895816934        3.0634286102       -0.0294463688        0.4684358481        0.8363646108        0.4784520077 193
        0.9124613523        2.1751278152        0.9086715424        1.4070132573        2.5109473012        0.7427156069        0.2067727810        0.4684358481       -0.0760002433        0.4784520077 194
        1.0119401180        0.1580579074        2.1755943337        3.9832482981       -1.6911378640        2.6202970630        0.1023710817        0.4684358481        0.2345423704        0.4784520077 195
        1.4296600628                   *       -1.6280573217        2.0242993853        2.2767145167        1.0613956723       -0.5036971853        0.4936913748        0.2552446087        0.4793446644 196
        3.3927141651        2.0833039139        1.4964850901        3.0046332764       -0.1179768664        3.3218450264        1.0007484452        0.4684358481        0.6746390489        0.4784520077 197
        1.9731940354        1.8118412983       -0.4277926978        1.9006088787       -0.2998183512        2.6364601911        0.0537322016        0.4684358481        0.1517398093        0.4784520077 198
       -0.0580016177        1.0238072703        3.2679217731        3.1041860906        1.3964954320        3.5578468301        0.4314245869        0.4684358481        0.7703852786        0.4784520077 199
        0.2709983373                   *        1.3022321953        3.0080918348       -0.3164479661        1.8898065144       -0.0775096062        0.4936913748        0.0684942198        0.4793446644 200
        1.4798423080        1.2540024333       -1.2485434608        0.5060926853        1.9370651282        2.1059002052       -0.2693038081        0.4684358481        0.0497140971        0.4784520077 201
       -0.2298901502        0.5136595914        0.7754149131        1.2206241074        0.7789262088        2.3548437051       -0.3621201529        0.4684358481       -0.1109735768        0.4784520077 202
       -0.3208693341        1.4395518304        0.7152144042        2.8364833742        0.0565805655        2.7912972727       -0.3517649336        0.4684358481        0.3385869495        0.4784520077 203
        3.6835363231                   *        3.6902090357        3.1857270647        1.3857675110        1.9191676955        1.7596823964        0.4936913748        0.5570913736        0.4793446644 204
        1.2739069933        0.3437810065        1.1870982244        1.7396386952        2.1156426298        3.4453453618        0.2183422623        0.4684358481        0.6494554922        0.4784520077 205
        3.1679321799       -0.0399734783        1.7384228954        2.0186330812        2.1946520514        0.0719082494        0.6579214395        0.4684358481       -0.1386933882        0.4784520077 206
        1.2065039228        2.9859916419        1.5177066333        4.7820308184        0.8534534537        4.1012318139        0.5162328417        0.4684358481        1.4784007886        0.4784520077 207
        1.8953025715                   *        0.5331548670        0.7271494019        2.3669956426        0.9386323034        0.3673910889        0.4936913748       -0.1763793339        0.4793446644 208
       -0.9656488301        0.6735118887       -1.6489862229        2.5498751218        2.1243728650        1.0764909468       -1.2920294172        0.4684358481        0.2342715424        0.4784520077 209
        1.5508425044        1.8973469668        0.7736199896        2.9105440020        2.1845552360        3.8044313882        0.3727109498        0.4684358481        1.1610141842        0.4784520077 210
        1.7820830732        0.9258576768       -0.6039317556        1.6437584604        0.3557548430        1.4747394038       -0.2011014329        0.4684358481       -0.1430632121        0.4784520077 211
        1.8681208476                   *        1.7941172670        1.9159105888        0.8920909561        3.5149156995        0.7633639763        0.4936913748        0.5328273631        0.4793446644 212
        0.9030459485        0.1328454894       -0.4388737815        1.9148156120        0.6353548075        2.8011406215       -0.4543017966        0.4684358481        0.2807601714        0.4784520077 213
        0.5095351469        0.2947164728       -0.2722188445        1.3568057136        1.6797168596        1.1904330947       -0.5104680281        0.4684358481       -0.1442639199        0.4784520077 214
        1.1218780127        2.8155764059        0.7640726154        4.2451515803        1.7757330567        3.1160279107        0.2705305886        0.4684358481        1.2595009949        0.4784520077 215
        0.6404777263                   *        1.0151975566        3.2205542209        0.2768621799        2.0448129299       -0.0313105362        0.4936913748        0.3181508909        0.4793446644 216
       -0.8548871389        2.5556034361       -0.0176244429        3.5754606153        1.2095324181        3.7839424085       -0.4834522584        0.4684358481        1.0785463483        0.4784520077 217
       -0.6911680628        1.8190417863       -1.6982093531        0.0805412180       -1.9356833556       -0.8271343805       -1.1725540607        0.4684358481       -1.7124158382        0.4784520077 218
        2.5725267222        1.9679779404        0.7219421161        3.3843469437        0.1846032946        3.2763301697        0.5327013290        0.4684358481        0.8143158172        0.4784520077 219
       -1.4196830302                   *       -0.4292744687        1.5695011866       -0.1951725666        2.6557871984       -0.9983476555        0.4936913748       -0.1147202954        0.4793446644 220
        0.9978880096        2.0814029572        1.0104819377        1.3680693548       -1.4363881941        0.5424583386        0.0992225025        0.4684358481       -0.9087711253        0.4784520077 221
        0.4570908892        1.7429613184        0.8176736062        1.5858419833        0.6850317226        3.7360387405        0.0694784703        0.4684358481        0.4250063442        0.4784520077 222
        2.6127844743        3.3675723893        1.8112660240        3.5106501734        1.9925990448        2.2143494145        1.0523961617        0.4684358481        0.8926839721        0.4784520077 223
        2.7815765268                   *        2.8596531454        0.5323248614        0.3989064136        1.2276579873        1.3003421205        0.4936913748       -0.5728571561        0.4793446644 224
        2.9137686872        0.9312389399        0.9649777216        3.1296315987        1.3113751403        1.1589961894        0.4866168826        0.4684358481        0.3484710847        0.4784520077 225
        0.9932307711        1.2065580773       -0.4066095475        0.8247629427        0.1551721030        0.5916372236       -0.3346550722        0.4684358481       -0.6958435094        0.4784520077 226
       -0.2221712586        3.4929851474        1.0194903709        0.9362546528        2.4446490605        3.8122980779        0.2923849188        0.4684358481        0.6120772408        0.4784520077 227
       -0.5023440641                   *       -1.3406082649       -0.5029665029        1.9679663710        1.5906426683       -0.8529275856        0.4936913748       -0.4707132893        0.4793446644 228
        1.7650842229        1.1632671633        2.3786050860        3.5878580320        1.4180497660        3.6561165036        0.6956676646        0.4684358481        1.0744357577        0.4784520077 229
        2.6075828325        1.3531556236        3.1716853202        2.0691727068       -1.3591413302        0.6824556832        1.0056433142        0.4684358481       -0.6977852324        0.4784520077 230
        0.5160690018        0.8978776559       -0.1377361870        2.4677576206        1.9858564107        1.4082822242       -0.4170951932        0.4684358481        0.2916752587        0.4784520077 231
        0.3475980297                   *        0.9114514625        1.4356882602        1.0510216144        1.6195295838       -0.0471803834        0.4936913748       -0.1517820653        0.4793446644 232
        1.5421911164        1.5172788696        2.6946269034        2.1128432028        0.8092801717        2.4567105717        0.7655992941        0.4684358481        0.2002940136        0.4784520077 233
        1.9900628164        1.4011962326        1.4513956452        3.9253080399        0.9878643871        2.6302519192        0.4555110353        0.4684358481        0.8580792717        0.4784520077 234
        0.8522040937        2.8216072944        0.4522960418       -0.7824924590        0.3243401699       -0.7335882841        0.1204773909        0.4684358481       -1.4767476483        0.4784520077 235
        2.0350010418                   *        0.3585432255        1.6161189134        2.2566552740        5.3557656660        0.5498099425        0.4936913748        1.2994266634        0.4793446644 236
        1.5621923179        0.5116104004        1.8472979344        1.1418010277       -2.2154187010        2.1510457651        0.3187017163        0.4684358481       -0.7245077234        0.4784520077 237
        1.3107596831        2.0370776736        1.0063629737        1.4815735719        0.5310828772        0.9266264505        0.2604108909        0.4684358481       -0.3745468641        0.4784520077 238
        1.6424661899        0.2105470527       -0.4631786125        1.4431723657        0.2735582040        2.0522777040       -0.2706312980        0.4684358481       -0.0861747409        0.4784520077 239
        2.0631655699                   *        0.0381338122        1.0823737966        2.6273847370        1.4320559622        0.2861043326        0.4936913748        0.1393281791        0.4793446644 240
        1.6234139847        0.9682380586       -2.1296919200       -0.3802486430       -1.5190185645       -0.1691969798       -0.7030843490        0.4684358481       -1.4576909725        0.4784520077 241
        0.7882818641        1.2205859326        1.1917892726        2.3778590281       -0.8817391594        2.4700240937        0.0288857253        0.4684358481       -0.0287182096        0.4784520077 242
        0.8972491167        1.0769762873        2.8954756456        4.2899965954        2.1759453985        2.6126982634        0.5222393647        0.4684358481        1.0508411915        0.4784520077 243
        0.3006240603                   *        0.6791544888        0.1641070005        2.5958845188        1.1447526044       -0.0280901574        0.4936913748       -0.3262417944        0.4793446644 244
       -1.3459085336        1.3636012711        1.4543287765        2.3520578231       -2.0251524679       -0.2610812489       -0.6462654687        0.4684358481       -1.1393703919        0.4784520077 245
        1.4792220954        1.9874006056        0.2807271764        2.9760753131        2.5942496895        1.5676906044        0.1295177419        0.4684358481        0.6545483867        0.4784520077 246
        0.9944921605        1.1981939969        1.2685429075        4.1457493659        2.3406391564        2.7509778450        0.1409610327        0.4684358481        1.1648391902        0.4784520077 247
        1.5528854697                   *        1.3191359423        2.3781377220        0.5456735971        4.2368614645        0.5225229339        0.4936913748        0.7953690181        0.4793446644 248
        0.8626313138        1.4934247572        1.4246810265        3.1225487236        1.3444262012        1.1725249919        0.1283635642        0.4684358481        0.2443391473        0.4784520077 249
        0.6475230266        2.2465793084        0.3339635603        1.9585625693        1.5767787755        2.6358003475        0.0210243430        0.4684358481        0.4383714714        0.4784520077 250
       -0.0392317360        1.1427607289       -1.4247914259        2.7184384793        0.7469235857        2.2760545482       -0.9001438406        0.4684358481        0.4003706980        0.4784520077 251
        0.0300600103                   *       -0.4422733100       -0.3580932502       -0.9757909164       -0.8218726735       -0.6715652673        0.4936913748       -1.6844846390        0.4793446644 252
       -0.0862948500        0.1215143744       -1.0825558695        3.5307858430        1.4801417965        3.5702413830       -0.9205807826        0.4684358481        1.0803830676        0.4784520077 253
        1.7551711713        2.6720204136        1.8259724658        0.9098968590        0.4998385560        1.2845332174        0.7480140993        0.4684358481       -0.4344020669        0.4784520077 254
        1.5044929056        3.6824110238        0.9612959824        1.0359170363       -0.8489634313        1.9090292626        0.5686453362        0.4684358481       -0.4314796331        0.4784520077 255
        0.8997442807                   *        0.9795055699        1.1281206815        1.5945198136        3.0287371971        0.2606853584        0.4936913748        0.2940794829        0.4793446644 256
        0.9290697344        2.9872831313        1.5531967391        3.9860615967        2.7242157803        3.1663902992        0.5073011079        0.4684358481        1.3443444063        0.4784520077 257
        1.6953672555        2.0212085426        0.5169329185        1.8012552550        0.4469632519        1.5960715448        0.2452556921        0.4684358481       -0.0739117806        0.4784520077 258
       -0.1342760261        2.6187948988        0.3956715402        3.0579584616        3.1585896713        3.8475327686       -0.0636704351        0.4684358481        1.3514461195        0.4784520077 259
        0.3330707975                   *        0.7886576699        0.5967992046        1.5129280451        1.0550815678       -0.0557757695        0.4936913748       -0.4457805278        0.4793446644 260
        1.2022786143        2.5427397815       -1.9747504501        2.2237349911       -0.4107930448        0.7237095417       -0.5928298137        0.4684358481       -0.2644320009        0.4784520077 261
       -0.2237923309        1.4782507822       -0.7437926933        1.6339788375        3.4024051763        2.1471052015       -0.5746178804        0.4684358481        0.5485293246        0.4784520077 262
       -0.2616994350        0.4543341785       -0.5785008919        1.0291162336       -0.2690163271       -0.0694903127       -0.8995754617        0.4684358481       -0.9848293341        0.4784520077 263
        2.0376046948                   *        0.8429798233        0.5247063252        0.6117936499        0.5062561290        0.4250552412        0.4936913748       -0.6979218692        0.4793446644 264
        1.2843176008        1.1513077388        2.3217756379        2.7504946364        0.1056119134        1.6882503905        0.4425077982        0.4684358481        0.0180766967        0.4784520077 265
       -1.2164639257        0.0392636981       -1.5469435979        1.3636297724        1.4478522459        3.0179099393       -1.2935463358        0.4684358481        0.2850192001        0.4784520077 266
        0.6516016052       -0.1131176276       -1.1064761998       -0.1333508173        1.0839610085        0.3447125376       -0.7481348415        0.4684358481       -0.8704969640        0.4784520077 267
        0.2107183194                   *        1.4672200704        4.4677655533        2.5436956544        1.3819658159       -0.0454275595        0.4936913748        0.8702494099        0.4793446644 268
       -0.1404410885        0.3837656628       -1.9336548419        0.0909091416       -0.8480371732        1.0882883040       -1.1626078298        0.4684358481       -0.9642410852        0.4784520077 269
        0.5736135273        0.7813901331        0.3915695807        3.1962478932        1.1138074018        3.4340775572       -0.2384123400        0.4684358481        0.8646302061        0.4784520077 270
        1.0785069859        3.4264044246        0.9762367012        1.3188653359        2.2091521736       -0.2152441295        0.4019911238        0.4684358481       -0.3860581810        0.4784520077 271
        2.0829201332                   *        0.1563261435        1.8238654042        0.4086296282        0.1599072188        0.1300074801        0.4936913748       -0.4489769574        0.4793446644 272
        2.1804886108        2.5715069716        1.2446590446        1.8807590084        0.6856241462        3.2459195752        0.7479589931        0.4684358481        0.4622257864        0.4784520077 273
        2.2750167342        0.7564327894       -0.5603635600        3.2262346466        2.3315643943        1.7262288566       -0.0757080658        0.4684358481        0.7626937918        0.4784520077 274
        1.9802308760        1.3311646320        0.2030202970        0.8757865901        1.6373056794        1.7422242653        0.2317362279        0.4684358481       -0.0468265862        0.4784520077 275
        0.2272880256                   *        1.2035837448        3.3605116740        2.4997460498        0.8639155896       -0.0892566969        0.4936913748        0.4251521785        0.4793446644 276
        0.3178354683        1.8219442649        0.6988377260        1.5767419970        1.6262572100        1.0656357082       -0.0911080043        0.4684358481       -0.1413557026        0.4784520077 277
        0.3762513173        0.6863369565        0.7638602836        3.5674307819       -1.0677675204        0.4223774342       -0.4510490153        0.4684358481       -0.3269592479        0.4784520077 278
        2.3625297289        1.8733081358       -0.0837468928        3.0077328597        2.3072316879        3.5003387054        0.3435211585        0.4684358481        1.2074039185        0.4784520077 279
        0.7879168605                   *        0.7891698479        2.5220732230        0.6674415262       -0.6357424248       -0.1501153853        0.4936913748       -0.5313383134        0.4793446644 280
        1.1859869795       -0.3966066524        0.6574338617       -0.6337824842       -0.2810635842        0.1108227589       -0.1919384278        0.4684358481       -1.3981903508        0.4784520077 281
        0.8465276534        1.4479265726        2.6451926058       -0.5505047011        0.8963133544        0.1495523874        0.5699395129        0.4684358481       -1.1946724672        0.4784520077 282
       -0.2851104074       -0.6273238370        0.5549526391        0.0761811643        1.7290764728       -0.1985368552       -0.6439957663        0.4684358481       -0.9793416730        0.4784520077 283
       -0.0267482063                   *       -1.6645073547        2.3549874704        2.8176702209        0.8815005048       -0.9716162865        0.4936913748        0.3174289745        0.4793446644 284
       -0.0891067356        3.2406921870        0.5135846123        1.3621584432       -2.3313240489        0.5347592497       -0.1988571025        0.4684358481       -1.0872901611        0.4784520077 285
        1.8815451149        2.0889851868        3.3859358960        2.2611849040        2.3646683036        2.6890876471        1.1920925546        0.4684358481        0.6084977630        0.4784520077 286
        0.1350805651        3.5727569284        0.2942940406        2.9520318453        3.0222323594        2.5881848582        0.0615066320        0.4684358481        0.9891741885        0.4784520077 287
        0.9408399762                   *        0.0776247110        2.4053272624        1.5069119315        2.2162825448       -0.1215398003        0.4936913748        0.4371171994        0.4793446644 288
        1.2962320096        0.7647770804       -0.1151514842        1.3041404290        0.7608525026        1.0020309235       -0.2183149935        0.4684358481       -0.3422693918        0.4784520077 289
        1.7286407593        0.6668986794        0.5924073339        0.3258683905        1.1756102518        0.1733023993        0.1033828173        0.4684358481       -0.7748951450        0.4784520077 290
       -1.3177303813        1.1749366888       -0.8387503874        1.7146898869       -0.3093731801       -0.4437169189       -1.2124927894        0.4684358481       -0.9320968602        0.4784520077 291
        0.9716095743                   *        0.8434756478        1.9082477361        0.6190838279        2.2169633196        0.1147787579        0.4936913748        0.1000306484        0.4793446644 292
        1.2715232587        0.2045520752        1.2027039448        3.3285454961       -0.4883780425        0.9404245884       -0.0950676807        0.4684358481       -0.1225950673        0.4784520077 293
        0.8325133460        0.9548900008       -1.9725006288       -1.2198056126       -1.4921963294       -0.0230238254       -0.8309709596        0.4684358481       -1.6909154955        0.4784520077 294
        1.0952196076        2.7289147535       -0.8447843266        1.1202602523        0.9098906757        1.8990898926       -0.1246346352        0.4684358481       -0.0358109656        0.4784520077 295
        0.5906276178                   *        0.6237536872        2.5281384078        0.9286168277        1.8347735555       -0.1137089634        0.4936913748        0.2092285937        0.4793446644 296
        0.3062853520        2.1890311086        1.0260285617        2.3640572025        0.2243704821       -0.7997889377       -0.1325355621        0.4684358481       -0.7230547398        0.4784520077 297
        3.1568538736        4.1696343429        1.8138278258        0.9187175100       -0.2410468659       -1.1380342400        1.2070878526        0.4684358481       -1.1372011718        0.4784520077 298
        0.8143683843        1.9066742921        0.3924100419        0.7888582552        1.0675547566       -1.1462243593       -0.1156248578        0.4684358481       -1.0415302929        0.4784520077 299
        0.7964706227                   *       -0.1140973762        1.6352572209       -1.4230603584       -1.2360602379       -0.4871978942        0.4936913748       -1.3111897372        0.4793446644 300
       -1.0789605659       -0.0340058904       -0.1927826425        1.9872085459        0.2802428346        1.1506070148       -1.0607083449        0.4684358481       -0.3484314178        0.4784520077 301
        1.9080184752        2.9468146053        2.1499085378        2.5617105329        0.0502916977        3.1743709323        0.9159596902        0.4684358481        0.4609660529        0.4784520077 302
        3.8678684143        0.8608336298       -0.2994915097        0.6523457559        0.6568720391        0.7037163847        0.4735903623        0.4684358481       -0.4796172943        0.4784520077 303
        1.5724897619                   *       -1.2228365914        2.3155640953        3.6333825323        5.4164332918       -0.0570694108        0.4936913748        1.8117723891        0.4793446644 304
        1.5409846346       -0.4888808887        1.6089175400        1.4544323582       -1.1178941875        2.0663338529        0.1178563175        0.4684358481       -0.4680012990        0.4784520077 305
       -2.0272619319        0.6441395652       -1.2210691133        1.4975616781        1.6518643267        2.7896121276       -1.3511167192        0.4684358481        0.2570048701        0.4784520077 306
        0.8262727163       -0.2623521610       -1.4023763953       -0.3832680323        0.7629286750        0.2706154986       -0.8051052865        0.4684358481       -1.0033440093        0.4784520077 307
        0.5232448017                   *       -0.7221196560        0.1439374713       -0.7020695865       -0.9326785624       -0.6284097354        0.4936913748       -1.4853588616        0.4793446644 308
        3.3770641298        3.7117413908        2.4571794386        1.3263565811        0.1707847270        2.6495196556        1.5611248858        0.4684358481        0.0820479836        0.4784520077 309
        0.1998977632        2.5054641284        0.2745743802        0.5460818400       -2.2270263952        1.4595106253       -0.2015099439        0.4684358481       -1.0270728682        0.4784520077 310
       -0.4828044042        2.5813376732       -0.2909277421        1.1073630330        0.5198975965        1.4938461197       -0.4659758561        0.4684358481       -0.3397128543        0.4784520077 311
        1.1088608253                   *        0.1716961086        0.6628314348       -0.4352511278        1.1512371833       -0.0779974320        0.4936913748       -0.7091891621        0.4793446644 312
        2.1191811773        4.1941907888        1.8063105519        1.6279141500        2.6350613068        2.5956760097        1.1724147761        0.4684358481        0.6040327999        0.4784520077 313
        1.4008582635        0.1688971540        0.3241242514        1.7263628842       -1.7519176842        1.8298520279       -0.2238493999        0.4684358481       -0.5121342730        0.4784520077 314
        0.6649645541        1.4327331278        1.5467463113        2.1417225296        2.0796791485        3.4495920458        0.2873925843        0.4684358481        0.7360097383        0.4784520077 315
        2.6929708617                   *        1.6238753891        1.4810654496        1.6821597964        3.8717042365        1.0406610120        0.4936913748        0.7218933008        0.4793446644 316
        2.0597665114        1.0828932548        0.9210367816        2.4632806250        1.9533134526        1.7497094580        0.3454203004        0.4684358481        0.4164878311        0.4784520077 317
        0.1550856231        1.9088080752        1.1497841495        1.5453888906        0.7520110150        2.0542447443        0.0210432014        0.4684358481       -0.0695151392        0.4784520077 318
        2.0711315959        2.4874828765        1.3481437572        2.0026284964        2.2848467383        2.1375544211        0.7273340833        0.4684358481        0.4824116582        0.4784520077 319
        3.2018035758                   *       -0.2190753669        1.8880001235       -1.2081777356       -0.7590892318        0.2434155788        0.4936913748       -0.9232024380        0.4793446644 320
        3.7482258896        1.8990021080        1.8108516560        2.9467969651        5.1741563266        5.0972789922        1.4345761475        0.4684358481        2.1772353074        0.4784520077 321
       -1.0181493526       -1.0108515728       -2.9542990500       -0.2819326766       -1.9649579531       -0.6210550952       -1.9980623629        0.4684358481       -1.7977512681        0.4784520077 322
        1.0713351509        0.9642219504        1.0204196687        5.1077917551        4.2070268241        4.8680991143        0.1825093178        0.4684358481        2.3904030967        0.4784520077 323
        1.8385048448                   *       -0.3424737716        0.3646548969       -0.6765006560        1.0143145592       -0.0098472776        0.4936913748       -0.8130816117        0.4793446644 324
       -2.3373224711        1.2997123467       -1.5949325766       -1.2641561870       -1.6780994171        0.8477046583       -1.5171209774        0.4684358481       -1.6685835660        0.4784520077 325
        3.2038076379        2.2293043044        1.5292397529       -0.5792727424        0.0016723386       -0.9007776900        0.9514002621        0.4684358481       -1.4734413854        0.4784520077 326
        3.1437052843        2.2645354507        1.6752821392        3.0114618615        2.4809525741        2.6460551369        1.0634616049        0.4684358481        0.9740585330        0.4784520077 327
        0.8314146684                   *       -0.7471088896        2.4252613431        1.9726748913        4.6925213677       -0.2514031555        0.4936913748        1.2543852275        0.4793446644 328
       -0.7741326024        0.8752869639        1.1133674198        1.6417071805       -0.0230748499        0.3818356298       -0.5154035940        0.4684358481       -0.7356678596        0.4784520077 329
        0.6751234723        0.0811681629        1.1166846252        1.2250297594        1.1519694623        0.7659816939       -0.1482121424        0.4684358481       -0.4621556960        0.4784520077 330
       -1.4174785543       -0.1141944257       -1.9758630131        1.9836864495        2.3282737747        2.2349875327       -1.5296057346        0.4684358481        0.4116672003        0.4784520077 331
        2.4956402991                   *        1.6963021827        2.6472379547        0.2467842410        1.1772807224        0.7307807007        0.4936913748       -0.0078867141        0.4793446644 332
        0.2490814455        1.5153557829        0.5382289138        2.7768484303        0.2756639637        3.4637957089       -0.1864375378        0.4684358481        0.5924219455        0.4784520077 333
       -1.3312258373        1.6605704701       -1.6077062124        2.4317436223        0.6761120703        1.3058503597       -1.2693346691        0.4684358481       -0.0077072585        0.4784520077 334
       -0.2117605332        1.7091421687        0.3177214035        3.6488558545        2.3510057528        1.8428664898       -0.3994703805        0.4684358481        0.7716323490        0.4784520077 335
        0.7549133781                   *        1.6837664857        0.9608675093        0.9266944252        2.6829961169        0.3947920023        0.4936913748       -0.0149578266        0.4793446644 336
        0.1535591906        1.4477704904        1.5736135726        1.3150289949        0.2831275747        0.3808393917       -0.0200247837        0.4684358481       -0.7233721204        0.4784520077 337
        1.1347994186        1.0863382928       -1.2718419476        2.3831138921        0.1714879650        1.5686565295       -0.5792149729        0.4684358481        0.0519187996        0.4784520077 338
        2.1113187845        2.6211246087       -0.5823869617       -1.6939778441        0.0847992439       -0.5420745892        0.2039744978        0.4684358481       -1.6122539514        0.4784520077 339
        2.1022701063                   *        4.1196814015        4.3080524783        2.9042193675        3.4082947334        1.4817629181        0.4936913748        1.4677000867        0.4793446644 340
       -1.7766544330       -0.7760776917       -3.9163834143        0.1426562707       -0.2883516375        0.2420667300       -2.3575394107        0.4684358481       -1.1046165813        0.4784520077 341
        2.1266062311       -0.7294619400       -0.5787549757        1.4396844032       -0.5693706469        1.4347876746       -0.3668693756        0.4684358481       -0.4182074311        0.4784520077 342
        0.9198041008        2.7650238986        0.4566197303        1.2843043668       -0.4101150897        0.5965063240        0.0692365192        0.4684358481       -0.6779178025        0.4784520077 343
        1.0158632365                   *       -0.1003427603        3.3165095339        2.7439097874        3.5015802855       -0.0840941569        0.4936913748        1.2984216917        0.4793446644 344
        1.6105750480        2.1745543831        0.3452984672        0.9370642186        0.8078272429        1.7816507072        0.2627087819        0.4684358481       -0.1818048310        0.4784520077 345
       -0.0403877197        2.6202155344        2.5687147957        2.1610348999        2.3346377882        0.5163300976        0.4076360636        0.4684358481       -0.0798614140        0.4784520077 346
        2.1890353958        2.0877386128        1.2843253240        2.6831958973        1.9864198465        2.9941080083        0.6819139775        0.4684358481        0.8489060818        0.4784520077 347
        1.3686772762                   *        0.6194952648        3.3558660552        2.2369405861        2.4487486397        0.1634167809        0.4936913748        0.9069333013        0.4793446644 348
        0.8627566462        1.0948307157        2.4759254176        1.4280252035        0.9664680530       -0.1082848357        0.3656814991        0.4684358481       -0.7111632989        0.4784520077 349
        1.0121765389        2.5804612711        2.4460255678        2.7208093994        2.5052728105        1.9869207130        0.7119967872        0.4684358481        0.5771241148        0.4784520077 350
        0.1643932028       -0.8900217136       -1.5891272577        0.7039199533       -0.7319682008       -0.8922622843       -1.2979658667        0.4684358481       -1.3622065827        0.4784520077 351
        2.0083452029                   *        1.4021287768        1.4813672481        0.0197234936        2.3193112462        0.6111193018        0.4936913748       -0.0668242789        0.4793446644 352
        2.0934213008        1.7673574512        1.2619817969        0.9015269201       -1.1916236409        0.5092640335        0.4563433978        0.4684358481       -0.9619825073        0.4784520077 353
        0.9244974165        1.6400443942       -2.3301534862        2.0504375922        0.8496635241        2.4503011898       -0.7613978245        0.4684358481        0.3910761026        0.4784520077 354
        0.4706611744        0.8121220860       -0.4455438636        4.5183937181        0.4068295895        4.1211529237       -0.5486797699        0.4684358481        1.3168130310        0.4784520077 355
        0.9256015358                   *       -1.2543603662        0.4757993423       -1.7113671485        0.2329781829       -0.6589223028        0.4936913748       -1.2188538633        0.4793446644 356
        0.7917543578        0.8214036850        1.1775667957        2.1900488503       -0.2353662332        0.5748693942       -0.0962880628        0.4684358481       -0.4951232119        0.4784520077 357
       -1.5484382143        0.5807702944       -1.5054962104        1.4561611508        0.5958350042        2.2708057954       -1.3662191234        0.4684358481       -0.0673084311        0.4784520077 358
        2.3593227850        1.5946585127        2.2582998956        3.3420023856        0.8331733888        4.0914999322        0.9053056089        0.4684358481        1.0639358090        0.4784520077 359
        2.0272060055                   *        1.8087832196        1.5578791414        0.6529469819        3.0296047811        0.8006088284        0.4936913748        0.2609803573        0.4793446644 360
       -0.4886850951        1.5315534758        0.1794573322       -0.5639617625       -0.2354369482        0.9468290458       -0.4631820819        0.4684358481       -1.1484431280        0.4784520077 361
       -1.2623996063        1.4580054922       -0.0478230059        3.1473402351        2.0167302792        4.2571373580       -0.6935486146        0.4684358481        1.1990988274        0.4784520077 362
       -1.0128367687        1.6233512907       -0.2198052073        1.4510711481       -2.3654541903        1.1392877447       -0.8705616215        0.4684358481       -0.9597851976        0.4784520077 363
        0.6607819869                   *        0.5566932977        2.7719707496        2.4519309981        3.8394655172        0.0445722366        0.4936913748        1.1406451698        0.4793446644 364
        3.2365515051        1.9672562864        0.8976981190        3.1930122686        3.0745580676        3.5802207698        0.8905523394        0.4684358481        1.4320392692        0.4784520077 365
        1.6623693955        2.2092229254        0.4091273533        2.2551633240        2.8769580813        2.0090165339        0.3166644850        0.4684358481        0.6444247962        0.4784520077 366
        1.9185676407        1.3454851588       -0.8867378004       -0.2661419777       -0.1416711616        1.7115415948       -0.0879507706        0.4684358481       -0.6656820003        0.4784520077 367
        0.9750515266                   *        0.2487070195        1.3989784729        0.4429776030        0.2667359334       -0.1524577574        0.4936913748       -0.5963485432        0.4793446644 368
        2.3701367414        2.2355416857        1.7511226568        1.0832471424        0.3417566858        1.7487163775        0.8428777728        0.4684358481       -0.2642875217        0.4784520077 369
        2.8022019108        2.7459665320        0.9069443794        1.3447448006       -1.2244877906        3.4001228398        0.8220823490        0.4684358481        0.0415254200        0.4784520077 370
        2.9493744980        0.9493107710        1.5868943375        4.5254984659        3.2728067409        2.6217471345        0.7410729977        0.4684358481        1.4935371816        0.4784520077 371
       -0.3010048234                   *       -0.6361279414        2.9849983392        4.9601714254        3.3734589982       -0.5564135909        0.4936913748        1.5473436914        0.4793446644 372
        1.3388888925        2.4937390059        0.3605173181        0.9708808699        1.1170946455        2.0178561591        0.2594982635        0.4684358481       -0.0527167084        0.4784520077 373
        0.5009182318        2.2738624538       -0.5322310641        0.7506404312        1.3319474208        3.1287824515       -0.1760500197        0.4684358481        0.2300698131        0.4784520077 374
        2.6946701317        2.3207251580        0.6244466516        1.3896734931        1.1701703931        2.3206728882        0.6787231527        0.4684358481        0.2108450399        0.4784520077 375
        1.4587274984                   *        1.6909904881        3.0286365263        0.9490948044        0.3765746789        0.3704637227        0.4936913748       -0.0516374929        0.4793446644 376
        0.1367958955        1.5749746248        1.8025664826        2.7889350713        0.1595782183        0.9321607057        0.0060282534        0.4684358481       -0.1964240080        0.4784520077 377
        1.6186404767        2.4511326818        1.5359625757        2.5055323866        1.4381078361        3.7831675912        0.6757398426        0.4684358481        0.8834190305        0.4784520077 378
        1.4874998667       -0.5877492240        0.0185408544        3.8822004985        1.3884418715        2.7452256236       -0.3487612508        0.4684358481        0.9403432488        0.4784520077 379
        2.7351301569                   *        3.5358913274        2.3856056010        1.3591081383        1.3799923819        1.4338469328        0.4936913748        0.1331999872        0.4793446644 380
        0.6605992068        2.9559496198       -0.4892912817        2.4605033714        0.6283028796        2.7956345617       -0.1465751341        0.4684358481        0.4955508313        0.4784520077 381
        0.6908883289        0.3300720858       -1.5633281925        2.0699672707        2.2519815099        3.9056691501       -0.6885290826        0.4684358481        0.9906597635        0.4784520077 382
        2.3432402906        1.4610292481        1.2801980450        1.0074595964        0.3087831385       -0.1515580065        0.4990926248        0.4684358481       -0.8237479693        0.4784520077 383
       -0.8042490783                   *        0.8852123868        0.6116069971        0.7195241750        0.7613306972       -0.4249854373        0.4936913748       -0.7477976845        0.4793446644 384
        0.4879623276        2.9830518745        1.4629237308        1.5557016063        0.3775256909        3.1000677500        0.3969779947        0.4684358481        0.1858811270        0.4784520077 385
       -0.5073810918        0.8537931977       -0.2156088503        2.6513040840        2.6698657565        1.4700790153       -0.7114868729        0.4684358481        0.4406500185        0.4784520077 386
        0.2712932771        0.2557360274        1.5772104092        2.4599301007        1.3077268932        0.8396965613       -0.1613819082        0.4684358481       -0.1097596759        0.4784520077 387
        1.7911123621                   *        1.5473420134        3.3864061927        3.2135999438        0.7524998607        0.5176331770        0.4936913748        0.6161799923        0.4793446644 388
       -0.5229148525        1.2859514843       -0.1847878746        2.5444028643        2.6691835708        4.0357689112       -0.5092480037        0.4684358481        1.1379136276        0.4784520077 389
        0.4854662210        2.8655499479       -1.2044699348        1.8553769216       -0.6242672732        2.8217344425       -0.4164098160        0.4684358481        0.1157163067        0.4784520077 390
        3.0512564742        0.8827434513        1.2934823230        1.8931133022        1.4357011201       -0.7012745674        0.5808606173        0.4684358481       -0.4960730578        0.4784520077 391
       -1.6986474469                   *       -0.8338061437        0.2660178609        0.1806062954        1.6580798903       -1.1758125946        0.4936913748       -0.6779913710        0.4793446644 392
       -0.2697972376        2.4317520215        0.6064420233        1.2432801636        0.4639836424        0.4062245438       -0.2462978814        0.4684358481       -0.6513977341        0.4784520077 393
        0.0272202615        2.1091220359       -0.2807769460        0.0449229130       -1.5918928625        1.4376794830       -0.4140276121        0.4684358481       -1.0424184121        0.4784520077 394
       -0.0074742537        1.1923971827       -1.7847744091        0.6508033754       -0.7794353692       -0.4104158250       -1.0665872313        0.4684358481       -1.1936002879        0.4784520077 395
        1.1309845824                   *        0.7254022893        1.8133086653        0.6736349780        1.8743069121        0.1162639482        0.4936913748        0.0025072168        0.4793446644 396
        1.5414044376        1.2191109041       -0.7396836451        3.0072599723        3.0533022171        1.4982589837       -0.2355757849        0.4684358481        0.7612734679        0.4784520077 397
        2.3382497040        1.3100731460        0.6186307228        1.9583555967       -0.7474974603        1.0167048736        0.2680714745        0.4684358481       -0.4145470764        0.4784520077 398
        0.4887890951        0.1866615457       -0.5547154561        1.6264272807        1.5381610238        0.4687236587       -0.6644198397        0.4684358481       -0.2904088412        0.4784520077 399
        2.5852301392                   *        0.2618712549       -1.9225033195       -1.3534244481        0.1577253239        0.4585661777        0.4936913748       -1.7913383951        0.4793446644 400
       -1.2452492524       -1.3300963806       -0.3710900195        1.1373123686        0.4756291496        0.0266993587       -1.3540235154        0.4684358481       -0.8944289815        0.4784520077 401
        1.8289308021        0.5843546079       -0.0221397591       -0.9607044744        1.6243554845        3.0417931752        0.1750898682        0.4684358481       -0.2085581353        0.4784520077 402
        0.0268093911        1.4318838247       -0.0610819331        1.7430778364        1.0822354502        1.7113694627       -0.4327403508        0.4684358481       -0.0115125764        0.4784520077 403
       -1.2512841921                   *       -0.2318232032        0.4621011492        1.7153768199        1.5479111370       -0.8123459424        0.4936913748       -0.3557072875        0.4793446644 404
        2.1421558926        1.6296387159        1.9239180734        3.4015881883        2.8979209490        2.6398672655        0.7543281192        0.4684358481        1.0788955967        0.4784520077 405
       -0.8555027835        0.6048383757       -1.0686222401        1.5411081560        1.8297942549        2.5995481211       -0.9953290723        0.4684358481        0.3031928933        0.4784520077 406
       -1.7110674700        0.2725696066       -0.4030136831        1.7960934327        0.0665092658        1.7815460365       -1.2146909406        0.4684358481       -0.2806870688        0.4784520077 407
        2.5658648541                   *       -0.5585371731        0.6400811240        1.5585030549        1.3834080036        0.2401658460        0.4936913748       -0.1496647187        0.4793446644 408
       -0.4527760557        1.5998845052       -0.0239641832        1.2635786358        0.1884607088       -0.0017898739       -0.6239127311        0.4684358481       -0.8167580870        0.4784520077 409
        1.0600777748        1.4250328666       -0.1565361359        2.5969899110       -1.3150604755       -0.5769365628       -0.4143940951        0.4684358481       -0.8221268631        0.4784520077 410
        2.0149256869        0.5948147303        0.7400314217       -0.1385029968       -0.2685107711       -0.2694199540        0.1636480503        0.4684358481       -1.2992120976        0.4784520077 411
        0.7129369982                   *        0.1133726485        1.6596079252       -1.6918942547        1.8560194398       -0.2828466460        0.4936913748       -0.5033617663        0.4793446644 412
        2.2000947416        3.2869966794        1.6108976602        2.9545173757        0.7601076943        3.7208981525        0.9318385423        0.4684358481        0.9081685598        0.4784520077 413
        1.7279729570        4.1636041673        0.8533845063        4.4648517475        3.2237602860        2.5103222819        0.6712108863        0.4684358481        1.4953590667        0.4784520077 414
        2.8481857779        2.2216810190        1.3908227163        2.0542075635        0.2060918143        1.7233445506        0.8198514006        0.4684358481        0.0099987524        0.4784520077 415
        2.6608383849                   *        2.3187340085        2.3624250110        0.6860150524        1.8743534667        1.0431136790        0.4936913748        0.1795305137        0.4793446644 416
        1.1015107616        3.0567496744        0.9946679254        3.3106294487        2.6281412137        3.1491324514        0.4421094200        0.4684358481        1.1720635693        0.4784520077 417
        0.6351850737        2.7394365928        2.3541902638        2.3977983191        1.5373546589        3.1569618596        0.6470301649        0.4684358481        0.6172412515        0.4784520077 418
        1.7522692595        1.8164747779        1.4878947370        1.4818275396        1.6835819822       -0.1692027918        0.4674589956        0.4684358481       -0.4630747710        0.4784520077 419
        0.8675144444                   *        1.5261039389        0.6758318082        1.2752642228        2.6958603466        0.4116304303        0.4936913748       -0.0087931982        0.4793446644 420
        1.3887311676        2.8224815451        1.2991897912        0.3175429026       -0.4475943275        1.3736567000        0.5254222592        0.4684358481       -0.7460539899        0.4784520077 421
        1.5067780036        1.1357011525        1.1172901745        2.5634189305        2.1922683126        1.9963959875        0.2691503473        0.4684358481        0.5227757335        0.4784520077 422
        2.6608697795        2.0776561441        1.0301356548        3.0214561700        2.9230303043        2.4698172611        0.7309086344        0.4684358481        1.0123283495        0.4784520077 423
        3.4688961133                   *        0.8075786672        1.8628182514        2.1955742150        2.8472593215        0.9726211223        0.4936913748        0.7162999888        0.4793446644 424
       -0.2351284865        2.7020381784        1.3287820775        3.1130320838        1.3272940124        1.4320838566       -0.0113319615        0.4684358481        0.2916552116        0.4784520077 425
        0.5955960686        0.2630937251       -0.1877054258        2.4582824277        2.1517395319        3.2158407119       -0.4053824805        0.4684358481        0.8151356002        0.4784520077 426
        0.9080151763        2.5029832124       -0.6320483623        0.4889467180        0.6277850664        2.3810242697       -0.1054245897        0.4684358481       -0.1547700691        0.4784520077 427
       -0.7341533415                   *       -1.3239407296        2.6489015826        2.4241591026        1.3837814090       -1.0896672005        0.4936913748        0.4077034966        0.4793446644 428
        1.8727309710        1.4850831001       -0.8051476058        3.1577176797        1.3033569842        2.3105373079       -0.1498657233        0.4684358481        0.7188160617        0.4784520077 429
       -0.9892784703       -0.2452933294       -1.2973566844       -0.5600850739        1.6224126377       -0.6583750305       -1.2857758930        0.4684358481       -1.2442055501        0.4784520077 430
        1.5186863085        0.8807952024        1.1899099182        1.7396275372        1.2257347581        0.8474440070        0.2048975067        0.4684358481       -0.2211320906        0.4784520077 431
        0.9925926005                   *        1.2171115121        1.9464229977       -1.0864386046        1.4368418758        0.1235065019        0.4936913748       -0.4531912086        0.4793446644 432
        2.4729748123        3.3261263424        1.6903028337        1.5760917162        0.5831935498        1.4000950881        0.9818441861        0.4684358481       -0.1413683542        0.4784520077 433
        0.7362620315        2.0809269754        1.8846885034        4.4711793725        3.2391840328        4.2292852735        0.4576944553        0.4684358481        1.8237690956        0.4784520077 434
        1.5233634488        0.9673600535        1.5351919828        2.9793845513        0.4642887840        3.3223270775        0.3490753089        0.4684358481        0.6503861705        0.4784520077 435
        0.6585953884                   *        1.1427003480        0.8341550042       -0.4705880666        2.8782551019        0.1643190115        0.4936913748       -0.2498586708        0.4793446644 436
       -0.9123861245        0.8064225450        0.5854972240        2.6068378688        2.1419819503        1.5611294909       -0.6228016251        0.4684358481        0.2926291387        0.4784520077 437
        1.3837006569        1.9315935956        0.9739650553        3.2917732043        2.9811067515        3.6084518905        0.3849358672        0.4684358481        1.3479803865        0.4784520077 438
        2.1852842585        2.0221128940        2.2046894708        2.6817657158       -0.0200785090        0.3814549017        0.7225809002        0.4684358481       -0.3138666552        0.4784520077 439
        0.9854817425                   *       -2.6562982044        0.8425930229        0.2230563902       -0.4347012229       -1.0505365016        0.4936913748       -0.8705335638        0.4793446644 440
        2.5453455835        1.3506609653        1.3560554260        1.4172169224        2.0356283124        0.0164093422        0.6075464978        0.4684358481       -0.3264119173        0.4784520077 441
       -0.7503202890        0.7265112572        0.5208806359        0.3466412552        0.6193102971        1.9891132320       -0.5248753464        0.4684358481       -0.4935017218        0.4784520077 442
        1.1013959737       -0.1805507068       -1.0499340608        0.8942547557       -0.2911028946       -0.7930616498       -0.7744585222        0.4684358481       -1.1532805148        0.4784520077 443
        0.2020797650                   *        0.9034544512       -0.0125135293       -3.6189210957       -0.4116306298       -0.3071595281        0.4936913748       -2.0320736485        0.4793446644 444
        0.1769187541        3.3892659553        0.9117592771        2.2640060370       -0.2321704218       -0.6696161002       -0.0268424800        0.4684358481       -0.7706713953        0.4784520077 445
        0.7799480325        0.2559471959        0.6097859359        2.1854153629       -1.1179541567        1.5117953650       -0.3221326815        0.4684358481       -0.3954454786        0.4784520077 446
        0.8502670974        0.2701746347        0.8558674421        1.3033707815       -1.4471665478        0.2931114927       -0.2612691467        0.4684358481       -1.0490594720        0.4784520077 447
       -1.3787492904                   *       -0.2279048192        2.2428304249       -1.3644739583        1.8299961579       -1.0533224462        0.4936913748       -0.3948921808        0.4793446644 448
       -0.8741522156       -0.4517290213        0.6990357902        0.0343593804        0.1108144417        0.0598472390       -0.7832835222        0.4684358481       -1.2639684965        0.4784520077 449
        3.6536773755        3.1922322015        2.8689321134        1.1056259275       -0.4304152158        1.8329829326        1.6233085870        0.4684358481       -0.3418738853        0.4784520077 450
       -1.4019551076        1.5770528779       -0.3646276422        0.5786665662       -3.3294785067       -2.2171967027       -1.1833699674        0.4684358481       -2.3385869020        0.4784520077 451
        0.0878161962                   *       -0.4135652630        2.0241193143        0.1535671994        2.7108722680       -0.5375459214        0.4936913748        0.1793255834        0.4793446644 452
        2.7711003721        2.9106769207        0.0397944056        1.6326339978        1.1793895629        1.9941035509        0.5984138165        0.4684358481        0.2352268061        0.4784520077 453
        1.2565466285        4.6293487625        1.3314248910        1.5738684192       -1.2085484514        1.8335679116        0.6977282418        0.4684358481       -0.3780927010        0.4784520077 454
        1.2339988309        2.8393371542        0.4715614147        2.5340200372        2.9107404482        1.8516891971        0.2871116491        0.4684358481        0.6758225731        0.4784520077 455
       -0.2720910211                   *       -1.8714631781        0.6366440289        0.1401487891        0.1458448136       -1.1586088964        0.4936913748       -0.8844146708        0.4793446644 456
        1.9297314312        3.1341347632        3.0079742735        0.3857166797        0.5269814714       -1.3301659914        1.0848102596        0.4684358481       -1.3361167010        0.4784520077 457
        1.2559734068        1.2468777845        2.5278374400        2.2125587826        3.0079882933        1.3435619729        0.6159534015        0.4684358481        0.3270169668        0.4784520077 458
        0.9832605882        0.9411219401       -2.1966151283        1.0075578987       -0.1509129733       -0.3462142871       -0.9344358689        0.4684358481       -0.8926365560        0.4784520077 459
        2.0865193955                   *        3.1655715922        4.8268590728        1.4316016613        2.7109456936        1.0614790463        0.4936913748        1.1656083431        0.4793446644 460
       -0.8340163951        1.4059062315       -0.9735805363        0.7294108203        0.1448565678        0.8059528110       -0.9528192751        0.4684358481       -0.7277419970        0.4784520077 461
        0.7917066915        0.8035841916       -0.8171588738        2.5773088426        3.3657044490        2.6092383572       -0.4379889014        0.4684358481        0.9671186517        0.4784520077 462
        0.3326161081        2.0010101751        2.3852647549        0.8318720604       -1.3334705649        0.7398388021        0.3201266025        0.4684358481       -1.0808987569        0.4784520077 463
       -1.5557114467                   *       -0.4699704560        0.2360057206        0.3848275597        0.9666381484       -1.0499398881        0.4936913748       -0.8468712900        0.4793446644 464
        1.0227737898        1.2638333888       -1.1593157835        2.4095411444        0.5462847780        0.9902936856       -0.5706150784        0.4684358481       -0.0360620572        0.4784520077 465
        0.4419607332        0.5128675400        1.4437090404        2.5634227065        1.0690526366        2.5697110280       -0.0392149982        0.4684358481        0.3781013847        0.4784520077 466
        0.1072280207       -0.6254928252        0.5119971046        3.4567798807        3.0308645807        3.4176308609       -0.4899372123        0.4684358481        1.2334696500        0.4784520077 467
        3.7437777892                   *        3.2245554782        4.7499898025        2.6253036007        2.9574135981        1.6547063409        0.4936913748        1.5389089411        0.4793446644 468
        0.6050976492        0.9787624084        0.0190837012        2.6197704316        1.4098633559        2.2989144053       -0.3203636504        0.4684358481        0.4705977702        0.4784520077 469
        0.6734036193        2.6041862441        1.1038319583        4.3146840795        3.0824409910        3.8428172385        0.2864080539        0.4684358481        1.6895628749        0.4784520077 470
        2.7999824576        2.2022251290        1.0234014782        2.6279090035        1.4340024408        2.5966132700        0.7605108210        0.4684358481        0.6627941229        0.4784520077 471
       -1.0294582516                   *       -0.3951666339        1.0167644732        3.3358026221        4.0499579866       -0.6225011248        0.4936913748        0.8317178969        0.4793446644 472
        1.6814233736        2.2755851631        2.6536591998        2.8768438187        0.7518173855        1.5737973178        0.8201447505        0.4684358481        0.1823243101        0.4784520077 473
        1.4045415599        3.1768139986        1.5154895956        2.5659426950        0.2968601052        2.2496999737        0.5980624517        0.4684358481        0.2606745040        0.4784520077 474
       -1.2612529915       -0.4990086653       -1.6715638161        1.1014126494        1.2135499198        1.5998342294       -1.4858308379        0.4684358481       -0.2400848240        0.4784520077 475
        2.1500144275                   *        0.4602340635        3.1888087292        1.0118571069        2.4663819843        0.3188982252        0.4936913748        0.6800174696        0.4793446644 476
        0.4901988473        0.6278434003       -0.6846002348        2.3883657384        2.5192449757        4.2160747739       -0.4504771994        0.4684358481        1.1739514026        0.4784520077 477
        1.0228580456        1.0773059502        2.4143788552        6.4600935278        2.8958020761        3.7985100788        0.4005128096        0.4684358481        2.1458108263        0.4784520077 478
       -0.1968806528        1.7090756168        1.2958362073        1.5476836903        0.7291387049        0.6880492345       -0.1356877586        0.4684358481       -0.4856673258        0.4784520077 479
        2.2538524849                   *       -0.0304284929        2.7118384471        1.1889120625        1.1613022839        0.1621709000        0.4936913748        0.2436025312        0.4793446644 480
        0.2465644702        0.3531643191        1.2363546658        2.0483985195        3.4200362296        2.7604404577       -0.0566336646        0.4684358481        0.7395409682        0.4784520077 481
        1.0638182934        0.2996944384        0.8853455328        1.0345123752       -0.0687349616        2.1112358219       -0.0367013201        0.4684358481       -0.3376498164        0.4784520077 482
       -0.0779735238        2.2816172092        0.8255854489        2.1353436903        1.4315719172        4.0561678481        0.0169818527        0.4684358481        0.7963702439        0.4784520077 483
        0.8454046537                   *       -0.1583437644        1.1517221382        1.3985693906        1.7376338578       -0.1835817354        0.4936913748       -0.0570424946        0.4793446644 484
        0.1379840090        1.7822728970        0.2696551564       -0.0532150347       -0.6756403448        0.6315982286       -0.2843066414        0.4684358481       -1.1460010175        0.4784520077 485
        1.4679152101        2.2203101579        0.4033658094        3.1145372233        1.5236799314        2.6408250743        0.2041240747        0.4684358481        0.7856702126        0.4784520077 486
        1.8869919667        1.3457860034       -1.9401917072        3.3636564792        3.5297130040        2.1370516777       -0.4194013851        0.4684358481        1.2063703862        0.4784520077 487
       -0.4947691907                   *       -3.3915782391        0.3616669640        0.9016883685        1.2678823802       -1.5828491525        0.4936913748       -0.4488343127        0.4793446644 488
       -0.3804283608        2.7262863654       -0.6786953448        1.3156195484        0.6426063289        2.8359762807       -0.4612629612        0.4684358481        0.1434011584        0.4784520077 489
        1.8738275533        1.8851435817        1.8245881306        0.7688650329       -1.0462475402       -0.0287871721        0.5517403507        0.4684358481       -1.1546532638        0.4784520077 490
       -0.3808005461        1.8066190851       -0.7658342944        2.7179423297        2.4060881373        2.6299536269       -0.6407626085        0.4684358481        0.7903149799        0.4784520077 491
        1.2695026742                   *        1.9999634422        1.1273292016        1.4304806852        0.9786127329        0.5648126327        0.4936913748       -0.3326762103        0.4793446644 492
        1.9901845552        5.2348336929        0.6330157769        1.6850704615        0.3383579870        2.9359900172        0.9029050575        0.4684358481        0.3466811465        0.4784520077 493
       -0.1276633253        1.4238790111       -2.1943639654        1.8408858704        0.0185939834        1.5811040319       -1.1102362185        0.4684358481       -0.1370780950        0.4784520077 494
        1.6190067362        1.3886565549       -1.3340506512        4.7462621397        1.0778607403        2.7184439159       -0.4469688052        0.4684358481        1.2336981604        0.4784520077 495
        1.3183556443                   *       -1.3195233297        0.7119483640        2.0802715422       -0.9871801515       -0.4925275307        0.4936913748       -0.7352565118        0.4793446644 496
        1.6759724906        1.7303796187        0.1872490158        2.1694117058        2.0921682641        3.1409303725        0.2228004639        0.4684358481        0.7830785464        0.4784520077 497
        0.7371069150        1.6569223579        2.5387693781        1.8689395640        1.2114856185        0.4528687841        0.4455300544        0.4684358481       -0.3797826420        0.4784520077 498
        0.0216884866        0.5096803826       -0.5402033535        3.9579343434        2.0324564933        3.6785266039       -0.6814375165        0.4684358481        1.3261883405        0.4784520077 499
       -0.3449132178                   *        1.4724396384       -0.6562575151       -0.3514309795        2.0052305758       -0.0054472131        0.4936913748       -0.9505262627        0.4793446644 500
