1 -1.39533930480442 -0.0341748257131358 1.03511108313848
1 5.76950064973157 1.11861147308485 1.03511108313848
1 1.08717003013069 -0.882852008227127 1.03511108313848
1 -0.0808852238398945 0.819591215877773 1.03511108313848
1 -1.9783432832449 -1.41225817293728 1.03511108313848
1 1.37124970344968 1.96391809904693 1.03511108313848
1 3.33614331998798 1.06955556110277 1.03511108313848
1 -0.942686774425083 0.192397101601563 1.03511108313848
1 0.63983458603869 -0.769423772643433 1.03511108313848
1 -0.352515204110245 -0.125980412603964 1.03511108313848
1 -1.33933732166707 -0.588140330946435 1.03511108313848
1 -0.49837310496625 -0.371967896147106 1.03511108313848
1 1.61774908585934 -0.475479872832451 1.03511108313848
1 3.62710394679675 1.27841566513262 1.03511108313848
1 -2.57893174647726 -0.762553078661507 1.03511108313848
1 -2.12129495950302 -0.945823831553683 1.03511108313848
1 2.14031018147283 0.926034669644161 1.03511108313848
1 -0.379331769763519 -0.970880606261908 1.03511108313848
1 1.35755120949906 0.841551324064611 1.03511108313848
1 -0.250048224734302 -0.115507869725938 1.03511108313848
1 0.18944382618356 -1.15568209774581 1.03511108313848
1 -1.43099098891614 0.211540741446185 1.03511108313848
1 2.04295614614554 1.6622577625144 1.03511108313848
1 -4.26917124526998 -1.47314883751607 1.03511108313848
2 -0.281237980466338 -0.43714355828274 1.38490868190409
2 0.803689335417214 -0.0752376815213917 1.38490868190409
2 1.67301390132473 0.298358652386659 1.38490868190409
2 0.290808440891082 -0.919263901638537 1.38490868190409
2 2.71145365352646 0.959925689633517 1.38490868190409
2 2.39909469930739 0.6722539716228 1.38490868190409
2 -1.99962873745052 -1.7278495866055 1.38490868190409
2 1.21189685911349 1.2289564144052 1.38490868190409
3 0.052989372706279 0.42001030565742 -0.512869586422524
3 -1.80095241357952 0.434700441946968 -0.512869586422524
3 -2.39381440619195 -1.1329360529193 -0.512869586422524
3 1.94496348834568 2.01490013478943 -0.512869586422524
3 -0.372915092916167 -0.803701888118905 -0.512869586422524
3 0.469330784256965 -0.623463705023339 -0.512869586422524
3 2.10259799397255 1.67397745625229 -0.512869586422524
3 -1.59862716853831 0.256816082390234 -0.512869586422524
3 0.222591489614956 1.17899059387724 -0.512869586422524
3 -0.225939442276193 -0.279590252794737 -0.512869586422524
3 -0.847925318107154 1.33158960363754 -0.512869586422524
3 1.30581477421975 -0.028604505760923 -0.512869586422524
3 -0.211450000973935 -1.42695589923601 -0.512869586422524
3 -1.32572673352715 -0.575593949735276 -0.512869586422524
3 -1.06991333100974 1.05428603429794 -0.512869586422524
3 3.14980144947889 0.409327121948552 -0.512869586422524
3 -3.0996278680095 -1.10541694166019 -0.512869586422524
3 -0.593856561784299 0.271938655106708 -0.512869586422524
3 -1.27695500381699 -0.457824107889684 -0.512869586422524
3 -1.57062656563952 0.799347169939935 -0.512869586422524
3 -2.95527980723592 0.102460023270721 -0.512869586422524
3 -1.20609281778708 -1.08306242270154 -0.512869586422524
3 -2.8177779069555 -0.886649098009712 -0.512869586422524
3 -3.02234792460872 -1.54454479926537 -0.512869586422524
4 -1.66650030515388 1.7370261651761 -0.35400479843022
4 -2.23016575300471 -0.340593132810796 -0.35400479843022
4 -1.3997633323504 0.0774294997804349 -0.35400479843022
4 -2.24705139503156 0.551879281928766 -0.35400479843022
4 -2.41993681924784 0.425753050407382 -0.35400479843022
4 0.580031624262924 -0.455119478257541 -0.35400479843022
4 -1.07720561965934 -1.7646776178129 -0.35400479843022
4 -0.408370165098791 -0.231697768411447 -0.35400479843022
5 -2.32764349741407 0.268445045305208 -0.388931792479254
5 -3.05386689603002 -1.97072244877209 -0.388931792479254
5 1.75407272277526 1.26814277251846 -0.388931792479254
5 -0.592049225799415 -1.20498747976242 -0.388931792479254
5 -0.210946072065464 0.291752880200873 -0.388931792479254
5 -0.281993145791086 0.804253131552027 -0.388931792479254
5 0.47755243693223 -0.976015175902966 -0.388931792479254
5 0.0770582911623743 -0.350811879621112 -0.388931792479254
5 1.95754812972398 -0.154692423137307 -0.388931792479254
5 -2.98584166780687 -1.11360290371715 -0.388931792479254
5 -1.65895037982965 0.668303206478257 -0.388931792479254
5 3.69652278004519 0.809245850234916 -0.388931792479254
5 -1.77074020619765 0.0299953013620614 -0.388931792479254
5 1.05892351132983 -0.166788868029755 -0.388931792479254
5 3.73416367631451 0.431924358055345 -0.388931792479254
5 2.22075247883123 0.849736047828851 -0.388931792479254
5 3.19368924854105 0.645995065459994 -0.388931792479254
5 0.661143540994077 0.839637092324326 -0.388931792479254
5 0.192363541471558 1.24565289332304 -0.388931792479254
5 0.739310393584879 -0.215477713553422 -0.388931792479254
5 -0.220467968978212 -1.71330746185885 -0.388931792479254
5 0.787104386156084 -0.220846358140686 -0.388931792479254
5 -1.834396213928 -1.64020669844326 -0.388931792479254
5 1.54528961406086 1.57437576629566 -0.388931792479254
6 2.93000125456441 0.89991736515451 -0.803868815291829
6 1.25321985959775 -0.0443901484173595 -0.803868815291829
6 1.75494946974634 -0.275160822894825 -0.803868815291829
6 5.32396515586413 0.408517581859155 -0.803868815291829
6 -0.299518455344456 -1.37607137466272 -0.803868815291829
6 3.85664649949091 1.72384360328822 -0.803868815291829
6 1.90825726585601 -0.974141817050403 -0.803868815291829
6 0.93695123749245 -0.362514387276578 -0.803868815291829
7 1.63491727703901 1.11670936573451 -1.22872352809398
7 3.58044108882074 -0.0609167347050978 -1.22872352809398
7 -1.62263077986842 -1.57014719271803 -1.22872352809398
7 1.91297640249691 -0.772814238444101 -1.22872352809398
7 2.79583565179058 0.174481284027736 -1.22872352809398
7 3.81579858968023 0.971377260761553 -1.22872352809398
7 1.34028285153587 0.0310469051071796 -1.22872352809398
7 4.39653995439634 2.09849511029095 -1.22872352809398
7 0.21501829377412 -0.952766823526716 -1.22872352809398
7 0.594636538973786 0.362750786788008 -1.22872352809398
7 4.84571684340523 1.51565570462961 -1.22872352809398
7 1.91498480685432 0.307464417730192 -1.22872352809398
7 1.05830519500706 -0.819458042132208 -1.22872352809398
7 0.481363141821308 -0.59546182296913 -1.22872352809398
7 2.73352296763309 0.135526405020594 -1.22872352809398
7 1.19283052797392 1.13935165142263 -1.22872352809398
7 1.69937421012987 0.207941404121767 -1.22872352809398
7 -0.499154357581457 0.166235318702801 -1.22872352809398
7 -1.01075219070762 -0.631677805515031 -1.22872352809398
7 0.299413232198972 0.640052795297396 -1.22872352809398
7 -3.07870786267736 -2.13254565780523 -1.22872352809398
7 2.50814709988025 -1.06647700261726 -1.22872352809398
7 3.35229932661578 0.551166871922861 -1.22872352809398
7 -0.689839456900404 -0.815989961124972 -1.22872352809398
8 3.28427393490267 -1.10481163304941 -0.118543602505705
8 2.03369411934532 0.161643541373919 -0.118543602505705
8 1.56864053068184 -0.641264554214017 -0.118543602505705
8 3.75502359105833 0.830514695318021 -0.118543602505705
8 0.760002748233995 -1.06069094296414 -0.118543602505705
8 4.23503821930545 1.73040640685563 -0.118543602505705
8 1.94937185300038 -0.472374749601172 -0.118543602505705
8 3.32654338000102 0.55657723628117 -0.118543602505705
9 1.88055930466816 1.61217791043534 1.17410941155934
9 2.34994060093563 0.794449092307393 1.17410941155934
9 1.52120498973969 -1.70206530709702 1.17410941155934
9 -1.23280753050387 -2.00522812972254 1.17410941155934
9 2.32510876696046 -0.346914042865438 1.17410941155934
9 2.65387600075881 -0.0322311974995811 1.17410941155934
9 0.042301959631249 -0.709852455195905 1.17410941155934
9 1.76064860815822 -1.11996813609346 1.17410941155934
9 2.09039910667406 0.854543910399293 1.17410941155934
9 3.65421937845882 0.146836404245833 1.17410941155934
9 1.96690018844976 0.0475966558333451 1.17410941155934
9 -0.855877037242113 -0.455825424609456 1.17410941155934
9 2.14262238035305 -0.319789391118862 1.17410941155934
9 0.221680021084794 -0.971844541215976 1.17410941155934
9 -0.179110351219415 1.03150844759638 1.17410941155934
9 -0.864598306073226 1.25005640176065 1.17410941155934
9 -0.084398964855728 -0.399429481316707 1.17410941155934
9 0.44430671040951 0.414543944410099 1.17410941155934
9 1.00085585587498 0.726407873896511 1.17410941155934
9 0.152375779958885 1.86846692886684 1.17410941155934
9 1.63007070124129 -0.0244310471115514 1.17410941155934
9 1.92050869394749 -0.503066721247418 1.17410941155934
9 -1.39887650106718 0.849621122741061 1.17410941155934
9 1.81002375509072 -1.00556281739884 1.17410941155934
10 3.56610511096678 -0.630420371335129 0.261643431401679
10 3.26108806352461 0.23283247759651 0.261643431401679
10 1.08884394250199 -1.46045985523078 0.261643431401679
10 3.4442446727252 0.278498862711273 0.261643431401679
10 3.93603163187968 1.99773114702898 0.261643431401679
10 5.04700315420506 0.193507151896676 0.261643431401679
10 3.48235751689839 -0.55322888638588 0.261643431401679
10 1.60885140258023 -0.0584605262816455 0.261643431401679
11 -3.12700086150878 -0.240015879853645 -1.65485623046389
11 0.386710270214229 -0.0592605405274256 -1.65485623046389
11 0.454983187203703 -0.755873672126809 -1.65485623046389
11 -1.03358803074785 -0.0277494604159915 -1.65485623046389
11 1.17585354505125 1.48128748045275 -1.65485623046389
11 3.73691158498278 0.949973663597593 -1.65485623046389
11 0.877110731101105 -0.0470308113912791 -1.65485623046389
11 0.3417715706929 -1.62573915164984 -1.65485623046389
11 1.82614816294415 0.535198530508997 -1.65485623046389
11 0.642551134701912 -0.119201619725584 -1.65485623046389
11 0.533640865133814 0.427266444244585 -1.65485623046389
11 3.79088179358021 1.23370585022403 -1.65485623046389
11 1.09965504388038 -1.77751702695426 -1.65485623046389
11 1.71493306628823 -0.369925593383465 -1.65485623046389
11 2.68712285838334 -1.01929363442068 -1.65485623046389
11 1.5623467580671 0.113179494594855 -1.65485623046389
11 1.73340355879859 1.0055375988529 -1.65485623046389
11 1.34704237371739 -1.998809070445 -1.65485623046389
11 -0.749353413296565 1.79366437888649 -1.65485623046389
11 1.50682358224367 -0.211400419617338 -1.65485623046389
11 2.75744648124731 1.2203908422224 -1.65485623046389
11 1.68891887320215 -0.616383387450269 -1.65485623046389
11 1.70505458032863 -0.199053138197824 -1.65485623046389
11 1.6117080630252 0.307049122574812 -1.65485623046389
12 2.41702442543563 0.42594260966825 1.93984210420233
12 3.4851253353045 1.43004296385407 1.93984210420233
12 4.32300362237056 0.18497471472279 1.93984210420233
12 2.26896158525675 0.0133743892107426 1.93984210420233
12 2.80730032309239 0.0558352333902192 1.93984210420233
12 2.60303859881809 -1.15759032397931 1.93984210420233
12 5.31389287817389 0.736623770946006 1.93984210420233
12 -2.22049256855911 -1.68920335781277 1.93984210420233
13 1.3862668137718 -0.729505713888154 1.39980084340508
13 0.838160403086231 -0.635509736020723 1.39980084340508
13 4.68958195801804 0.496317511396925 1.39980084340508
13 0.587600953606898 -0.65218857099773 1.39980084340508
13 1.37632486180796 0.285596974492116 1.39980084340508
13 2.03733950575138 1.80725457709321 1.39980084340508
13 1.02524276024814 -0.880626732067868 1.39980084340508
13 4.3028989976304 0.356060686227803 1.39980084340508
13 2.98569546703035 0.187832524222892 1.39980084340508
13 1.36597023852503 0.162453982073998 1.39980084340508
13 0.708927516015727 1.00744009203298 1.39980084340508
13 0.608076291693233 1.181370809852 1.39980084340508
13 2.08806321618891 -0.573212200098379 1.39980084340508
13 2.08477262466509 0.150959575708052 1.39980084340508
13 2.90022348692823 0.159912687366136 1.39980084340508
13 2.15287704186454 1.04227981895512 1.39980084340508
13 0.409412595896951 1.13022320477116 1.39980084340508
13 5.27004311044505 0.513346616692218 1.39980084340508
13 0.630324537568276 -0.0634345567029422 1.39980084340508
13 -1.29681484724607 -1.46846557470375 1.39980084340508
13 0.651189327320372 -2.72088553996521 1.39980084340508
13 0.700313338634965 0.751772474860735 1.39980084340508
13 0.72867665491315 -1.20085454857908 1.39980084340508
13 1.03015074941675 -0.308138362721507 1.39980084340508
14 2.64893684193485 0.139340450625637 0.344247263231176
14 3.13422974775503 -0.189193852249621 0.344247263231176
14 2.59065985830447 -0.06712387291303 0.344247263231176
14 -0.780141947898998 2.0156769054356 0.344247263231176
14 1.86378161613734 -0.992403622559211 0.344247263231176
14 0.17235883756815 -0.595213576027136 0.344247263231176
14 1.37056109908408 0.707534861796105 0.344247263231176
14 2.46571296648377 -1.01861729410835 0.344247263231176
15 -0.279219272806651 -0.0114946256455659 0.509244123367166
15 2.64864632241556 0.56837076753479 0.509244123367166
15 0.781622506706614 -0.588383389556567 0.509244123367166
15 1.15550770398697 2.1851833754283 0.509244123367166
15 -0.475657012047657 -0.574636725313515 0.509244123367166
15 1.27744063474346 -1.89424494423648 0.509244123367166
15 3.32293587427419 0.113804126840635 0.509244123367166
15 1.49531060239053 -0.491387588150237 0.509244123367166
15 2.6792696057504 0.569673491021298 0.509244123367166
15 2.03392844686605 1.03116913722381 0.509244123367166
15 3.86322846924954 1.20429361690478 0.509244123367166
15 2.66508176230629 -0.449286071153759 0.509244123367166
15 2.902943961881 -0.877894152566385 0.509244123367166
15 4.29427670581921 0.32259746654837 0.509244123367166
15 5.59361891155958 0.721217860547627 0.509244123367166
15 1.54779058747962 -1.22809056906979 0.509244123367166
15 0.456781895543104 0.363608508639995 0.509244123367166
15 1.94708975369299 -0.146067988629887 0.509244123367166
15 4.06316280657622 1.83450501615151 0.509244123367166
15 1.76162381176471 -0.044408163403657 0.509244123367166
15 1.01309030641312 -0.25159488148846 0.509244123367166
15 -0.604776415557447 -1.54322190304368 0.509244123367166
15 2.46135124625988 -1.16278064019311 0.509244123367166
15 4.20143578390088 0.349068275609978 0.509244123367166
16 -1.7358284300272 -0.492808195366592 0.785164630431725
16 0.446140681960005 -0.648639171114672 0.785164630431725
16 0.959808386652119 0.183225258931161 0.785164630431725
16 2.70981379504253 -0.448924243778312 0.785164630431725
16 -2.44509116277885 -1.34825704782249 0.785164630431725
16 1.70011934761618 1.76405473976154 0.785164630431725
16 1.97796992555611 1.07886836344252 0.785164630431725
16 0.925706256617571 -0.0875197040531552 0.785164630431725
17 3.77525018578786 2.71275850260998 0.509471497546576
17 3.03847325369024 -0.470836063579733 0.509471497546576
17 0.702037688195102 0.0295539085187089 0.509471497546576
17 2.27738650662724 -0.13297615124316 0.509471497546576
17 1.56131811575328 0.0317372983522369 0.509471497546576
17 3.67380907578746 -1.97518550004696 0.509471497546576
17 3.95638344758466 0.496472480423243 0.509471497546576
17 1.2180700564157 0.677929146813998 0.509471497546576
17 3.55559151205169 0.274345612697692 0.509471497546576
17 3.17011519674352 0.42422765590544 0.509471497546576
17 2.7303021019855 -0.0539182313173023 0.509471497546576
17 3.48106520959058 -0.61316172982486 0.509471497546576
17 5.06310976678613 -1.66152043800406 0.509471497546576
17 3.89273677418025 0.372368206291375 0.509471497546576
17 2.54202240233415 -0.768959456693883 0.509471497546576
17 0.893462467798909 -0.363001908456951 0.509471497546576
17 4.60929536257376 0.667496128273914 0.509471497546576
17 2.98125481860488 0.0087980433332635 0.509471497546576
17 1.20476743322784 -1.80323440122904 0.509471497546576
17 3.13755041655124 0.840726127923589 0.509471497546576
17 0.731044547781667 -0.586886229996355 0.509471497546576
17 0.716497715987302 0.622418121818463 0.509471497546576
17 0.707059574079971 1.17962245171648 0.509471497546576
17 1.91316293044856 0.0912264257139162 0.509471497546576
18 2.89610200982517 -0.959444326408178 -0.48975519149369
18 2.38756043575031 1.36576628896329 -0.48975519149369
18 2.89153896882429 -0.546085746690935 -0.48975519149369
18 -0.0700418636398388 -0.135868649277228 -0.48975519149369
18 0.390306274514174 -0.472439576121856 -0.48975519149369
18 2.35235084123869 0.655711159173021 -0.48975519149369
18 0.732321788114154 -1.22662308580753 -0.48975519149369
18 0.561144334646646 1.31898393616942 -0.48975519149369
19 0.187779427152 -0.518241692456209 1.08347333559374
19 -1.89063424312655 -1.42337033355757 1.08347333559374
19 1.41954655228626 -0.577302370104147 1.08347333559374
19 0.687459377902149 -0.0105989267430186 1.08347333559374
19 0.265369606456228 0.727432324493145 1.08347333559374
19 0.684773487468843 0.162879438245073 1.08347333559374
19 -1.14905005829074 -0.409730707603769 1.08347333559374
19 1.1127979728424 -2.00044809609949 1.08347333559374
19 -0.750524587243754 0.845370708653775 1.08347333559374
19 0.219160085527454 0.464477920007753 1.08347333559374
19 3.28193458466765 1.51372683784572 1.08347333559374
19 1.85215099053998 -1.06776731546561 1.08347333559374
19 -0.359675615670926 -0.64479225592934 1.08347333559374
19 -0.104117139745411 -0.36907630207238 1.08347333559374
19 0.908338043130886 0.618635558569607 1.08347333559374
19 -1.55436914281688 -0.192675192896284 1.08347333559374
19 2.66035663331485 0.430151641228327 1.08347333559374
19 2.82741517491885 2.15488203184992 1.08347333559374
19 2.07203467510042 -1.53012117735402 1.08347333559374
19 3.09409744292819 1.50691895737851 1.08347333559374
19 1.01282389898542 0.534474256316037 1.08347333559374
19 2.49945464178084 0.439615678480177 1.08347333559374
19 2.83994267634975 -0.0278013936286467 1.08347333559374
19 -1.57488512891683 -0.626639589157553 1.08347333559374
20 -2.53639480324925 0.605790453045908 -0.325479237693257
20 1.61727971036534 -0.832287265322727 -0.325479237693257
20 0.618268077120297 1.33779013794734 -0.325479237693257
20 -1.58948633435205 0.948464428602502 -0.325479237693257
20 1.21616945045942 0.0643146439843917 -0.325479237693257
20 2.62399891626241 -0.527241720944332 -0.325479237693257
20 0.117691589128869 -1.71873981886104 -0.325479237693257
20 -1.58462548519498 0.121909141547955 -0.325479237693257
21 4.32368503466032 0.811284556993125 -0.0653506863367398
21 2.10068785985197 0.067086736312628 -0.0653506863367398
21 3.51133801834946 -0.624624963384077 -0.0653506863367398
21 1.51598678592994 -1.58671722717888 -0.0653506863367398
21 0.849993452261302 -1.04744044410361 -0.0653506863367398
21 3.22878195863833 -0.657432434267262 -0.0653506863367398
21 4.55757689769428 0.592213585710413 -0.0653506863367398
21 2.14471850146655 -0.928095179598088 -0.0653506863367398
21 3.63595800279619 -0.177553838466887 -0.0653506863367398
21 0.64046135393984 0.512222806145041 -0.0653506863367398
21 3.96366575057745 -1.3828268832436 -0.0653506863367398
21 2.26639914401111 1.68052158552437 -0.0653506863367398
21 4.1324326568696 -0.963532633774 -0.0653506863367398
21 0.254285966372165 -1.41201433241279 -0.0653506863367398
21 2.174553890978 -0.158702554815057 -0.0653506863367398
21 4.80958773117983 1.07428931831677 -0.0653506863367398
21 4.16200991953933 0.0196784022688556 -0.0653506863367398
21 5.95806766094369 1.38789439176685 -0.0653506863367398
21 2.57643785600398 0.132875561805442 -0.0653506863367398
21 1.78754465496517 -1.14531002836209 -0.0653506863367398
21 5.13524614785642 1.56280676140107 -0.0653506863367398
21 2.15889822121027 0.987929025450065 -0.0653506863367398
21 2.72747767377594 0.411083897004081 -0.0653506863367398
21 3.13069615445788 0.844363890907625 -0.0653506863367398
22 1.2808524110168 0.0619037045562834 -0.0532374130934656
22 -1.23716753963543 -0.879171020111279 -0.0532374130934656
22 -1.39022665264753 -0.800913893075865 -0.0532374130934656
22 2.6285851981159 0.557567286712239 -0.0532374130934656
22 -0.824414994433771 -1.59212118497639 -0.0532374130934656
22 1.46012276154148 0.377088076600527 -0.0532374130934656
22 2.25778950082473 1.18553052205479 -0.0532374130934656
22 -0.520851142758656 1.09011650823969 -0.0532374130934656
23 2.36284644023565 -1.58265148080831 1.19290296473765
23 4.76117525533539 1.04998284621148 1.19290296473765
23 3.21135800055721 0.934912537410642 1.19290296473765
23 2.00181906812747 0.0844601664377361 1.19290296473765
23 3.4501703397261 -1.07254125316152 1.19290296473765
23 1.81435638443871 2.1034762690326 1.19290296473765
23 0.592503241449807 -0.0293155519689685 1.19290296473765
23 1.74788341901231 0.150080120829377 1.19290296473765
23 1.8845269413353 -1.02308520076741 1.19290296473765
23 3.68129299465526 -0.742671761387108 1.19290296473765
23 3.78421096854104 0.893655822289987 1.19290296473765
23 0.723750991380642 -0.217844828088077 1.19290296473765
23 2.3456222138574 0.896052283356358 1.19290296473765
23 -0.239365605127613 -1.09668674601657 1.19290296473765
23 1.91610544463791 -0.221363196971878 1.19290296473765
23 4.3995790816117 -0.25680927351961 1.19290296473765
23 5.17333686394931 -1.28067695420953 1.19290296473765
23 -1.41167737065108 -1.01025750676415 1.19290296473765
23 1.88159722743152 -0.518737549229765 1.19290296473765
23 5.05428535187164 1.62248556538122 1.19290296473765
23 1.61458073657951 -0.160669042495793 1.19290296473765
23 1.39503654742267 -0.650154579871982 1.19290296473765
23 2.15583543554935 1.25459346925615 1.19290296473765
23 3.9269833989653 0.873765845055125 1.19290296473765
24 -0.914112807955144 -0.773646397282997 1.80837741888129
24 2.82099289378586 -0.771967738894191 1.80837741888129
24 1.72712923460285 -1.45054126133428 1.80837741888129
24 0.717961167089122 0.403958254193195 1.80837741888129
24 2.25818908850161 1.694163159216 1.80837741888129
24 1.49028987851066 0.154229375345829 1.80837741888129
24 -2.52183850126155 0.800671870605583 1.80837741888129
24 1.26669399119001 -0.0568672618491365 1.80837741888129
25 1.06004246085326 -0.292582179797694 0.852088828413578
25 -0.158603701771358 0.190254590323156 0.852088828413578
25 -0.283806770317682 -0.81977203686364 0.852088828413578
25 -2.68359279243508 0.519888007075431 0.852088828413578
25 1.92051977682303 -1.16541770609431 0.852088828413578
25 0.60382295020185 -0.286225855306792 0.852088828413578
25 1.2419020908101 -1.75293286828488 0.852088828413578
25 1.94867178781834 0.441088881933107 0.852088828413578
25 1.87476927510432 0.195871658297706 0.852088828413578
25 3.60841063868517 -0.334125251277854 0.852088828413578
25 1.88313848298855 -0.0964191674328669 0.852088828413578
25 0.91276853413538 -0.899388382432909 0.852088828413578
25 0.845774472760264 -0.383748839256771 0.852088828413578
25 0.924990502176982 -1.02148836261222 0.852088828413578
25 0.399805216862825 3.48574627917832 0.852088828413578
25 -1.44032512175968 1.0030089328253 0.852088828413578
25 0.779217451163183 -0.574334050693185 0.852088828413578
25 -1.04585277107308 0.0576833409312032 0.852088828413578
25 -2.12902094944918 0.333823623995873 0.852088828413578
25 1.39475918754084 0.708764622240412 0.852088828413578
25 2.40528342300558 0.358778941657834 0.852088828413578
25 1.16920803366416 -0.335620430004759 0.852088828413578
25 0.995564231982932 -0.167524311483581 0.852088828413578
25 2.61909863485191 0.834670563083129 0.852088828413578
26 1.046719074831 -0.480906230515278 -1.63201620341079
26 -0.610678603012274 0.292188388266688 -1.63201620341079
26 -0.152863182587888 1.66844798390342 -1.63201620341079
26 1.26568794900698 -0.823371263779711 -1.63201620341079
26 0.684470222838471 0.160267150165625 -1.63201620341079
26 1.06087697925323 0.0956670160244336 -1.63201620341079
26 -1.43326713054427 0.720866475708314 -1.63201620341079
26 -0.866062528479082 -1.63315951977349 -1.63201620341079
27 1.23429152717317 0.272595365202784 0.236230539764856
27 -1.94298393852951 0.0191402460278743 0.236230539764856
27 1.51577194587369 1.0525142433896 0.236230539764856
27 0.677962021638724 -0.443826557020745 0.236230539764856
27 2.09708987422213 1.3723754458673 0.236230539764856
27 -0.918995737990609 -1.36345117081246 0.236230539764856
27 0.442738926101572 0.687199947137465 0.236230539764856
27 -0.373146174995792 -0.883115306561184 0.236230539764856
27 1.5842342819333 0.596540932396185 0.236230539764856
27 0.237323157164667 0.0703266430008666 0.236230539764856
27 2.10604672611201 0.803966612182221 0.236230539764856
27 -2.65869179590341 -2.2812490688588 0.236230539764856
27 -1.02243080097456 -0.250134643709098 0.236230539764856
27 -1.33613155005916 -0.497935599709912 0.236230539764856
27 1.26909457538229 -0.938038371272429 0.236230539764856
27 -1.23716899870075 -0.99586909642398 0.236230539764856
27 2.9301095675108 1.90962986234038 0.236230539764856
27 1.59320105457536 -1.03574973877681 0.236230539764856
27 0.292868402834931 0.159374784501001 0.236230539764856
27 -0.461035253980383 -0.306834408255007 0.236230539764856
27 -3.49246835666308 -0.759181002742765 0.236230539764856
27 0.778232228318072 1.05351700174879 0.236230539764856
27 0.85376909231066 0.594798766577348 0.236230539764856
27 1.97666503451527 1.16340511377138 0.236230539764856
28 3.01671019255253 0.0158468085141271 0.123383772240187
28 0.868820147385082 1.12096742400254 0.123383772240187
28 2.01750384472969 -0.317224960667752 0.123383772240187
28 2.51475347649962 1.19029583255501 0.123383772240187
28 0.59245027659712 -0.913162292349034 0.123383772240187
28 0.501594491655533 -1.45507016895363 0.123383772240187
28 0.167732737894644 -0.598786502238397 0.123383772240187
28 2.84409740657087 0.957133859137142 0.123383772240187
29 -0.256334672272592 0.624135034857326 -0.0300221882919981
29 0.65283982368613 -0.727404134647633 -0.0300221882919981
29 3.50298244500542 1.1893166028692 -0.0300221882919981
29 1.68985503346367 0.738618884182793 -0.0300221882919981
29 2.38189810357255 1.23897546065923 -0.0300221882919981
29 4.74228440930455 -0.0407277065437357 -0.0300221882919981
29 1.31887038076809 -1.38896137424246 -0.0300221882919981
29 1.00131011038605 -0.443299918004828 -0.0300221882919981
29 3.35949100315865 1.65883549614091 -0.0300221882919981
29 0.568869824779604 -1.18930867024524 -0.0300221882919981
29 1.33144904826751 -0.429941578593018 -0.0300221882919981
29 1.71611006167443 -0.96680959904951 -0.0300221882919981
29 1.79262038934235 0.748180776715793 -0.0300221882919981
29 2.56673719433238 -0.607424286070377 -0.0300221882919981
29 1.36343004027517 -1.73119271784697 -0.0300221882919981
29 1.50936827960672 -0.418885743801772 -0.0300221882919981
29 -0.0272001749635852 -1.0697511860257 -0.0300221882919981
29 0.118908449372859 -1.28090553414704 -0.0300221882919981
29 0.495308137313555 0.454380380599157 -0.0300221882919981
29 -0.833288843794163 0.818394095407465 -0.0300221882919981
29 1.06743582701831 0.842855268636911 -0.0300221882919981
29 2.31056153150219 1.62115287477907 -0.0300221882919981
29 2.40901242092419 0.119504702995601 -0.0300221882919981
29 1.48874916463126 0.240262871374811 -0.0300221882919981
30 -0.409680653730402 0.805803117044944 0.298882467127352
30 1.54411257257017 -0.41422965359757 0.298882467127352
30 2.60837830939829 1.37113548638477 0.298882467127352
30 -0.0408175864754514 0.500655023224327 0.298882467127352
30 1.85462635373901 0.266024695191963 0.298882467127352
30 -1.2817162025278 0.208776339960509 0.298882467127352
30 -1.41742315435073 -1.67346437911391 0.298882467127352
30 1.83023903011511 -1.06470062909503 0.298882467127352
31 1.56822048280398 -1.20623691711008 0.0584654708885809
31 0.678915541195008 -0.658344993622608 0.0584654708885809
31 1.7944618110681 -0.631829111215257 0.0584654708885809
31 0.368529316657998 -1.58374325576781 0.0584654708885809
31 -1.47249683530863 -0.886328236288382 0.0584654708885809
31 0.929255311845645 0.105588566146195 0.0584654708885809
31 0.151792909055213 -0.413387576718159 0.0584654708885809
31 2.03800778172425 0.263712970546902 0.0584654708885809
31 1.59679899321045 0.493893048661767 0.0584654708885809
31 0.367265707419325 -0.157286311490526 0.0584654708885809
31 3.19834477731984 1.25904458500915 0.0584654708885809
31 1.36754678462348 -0.40625894634189 0.0584654708885809
31 -0.204008821450548 -0.673008259672801 0.0584654708885809
31 -1.68459643496773 -0.554062052634414 0.0584654708885809
31 3.19688993808299 1.51466800339971 0.0584654708885809
31 4.11934252620237 2.94822948798795 0.0584654708885809
31 3.90108400613658 1.14501223332167 0.0584654708885809
31 0.911347343607349 0.0976645425724074 0.0584654708885809
31 1.92403878522708 0.117326369384201 0.0584654708885809
31 0.410735839607599 -0.1300990607289 0.0584654708885809
31 3.10851773554043 0.10124034489264 0.0584654708885809
31 2.70775657314911 0.388218330906702 0.0584654708885809
31 -0.291247021757048 -1.35650474476594 0.0584654708885809
31 0.840308170646394 0.222490983527471 0.0584654708885809
32 1.85230802079937 -1.132076617783 1.36752395056597
32 1.32884625377101 0.648270812478795 1.36752395056597
32 0.744217415458024 1.213365155747 1.36752395056597
32 1.79152318298471 0.69900557788174 1.36752395056597
32 0.507675727331674 -1.63448171065679 1.36752395056597
32 1.03334656676792 -0.42289199672976 1.36752395056597
32 0.82054990185793 -0.0658687638627089 1.36752395056597
32 0.196760602400793 0.694677542924721 1.36752395056597
33 0.760331379963807 -0.630169245030568 -1.31514505784088
33 0.205598199971817 0.116519419605555 -1.31514505784088
33 3.0961934181585 0.670814827430418 -1.31514505784088
33 3.4608692095332 0.830350540137231 -1.31514505784088
33 0.0202546102481156 0.355551480333435 -1.31514505784088
33 2.86852442882133 1.46945192652093 -1.31514505784088
33 2.57213438361274 0.111827387279418 -1.31514505784088
33 -6.14495768816667 -2.35812445778663 -1.31514505784088
33 1.60808343202221 -0.0630245054295442 -1.31514505784088
33 -1.43145362320775 -0.9684150992132 -1.31514505784088
33 0.785006271935087 -0.953207612746722 -1.31514505784088
33 0.683091367691874 -0.474922651016558 -1.31514505784088
33 0.227594423931159 0.0689482018926193 -1.31514505784088
33 3.93438614105514 1.30886390847695 -1.31514505784088
33 4.78265341809915 0.400832014868301 -1.31514505784088
33 3.93745162870387 1.72951091617009 -1.31514505784088
33 1.08257514594592 -1.62211845218037 -1.31514505784088
33 -1.67856379406348 -0.337158867019196 -1.31514505784088
33 1.14220156213371 -0.412717278992542 -1.31514505784088
33 0.943671405071048 -0.318712497481499 -1.31514505784088
33 1.06047351203009 -0.717016454458159 -1.31514505784088
33 2.26744017719398 -0.566786052309257 -1.31514505784088
33 3.18561650765134 1.24637011280211 -1.31514505784088
33 5.9512439459965 1.11333243814719 -1.31514505784088
34 0.554910770200157 -0.420401998936089 -0.713135624167786
34 1.97599057927476 -0.410363139274777 -0.713135624167786
34 0.836025274362677 -0.359876148612226 -0.713135624167786
34 2.73197107856809 0.710570446175894 -0.713135624167786
34 4.93595558657367 2.13909939847741 -0.713135624167786
34 -1.30526524866811 -0.0728572852177351 -0.713135624167786
34 2.2777481684226 -1.09426579691635 -0.713135624167786
34 -1.63825855920878 -0.491905475696119 -0.713135624167786
35 4.93335050145262 1.16311190565271 0.266185855816276
35 -0.621334498719324 -0.631370269475178 0.266185855816276
35 0.566116994089527 0.08718048950483 0.266185855816276
35 2.34492034652825 -0.306490295334075 0.266185855816276
35 0.359315403141914 1.71752539109553 0.266185855816276
35 -0.48807154360199 0.598494378324537 0.266185855816276
35 3.3874221342423 0.777249703573811 0.266185855816276
35 2.5267448398956 1.11100154303281 0.266185855816276
35 -0.33417590018231 -1.70736698339482 0.266185855816276
35 3.46869365419529 -0.288614911913513 0.266185855816276
35 2.05692927521751 -0.123115821856628 0.266185855816276
35 2.06527192816988 0.345925310597627 0.266185855816276
35 2.47921160020577 -1.11180195881342 0.266185855816276
35 3.37781733176761 -0.812193049579345 0.266185855816276
35 -0.0249210512120068 -1.17453580405828 0.266185855816276
35 1.94257880993641 -0.29611054080479 0.266185855816276
35 4.51053966881617 1.23731650117166 0.266185855816276
35 -0.480841577891432 -1.08542873062296 0.266185855816276
35 4.82769318787967 1.61795893342759 0.266185855816276
35 1.17422085758536 -0.526769178994364 0.266185855816276
35 3.35032927078338 0.899983659363089 0.266185855816276
35 1.15605959563895 0.372289185941492 0.266185855816276
35 2.33925085751955 -1.71110205283184 0.266185855816276
35 3.94337932521114 -0.153137404006472 0.266185855816276
36 -1.34004275499172 -1.21402349683397 -0.343287760634475
36 1.31485490164347 0.221139764518582 -0.343287760634475
36 -0.0963880553865333 -0.131464753969074 -0.343287760634475
36 -1.57699702651396 -0.635803345577208 -0.343287760634475
36 2.18816535611574 1.41253634387138 -0.343287760634475
36 2.12781679668175 1.45259550034751 -0.343287760634475
36 1.74127671723956 -0.964759489440768 -0.343287760634475
36 1.10489209087435 -0.14022052291646 -0.343287760634475
37 4.34365312447734 0.133916320691138 0.200029693822907
37 2.59248485321881 -0.952581375519314 0.200029693822907
37 1.04233531813196 -0.145337876974989 0.200029693822907
37 4.28165273610513 -0.722145331739437 0.200029693822907
37 0.996527926263144 -0.528258228066942 0.200029693822907
37 -1.46257708387097 -1.38757972063023 0.200029693822907
37 4.21134186082939 1.13563577202591 0.200029693822907
37 5.16841454741197 0.372475183096608 0.200029693822907
37 2.50676380804536 0.359264190383941 0.200029693822907
37 2.85179099649805 -0.908263507199685 0.200029693822907
37 0.431359458063451 -1.03508617296448 0.200029693822907
37 2.67524027708348 -0.00962981523172075 0.200029693822907
37 0.0717603734332508 -0.430094029908957 0.200029693822907
37 0.64557050485097 -0.65547263624205 0.200029693822907
37 6.29204721859292 0.774132461670021 0.200029693822907
37 2.15337527274631 0.153431227493368 0.200029693822907
37 2.64741371810406 1.66228757723284 0.200029693822907
37 2.1043194941193 -0.309242457123868 0.200029693822907
37 4.6901716060702 2.24336274954532 0.200029693822907
37 1.30945295965337 -0.808167741034629 0.200029693822907
37 -0.752530253207819 -0.436275811001828 0.200029693822907
37 3.3091923577285 -1.31333703968578 0.200029693822907
37 2.92511255841269 1.74763255443753 0.200029693822907
37 2.43664575546539 1.05933370674723 0.200029693822907
38 -3.02425152392692 0.508284619232731 1.35375017211292
38 -0.757974416043317 0.593046762155835 1.35375017211292
38 -0.798123103428053 -1.33219839468496 1.35375017211292
38 1.85187865053592 -0.0462098736049774 1.35375017211292
38 2.27000307432847 -1.66141249045299 1.35375017211292
38 -0.26461008734298 0.0297642355148388 1.35375017211292
38 1.79314709279188 0.831356144595756 1.35375017211292
38 0.240738857311398 1.07736899724377 1.35375017211292
39 2.32750580001578 -0.296820652970953 -2.56971053908273
39 -1.08529596731882 -0.473649776345057 -2.56971053908273
39 -0.000387946121729765 1.77800777590452 -2.56971053908273
39 1.87639231148791 1.34857410470986 -2.56971053908273
39 1.61885733703445 -0.812000933387283 -2.56971053908273
39 4.00485561783358 2.11406692501075 -2.56971053908273
39 0.488253808781148 -0.0743987303034033 -2.56971053908273
39 -0.147440478758347 -1.96392352675226 -2.56971053908273
39 1.6651647973152 0.906025120846572 -2.56971053908273
39 2.22106499805456 0.502574506602053 -2.56971053908273
39 0.25900937316166 0.0853380965091521 -2.56971053908273
39 -0.416065960720653 -1.30180284245736 -2.56971053908273
39 0.697017854025362 0.626560935280256 -2.56971053908273
39 0.727511778094038 -1.51470010993527 -2.56971053908273
39 1.28797098901186 -0.676016266768595 -2.56971053908273
39 1.43797383426315 0.487529118291879 -2.56971053908273
39 1.91977257498319 0.401676885766354 -2.56971053908273
39 4.24088348594994 0.0778186198437773 -2.56971053908273
39 1.0902014957 0.887716188149546 -2.56971053908273
39 1.20163481290018 -0.649835922204234 -2.56971053908273
39 1.2765977162863 -0.823415506830404 -2.56971053908273
39 1.62622581206541 0.151700682667651 -2.56971053908273
39 0.408749834233838 -0.68688036997201 -2.56971053908273
39 3.61911238707163 -0.0941443216555389 -2.56971053908273
40 -0.023285208359253 -1.14673642221222 0.728356192222031
40 1.31642447173429 -0.879577730913764 0.728356192222031
40 0.545097486474896 -0.245098563088693 0.728356192222031
40 4.09625064436042 1.956079385399 0.728356192222031
40 3.72207062652078 0.861917607438973 0.728356192222031
40 3.49601560117203 0.151464314645482 0.728356192222031
40 1.6879234210581 -0.260878373633009 0.728356192222031
40 0.897731745466982 -0.437170217635765 0.728356192222031
41 0.570549942215718 -1.3774412050043 -0.889041556797554
41 0.0629340088716988 1.55667507091771 -0.889041556797554
41 0.136429540530501 -0.160792090303447 -0.889041556797554
41 1.35256204210802 0.18727559796909 -0.889041556797554
41 1.7169346550163 -0.581046431275501 -0.889041556797554
41 4.27262103975342 -0.901320214587024 -0.889041556797554
41 1.56388980119714 0.174881009239152 -0.889041556797554
41 -0.330966362611148 -1.04326707838002 -0.889041556797554
41 3.82386263301427 -0.76867965656953 -0.889041556797554
41 3.72782484873797 -0.380214644153436 -0.889041556797554
41 0.899081042374612 0.638787306843474 -0.889041556797554
41 3.41998859575585 -1.98390898338339 -0.889041556797554
41 0.616920250790348 -0.0148420247748932 -0.889041556797554
41 2.90151101544017 -0.905260671111383 -0.889041556797554
41 2.18356190910399 1.06275301785247 -0.889041556797554
41 -0.808687561168477 -0.0390472898746315 -0.889041556797554
41 3.22921877026163 -0.29952374859114 -0.889041556797554
41 2.33249493760768 1.6398195586757 -0.889041556797554
41 0.314151343631578 0.955881206966766 -0.889041556797554
41 1.46444643464299 0.67470655588546 -0.889041556797554
41 4.88236164925359 -1.41124618953988 -0.889041556797554
41 -0.00636160020375676 0.68261346320185 -0.889041556797554
41 0.520758862979062 0.940645599925162 -0.889041556797554
41 3.15395298728523 1.35255184007174 -0.889041556797554
42 2.49562835155776 0.0577243149204759 -0.598880024069669
42 -0.334410577646483 0.718368086501873 -0.598880024069669
42 -0.931824878842084 -1.41626705388382 -0.598880024069669
42 2.56927628399048 0.440222302932716 -0.598880024069669
42 -0.024330636578245 0.800758324545253 -0.598880024069669
42 2.64500265107267 1.09661803630771 -0.598880024069669
42 -1.856084200958 -1.5546149745086 -0.598880024069669
42 -1.03246892607401 -0.142809036815611 -0.598880024069669
43 1.89381347032497 -0.163630139189598 1.21175120788669
43 0.810272918055618 0.187666124464349 1.21175120788669
43 3.4182802250966 0.312235885918274 1.21175120788669
43 0.132980790542674 1.24002604108144 1.21175120788669
43 2.11324740931236 -0.47095645381251 1.21175120788669
43 1.60708985649179 -0.321235407925984 1.21175120788669
43 1.34340040957626 0.369546562553272 1.21175120788669
43 -0.119627838455006 0.621135110431402 1.21175120788669
43 1.25593161505052 0.0692738897277928 1.21175120788669
43 0.410260327482456 -1.11470588225278 1.21175120788669
43 2.15098306996572 -1.0695842900518 1.21175120788669
43 2.05178242316842 -0.277126417476645 1.21175120788669
43 4.76798704331532 1.29702542788218 1.21175120788669
43 -0.926109080351265 -0.685492636764791 1.21175120788669
43 0.219872369132636 -0.653174248504073 1.21175120788669
43 0.895609175158722 0.446450542966984 1.21175120788669
43 2.1571050089784 0.567069113463273 1.21175120788669
43 0.287743147270711 -1.27085942132001 1.21175120788669
43 -0.971366579115958 -1.00667416078878 1.21175120788669
43 0.73422586947751 -0.385028477729748 1.21175120788669
43 1.80924845163608 2.47391175159121 1.21175120788669
43 1.48207445108797 1.76309780800239 1.21175120788669
43 1.14321438892416 -1.6792124181636 1.21175120788669
43 -0.370681626013299 -0.249758304102236 1.21175120788669
44 3.36261122737133 -1.0264961803259 -1.82742010883911
44 1.50767965564192 -0.209133341401075 -1.82742010883911
44 2.61507593577557 -0.0409542515099221 -1.82742010883911
44 2.04120207138109 1.51311489497369 -1.82742010883911
44 5.65294705520431 0.257030438000428 -1.82742010883911
44 0.40057317098172 1.26235876074227 -1.82742010883911
44 0.163098540955157 -1.33080258778211 -1.82742010883911
44 1.63733211354931 -0.425117732697376 -1.82742010883911
45 1.1199087133753 -0.594323329994091 -0.278024092276452
45 -0.105493419523744 -1.13094734608752 -0.278024092276452
45 3.51514944063958 0.300059481249574 -0.278024092276452
45 1.87282171183408 0.341835938913095 -0.278024092276452
45 0.621769333148066 0.400435591845237 -0.278024092276452
45 0.891853642187797 -0.421725474018346 -0.278024092276452
45 1.77920481446278 -0.618322998215362 -0.278024092276452
45 1.98744240640015 1.94195123470635 -0.278024092276452
45 2.5399614803054 0.155900382075153 -0.278024092276452
45 0.624719309724725 0.118126627259263 -0.278024092276452
45 -2.34116776764288 -1.08027314313819 -0.278024092276452
45 1.27934490151084 -0.619145651183364 -0.278024092276452
45 -1.64422575336039 -0.751777008464218 -0.278024092276452
45 -0.39242758559972 1.70091946567865 -0.278024092276452
45 -0.253451972767958 -0.564315615656022 -0.278024092276452
45 0.435901851304452 -0.219959213451572 -0.278024092276452
45 -0.0400809341315183 0.889816050515438 -0.278024092276452
45 1.15535545354812 -0.517482597830233 -0.278024092276452
45 0.141702154372004 -1.6529935702082 -0.278024092276452
45 2.74408874572191 0.480896208000839 -0.278024092276452
45 3.86005114876066 2.10357156226419 -0.278024092276452
45 3.75911816829548 -0.0289879170914255 -0.278024092276452
45 0.78387022695942 1.06217580677619 -0.278024092276452
45 -3.93730584091366 -1.29543448394544 -0.278024092276452
46 -1.55497827730375 0.797959646458362 0.63631516187345
46 -1.66577529838745 -0.66755243877656 0.63631516187345
46 3.05431827280266 1.75148111453303 0.63631516187345
46 -0.317618469665908 0.234783502183817 0.63631516187345
46 -0.165989827190201 -0.0500911535208845 0.63631516187345
46 0.560220851436873 -0.95336633523744 0.63631516187345
46 -2.34500184762843 0.238309552749125 0.63631516187345
46 0.723992708567465 -1.35152388838945 0.63631516187345
47 0.435108354852882 -0.475578853463098 -0.814745962210329
47 0.60749342133117 0.894666499508132 -0.814745962210329
47 1.24839674472115 0.0892139965417948 -0.814745962210329
47 1.69028984555762 -0.477626874249411 -0.814745962210329
47 1.00649208515603 -0.0321370110404538 -0.814745962210329
47 1.59909755069658 -2.91325316519178 -0.814745962210329
47 0.064555039806967 -1.01911019467857 -0.814745962210329
47 -0.960147525693717 0.986995381462738 -0.814745962210329
47 0.920336542428651 0.30750209874172 -0.814745962210329
47 -2.77084014863599 0.547451029639179 -0.814745962210329
47 -0.0220658441012198 0.416948655810008 -0.814745962210329
47 0.804499992883867 0.471326977750288 -0.814745962210329
47 -0.115489122468074 -0.253404441699836 -0.814745962210329
47 -0.838156764775099 -0.744198790151525 -0.814745962210329
47 -0.888998380234864 0.285502077731543 -0.814745962210329
47 0.601879613874526 0.913013599450615 -0.814745962210329
47 -0.125102814663457 -0.813469555222851 -0.814745962210329
47 -0.0821322240236204 -1.12482263567307 -0.814745962210329
47 0.767006324466276 0.0526080033059824 -0.814745962210329
47 -0.498919116131112 1.02116742009964 -0.814745962210329
47 0.279339206605565 -1.02994352825319 -0.814745962210329
47 0.915576284161597 1.89905700891954 -0.814745962210329
47 -0.494561505834725 1.12165232174302 -0.814745962210329
47 0.561248138396102 -0.123560021080402 -0.814745962210329
48 -1.69147572515727 -1.04710076014344 -0.690606781350707
48 -1.00592706978329 -1.10580992829551 -0.690606781350707
48 2.96935305593043 -0.179201545166054 -0.690606781350707
48 2.10699048548988 2.03908551785946 -0.690606781350707
48 1.94546865019715 0.10400881623914 -0.690606781350707
48 -0.0200538525890008 -0.18025006991441 -0.690606781350707
48 2.93444212098099 0.620118840633289 -0.690606781350707
48 0.499361832746932 -0.25085087121248 -0.690606781350707
49 2.73768496949725 -0.014521882147769 -1.57249476637678
49 1.87360906845816 -1.90989961723165 -1.57249476637678
49 -1.64591015062238 1.62983874782676 -1.57249476637678
49 3.74356582534583 1.2613347656453 -1.57249476637678
49 2.06059740062963 0.274141926212377 -1.57249476637678
49 -1.46949889354054 -0.143635516119529 -1.57249476637678
49 -0.928628977558366 -0.285682595790445 -1.57249476637678
49 -0.319110812096983 -1.54808340745267 -1.57249476637678
49 1.45619637031321 -1.32577837390742 -1.57249476637678
49 3.08886322448295 -0.656403708434624 -1.57249476637678
49 1.82102094493066 -0.11461217774301 -1.57249476637678
49 1.95029138312499 0.0648373841101396 -1.57249476637678
49 -0.1614654127048 -0.67209702846859 -1.57249476637678
49 1.52770448677506 -0.448029652399899 -1.57249476637678
49 -0.0625014029674728 0.65400046787894 -1.57249476637678
49 2.67571573275271 -1.08588653788219 -1.57249476637678
49 1.19062727194178 0.854337487615762 -1.57249476637678
49 -1.38389791725228 -0.125371742063211 -1.57249476637678
49 -1.0284238392436 -0.387274063957491 -1.57249476637678
49 0.503114758491743 0.66646140841989 -1.57249476637678
49 1.06179265697121 0.218469205208968 -1.57249476637678
49 1.71962683526154 1.5595950119806 -1.57249476637678
49 3.01024169586025 2.00583112809936 -1.57249476637678
49 0.519741820149304 -0.471571229399605 -1.57249476637678
50 -0.519217174394371 -2.23323690023608 -0.0190866821642483
50 -1.32763734114969 0.535918317677191 -0.0190866821642483
50 0.120842962164711 0.0617382496617101 -0.0190866821642483
50 0.227956516913701 -0.0885984206530713 -0.0190866821642483
50 0.858877046003627 1.24244405097376 -0.0190866821642483
50 0.975412256671297 -0.0104861411550279 -0.0190866821642483
50 1.15304612240619 0.402419977124208 -0.0190866821642483
50 -1.41648105532138 0.0898008666073149 -0.0190866821642483
51 1.47351270430983 1.25720033564112 -0.445691154372693
51 3.5008287393202 1.20198486982747 -0.445691154372693
51 1.29325914312436 -0.471716565220012 -0.445691154372693
51 0.932041830518892 -0.933092216612525 -0.445691154372693
51 1.26020675524989 -0.572052165389312 -0.445691154372693
51 0.321856310840898 -1.3639576814238 -0.445691154372693
51 1.71535174161535 0.452778857540698 -0.445691154372693
51 -0.436138774164409 1.18299769860839 -0.445691154372693
51 1.43088145105894 0.446017022091499 -0.445691154372693
51 0.381156974594003 0.16423914666078 -0.445691154372693
51 -0.419351909008091 -0.0569522682935194 -0.445691154372693
51 1.39572807801296 -2.28750488445873 -0.445691154372693
51 1.34142430693614 0.170463046901805 -0.445691154372693
51 -1.58478289488529 0.057889241631974 -0.445691154372693
51 4.27286615597132 1.20610527694605 -0.445691154372693
51 2.02525393927782 -0.930963237285344 -0.445691154372693
51 2.5675676071784 1.27995355306871 -0.445691154372693
51 1.38471669227854 -1.0965165387067 -0.445691154372693
51 0.495017993103547 -1.20614119284715 -0.445691154372693
51 -1.5141282550775 0.351670492764792 -0.445691154372693
51 1.62203131155853 -0.69068399811171 -0.445691154372693
51 2.41532081426634 0.00606937051955197 -0.445691154372693
51 0.565859831982138 0.32487550601312 -0.445691154372693
51 1.549459639062 1.50733633013284 -0.445691154372693
52 1.43912569856594 -0.620406404602414 0.177575669500617
52 2.54796486883515 -0.205101366357889 0.177575669500617
52 0.276610721383264 1.62832327502431 0.177575669500617
52 1.48976735380271 -0.988260201918557 0.177575669500617
52 0.193880270193447 0.956337587602821 0.177575669500617
52 1.03335161485462 -1.30575758132549 0.177575669500617
52 0.898161288166449 -0.0344863901035513 0.177575669500617
52 0.975568225108014 0.569351081680774 0.177575669500617
53 2.44779948819124 0.0122937479542127 0.955698790983022
53 1.80542684276769 -2.06277637634792 0.955698790983022
53 3.53354228790021 -0.167130018566751 0.955698790983022
53 0.582680016966925 0.600622978709383 0.955698790983022
53 0.448014858599972 0.12946041851494 0.955698790983022
53 3.45598016626466 0.382694599747081 0.955698790983022
53 0.677865640251769 0.8144281806357 0.955698790983022
53 3.19263782375991 0.852807649124966 0.955698790983022
53 1.84763223445755 -0.512131235268365 0.955698790983022
53 4.11771645823713 0.257517764757082 0.955698790983022
53 2.26537593366687 -0.688556483085736 0.955698790983022
53 1.74925336024461 -0.360235102924295 0.955698790983022
53 3.43470234433913 1.57572569582918 0.955698790983022
53 3.69439316539969 -2.00294166997862 0.955698790983022
53 -1.64447194348496 -0.847658405144125 0.955698790983022
53 0.406906106759131 0.601254481549274 0.955698790983022
53 2.04183419846058 -0.289137821893125 0.955698790983022
53 0.775218761555596 -0.117159513193743 0.955698790983022
53 1.07841220865183 -0.40713776248473 0.955698790983022
53 4.61973879504229 0.958339561029462 0.955698790983022
53 0.485523705655453 -0.472527944218127 0.955698790983022
53 0.40016924792262 -1.39218497359814 0.955698790983022
53 2.27962222108011 1.70836112433846 0.955698790983022
53 2.50810651316576 1.42607110451393 0.955698790983022
54 5.17292556364781 0.468899082201373 0.611940985584175
54 2.2162869109021 0.819536442958562 0.611940985584175
54 3.76338999517657 0.651199665779444 0.611940985584175
54 0.634235684594245 -0.346215715463009 0.611940985584175
54 1.61620457680271 -0.668604627373994 0.611940985584175
54 2.40639029114868 -2.10054928334913 0.611940985584175
54 0.969943865401531 0.671688970145547 0.611940985584175
54 2.5332348868084 0.504045465101202 0.611940985584175
55 1.47322603374529 0.043335451868076 1.27179125133338
55 1.03943505221249 -0.232948639292647 1.27179125133338
55 1.45105354552997 0.216626674965317 1.27179125133338
55 1.27418244818113 -0.754824037291358 1.27179125133338
55 -1.38442102505881 -0.39231779446147 1.27179125133338
55 1.34391958685915 1.4973288125915 1.27179125133338
55 1.10938350402771 -0.361920736681584 1.27179125133338
55 2.90473710422823 0.00656367149768022 1.27179125133338
55 4.23564795352448 0.829635304654846 1.27179125133338
55 4.15317608961201 -0.27526146499211 1.27179125133338
55 1.29910659631565 2.39712135448495 1.27179125133338
55 2.68463350781524 0.343468329541526 1.27179125133338
55 1.10117100628738 -1.24475660060924 1.27179125133338
55 3.75621558567639 -0.0166976839910227 1.27179125133338
55 1.53974198796684 -0.662091813378415 1.27179125133338
55 2.5481552997269 1.15214289794982 1.27179125133338
55 2.47742788666657 -2.09166375262302 1.27179125133338
55 1.6133007957744 -0.111486368309859 1.27179125133338
55 3.04043806205342 -0.424951134728892 1.27179125133338
55 3.115711155856 0.622641612011784 1.27179125133338
55 1.77424207044153 0.434385427068051 1.27179125133338
55 0.501476323663864 -1.37010181784962 1.27179125133338
55 -0.141108516383001 -0.976118193150331 1.27179125133338
55 0.707968583795581 1.37189050072602 1.27179125133338
56 0.369090604409262 -0.348392679197622 -0.0968665956014431
56 3.18128946561476 0.316986529364678 -0.0968665956014431
56 3.38804510323482 -0.209248034281014 -0.0968665956014431
56 0.0361576724786448 0.207152899234629 -0.0968665956014431
56 -2.48310363228353 -2.17311998231392 -0.0968665956014431
56 1.58281191884216 1.02984844985438 -0.0968665956014431
56 4.27634523393211 0.259745572225071 -0.0968665956014431
56 2.64922427576507 0.917027245113798 -0.0968665956014431
57 0.387812022298038 -0.989203123716485 0.998861199337939
57 -0.715912520333213 0.851407190080708 0.998861199337939
57 2.36045552160879 -0.559314191983119 0.998861199337939
57 0.993896150480323 1.23414222522967 0.998861199337939
57 5.09912178242457 0.807449926255322 0.998861199337939
57 -1.06091045409455 0.281519742414945 0.998861199337939
57 -0.248167494935657 -0.612449175603308 0.998861199337939
57 1.01825898337563 1.08818262860985 0.998861199337939
57 0.81518932683905 -1.22561121421086 0.998861199337939
57 2.0362609219678 1.69064311912338 0.998861199337939
57 2.12207305696059 -0.567707863594274 0.998861199337939
57 -1.39307058539917 -1.39981444647174 0.998861199337939
57 1.33517957177072 0.326395169656929 0.998861199337939
57 0.316500121745186 -0.996390376513001 0.998861199337939
57 -0.510907320004969 -1.2461690866922 0.998861199337939
57 1.30410874862229 1.10492305457609 0.998861199337939
57 0.0300104389683066 0.562975862122811 0.998861199337939
57 -3.25598329173748 0.0290263428913077 0.998861199337939
57 1.02941909743295 0.909839483507448 0.998861199337939
57 -0.348937180203905 -0.924008968364212 0.998861199337939
57 1.12149667355182 1.0764213083811 0.998861199337939
57 0.65473675813592 -0.379096678734436 0.998861199337939
57 -2.15963413263475 0.649087196380657 0.998861199337939
57 0.97849601521894 -1.7122481233466 0.998861199337939
58 -0.0895266390741266 -0.0484407823024708 0.0195390700853318
58 2.69684245672955 -1.11890405172822 0.0195390700853318
58 -0.301256437811532 0.235332904137986 0.0195390700853318
58 2.46302067717169 0.671839145766435 0.0195390700853318
58 1.49302707252891 -1.74613343506103 0.0195390700853318
58 0.289097480526697 0.619539391181361 0.0195390700853318
58 1.40366659493328 1.34322402991954 0.0195390700853318
58 2.66954786401537 0.0435427980863994 0.0195390700853318
59 1.62387951957157 0.888820542923424 -0.739346335896697
59 2.91078832187464 1.57311954454847 -0.739346335896697
59 1.50998912986994 1.10326692189425 -0.739346335896697
59 -0.343718958353919 0.899466226273604 -0.739346335896697
59 1.17228004780084 1.42400984521597 -0.739346335896697
59 0.889680922255164 -1.59439471060218 -0.739346335896697
59 -1.13784865678035 -0.0488890773543143 -0.739346335896697
59 -4.47636624129371 -0.93528932274056 -0.739346335896697
59 -1.16575706680815 0.769007349237433 -0.739346335896697
59 -1.22163000392625 -0.985238113518294 -0.739346335896697
59 1.3529547834526 -0.170661463626447 -0.739346335896697
59 -1.45871999203633 1.0554451805471 -0.739346335896697
59 0.0700650690146396 1.11117345982284 -0.739346335896697
59 2.05752847102376 -0.337553926119211 -0.739346335896697
59 0.179652438971617 -0.0601444447149659 -0.739346335896697
59 -0.76485792794579 -0.668864055822466 -0.739346335896697
59 -3.44973626280725 -1.77872226465168 -0.739346335896697
59 4.33846103346377 -0.138596806429739 -0.739346335896697
59 2.73471988153086 -0.41064322588945 -0.739346335896697
59 0.586682190717925 0.712520767990631 -0.739346335896697
59 4.164605526121 0.578916120262026 -0.739346335896697
59 -1.19476511178273 -1.3260160826607 -0.739346335896697
59 1.23972335991005 -0.369202216089728 -0.739346335896697
59 0.833141183752469 -1.29153024849601 -0.739346335896697
60 -1.66436634583295 -1.32660352045968 1.60254136703923
60 -1.24356927326745 -0.271920507301228 1.60254136703923
60 2.6484850681503 0.324413696934681 1.60254136703923
60 2.22071635032293 -1.46139987550854 1.60254136703923
60 -0.292447310041201 0.523885585602293 1.60254136703923
60 -0.542561277311602 -0.0267179235103149 1.60254136703923
60 1.1017380359611 1.38842010442679 1.60254136703923
60 1.73190355808652 0.849922439815992 1.60254136703923
61 0.757451863198314 -0.587824305883832 0.663484979289706
61 0.984612139709565 -1.92821888439932 0.663484979289706
61 1.72483072515276 0.686365573177733 0.663484979289706
61 3.34710787066923 0.0479191016600979 0.663484979289706
61 2.68077961627103 -0.365714508647134 0.663484979289706
61 1.3749471842567 2.0495441895035 0.663484979289706
61 3.63620313474773 1.59120095653421 0.663484979289706
61 0.887997611384791 -0.183827486553146 0.663484979289706
61 2.64621478599183 -0.799173742568385 0.663484979289706
61 3.48367206182623 1.19105336822098 0.663484979289706
61 -1.0829996313957 -0.793576723020848 0.663484979289706
61 -0.121446361852855 -1.1898243393343 0.663484979289706
61 1.68441052099636 0.429569586876568 0.663484979289706
61 3.16063544754913 1.49507020383117 0.663484979289706
61 2.17001672767137 1.11835106673545 0.663484979289706
61 1.26334481111647 -0.702389212004006 0.663484979289706
61 3.42399707836316 -0.00278439622664846 0.663484979289706
61 3.01271014133163 -0.299016830941825 0.663484979289706
61 2.49738362650446 0.735817536270003 0.663484979289706
61 0.392654575659972 -0.803202551384921 0.663484979289706
61 -1.22175694254571 -1.40613512538068 0.663484979289706
61 4.22876769788434 -0.0163621091087611 0.663484979289706
61 1.10575266823367 -0.193939955618726 0.663484979289706
61 1.0215266471938 -0.0729014117371771 0.663484979289706
62 1.15895887142435 -1.63534165821307 0.651439865974448
62 0.135809323976062 0.482126516584285 0.651439865974448
62 1.56944935935956 0.598220439480098 0.651439865974448
62 0.821989029581615 1.7422239593045 0.651439865974448
62 0.618412268094146 -0.622684344555854 0.651439865974448
62 0.357608141220388 -0.27978675522187 0.651439865974448
62 0.155949349710712 -0.453377180679721 0.651439865974448
62 2.05569499128769 0.168619023301627 0.651439865974448
63 -0.291401116099094 1.76530894746831 1.13882012425975
63 -0.29469718684614 0.206401524831732 1.13882012425975
63 2.26824800896988 -0.831764719920055 1.13882012425975
63 0.934929569626137 0.648055461617437 1.13882012425975
63 0.0718411202347904 0.0874748797739601 1.13882012425975
63 1.08399755188272 0.543935720195689 1.13882012425975
63 -2.0641417048168 -0.21120065891779 1.13882012425975
63 1.08213645100447 -0.200246703405577 1.13882012425975
63 1.99415490508268 0.808431629104113 1.13882012425975
63 0.694795760634956 -0.356563114495018 1.13882012425975
63 2.21036639823553 1.36870453399089 1.13882012425975
63 -0.0362268817905521 -1.83912568184748 1.13882012425975
63 -1.48606496600464 1.06943094853939 1.13882012425975
63 2.12028440126836 1.60528365273082 1.13882012425975
63 -0.735611927923824 -1.3093997751686 1.13882012425975
63 3.35498937496997 -0.512910648713133 1.13882012425975
63 0.971761415929093 0.945938663060561 1.13882012425975
63 0.470676741998825 -0.841383872420456 1.13882012425975
63 2.00336052679737 -0.210251298960866 1.13882012425975
63 -0.380709967954004 -0.322480544190118 1.13882012425975
63 0.0493746937660543 -1.34983118561049 1.13882012425975
63 -1.32108484824865 -0.740731775027717 1.13882012425975
63 -2.27617720119804 -1.26438689341338 1.13882012425975
63 2.070063147714 0.941310910777791 1.13882012425975
64 2.23133027812268 0.414737102022452 0.080196538938168
64 1.71191399213674 -1.13375509327086 0.080196538938168
64 4.70113843125204 1.0339396223678 0.080196538938168
64 0.564296320654565 -1.43716513192165 0.080196538938168
64 2.97012324015932 -0.629368061964185 0.080196538938168
64 2.75015904167615 0.61580966241618 0.080196538938168
64 3.03162180264828 1.27067014749728 0.080196538938168
64 0.347979250448476 -0.13486824714702 0.080196538938168
65 0.370798059461222 -0.554489560971123 -0.767180218173096
65 -2.64066663813911 0.272183735038867 -0.767180218173096
65 -0.456435251750877 1.67934173199281 -0.767180218173096
65 1.22870606050869 0.25917265049985 -0.767180218173096
65 2.51865365560709 0.947593242213283 -0.767180218173096
65 -1.07542788788384 -0.00643968083556532 -0.767180218173096
65 -0.587723842619954 -0.328817739312628 -0.767180218173096
65 -1.58378457326553 0.165455634364362 -0.767180218173096
65 -0.539245678677492 -0.250245904959143 -0.767180218173096
65 -1.98492251047742 0.754305135974881 -0.767180218173096
65 -0.901383416741455 -0.649583503207429 -0.767180218173096
65 1.01773516759684 -0.605790034258767 -0.767180218173096
65 -1.04083157186056 0.849490705670878 -0.767180218173096
65 -4.36892674632428 -0.618579598097206 -0.767180218173096
65 -0.633222599464071 0.227518147228063 -0.767180218173096
65 -1.27866561562814 0.728261526005639 -0.767180218173096
65 0.140502176207913 0.0375820774109986 -0.767180218173096
65 0.245215598416583 0.53536608940379 -0.767180218173096
65 -2.57072683769022 0.198339111019155 -0.767180218173096
65 -0.00464755020143559 -0.0152342300204446 -0.767180218173096
65 0.11551291141756 -1.2866404788097 -0.767180218173096
65 -0.848924937089915 -1.25752286193614 -0.767180218173096
65 -0.402497193924308 -2.93246372897099 -0.767180218173096
65 -1.43779574597081 1.85119753455656 -0.767180218173096
66 4.26015411273221 1.87252864132821 0.763665946217121
66 1.31181156645982 -0.138815623112947 0.763665946217121
66 -0.41605922906551 -0.497030504949327 0.763665946217121
66 0.34137027527318 -0.319508027293068 0.763665946217121
66 1.43424822957935 1.15819810892981 0.763665946217121
66 -1.27435915167791 -1.16561158469189 0.763665946217121
66 -0.0410970378207585 -0.37959360689596 0.763665946217121
66 -1.42729082477966 -0.530167403314834 0.763665946217121
67 -1.40798876127221 -1.02562397285203 -1.16158988686464
67 -2.57866273948859 0.0992593505123596 -1.16158988686464
67 -3.07949594352707 -0.321972539646852 -1.16158988686464
67 1.11981525859784 1.63005860361255 -1.16158988686464
67 2.30123953975395 1.43968171961196 -1.16158988686464
67 1.24394824083495 -1.02316404235984 -1.16158988686464
67 3.75431998424634 0.844843907960294 -1.16158988686464
67 2.50672664773059 -0.249183762485131 -1.16158988686464
67 1.09529355766682 0.428055292630131 -1.16158988686464
67 0.720872253467226 -1.10616992011857 -1.16158988686464
67 0.664283229087625 0.754654279223193 -1.16158988686464
67 -0.847447948838408 1.14608937705611 -1.16158988686464
67 0.748515723485266 0.612952780346343 -1.16158988686464
67 -2.29990697564375 -0.329713816837443 -1.16158988686464
67 -0.255937518169187 -1.01395502681362 -1.16158988686464
67 2.65535145674266 2.07949247387496 -1.16158988686464
67 1.37707927880473 -0.695297545982942 -1.16158988686464
67 -1.02323027386257 0.379490730083972 -1.16158988686464
67 -0.472641777492303 0.35386095756664 -1.16158988686464
67 -1.040766140896 0.464448353393851 -1.16158988686464
67 -1.03366036534075 -1.12351577112115 -1.16158988686464
67 -0.367388188462447 -0.867973200251826 -1.16158988686464
67 -0.753290845897326 -1.00872755502932 -1.16158988686464
67 -3.12112898811802 -1.46759067237365 -1.16158988686464
68 -0.103389367935272 -0.158168595181055 -1.13593519093169
68 -0.245585171092818 -1.73166733784113 -1.13593519093169
68 -1.05422765416174 -1.02975646971969 -1.13593519093169
68 2.21585447886695 -0.288371605546118 -1.13593519093169
68 0.997547406692922 0.769723080985216 -1.13593519093169
68 -1.59455853205417 1.2015394652588 -1.13593519093169
68 -0.839668235014596 0.492119998529369 -1.13593519093169
68 3.32176934649751 0.74458146351461 -1.13593519093169
69 4.50366002251503 0.0204862521844845 -0.206107802330514
69 2.50193669226406 0.0477378762846541 -0.206107802330514
69 1.50514927870616 -0.474593893051164 -0.206107802330514
69 0.311789976670896 0.666145514834836 -0.206107802330514
69 2.33276160367967 0.81962429158251 -0.206107802330514
69 3.83809299478444 0.598815679012662 -0.206107802330514
69 4.11138039829373 -1.0732515100223 -0.206107802330514
69 2.15493250245291 -1.37067800239509 -0.206107802330514
69 -0.848665381879682 0.163936082821851 -0.206107802330514
69 0.269623316987367 0.350676170467586 -0.206107802330514
69 2.44547990648073 1.17528746718575 -0.206107802330514
69 2.9894566193472 1.86387133738452 -0.206107802330514
69 1.58458636565772 0.0451899719647968 -0.206107802330514
69 1.48446125857225 0.132031847255936 -0.206107802330514
69 1.32609253558147 -0.180273345240615 -0.206107802330514
69 3.65246136664804 0.39412024490122 -0.206107802330514
69 1.73303135218101 -1.76782868970216 -0.206107802330514
69 -1.06850124809009 -0.127742716889419 -0.206107802330514
69 0.736204649940047 0.511554623593893 -0.206107802330514
69 3.51569976253128 -0.274475663402496 -0.206107802330514
69 2.6183198288757 1.77155025905402 -0.206107802330514
69 -1.04817559290686 -2.13291740156013 -0.206107802330514
69 1.15136446957463 -1.35957347234955 -0.206107802330514
69 1.77848336533269 0.200307076084208 -0.206107802330514
70 -1.77783464297498 0.387023475581743 1.5984749910084
70 -0.84847249832603 1.25563647685828 1.5984749910084
70 2.67537936960045 0.568350531298958 1.5984749910084
70 3.06820976224461 0.884137254093489 1.5984749910084
70 1.63282777123965 -0.12032043220712 1.5984749910084
70 2.23884731715003 -0.857918357445337 1.5984749910084
70 1.5719600159134 -0.291083574544927 1.5984749910084
70 2.71398359428848 -1.82582537363509 1.5984749910084
71 3.04169597381286 0.973004088668731 0.289057209171159
71 -2.24913459663887 -0.872178461307108 0.289057209171159
71 2.03100212890569 2.02223384178214 0.289057209171159
71 -0.820463411044728 0.459732489878087 0.289057209171159
71 -3.03468641824058 -0.0964220525223172 0.289057209171159
71 -1.87673550130031 0.18361000491626 0.289057209171159
71 1.44251738932999 0.330794053414948 0.289057209171159
71 -1.90759931515302 -1.55545627043031 0.289057209171159
71 1.13378884397442 2.00657710545533 0.289057209171159
71 -1.99007739778901 0.864539074626602 0.289057209171159
71 -0.478317369036146 -0.863536902816754 0.289057209171159
71 0.321395517066274 0.598815258181459 0.289057209171159
71 -0.253131304127126 -0.358742531963288 0.289057209171159
71 1.73850792583457 -0.485459702798603 0.289057209171159
71 0.705800408422521 -0.217846877498611 0.289057209171159
71 -0.331784855114445 -0.298849783144464 0.289057209171159
71 -0.563721537478879 -1.37671937208635 0.289057209171159
71 0.365011447044928 1.40293367411782 0.289057209171159
71 0.918441724745808 -0.573228725506289 0.289057209171159
71 -1.78788543659246 -1.05249088204613 0.289057209171159
71 -2.71456953143322 -0.703881769539678 0.289057209171159
71 -0.374967774115886 -0.484241233474844 0.289057209171159
71 2.32781378741263 1.04995162779172 0.289057209171159
71 1.33645849572725 -0.953136653698349 0.289057209171159
72 3.10668758197318 -0.512406280221033 0.77494049407062
72 3.4006640883713 -1.02518407527833 0.77494049407062
72 0.125477089082014 0.0656510024180389 0.77494049407062
72 3.42126660448631 -1.55023255730647 0.77494049407062
72 -0.65431850751891 1.5800395523403 0.77494049407062
72 -0.0771914282461298 0.635396988048399 0.77494049407062
72 0.657348405042304 0.240209660450023 0.77494049407062
72 -2.09749486627409 0.566525709549079 0.77494049407062
73 0.891889540029696 0.266893732159883 -0.0711232939281195
73 1.00109796454616 0.592020824491378 -0.0711232939281195
73 0.240311831324277 -0.545436342466157 -0.0711232939281195
73 -1.19572551182979 -0.961941889127537 -0.0711232939281195
73 0.728429877748682 -0.0713995129442179 -0.0711232939281195
73 0.359957496719479 -0.341511902160941 -0.0711232939281195
73 1.97972546308728 -0.954006210409937 -0.0711232939281195
73 0.970270501461616 0.0600528347742424 -0.0711232939281195
73 -1.10217779159436 -1.2237779128985 -0.0711232939281195
73 -0.839680262604087 -1.59071333193221 -0.0711232939281195
73 0.566139022894504 -0.518827589283868 -0.0711232939281195
73 0.0233205060922221 -1.37899654183105 -0.0711232939281195
73 -0.553618049567763 -0.607201477678813 -0.0711232939281195
73 1.49852518481998 0.567400187633647 -0.0711232939281195
73 -0.510101014899292 1.26574338295071 -0.0711232939281195
73 3.50113004821769 1.52035014896832 -0.0711232939281195
73 3.66595144228358 1.2145627779792 -0.0711232939281195
73 2.92598006111576 0.580374116213803 -0.0711232939281195
73 2.05237439369634 0.0734563704694512 -0.0711232939281195
73 2.18856603056681 1.82952250605988 -0.0711232939281195
73 -1.5881726400594 -0.950786665365488 -0.0711232939281195
73 2.54118236325656 0.176756293390431 -0.0711232939281195
73 2.56980899516203 1.70697739081836 -0.0711232939281195
73 0.426380404775237 -0.709511189810583 -0.0711232939281195
74 1.46892648320206 0.742765788748842 1.09891658594166
74 1.1376551262155 0.948380684921279 1.09891658594166
74 -1.56369831203074 -0.807185950819857 1.09891658594166
74 0.159524431431989 1.51150687407534 1.09891658594166
74 -0.349749716037732 -1.14497369585615 1.09891658594166
74 2.91287532058406 -0.0997303797261885 1.09891658594166
74 1.41125781402793 -0.0142970653398483 1.09891658594166
74 -1.14554996142143 -1.13646625600342 1.09891658594166
75 2.40279172779367 -1.39547117694232 -1.0739434223463
75 3.71774061043806 1.17487580624515 -1.0739434223463
75 2.01523855135396 0.292684239962494 -1.0739434223463
75 0.411439741062522 -1.00946894734329 -1.0739434223463
75 5.20959761413692 1.45374144245778 -1.0739434223463
75 4.32197411365317 1.71853812463908 -1.0739434223463
75 -1.35498910774233 -0.371599485088328 -1.0739434223463
75 2.48277061889123 0.185864963843123 -1.0739434223463
75 2.29922056303471 0.850575880746458 -1.0739434223463
75 0.830524747339054 -0.871318981290433 -1.0739434223463
75 6.02935164966139 1.82176818711618 -1.0739434223463
75 3.31439841489247 1.04118620338473 -1.0739434223463
75 -0.205542674359185 -1.41223854818074 -1.0739434223463
75 -0.536383268768946 -0.293061015667295 -1.0739434223463
75 2.80893412948502 0.707455359539353 -1.0739434223463
75 3.39719403407578 -0.445500030657105 -1.0739434223463
75 -0.680961862439132 1.01193270281188 -1.0739434223463
75 -0.112258801187829 -0.617452303484558 -1.0739434223463
75 2.500936501769 -0.576396235629251 -1.0739434223463
75 0.0331190385368391 -0.848620636352177 -1.0739434223463
75 2.76043066331469 0.0841852353780011 -1.0739434223463
75 -1.92216605924063 -1.0723048736638 -1.0739434223463
75 2.06242212580602 -0.831496817970171 -1.0739434223463
75 1.11459200341185 -0.597879093854752 -1.0739434223463
76 1.28993203996704 -0.252319280730151 -0.652463116969745
76 3.26847345410813 0.668086071471181 -0.652463116969745
76 1.41184389146405 0.207869733074351 -0.652463116969745
76 -0.778337226369741 -0.265542042941277 -0.652463116969745
76 0.769646030842652 -1.09975565573182 -0.652463116969745
76 1.56206020933342 1.85322226938765 -0.652463116969745
76 -1.76814976875495 -1.30230391048794 -0.652463116969745
76 0.741537035478891 0.190742815958012 -0.652463116969745
77 -1.91452439016305 -1.21049298002962 0.0365362981431419
77 3.53175310405939 -0.00647347307244462 0.0365362981431419
77 -2.44300849645429 -1.12197183200383 0.0365362981431419
77 0.523554106417079 -0.0664517010114148 0.0365362981431419
77 0.129988869466587 -0.990914628013997 0.0365362981431419
77 -0.209953004987056 -0.182964731256062 0.0365362981431419
77 -0.752493250971043 -0.434003625552718 0.0365362981431419
77 -0.292234610641505 0.417921968086985 0.0365362981431419
77 1.20816632813464 0.308764911565334 0.0365362981431419
77 -0.726590924003684 -0.793065192891755 0.0365362981431419
77 2.09778523594528 1.0209696268706 0.0365362981431419
77 -0.596828623810959 -2.28689715404374 0.0365362981431419
77 -2.86879958967572 -0.0410485512133909 0.0365362981431419
77 0.938165709515999 0.195880867669934 0.0365362981431419
77 1.35722453339789 1.84566593751603 0.0365362981431419
77 1.57756881529688 0.313968050964629 0.0365362981431419
77 1.3058726304251 1.42034277518451 0.0365362981431419
77 0.790864966014039 1.53139522773929 0.0365362981431419
77 2.28923308964766 0.206340062945064 0.0365362981431419
77 1.92362919940958 0.650458595678366 0.0365362981431419
77 3.63245568023536 0.704898656267922 0.0365362981431419
77 3.02585655677423 0.164717639824349 0.0365362981431419
77 2.26058178946405 0.0827747009193735 0.0365362981431419
77 0.0273267890008132 -1.72981515214341 0.0365362981431419
78 1.24338046908242 0.970390282464143 0.647760604082854
78 1.22872448096318 -1.19136372968936 0.647760604082854
78 3.46684466425954 0.083942006026452 0.647760604082854
78 4.63428938711551 -0.181766450834892 0.647760604082854
78 4.69653718784584 1.48028207325016 0.647760604082854
78 4.06558127733279 0.751949895406798 0.647760604082854
78 3.31217224755445 -0.88045690496775 0.647760604082854
78 -0.775835565333985 -1.03297717165555 0.647760604082854
79 2.52845093450738 -1.44638949426893 -0.296685040910224
79 1.11379950135234 -0.875116870558146 -0.296685040910224
79 4.48363683484122 -1.22804271606714 -0.296685040910224
79 1.63625274370199 -0.650679346756002 -0.296685040910224
79 1.28141249418774 0.93309042755121 -0.296685040910224
79 1.88859643011636 -0.160279965270005 -0.296685040910224
79 -1.2544503272229 -1.12074504771878 -0.296685040910224
79 -0.0491480201142389 -0.502161232488795 -0.296685040910224
79 2.33342695673536 -1.64036685874546 -0.296685040910224
79 1.57890534799693 0.097988504754333 -0.296685040910224
79 -0.594277815491748 0.961999985646037 -0.296685040910224
79 1.85543098623525 0.145689715611755 -0.296685040910224
79 2.99227630350408 -0.00304517554956639 -0.296685040910224
79 0.0302037710942811 -0.858523843073258 -0.296685040910224
79 1.24687926676966 1.29867727115073 -0.296685040910224
79 0.323111952043103 2.15705085463913 -0.296685040910224
79 -0.634792670415322 1.4376852896112 -0.296685040910224
79 2.34133865579254 0.499743821661281 -0.296685040910224
79 -0.362379243018917 0.539939972531545 -0.296685040910224
79 0.218641927503712 -0.365055576771836 -0.296685040910224
79 2.45481055426442 -0.295023874355641 -0.296685040910224
79 0.986723198313283 1.28585745456497 -0.296685040910224
79 1.48200500263122 -0.643737622218079 -0.296685040910224
79 4.08524219871992 0.431444326119447 -0.296685040910224
80 3.8866122941782 1.57401085473699 -0.243027867589259
80 1.22218779788404 -1.11384979632936 -0.243027867589259
80 1.65426276958427 -0.0110296546164916 -0.243027867589259
80 1.33958484924825 -0.914393747934782 -0.243027867589259
80 4.9799414387578 -0.651577918966431 -0.243027867589259
80 3.91177766356756 -0.62002379471767 -0.243027867589259
80 5.9290246544553 0.615193788657441 -0.243027867589259
80 4.86756437735523 1.12167026917031 -0.243027867589259
81 0.543130163707163 -2.22009254629212 0.871356580019882
81 -0.534073280054315 0.641496204850511 0.871356580019882
81 0.748521807320206 -0.0805656065537385 0.871356580019882
81 4.28216377183597 1.74716337294261 0.871356580019882
81 1.93808979520482 0.238765657485307 0.871356580019882
81 1.26821892914099 -0.861742184211439 0.871356580019882
81 3.56413309077512 1.73026310979947 0.871356580019882
81 1.04740360189254 -0.492963068099709 0.871356580019882
81 1.15572093737258 -0.912682625931987 0.871356580019882
81 0.130827661523537 -0.256278129985846 0.871356580019882
81 2.77068943483113 1.22641353295135 0.871356580019882
81 2.22971968113141 -0.0729267282437863 0.871356580019882
81 0.151295401254005 -0.306958669014193 0.871356580019882
81 1.34129233109847 -1.11372151257577 0.871356580019882
81 0.216601734870488 -0.0704284442063214 0.871356580019882
81 0.00674146085506055 0.219159976776856 0.871356580019882
81 2.05114194943912 -0.536495975308204 0.871356580019882
81 4.44696185856996 2.06533025626239 0.871356580019882
81 0.738018053002675 -0.452163392011175 0.871356580019882
81 1.48671949386609 0.856415082461341 0.871356580019882
81 1.45690800698851 0.148514375108767 0.871356580019882
81 0.691034494746593 -0.655017023291305 0.871356580019882
81 1.80034742000211 0.0650729632582072 0.871356580019882
81 0.0646865790900946 -0.906558626171201 0.871356580019882
82 -1.41356041486975 0.811450445778831 -0.691890459968152
82 1.53841367756338 -0.505443579925724 -0.691890459968152
82 -0.209585091506104 0.115552244848622 -0.691890459968152
82 1.45247557673261 1.34459442214596 -0.691890459968152
82 -0.857813172328787 -0.460183317532367 -0.691890459968152
82 0.902439130235977 -1.84848238128108 -0.691890459968152
82 -1.10813259312409 -0.223199655910673 -0.691890459968152
82 -1.62939376876981 0.765711821876433 -0.691890459968152
83 -1.9530958819531 -0.357275928212977 -0.170941021688987
83 2.7807026921625 0.768431711605168 -0.170941021688987
83 5.07757757149291 1.59817662007547 -0.170941021688987
83 3.02688203503184 1.40197614149564 -0.170941021688987
83 2.68385003082495 -0.0298618624985334 -0.170941021688987
83 2.4897467578837 0.159932757886619 -0.170941021688987
83 2.91839292654503 -0.936897258865468 -0.170941021688987
83 3.56861304853721 -0.127692954508627 -0.170941021688987
83 0.620802937100049 -1.48254758982387 -0.170941021688987
83 1.39653506639475 -1.40234101258898 -0.170941021688987
83 1.21739586718073 -1.54690549167601 -0.170941021688987
83 2.99125287316674 -0.151093445027892 -0.170941021688987
83 0.833118881881043 -0.765551182276598 -0.170941021688987
83 1.85500810468552 0.986230971232658 -0.170941021688987
83 3.33281662538692 1.51816928392175 -0.170941021688987
83 2.12282897976448 -0.623424550704145 -0.170941021688987
83 1.10841047136036 0.227876340745407 -0.170941021688987
83 -2.43242220897638 -0.899390344096577 -0.170941021688987
83 3.4896507317176 1.33360293852688 -0.170941021688987
83 2.03023570655332 1.56186926207924 -0.170941021688987
83 1.30051457151774 -0.736767920171996 -0.170941021688987
83 1.51615982651497 0.00994861799599285 -0.170941021688987
83 2.35281046290727 0.106765110047491 -0.170941021688987
83 0.921972632040789 -0.613230215160631 -0.170941021688987
84 -1.91713301481591 -0.75740286709392 0.700553102148281
84 1.43742981404587 -0.81778935244853 0.700553102148281
84 0.724927508415374 -0.578320344658194 0.700553102148281
84 0.665429408531948 0.00968015429275719 0.700553102148281
84 1.83673028336732 1.64084331034766 0.700553102148281
84 -0.447718134315066 -0.703031573759448 0.700553102148281
84 0.557785064891357 -0.265652500825008 0.700553102148281
84 1.73887309522139 1.47167317414468 0.700553102148281
85 -2.06042798936112 -0.183261346690954 -0.343438431756241
85 -0.239062009975567 1.07590731142469 -0.343438431756241
85 -1.51097755311237 -1.2163981329596 -0.343438431756241
85 -0.998005944200389 0.543046547787057 -0.343438431756241
85 -0.554954514265943 1.35618298946246 -0.343438431756241
85 -0.901314484080537 1.38043350569266 -0.343438431756241
85 0.0218733630118159 -0.552868161126217 -0.343438431756241
85 0.194647876945152 0.770274851544985 -0.343438431756241
85 -1.39784100631128 0.673009904950127 -0.343438431756241
85 2.59538188089014 0.612853338016015 -0.343438431756241
85 0.245861710824632 -1.94619318162091 -0.343438431756241
85 -0.525889093856783 -1.33215992436666 -0.343438431756241
85 0.271421461904377 -0.593038260409427 -0.343438431756241
85 -0.0358598333544567 -1.7590593017779 -0.343438431756241
85 0.408290143984514 -0.097030837854078 -0.343438431756241
85 -0.887297321838057 0.158995072739687 -0.343438431756241
85 2.4371637594204 0.480920944821886 -0.343438431756241
85 -1.01746072496796 -0.256539340197567 -0.343438431756241
85 -0.859973158695289 1.24632601018656 -0.343438431756241
85 -0.377079379305276 -1.00654978203481 -0.343438431756241
85 -0.916063675723735 1.2927805569248 -0.343438431756241
85 -0.958263911079134 -0.329711685359914 -0.343438431756241
85 2.70668957063637 0.483252303579713 -0.343438431756241
85 1.02913758524103 -0.801173382732622 -0.343438431756241
86 -0.106419393410916 -0.2448593610754 -0.433052928437723
86 3.29185140583376 1.78818303560972 -0.433052928437723
86 2.37863679935243 -0.612138382190171 -0.433052928437723
86 -0.277497282112203 0.570609190536364 -0.433052928437723
86 3.82801251972765 0.697461701531038 -0.433052928437723
86 -0.0381807740231103 -1.51514877410485 -0.433052928437723
86 1.20551460017333 -0.456086529340355 -0.433052928437723
86 1.54138358308744 -0.22802088096634 -0.433052928437723
87 -0.760432523182542 1.22017540650208 -1.93596807841209
87 0.657295612675624 1.05507038075192 -1.93596807841209
87 -0.200332835554911 -0.191221116477382 -1.93596807841209
87 -1.30197925463389 -0.941148368173818 -1.93596807841209
87 -2.13782872249369 -0.095220649325827 -1.93596807841209
87 4.1737971010655 1.71095742263426 -1.93596807841209
87 -0.716849601594872 -0.266633330312572 -1.93596807841209
87 1.90726990329852 -0.146980871424617 -1.93596807841209
87 -0.587366707590296 -0.296477822247304 -1.93596807841209
87 2.63956189262178 0.697167488044852 -1.93596807841209
87 -2.0489174697397 -0.3744832770671 -1.93596807841209
87 -1.07885160257665 -1.13460480088272 -1.93596807841209
87 -3.06687445256193 -0.500447026939041 -1.93596807841209
87 -2.88832969751854 -0.696057524726395 -1.93596807841209
87 4.89764427421432 2.3282084894188 -1.93596807841209
87 -2.76779429570884 -0.745731086025204 -1.93596807841209
87 1.17014295299559 1.50787325136918 -1.93596807841209
87 0.979670408057225 -0.105048127900744 -1.93596807841209
87 -1.23595295816883 -0.584690842801877 -1.93596807841209
87 -3.86203425144891 -0.839522442067408 -1.93596807841209
87 -3.57883741572417 -0.563791207482919 -1.93596807841209
87 -2.40373091960227 -1.88818174714412 -1.93596807841209
87 0.212089540246077 0.145193557209027 -1.93596807841209
87 3.67142587730131 0.705594245068928 -1.93596807841209
88 -1.00570094564179 -0.334418034002489 -0.290667703225785
88 1.80711071420549 -0.233507586424876 -0.290667703225785
88 2.09727470078983 0.61624780727685 -0.290667703225785
88 -1.9124916406194 -0.142742108458391 -0.290667703225785
88 1.02942353259573 -0.859240266148466 -0.290667703225785
88 3.40677642155304 1.00947360522621 -0.290667703225785
88 -1.73644707276146 -1.55673203438663 -0.290667703225785
88 1.37085368556067 1.5009186169178 -0.290667703225785
89 2.78414867888294 2.15302374694427 -2.6809816041396
89 -1.28406244711326 0.171597851842859 -2.6809816041396
89 0.838413070497515 -0.83781835629391 -2.6809816041396
89 2.78970324754166 -0.551771594356423 -2.6809816041396
89 1.02413551070375 -0.494658537010126 -2.6809816041396
89 -0.788671861014556 -0.446114202433366 -2.6809816041396
89 0.222752273988528 -1.11811397282184 -2.6809816041396
89 1.83588986624534 1.95772287728581 -2.6809816041396
89 -0.023827731980805 -1.45303004731815 -2.6809816041396
89 -1.83583991619871 -0.276758277118681 -2.6809816041396
89 0.356877175497465 1.60872410443824 -2.6809816041396
89 0.337109887056046 0.831786947601499 -2.6809816041396
89 3.58942828249984 1.19336482839633 -2.6809816041396
89 -2.0277331270094 -1.16455717195325 -2.6809816041396
89 3.84449680785262 0.364025818103219 -2.6809816041396
89 -0.159854212324579 -0.634265279597019 -2.6809816041396
89 -0.285086561393364 0.16130143567317 -2.6809816041396
89 -0.956313590837158 -0.994764856482134 -2.6809816041396
89 -0.331723288353739 0.251084918378569 -2.6809816041396
89 2.85666267053127 0.106203706335726 -2.6809816041396
89 -2.23154352395402 -0.473888208427974 -2.6809816041396
89 -0.189094784150473 -1.16835912211838 -2.6809816041396
89 0.377757373134178 0.346985754607784 -2.6809816041396
89 0.844441827001145 0.46827763632377 -2.6809816041396
90 -0.941292714590116 -0.237303704601902 0.117625045230555
90 1.07554925928108 -1.33630777814854 0.117625045230555
90 2.74286423226301 -0.327482845328246 0.117625045230555
90 1.87309381376834 2.0635557858113 0.117625045230555
90 -1.45694820153775 -0.488409001597593 0.117625045230555
90 -0.110491464757402 0.0709597120144057 0.117625045230555
90 0.436702795129566 0.635614446870314 0.117625045230555
90 0.566588856168075 -0.380626615019741 0.117625045230555
91 3.27097245740606 0.138848573662391 0.545450930990925
91 0.211140526402181 1.74244962754977 0.545450930990925
91 0.897559263398815 -0.371129335941185 0.545450930990925
91 -0.480869967806807 -0.0265665790303568 0.545450930990925
91 0.101734752013425 0.950800084619946 0.545450930990925
91 0.951387532587629 -1.47617113856564 0.545450930990925
91 1.65787182775229 0.312336593296776 0.545450930990925
91 2.48483825178945 -0.920837117960836 0.545450930990925
91 3.31499192056968 0.860526863291646 0.545450930990925
91 3.00739822459053 0.331764774192958 0.545450930990925
91 -1.65187999148167 -2.27912744620144 0.545450930990925
91 0.0950564726665858 -0.21259244356521 0.545450930990925
91 0.444753879576072 -1.59844075548071 0.545450930990925
91 0.976084298977167 -0.183332765643452 0.545450930990925
91 1.49643757654295 -0.898178858839926 0.545450930990925
91 3.02047050716975 0.895713157151888 0.545450930990925
91 1.07341212434134 0.984998155569193 0.545450930990925
91 -2.32335724710148 -0.26483773241334 0.545450930990925
91 -1.07971756139304 -0.173896783630089 0.545450930990925
91 -1.4979496249067 0.214451302274869 0.545450930990925
91 1.06609030680775 1.33469060831819 0.545450930990925
91 1.08495303191346 -0.9894150183942 0.545450930990925
91 0.479442986003656 1.19323036904894 0.545450930990925
91 1.83015374773828 0.434715866689805 0.545450930990925
92 0.738453523640508 -1.08129018919729 -0.239101325219525
92 2.59760477717328 1.12875674208544 -0.239101325219525
92 0.802681505746784 -0.695631743442636 -0.239101325219525
92 3.28672259825167 1.47329962971364 -0.239101325219525
92 -1.04733230719213 -1.25017162265505 -0.239101325219525
92 0.904077681821237 0.144952994541588 -0.239101325219525
92 1.33191662512105 -0.233481927088618 -0.239101325219525
92 1.09922547244708 0.513566116042928 -0.239101325219525
93 -0.808333748415804 -1.0934737472275 -0.306085866383497
93 0.300821553921316 -0.867567087109374 -0.306085866383497
93 2.17128108826318 0.795973202020661 -0.306085866383497
93 0.78693303644334 1.3442930031658 -0.306085866383497
93 1.30549765217689 -0.48287690675192 -0.306085866383497
93 1.79233060843923 -0.0446908447288561 -0.306085866383497
93 2.18771093002107 0.128723184640316 -0.306085866383497
93 1.22378674892498 0.562275560914516 -0.306085866383497
93 2.02201542145262 0.676484662369238 -0.306085866383497
93 1.4204763367773 1.02351759495683 -0.306085866383497
93 0.240322170443023 1.20852907436418 -0.306085866383497
93 -1.31339680928037 -2.25943433385816 -0.306085866383497
93 0.656973585306936 -1.84994766828389 -0.306085866383497
93 0.248061430158644 0.826379842242063 -0.306085866383497
93 4.81657330583359 2.00409798446126 -0.306085866383497
93 -0.65071127971204 -0.806424993746511 -0.306085866383497
93 1.59548909371564 0.563952851637762 -0.306085866383497
93 1.06978350749339 -0.179376766562857 -0.306085866383497
93 0.646054070990476 -0.528745224076967 -0.306085866383497
93 -0.38394228366662 0.123345183516906 -0.306085866383497
93 -1.57856119158968 -0.336434366912894 -0.306085866383497
93 1.74664798715123 -0.6516559867657 -0.306085866383497
93 -0.650891612627789 -0.129192384389474 -0.306085866383497
93 1.16074361994965 -0.0277518338754242 -0.306085866383497
94 0.857470734194466 -0.222556072395791 -0.215688928771585
94 3.27392426813473 -1.52036606452165 -0.215688928771585
94 -1.79741421173346 0.0539365638348807 -0.215688928771585
94 3.3886660217945 -1.32527895911819 -0.215688928771585
94 0.102586852745112 0.662218617117678 -0.215688928771585
94 3.64065320365122 0.777823326206686 -0.215688928771585
94 1.53241419885604 0.24073626353992 -0.215688928771585
94 4.48023884148541 1.33348632533647 -0.215688928771585
95 1.43688950082339 -0.449501911633475 0.615852543337111
95 3.58904424793022 0.86574439208763 0.615852543337111
95 4.61343194759661 1.04537535692786 0.615852543337111
95 0.397028587067055 -1.33809313519708 0.615852543337111
95 2.38521205630827 0.549504104325415 0.615852543337111
95 1.9185006831967 0.526979015002092 0.615852543337111
95 1.8440011009524 0.513982045140368 0.615852543337111
95 2.0131983773715 -0.308568263338971 0.615852543337111
95 -2.05716339180859 -1.44386896566072 0.615852543337111
95 4.81348622125455 0.664807779381751 0.615852543337111
95 0.13809194347008 -0.630627416446943 0.615852543337111
95 0.543211874780808 -0.106301953343441 0.615852543337111
95 2.98542911429768 1.57138706250728 0.615852543337111
95 -0.721649193167893 -1.24840288545424 0.615852543337111
95 0.0927259888301327 -0.332330234052 0.615852543337111
95 3.41140184298348 1.00066881315034 0.615852543337111
95 0.829375124683167 -1.27397255025444 0.615852543337111
95 1.5691923126075 -0.364986224673918 0.615852543337111
95 -3.42161497607655 -1.43479518639214 0.615852543337111
95 2.16571528201528 -0.82504782853723 0.615852543337111
95 2.66812917080701 1.43853228676227 0.615852543337111
95 1.02904958181694 -0.814367285464578 0.615852543337111
95 2.5064763347017 1.02761567248413 0.615852543337111
95 5.23903717845916 1.36626731268006 0.615852543337111
96 1.58588279547096 1.39529666730775 -2.0108561315674
96 -0.692033874450406 -0.894678520006007 -2.0108561315674
96 -1.78280223553286 -0.0416133977965098 -2.0108561315674
96 -1.74808481906061 -0.715655330553728 -2.0108561315674
96 0.523689062530904 0.496811744946252 -2.0108561315674
96 0.560338420424704 1.11431180525059 -2.0108561315674
96 -0.45886814206892 -1.49362858023026 -2.0108561315674
96 0.952551835946577 0.139155611081925 -2.0108561315674
97 2.57832997594908 0.607367953098731 -0.349692551498495
97 2.57736338583063 1.37655966126477 -0.349692551498495
97 1.24952759613084 -1.29779713843911 -0.349692551498495
97 3.5128490188622 0.420029362315977 -0.349692551498495
97 -3.73816001537561 -0.909759001741152 -0.349692551498495
97 0.113083774106717 0.211321252817521 -0.349692551498495
97 -1.71447081569236 -1.89842435533726 -0.349692551498495
97 2.51937494571425 -0.531694640152149 -0.349692551498495
97 3.91575301492921 0.622375301116609 -0.349692551498495
97 2.39876850728078 -0.418281872278955 -0.349692551498495
97 2.86057329223694 0.704905260333852 -0.349692551498495
97 0.311444062643473 -0.0489589369493839 -0.349692551498495
97 0.546639503732434 -0.0829486574493141 -0.349692551498495
97 -4.49109835727338 -1.47275809457179 -0.349692551498495
97 0.0962872989790372 -0.182447970580701 -0.349692551498495
97 2.7799983033784 0.387867592668672 -0.349692551498495
97 0.00659203054499416 -0.769532179606444 -0.349692551498495
97 3.04229019848067 0.148559431850752 -0.349692551498495
97 4.49623367266618 0.819087818423694 -0.349692551498495
97 -1.30258691265954 -1.13637646355696 -0.349692551498495
97 -1.72420753852443 -0.207595819895628 -0.349692551498495
97 -0.525198745765646 -0.0621328074502011 -0.349692551498495
97 1.12857271504071 1.10196157246536 -0.349692551498495
97 7.72335221594597 2.61867273165311 -0.349692551498495
98 3.97380371577202 -0.805253108058211 0.813965869466744
98 3.15819040359939 1.01163380381836 0.813965869466744
98 3.50538858271845 -0.925560098183474 0.813965869466744
98 1.16449429441513 -0.432218290792776 0.813965869466744
98 6.21481144386208 1.9519138484861 0.813965869466744
98 7.80863031000222 -0.620447841537594 0.813965869466744
98 3.47191410258151 -0.281808552841871 0.813965869466744
98 2.89415446534638 0.101740239109466 0.813965869466744
99 2.65984260241056 0.214129340623591 0.740362296733249
99 1.93906883031397 -2.12298411576962 0.740362296733249
99 1.39441660865543 -1.13823377530105 0.740362296733249
99 1.17748430251232 1.20104155447324 0.740362296733249
99 -0.863574740123995 -1.83459088403267 0.740362296733249
99 2.96287255093734 0.824021002688144 0.740362296733249
99 0.512136891102245 0.110268218634955 0.740362296733249
99 1.00177239686268 0.137008996178573 0.740362296733249
99 2.3755374684154 -0.299491389164099 0.740362296733249
99 0.154442242475893 -0.196445529899783 0.740362296733249
99 0.657905065252287 -0.910915372219968 0.740362296733249
99 0.62998768854165 -0.519811029362252 0.740362296733249
99 1.50443015294814 0.556441548159985 0.740362296733249
99 1.35613325289856 0.899435156345395 0.740362296733249
99 1.72105648990331 -0.221953000687057 0.740362296733249
99 1.23199587862926 -0.725488801011967 0.740362296733249
99 1.8995622451189 0.540286862460326 0.740362296733249
99 1.00898936741874 0.832442002688749 0.740362296733249
99 -0.488956809629536 -0.628961542957164 0.740362296733249
99 1.53484757555024 -0.743073566754598 0.740362296733249
99 1.77631102358631 2.39865333774374 0.740362296733249
99 1.98638994338399 0.511184755651446 0.740362296733249
99 1.00181416410951 0.822646754114997 0.740362296733249
99 -0.984757036679419 0.294389477397092 0.740362296733249
100 2.50681383299586 0.183671048326247 1.3364391447153
100 2.11647401469743 -1.1563790089403 1.3364391447153
100 3.25221821822328 -0.164059430208533 1.3364391447153
100 2.15694431777291 0.235427582747152 1.3364391447153
100 2.20921729653574 1.10836409495662 1.3364391447153
100 4.99225138883641 0.384505211808309 1.3364391447153
100 1.55370525015577 -1.7091723500608 1.3364391447153
100 -0.297655335134378 1.1176428513713 1.3364391447153
101 4.28019925638448 -0.45223996333225 1.44428889711525
101 3.53506288861543 1.15179038243882 1.44428889711525
101 2.34917459020234 0.47433663795507 1.44428889711525
101 -1.15121753778154 -0.19373250345607 1.44428889711525
101 2.48605589316981 0.0315602982802027 1.44428889711525
101 2.3371676492941 0.51868727553915 1.44428889711525
101 0.846804562343866 0.254865532642748 1.44428889711525
101 1.20494487746936 -2.12245227348062 1.44428889711525
101 1.64033412092709 -0.389910748660875 1.44428889711525
101 2.04204514353559 -0.346649815005881 1.44428889711525
101 4.95848210567893 -0.526793413973338 1.44428889711525
101 3.37647010115009 -1.09249449919335 1.44428889711525
101 -0.113043705558041 0.322481013244883 1.44428889711525
101 3.11124281727038 -0.366787660139897 1.44428889711525
101 1.64988186949537 0.366304549076443 1.44428889711525
101 2.14301119187751 0.466812067358748 1.44428889711525
101 2.48637808775541 -1.60633861417356 1.44428889711525
101 -1.48459751173952 1.02526826384031 1.44428889711525
101 0.136353360730512 -0.321591936717524 1.44428889711525
101 -0.732538974823083 0.686837007845512 1.44428889711525
101 4.15271293527694 -1.94424952779911 1.44428889711525
101 1.35154184105198 1.00940203165736 1.44428889711525
101 2.26133734055499 1.95218767237949 1.44428889711525
101 2.15855385279536 1.10270822367374 1.44428889711525
102 1.61425829871978 -0.0124057558168293 -0.882927141854408
102 2.83309335741871 0.114667010951465 -0.882927141854408
102 -1.2227990373223 -0.283841252892544 -0.882927141854408
102 5.02724348931873 1.32692406292465 -0.882927141854408
102 2.8282333798265 -0.731746164100229 -0.882927141854408
102 1.41654344761921 1.55759784689485 -0.882927141854408
102 -0.16261070609957 -0.638441995092929 -0.882927141854408
102 1.87946590153449 -1.33275375286843 -0.882927141854408
103 -3.19147905318514 0.52954193170879 1.09251071511924
103 -1.02776854167538 0.154365304325074 1.09251071511924
103 1.98824027610188 0.862976210645093 1.09251071511924
103 0.963763261762071 -1.62435781216135 1.09251071511924
103 1.3432693133606 0.372521475407018 1.09251071511924
103 1.56005163046567 -1.69760091631002 1.09251071511924
103 -0.591192763895006 1.32857193947566 1.09251071511924
103 1.51453215304946 -1.00685999545314 1.09251071511924
103 0.741552964175092 -0.891661504524264 1.09251071511924
103 0.109300879348986 -1.24475987620457 1.09251071511924
103 2.12069533048463 -1.48283300119458 1.09251071511924
103 -1.65926430905345 -0.030755648260094 1.09251071511924
103 0.204792364812962 0.30551611711441 1.09251071511924
103 0.300071923114779 0.351890953985619 1.09251071511924
103 -2.13618598290129 0.592173375579158 1.09251071511924
103 -1.10517047885881 -0.0511179438714252 1.09251071511924
103 2.24031542121341 1.42795009639828 1.09251071511924
103 -1.55926387827133 -0.877926730437208 1.09251071511924
103 -1.78852511789581 -0.210346002033374 1.09251071511924
103 0.297228470459108 -0.607575824881949 1.09251071511924
103 -0.173222904838066 1.56487808188595 1.09251071511924
103 -1.17975988269026 0.968764033937481 1.09251071511924
103 3.77629309937165 -0.068670246974168 1.09251071511924
103 0.968802092196191 1.33531598184361 1.09251071511924
104 -0.0433298829491688 0.335827167489103 1.28269180629014
104 1.1395179338517 -1.51156309063857 1.28269180629014
104 6.10454685172872 1.6050255690313 1.28269180629014
104 4.33880196196707 0.553313586755557 1.28269180629014
104 1.90956105395701 -0.985270317611614 1.28269180629014
104 0.402032485608638 -0.40750943772701 1.28269180629014
104 -1.94521065983881 -0.294506676360017 1.28269180629014
104 3.87555106051706 0.704683199061251 1.28269180629014
105 -0.512563185392809 1.5072778186692 -0.731392092674608
105 2.51844188509439 0.670354694943238 -0.731392092674608
105 -2.68975390922732 -0.0607347774561018 -0.731392092674608
105 0.74583736927097 1.55644133151557 -0.731392092674608
105 2.65570725992393 -1.7964163108854 -0.731392092674608
105 -2.36945031674883 -0.364448224876848 -0.731392092674608
105 -1.87736351448492 -0.932685567206323 -0.731392092674608
105 -2.09225765561282 -0.531422422293387 -0.731392092674608
105 1.31584276972709 -2.02943480336979 -0.731392092674608
105 1.20884396337527 0.596603674945006 -0.731392092674608
105 0.267056181880589 0.503632323366762 -0.731392092674608
105 1.84446754168849 0.733230711318571 -0.731392092674608
105 -1.66783689496926 0.243983592132734 -0.731392092674608
105 -1.41796178088944 0.252080757589257 -0.731392092674608
105 1.0722374143757 1.53403810798618 -0.731392092674608
105 0.250872505264236 -0.785236532036518 -0.731392092674608
105 1.06573881923202 1.73649893732037 -0.731392092674608
105 -1.2089905788802 -0.125593892760714 -0.731392092674608
105 -0.823234736740467 -0.53817289302773 -0.731392092674608
105 0.632613467209669 -0.0993606980174362 -0.731392092674608
105 -0.35219583523793 -0.415159661423459 -0.731392092674608
105 2.45001549797624 -0.570366970045889 -0.731392092674608
105 0.278664027363763 -0.0113177368598231 -0.731392092674608
105 0.501453950785958 -1.07379145952749 -0.731392092674608
106 -0.910929588866818 0.926547192365238 -0.956790288110223
106 -1.71182260489575 -0.156449150083186 -0.956790288110223
106 -3.26477243646554 0.13015009741254 -0.956790288110223
106 0.316503284290595 0.420268344417253 -0.956790288110223
106 1.31132306421616 1.08216755135566 -0.956790288110223
106 -0.269034688155366 0.492745837801724 -0.956790288110223
106 -1.62086509613926 -1.84635467950696 -0.956790288110223
106 -2.32816868917162 -1.04907519376228 -0.956790288110223
107 1.10186117711528 -1.57128215957639 0.431949402287028
107 1.60264220473703 0.784470127955863 0.431949402287028
107 3.07123481457676 0.939457018709089 0.431949402287028
107 -0.364538918852024 0.624173086625838 0.431949402287028
107 1.510409987129 -0.746230490685589 0.431949402287028
107 -0.625470304984328 1.40790703133905 0.431949402287028
107 -0.723832469891576 -0.119023873503953 0.431949402287028
107 2.14548739417601 -0.80048304518592 0.431949402287028
107 2.76872727412373 -1.11732289267595 0.431949402287028
107 -0.35458004840414 0.11006585452541 0.431949402287028
107 2.04812446353504 1.6781453704397 0.431949402287028
107 2.95484494819459 -1.84573279091506 0.431949402287028
107 2.15694909733142 -0.138951560493673 0.431949402287028
107 1.88414082923997 -0.332185619132393 0.431949402287028
107 3.68519000137171 -0.317391360292745 0.431949402287028
107 2.52807241973915 1.56474886474542 0.431949402287028
107 3.46346613715141 -1.08499668884949 0.431949402287028
107 0.716832161884526 0.575665693150821 0.431949402287028
107 1.01483175102649 -0.0836354080325973 0.431949402287028
107 1.363027396118 1.49912253621878 0.431949402287028
107 0.615941698996912 -0.75341165160877 0.431949402287028
107 4.28341748639238 -0.410867579417287 0.431949402287028
107 2.75207296679446 0.692717030233159 0.431949402287028
107 2.86771460804974 -0.554957493573304 0.431949402287028
108 1.0279831586739 -1.14526584679022 -0.515413843152474
108 0.615970065188933 0.272527016566054 -0.515413843152474
108 0.839680640578263 1.36262829888219 -0.515413843152474
108 0.558130185801277 0.302427937670634 -0.515413843152474
108 1.81344900656122 0.913457279998724 -0.515413843152474
108 1.40948433849708 -0.654352790715695 -0.515413843152474
108 3.14109390483222 0.436201430904731 -0.515413843152474
108 -4.14081071579613 -1.48762332651642 -0.515413843152474
109 0.245374223976141 -1.49894648759521 -0.305443110695667
109 -1.94016551588055 1.2415016577303 -0.305443110695667
109 1.07310967463982 0.887107157240824 -0.305443110695667
109 0.825438946480101 -1.18022042322018 -0.305443110695667
109 -0.602471177152537 -0.40369719112492 -0.305443110695667
109 -0.0185222932884035 0.520601054711305 -0.305443110695667
109 0.66964970040829 0.1082694297788 -0.305443110695667
109 1.30064177056647 -0.512365072946511 -0.305443110695667
109 0.225913158110142 -0.613399979707703 -0.305443110695667
109 -0.388304225302445 -0.445835835503713 -0.305443110695667
109 0.903505943272597 -0.282413603365852 -0.305443110695667
109 1.17804723138581 0.0229818433435281 -0.305443110695667
109 0.685951014376107 -0.195904537815956 -0.305443110695667
109 -0.688682179336447 0.561412159087531 -0.305443110695667
109 2.17398701686287 0.14725554348888 -0.305443110695667
109 1.15010787138949 -1.09868197807492 -0.305443110695667
109 -1.82116514746047 -0.718401638225122 -0.305443110695667
109 0.49771554746126 -0.534165374199244 -0.305443110695667
109 1.5422174093412 2.0332448795162 -0.305443110695667
109 -3.36176300811305 1.36772055311142 -0.305443110695667
109 -1.00553940819516 0.174647394659852 -0.305443110695667
109 1.1518430107062 -1.91619846188053 -0.305443110695667
109 1.32485992419503 0.515708002993749 -0.305443110695667
109 3.48326749379193 1.81978090799748 -0.305443110695667
110 0.212679038109573 -0.913002010475356 0.788488195517382
110 -1.26812713055109 0.98130521055723 0.788488195517382
110 1.79846407615165 0.274131645831512 0.788488195517382
110 0.0821187188432543 0.396613708349765 0.788488195517382
110 0.266813341066004 -0.265003417532886 0.788488195517382
110 -0.388284010306196 1.0275502263928 0.788488195517382
110 -0.255541153771302 -1.91645977311371 0.788488195517382
110 2.38562366575596 0.414864409990648 0.788488195517382
111 1.93196273860098 0.758780290811792 0.209877914500863
111 1.15309363905191 -0.0122418884176499 0.209877914500863
111 0.964863152204195 -0.39286826801585 0.209877914500863
111 1.87740807067423 1.26748333403249 0.209877914500863
111 0.784757933921528 -1.64572336516125 0.209877914500863
111 -1.00739010987895 -0.0692831288133332 0.209877914500863
111 2.13749391044408 2.02928169915332 0.209877914500863
111 -1.31641918822656 1.25794071788706 0.209877914500863
111 3.95221048357149 -0.540047264512939 0.209877914500863
111 1.80862183836327 -0.320045779497943 0.209877914500863
111 -0.231487677550157 -0.557959689891358 0.209877914500863
111 1.13972782503928 -0.14028363562284 0.209877914500863
111 0.633596837276612 -0.34942557037915 0.209877914500863
111 0.579837199473405 0.388346408334694 0.209877914500863
111 2.7262577464975 0.914248313596214 0.209877914500863
111 -0.820259601982628 -0.841774031064062 0.209877914500863
111 -0.0312220821131792 -0.71666761094637 0.209877914500863
111 3.23226675708703 -0.908663436106861 0.209877914500863
111 1.96790184899018 -0.523099451373013 0.209877914500863
111 1.7057071035044 1.66524444337291 0.209877914500863
111 0.798005816118352 -0.837667967873138 0.209877914500863
111 -1.26491974650229 -1.74681760420766 0.209877914500863
111 -0.957080657788305 0.070977927097232 0.209877914500863
111 1.61735978825589 1.2502655575977 0.209877914500863
112 1.18541357843901 -0.185059855486453 -0.131627011934529
112 1.85044246499209 0.234918602865741 -0.131627011934529
112 1.15657281047981 0.136861657098336 -0.131627011934529
112 6.1558177477354 1.23903652296989 -0.131627011934529
112 -2.10471789140075 -1.48035282728033 -0.131627011934529
112 -2.49637454980695 -0.948967877254256 -0.131627011934529
112 3.53524471564216 1.44014984111863 -0.131627011934529
112 3.5498960230407 -0.436586064031565 -0.131627011934529
113 1.846466543967 0.193386860743748 1.35500998680999
113 0.338424923714141 -0.586178650062308 1.35500998680999
113 0.00274385960448131 0.236846225849885 1.35500998680999
113 -0.45955568106024 1.03289498179649 1.35500998680999
113 0.822732104996615 -0.830495092632342 1.35500998680999
113 0.98704684991857 0.0672414765338391 1.35500998680999
113 1.29545417257166 1.83607645085841 1.35500998680999
113 0.822761620020357 -0.147871256795307 1.35500998680999
113 1.88917773781279 0.680310967542781 1.35500998680999
113 1.46665516105208 -1.58695525526158 1.35500998680999
113 -2.19165168828486 -0.0287871181956922 1.35500998680999
113 -0.270068121200837 0.315633379941366 1.35500998680999
113 1.79869438263489 0.314504698553367 1.35500998680999
113 0.0464315105876087 1.61910377956603 1.35500998680999
113 0.0996884592383626 -2.18834150229906 1.35500998680999
113 -2.40245619255942 -0.635899704823417 1.35500998680999
113 0.974737878328711 -0.375220069201215 1.35500998680999
113 0.228068028197941 0.49300715038099 1.35500998680999
113 0.801257522802627 -1.89284046553362 1.35500998680999
113 0.696962713202963 -0.103239968741725 1.35500998680999
113 0.146636055000595 1.14039973223204 1.35500998680999
113 -0.83939379466125 -0.590218686571776 1.35500998680999
113 -1.4928463983045 0.871795735364968 1.35500998680999
113 -1.70458499102247 0.164846330754116 1.35500998680999
114 0.0202834753424838 0.787036223462034 0.583840661782782
114 -1.7560157304757 -0.919932522504543 0.583840661782782
114 1.24611422106077 -0.735559621354372 0.583840661782782
114 -2.41472311490003 -0.0173404838372283 0.583840661782782
114 -0.505634073626041 -1.33300003718708 0.583840661782782
114 1.05820460754574 1.69426374800767 0.583840661782782
114 1.86618135118162 0.584728335061028 0.583840661782782
114 0.698123564133019 -0.0601956416475078 0.583840661782782
115 -0.317469206369676 0.431467588360467 -1.3270195909166
115 0.816691411491506 0.383864682103236 -1.3270195909166
115 -1.47450661914422 -0.849261215992766 -1.3270195909166
115 2.60950653934642 0.640029669779583 -1.3270195909166
115 1.90673543608661 -0.409011556597447 -1.3270195909166
115 2.80176649744048 -0.649045513450566 -1.3270195909166
115 0.0105296403355488 0.145026871630468 -1.3270195909166
115 -1.74895038311114 -0.749617877280656 -1.3270195909166
115 1.81213132498256 -0.813296686501931 -1.3270195909166
115 3.52011253885404 0.424726918001483 -1.3270195909166
115 1.14879705155813 -0.340127940353205 -1.3270195909166
115 2.69678109398943 -0.0125580451373163 -1.3270195909166
115 0.937326198314913 -0.280673840356076 -1.3270195909166
115 1.71489306196852 0.527461945513592 -1.3270195909166
115 0.506853887367759 0.987686409213392 -1.3270195909166
115 0.777423935859632 -0.816645518643151 -1.3270195909166
115 1.43142282198139 2.2696530805663 -1.3270195909166
115 0.557537534880154 -1.69462497947171 -1.3270195909166
115 2.83724813364618 0.830999487076727 -1.3270195909166
115 4.59675887286909 2.06151628864283 -1.3270195909166
115 -1.11101089034953 -0.250371294496435 -1.3270195909166
115 -0.508657530204443 -1.86781708600816 -1.3270195909166
115 0.0141168104538612 -0.652369370744331 -1.3270195909166
115 0.130843887951718 0.68298798414567 -1.3270195909166
116 0.347482312770825 -1.47797636229318 -0.313463488868252
116 -1.23831577031698 1.83488927387239 -0.313463488868252
116 0.539717622768873 -0.272822423987007 -0.313463488868252
116 -0.393522059327862 0.285400935338513 -0.313463488868252
116 1.42108715094664 -0.399184430585733 -0.313463488868252
116 1.93857110218117 -0.848117943742399 -0.313463488868252
116 -1.45060093998474 0.318586801146682 -0.313463488868252
116 -2.36118291044276 0.559224150250739 -0.313463488868252
117 1.88439770857918 0.234916159655087 -0.153385489994114
117 0.434212269511648 0.596204343432312 -0.153385489994114
117 -0.0324385578098993 -1.1910719620336 -0.153385489994114
117 -0.490838606063387 -1.13137624309672 -0.153385489994114
117 -0.335298661190378 0.930030006245983 -0.153385489994114
117 1.18370451229933 1.09128457381196 -0.153385489994114
117 -2.14081822179881 -1.18825138109079 -0.153385489994114
117 0.115627599606648 -0.532312535371083 -0.153385489994114
117 2.25896096089935 0.554495971128978 -0.153385489994114
117 -1.28453580633675 0.316817723621648 -0.153385489994114
117 1.04369788064255 1.194426642241 -0.153385489994114
117 -0.541896039630701 0.257844842135537 -0.153385489994114
117 -1.15818334365598 1.44713512869076 -0.153385489994114
117 2.41533247075421 -1.06779986348375 -0.153385489994114
117 1.07844497532776 -0.55770472062238 -0.153385489994114
117 0.0620581513449465 0.702517949750917 -0.153385489994114
117 0.843705446544919 0.538183825064011 -0.153385489994114
117 -2.13078247307868 -0.73801071160468 -0.153385489994114
117 2.07585993951393 0.32262630101184 -0.153385489994114
117 0.756018708449879 -1.91643448284237 -0.153385489994114
117 2.38192444414372 1.18440292070374 -0.153385489994114
117 0.139451683681204 -1.94059194286731 -0.153385489994114
117 0.958893346209134 0.549648811363715 -0.153385489994114
117 0.442624077609848 0.343018644155197 -0.153385489994114
118 -1.00346515409314 0.11519198610614 -0.990978993220027
118 -1.23251870646531 0.419879476381687 -0.990978993220027
118 1.68032083912617 0.919884534362736 -0.990978993220027
118 -1.05407214085962 0.314193450996327 -0.990978993220027
118 0.203898751970668 -1.37188747763128 -0.990978993220027
118 1.23399310928283 1.42124167390953 -0.990978993220027
118 -3.30032053379814 -1.30298145750723 -0.990978993220027
118 -0.493502391997854 -0.515522186617908 -0.990978993220027
119 -1.30502500197941 0.416250383568167 -0.287429679282744
119 3.98203696285665 2.02932592251488 -0.287429679282744
119 2.57293456227879 -0.368904151391497 -0.287429679282744
119 5.98791261193419 0.803649664385379 -0.287429679282744
119 -1.28736798744361 -0.0517762497505905 -0.287429679282744
119 0.248554694213142 0.392228125355286 -0.287429679282744
119 -1.26690945595841 -0.567030186585202 -0.287429679282744
119 1.14066717117791 -1.58908948458574 -0.287429679282744
119 1.5484175200741 -0.854314483944515 -0.287429679282744
119 1.63232265059761 1.07582327048488 -0.287429679282744
119 0.153471664800801 -1.41304591814595 -0.287429679282744
119 0.755795213682672 -0.125935961346968 -0.287429679282744
119 -0.333008207169046 -1.39904266187097 -0.287429679282744
119 0.367491139359428 -0.162576065978552 -0.287429679282744
119 4.45268789618423 -0.159855587799533 -0.287429679282744
119 2.94107238114914 0.479661278153968 -0.287429679282744
119 4.67710602333146 0.725685509523577 -0.287429679282744
119 3.82917609251589 0.329175510292064 -0.287429679282744
119 2.18663999615066 -0.578607536150743 -0.287429679282744
119 2.01086202698908 1.87180277922832 -0.287429679282744
119 0.258317625943515 -1.63919793718661 -0.287429679282744
119 1.60627572135156 -0.609227171637582 -0.287429679282744
119 1.61447054852906 1.07142501841808 -0.287429679282744
119 3.60223378991864 0.323575934449858 -0.287429679282744
120 4.25709477953831 1.7392413629462 0.382548946919378
120 4.4163261867036 0.846103760582028 0.382548946919378
120 -0.829866195846015 -0.254862529608504 0.382548946919378
120 2.62187710419593 0.19618871107552 0.382548946919378
120 1.82648994430267 -0.120247549427513 0.382548946919378
120 1.88748335356221 -1.47429030455888 0.382548946919378
120 -1.91541211544406 -0.982436374055548 0.382548946919378
120 3.65288530299487 0.050302923046702 0.382548946919378
121 -3.22046553118061 -2.23332307606229 -0.47004438975491
121 3.76872486734405 1.27599704300348 -0.47004438975491
121 -3.8098353665401 -1.56581872369925 -0.47004438975491
121 0.33369619675528 1.36386525243951 -0.47004438975491
121 1.54949916929262 0.774818101599071 -0.47004438975491
121 1.92264379342113 1.05763962187732 -0.47004438975491
121 -0.77649247856505 -0.306661982489305 -0.47004438975491
121 0.421978368105281 -1.33210641172003 -0.47004438975491
121 -0.510450037424027 -0.995435577197386 -0.47004438975491
121 2.91054605874556 0.840633576993844 -0.47004438975491
121 -1.56065733473506 -0.0556840039066958 -0.47004438975491
121 1.38983002252322 0.152083184412009 -0.47004438975491
121 1.45917088919316 -0.585039455774108 -0.47004438975491
121 -1.19681820145426 1.12485616325166 -0.47004438975491
121 0.737011350836198 -0.30685784512462 -0.47004438975491
121 -1.78631685161965 -0.274698195586251 -0.47004438975491
121 2.28970375461667 -0.0887292303362641 -0.47004438975491
121 1.05245612011753 -0.126879972762042 -0.47004438975491
121 -0.901686923666452 -0.00849104763901191 -0.47004438975491
121 0.269216799657343 -0.852021517265852 -0.47004438975491
121 1.4742405202714 1.42738966462724 -0.47004438975491
121 0.615904293453248 1.39787524814039 -0.47004438975491
121 0.765373680893419 -0.275738890220179 -0.47004438975491
121 2.21858421232268 -0.407671926561253 -0.47004438975491
122 0.506270669350256 -1.42810532866731 0.284736620908719
122 0.998346233789932 0.675216121605879 0.284736620908719
122 1.10320251082936 0.950087921537872 0.284736620908719
122 -1.20564723871236 0.255386712745618 0.284736620908719
122 -0.368878835557267 -1.4466599513302 0.284736620908719
122 -0.731257746976032 1.18747265545546 0.284736620908719
122 1.6436516926844 -0.183564440866914 0.284736620908719
122 1.01658677918089 -0.00983369048041092 0.284736620908719
123 -5.86654722079955 2.03350020005085 0.264954332498204
123 0.546394911823188 -1.08508276909673 0.264954332498204
123 -1.47424046837181 -0.0817550156699504 0.264954332498204
123 -0.27295146974542 -0.903565333520938 0.264954332498204
123 -2.67335808058524 -0.129839287279145 0.264954332498204
123 -2.99740392767898 0.774557247384638 0.264954332498204
123 -2.07008685609146 0.827480904689336 0.264954332498204
123 -1.42647211339545 -0.348224243991595 0.264954332498204
123 -1.67345115986163 0.751008200745223 0.264954332498204
123 -0.486054008723917 -0.867636998966417 0.264954332498204
123 -1.57328737448784 -0.284420055695621 0.264954332498204
123 1.34195110756509 -0.252725552901246 0.264954332498204
123 0.846237942944869 -0.661243637699322 0.264954332498204
123 -0.646525707217235 1.34431799164925 0.264954332498204
123 -2.92289092941217 0.568057135759 0.264954332498204
123 -2.33748171414316 0.49145754771858 0.264954332498204
123 -3.47505859040757 1.73279529587071 0.264954332498204
123 -3.24656231574924 -0.561426728715676 0.264954332498204
123 1.97924501052384 -2.42860755256809 0.264954332498204
123 -1.73129521097407 0.651061958570731 0.264954332498204
123 -0.698012605340544 -0.0991161279860194 0.264954332498204
123 -0.329453016527415 0.0206781908456806 0.264954332498204
123 0.913764892951186 -1.19805027308876 0.264954332498204
123 -3.76891695527038 -0.293221096104494 0.264954332498204
124 3.83222167878074 0.709567939793214 0.296876576222848
124 0.224652334679777 -0.407710868526217 0.296876576222848
124 4.31649074740149 0.996485598979136 0.296876576222848
124 2.01638193936412 0.175038596152693 0.296876576222848
124 4.59854236927823 0.621170184534599 0.296876576222848
124 1.40758179916824 0.0708776124209251 0.296876576222848
124 -0.0625842913111765 0.051138540612222 0.296876576222848
124 0.212427489494507 -2.21656760396657 0.296876576222848
125 1.21223948272208 1.56335990920906 -0.815906446556514
125 0.62558321621317 -1.15637639954869 -0.815906446556514
125 2.25031037140097 -1.40407460138004 -0.815906446556514
125 2.78373191505425 0.0165819976286952 -0.815906446556514
125 3.29074005231604 -0.505443831515539 -0.815906446556514
125 1.77712213840556 -0.388094262924619 -0.815906446556514
125 3.91115568906529 -0.775184648782106 -0.815906446556514
125 -0.681440461859419 2.03225010398562 -0.815906446556514
125 1.56606981771391 0.597488652310059 -0.815906446556514
125 1.83706304958215 0.103340714255097 -0.815906446556514
125 -0.865536062809165 -1.35680272573071 -0.815906446556514
125 3.98517460761633 -0.613823298424724 -0.815906446556514
125 2.88393467595559 -1.01566144297973 -0.815906446556514
125 2.92034462156411 0.490746918797948 -0.815906446556514
125 -0.0889059649335442 1.00275364806355 -0.815906446556514
125 1.87123650810697 0.297313911157877 -0.815906446556514
125 4.68626939142917 0.0262818892320269 -0.815906446556514
125 0.304937477375222 0.533463189976821 -0.815906446556514
125 0.41561426358756 0.0119028249263311 -0.815906446556514
125 0.703393542056899 -1.13145962280429 -0.815906446556514
125 1.39004161162937 -1.27992464921016 -0.815906446556514
125 4.40355563222607 1.54327275328066 -0.815906446556514
125 0.459440997785894 0.164874121796997 -0.815906446556514
125 -0.83407076833981 1.24321484867988 -0.815906446556514
126 -0.892099522663324 -0.782482544348638 1.48535995391204
126 2.16350056781974 1.06566837311728 1.48535995391204
126 2.91760494254683 -0.949740059284583 1.48535995391204
126 4.26154593431004 1.17684524087899 1.48535995391204
126 0.66890422163826 -1.00815177683646 1.48535995391204
126 2.54832100883064 -0.490401261290778 1.48535995391204
126 6.76480263618478 1.27512613715863 1.48535995391204
126 0.575973208990032 -0.286864109394439 1.48535995391204
127 5.18054915011627 2.40941178268811 0.667453685971582
127 0.40059882116114 -1.18905670050874 0.667453685971582
127 -1.01255860344176 -2.48756602678234 0.667453685971582
127 2.54136304616573 0.244040953191763 0.667453685971582
127 3.32619134629743 0.0524793623024188 0.667453685971582
127 0.151889511885248 -0.0358749225891241 0.667453685971582
127 0.0661774605513674 0.543923721740525 0.667453685971582
127 3.53331779922395 0.134712293100147 0.667453685971582
127 5.57925950611404 0.0935162757934666 0.667453685971582
127 4.29379513692986 -1.36755451169379 0.667453685971582
127 4.53018074265468 -0.376579377059727 0.667453685971582
127 2.68756514508567 -0.11556566497082 0.667453685971582
127 3.10246645763643 1.50610148837717 0.667453685971582
127 2.20506180238051 -0.531061968751751 0.667453685971582
127 3.42131175712136 -1.33373001525703 0.667453685971582
127 0.739254577328352 -0.0996999896412825 0.667453685971582
127 5.21953373040302 -0.0637047067093738 0.667453685971582
127 -1.17501270623322 0.353549717309141 0.667453685971582
127 1.15578328289644 0.0973583437435354 0.667453685971582
127 3.13630989586536 0.357109748218766 0.667453685971582
127 2.94243666824946 -0.323938081019148 0.667453685971582
127 0.79489367906942 -0.0140421569419934 0.667453685971582
127 0.467234147813287 0.78341660501961 0.667453685971582
127 2.46805061072432 1.36275383044046 0.667453685971582
128 -1.04430617077338 -1.3320288764961 -2.21182362228149
128 0.515645666062407 1.32705371656756 -2.21182362228149
128 -0.920427850304572 -0.912989568980084 -2.21182362228149
128 -1.19534980218457 -0.0655757560496617 -2.21182362228149
128 -2.11366192118876 1.37824694382127 -2.21182362228149
128 -0.325201556936632 0.534308299587872 -2.21182362228149
128 2.31038777560627 -0.535897731535542 -2.21182362228149
128 1.57935197217161 -0.393117026915316 -2.21182362228149
129 1.70687404433016 1.67766291646988 0.490233340301895
129 2.9522175290052 -1.11102156777744 0.490233340301895
129 1.52380279593992 0.247739311942613 0.490233340301895
129 0.177833325176837 1.01981754268456 0.490233340301895
129 -0.297212369439274 0.0125449096280741 0.490233340301895
129 4.09794554703621 1.12001741725442 0.490233340301895
129 0.547816680284947 -1.13278860472672 0.490233340301895
129 0.42470728556294 -0.216537729055737 0.490233340301895
129 2.07965084572136 -0.739345175313219 0.490233340301895
129 1.55504492110049 0.817753625677244 0.490233340301895
129 0.213501542370563 -0.297231129380064 0.490233340301895
129 0.722266511705968 1.42919575922479 0.490233340301895
129 4.79626420172054 0.720730609318233 0.490233340301895
129 3.18433522259369 0.179643508078326 0.490233340301895
129 2.08403262557348 -0.777918594534353 0.490233340301895
129 1.75809540504596 -1.08321295130323 0.490233340301895
129 2.09332737751595 -1.97720396378228 0.490233340301895
129 0.00769186254338239 1.14943469078851 0.490233340301895
129 2.71319026972418 1.14109407902837 0.490233340301895
129 3.53439655660617 -1.54392661306675 0.490233340301895
129 0.787591747819078 -0.713389175243983 0.490233340301895
129 4.05157810523565 0.30283818076317 0.490233340301895
129 2.61373178617921 -0.2645383011996 0.490233340301895
129 3.3457402488028 0.0386412545252037 0.490233340301895
130 1.25481313202886 0.507132819400304 -1.38544669025094
130 1.75701803616639 -0.558658633885402 -1.38544669025094
130 0.490761885314103 0.80897235408008 -1.38544669025094
130 -0.286532642401041 0.117203757856763 -1.38544669025094
130 0.0952503791221318 1.16984527893389 -1.38544669025094
130 -1.50875878171142 -1.21391823809262 -1.38544669025094
130 0.288073507740682 -1.55007477694172 -1.38544669025094
130 -1.11011487596638 0.719497438648708 -1.38544669025094
131 1.86174325672785 1.88498631789335 -0.320780368396498
131 4.5057342933714 -0.572032174620357 -0.320780368396498
131 3.77303732770476 -0.173469590994817 -0.320780368396498
131 2.99468547461668 -1.56619992832872 -0.320780368396498
131 2.00254400566872 -0.559244263598776 -0.320780368396498
131 -0.391100133547316 1.36632918884765 -0.320780368396498
131 -0.125682879438429 -0.0303443595942548 -0.320780368396498
131 1.02037787498863 -0.109054788066481 -0.320780368396498
131 1.79904135603687 1.12535921096872 -0.320780368396498
131 1.25770317697898 -0.924640346362266 -0.320780368396498
131 1.11432581347053 0.700026973271795 -0.320780368396498
131 0.877896286595161 0.24769404031494 -0.320780368396498
131 3.89991188212654 1.31618129490171 -0.320780368396498
131 1.65438484943314 0.958386451761299 -0.320780368396498
131 4.79807063729378 1.46068922638456 -0.320780368396498
131 -1.63617812553994 -1.78429884554346 -0.320780368396498
131 2.11997959389884 -0.776813808270861 -0.320780368396498
131 3.30310670900658 0.32136815358475 -0.320780368396498
131 2.09147754741914 -1.26769003917427 -0.320780368396498
131 1.11612943332095 -1.16743221067351 -0.320780368396498
131 2.56588107744075 -0.330639313771334 -0.320780368396498
131 0.444208248575593 0.0408490252776738 -0.320780368396498
131 2.15226041540571 -0.116790373382142 -0.320780368396498
131 1.90554548235828 -0.0432198408252081 -0.320780368396498
132 -0.120015314830748 -0.255601866202038 -0.749308361324505
132 -2.25500053523381 0.175637930011949 -0.749308361324505
132 -1.24619575202677 0.0478223505407307 -0.749308361324505
132 0.184557983077945 1.87691875594162 -0.749308361324505
132 0.0351867864100582 -0.0999765452794056 -0.749308361324505
132 0.0160872809177067 0.112839070432899 -0.749308361324505
132 -1.55980947282648 -0.0258892231872986 -0.749308361324505
132 -1.23057265914835 -1.83175047225845 -0.749308361324505
133 4.8384267585816 1.05860415950609 0.516183005636297
133 1.17838505837396 1.24138977240507 0.516183005636297
133 1.7479432652812 0.19544826283486 0.516183005636297
133 1.87960186814086 1.87419904049992 0.516183005636297
133 2.39395214423369 0.170208678063705 0.516183005636297
133 1.36229433290187 -0.586845712286384 0.516183005636297
133 0.168344977293567 -1.75873365211975 0.516183005636297
133 1.00473548235936 0.346376809706343 0.516183005636297
133 0.42430054907343 0.239279447268011 0.516183005636297
133 0.790790212231994 -0.858785987459622 0.516183005636297
133 -0.893895407205329 -0.38593311357267 0.516183005636297
133 -1.75859322052022 -0.156553360028763 0.516183005636297
133 1.22254233836937 -1.45808232422437 0.516183005636297
133 0.281686679889704 -1.78248675385208 0.516183005636297
133 2.09834165806163 0.432257053026985 0.516183005636297
133 1.38413674864281 -0.903678320846447 0.516183005636297
133 -0.908191811648455 -0.537962568163688 0.516183005636297
133 0.689409716178413 0.421819628790686 0.516183005636297
133 1.68613219824023 1.82474992523353 0.516183005636297
133 0.791532187256879 -0.278670031285734 0.516183005636297
133 -1.0800982705159 0.0853591015280973 0.516183005636297
133 3.86545501147103 -0.490168534614317 0.516183005636297
133 3.74948406873883 -0.0344016688128558 0.516183005636297
133 1.31039285277091 1.34261014840338 0.516183005636297
134 0.208374754625852 0.789576385119835 -0.1259541347289
134 -0.0921761591357988 0.199260277952996 -0.1259541347289
134 -0.78793722243169 -0.853136577165907 -0.1259541347289
134 -0.752022850117618 1.63889644389812 -0.1259541347289
134 1.71031863148246 -1.2265367307565 -0.1259541347289
134 0.438999719960954 0.330662982317604 -0.1259541347289
134 0.538830074777684 0.240062511440984 -0.1259541347289
134 0.771380616500925 -1.11878529280714 -0.1259541347289
135 2.62868289151686 -0.0386665466249963 -0.883100477397004
135 0.367134241853469 -0.93578269137122 -0.883100477397004
135 2.48798145294551 0.193391589564797 -0.883100477397004
135 1.13060068586074 0.779923937888521 -0.883100477397004
135 0.988152915993848 0.199291666138386 -0.883100477397004
135 -0.62350491737331 -0.565882860714585 -0.883100477397004
135 -0.123039626863772 0.429352550438672 -0.883100477397004
135 1.50306993065867 -0.273695899746868 -0.883100477397004
135 2.38167475230887 -0.797000409724894 -0.883100477397004
135 -1.0838365915208 -0.613727813567826 -0.883100477397004
135 4.78350152706453 2.23900747414394 -0.883100477397004
135 1.61594574909136 1.08721186977629 -0.883100477397004
135 0.999012656757346 0.32237944878574 -0.883100477397004
135 -0.204079153921676 -1.87917656911075 -0.883100477397004
135 3.34905160268388 1.28850358068921 -0.883100477397004
135 2.353057219174 0.0353186193901611 -0.883100477397004
135 0.137121639356913 -1.90828301160239 -0.883100477397004
135 0.398460306232398 0.319815110218902 -0.883100477397004
135 0.289504042478641 0.117492526523783 -0.883100477397004
135 3.20020174733813 1.24052983687844 -0.883100477397004
135 -0.50035706739763 0.541822531800456 -0.883100477397004
135 -2.75872205342928 -0.347131472766145 -0.883100477397004
135 1.81045717786059 0.181089038676666 -0.883100477397004
135 -0.73804849238215 -1.6157825056843 -0.883100477397004
136 4.29069772032883 1.42435272322947 0.0742153250599288
136 -1.63036589788014 -0.527122981645877 0.0742153250599288
136 -0.415513581767986 -0.0544948767935083 0.0742153250599288
136 0.300418896885751 0.126338435249467 0.0742153250599288
136 2.72560569564117 -0.0802591922861058 0.0742153250599288
136 0.706619842615519 1.05278718868625 0.0742153250599288
136 -1.87539485641176 -1.88587424920915 0.0742153250599288
136 2.09009266206664 -0.0557270472305457 0.0742153250599288
137 0.410874813659309 0.210806159954897 -0.759612358389576
137 3.15212329669128 -0.129625317280776 -0.759612358389576
137 1.81759899614874 -1.03732303883789 -0.759612358389576
137 -0.217524808928568 -2.11180672237187 -0.759612358389576
137 -0.405507750334549 -0.595834849654117 -0.759612358389576
137 0.299146295046347 0.183475011463208 -0.759612358389576
137 2.09875953916035 0.273579804796823 -0.759612358389576
137 -0.257578765453656 -0.373289617848939 -0.759612358389576
137 4.21274204339145 1.72658662611805 -0.759612358389576
137 -0.370972492151762 -2.33333894235167 -0.759612358389576
137 3.1321960752138 1.39152831174068 -0.759612358389576
137 4.53678778068329 0.800814487907517 -0.759612358389576
137 4.30595779440925 0.344165820692703 -0.759612358389576
137 -2.78516857652707 -1.71831478504146 -0.759612358389576
137 0.565301345096021 0.438037610437373 -0.759612358389576
137 3.22689088641385 0.825745782751986 -0.759612358389576
137 2.5498793605279 1.06464336496394 -0.759612358389576
137 0.96096170916073 0.230398505329379 -0.759612358389576
137 1.52720814298368 0.395344339824762 -0.759612358389576
137 2.71457315172709 0.082525680295409 -0.759612358389576
137 2.7713322044856 0.214245592499 -0.759612358389576
137 3.74273873532938 -0.0486797296896469 -0.759612358389576
137 1.29913962599355 -0.386067101064135 -0.759612358389576
137 1.28062027458517 0.552383005364786 -0.759612358389576
138 3.67673414611389 -1.69073509563431 -0.385971889497206
138 0.929300118893275 0.87235978285283 -0.385971889497206
138 1.40979954159552 1.32657233491207 -0.385971889497206
138 1.41629451788643 0.245204022041048 -0.385971889497206
138 0.414711529251175 -0.412860700475689 -0.385971889497206
138 0.472331506115046 0.81573601633411 -0.385971889497206
138 1.22661832187447 -0.410630931294052 -0.385971889497206
138 -0.810701884740907 -0.745645428736003 -0.385971889497206
139 0.629791098270869 0.778997187027853 -0.687340946746974
139 -0.275546591907928 0.564653167812801 -0.687340946746974
139 -1.31617736576574 0.45847134372834 -0.687340946746974
139 -2.53380866987883 -1.36427072037532 -0.687340946746974
139 -3.18956319510376 -0.815340216829292 -0.687340946746974
139 3.88871317197799 0.559409340701368 -0.687340946746974
139 -0.550730625959255 0.821120586078341 -0.687340946746974
139 0.599982927229392 0.397708186456082 -0.687340946746974
139 -4.49746250047311 -1.40831588164668 -0.687340946746974
139 -1.33666296946225 -2.62371814967012 -0.687340946746974
139 1.60411851525024 0.802079630052755 -0.687340946746974
139 2.98232037213396 0.554943093763257 -0.687340946746974
139 -2.4823097818213 -0.555346360724893 -0.687340946746974
139 1.87673444038257 1.21876672335245 -0.687340946746974
139 -0.0192630519169472 1.18740275926177 -0.687340946746974
139 0.958450007208588 1.08539526012178 -0.687340946746974
139 3.14298087270654 0.419181668935476 -0.687340946746974
139 -1.55769506033671 -1.08746053400873 -0.687340946746974
139 -0.447967310050891 -0.493926524006147 -0.687340946746974
139 1.88447419411455 -0.380373932488276 -0.687340946746974
139 -0.440421221143235 0.0356067660787021 -0.687340946746974
139 0.609664056804313 1.00275991472951 -0.687340946746974
139 0.117251353112026 -1.11202482404151 -0.687340946746974
139 2.18658442204509 -0.0457184843095203 -0.687340946746974
140 3.5494749653982 -0.731635056782086 0.540807278524799
140 1.47978672149216 -1.12400225752944 0.540807278524799
140 1.69640123522122 1.07962006632467 0.540807278524799
140 1.63006396793326 0.811591970851758 0.540807278524799
140 0.0665546127735523 -0.581412885993446 0.540807278524799
140 -0.81493926851636 -1.03731119256511 0.540807278524799
140 3.17292842946866 0.195826552143696 0.540807278524799
140 0.582633356842787 1.38732280354996 0.540807278524799
141 0.0769994176585655 -0.144406366694491 0.201871449067145
141 1.37376929673467 -0.121688413169943 0.201871449067145
141 -1.43934459136717 -2.19184998986701 0.201871449067145
141 -0.0995322126940739 0.58936899447892 0.201871449067145
141 0.500137639647447 -0.215574112793643 0.201871449067145
141 2.00092748213942 1.11427220318008 0.201871449067145
141 1.30046882164886 0.739457020326975 0.201871449067145
141 -0.916958938416738 -0.179061739709905 0.201871449067145
141 2.92327690463307 0.42520013357617 0.201871449067145
141 2.46053617507294 -0.0520499844140669 0.201871449067145
141 2.16793906237041 0.615091611543673 0.201871449067145
141 3.5938065528912 -0.51189058084595 0.201871449067145
141 1.71290463975634 -0.252333946080893 0.201871449067145
141 2.09771801207234 -0.233471270520583 0.201871449067145
141 4.04592246672533 1.0526918636801 0.201871449067145
141 -0.0445532009346324 -1.53081604908198 0.201871449067145
141 1.3910542012565 0.893075990247731 0.201871449067145
141 1.45951459562978 -0.29500899126933 0.201871449067145
141 3.53640194727558 1.95132561975391 0.201871449067145
141 3.20507210460308 1.45193697274792 0.201871449067145
141 0.0233767124976737 -0.33306254726972 0.201871449067145
141 2.2740052642454 0.000158490087516093 0.201871449067145
141 -0.371813204888601 -2.01839831378457 0.201871449067145
141 -0.891489654896407 -0.752966594120924 0.201871449067145
142 0.413519258641221 -1.0558419584139 0.335480455972411
142 2.43363885594804 1.43112352319468 0.335480455972411
142 2.75387464212853 0.740621376057184 0.335480455972411
142 -0.202283195082866 -0.120877973569222 0.335480455972411
142 -0.719134959138504 -0.980680261547476 0.335480455972411
142 2.12670747080285 0.672099076509915 0.335480455972411
142 0.703442487734443 -1.24458148526442 0.335480455972411
142 2.66740637678308 0.558137703033238 0.335480455972411
143 1.8098523303764 1.41860560827095 -0.459372230771426
143 2.31596620370922 1.30946036587118 -0.459372230771426
143 -1.59226007601355 -0.357544675130417 -0.459372230771426
143 1.62793815159351 -1.57463917369322 -0.459372230771426
143 -1.9808667534234 0.148647523985786 -0.459372230771426
143 -0.602475058130984 -0.901572588388985 -0.459372230771426
143 3.08915859448998 -0.646992908326688 -0.459372230771426
143 0.690030690136602 -1.94709394277544 -0.459372230771426
143 0.952030393830069 0.579699388399517 -0.459372230771426
143 0.558933940513328 -0.267365511576663 -0.459372230771426
143 -0.939543955417455 -0.894341788325961 -0.459372230771426
143 3.88576376929672 1.86484314457515 -0.459372230771426
143 -1.22427571700108 -0.468197123538179 -0.459372230771426
143 -1.6896095036335 0.394615107423915 -0.459372230771426
143 3.0461975437682 1.23691764925269 -0.459372230771426
143 6.44284106137718 0.412652057718879 -0.459372230771426
143 -0.0778784631441369 0.172722993108973 -0.459372230771426
143 1.51002282322008 0.229412971152198 -0.459372230771426
143 -2.84374186805517 -1.97359853041407 -0.459372230771426
143 0.478297131626 0.290140728157344 -0.459372230771426
143 0.554314427638643 0.861640315572982 -0.459372230771426
143 -3.54661803952408 0.0334713000046657 -0.459372230771426
143 -2.10819782783173 -0.122417694199515 -0.459372230771426
143 2.54816020188062 0.200934782874921 -0.459372230771426
144 -3.54071523400742 -2.31875851562726 -0.528425297116349
144 0.182421008019736 0.27881104568602 -0.528425297116349
144 1.01822953436041 1.07012407947591 -0.528425297116349
144 2.04845526761867 0.365528607527785 -0.528425297116349
144 -0.936116328458365 0.321607720483789 -0.528425297116349
144 0.589975227997101 0.373364759986883 -0.528425297116349
144 1.23604337395569 -0.145095167675184 -0.528425297116349
144 0.564724416520583 0.0544174701420566 -0.528425297116349
145 -3.53569131160907 -1.03923432920162 0.0173068308173353
145 0.857691992469168 0.744741546192761 0.0173068308173353
145 -0.380864826514353 -0.357627694775248 0.0173068308173353
145 -1.37786094511949 -1.25950273299009 0.0173068308173353
145 1.62317534897736 0.165887278812451 0.0173068308173353
145 0.777090589140241 -1.38750904894562 0.0173068308173353
145 3.41106360447022 1.10236525826389 0.0173068308173353
145 -1.83067783338333 -0.77395690032097 0.0173068308173353
145 2.28898496806566 -0.61276144770779 0.0173068308173353
145 2.67506471595588 1.62384067401353 0.0173068308173353
145 3.21324772361698 0.623841730563513 0.0173068308173353
145 1.36578879609847 0.227637177758385 0.0173068308173353
145 7.37022711065034 1.70608751230967 0.0173068308173353
145 3.19750611318629 -0.969184427175063 0.0173068308173353
145 1.86867880606086 -1.21126272479927 0.0173068308173353
145 2.98712811621098 1.30038152107076 0.0173068308173353
145 0.0968929653270774 0.97076185592543 0.0173068308173353
145 0.425948632202522 0.260137222265184 0.0173068308173353
145 3.51391644315496 1.07900915840657 0.0173068308173353
145 4.610509154909 0.72124620822453 0.0173068308173353
145 3.59962920348476 -0.520899137719753 0.0173068308173353
145 1.37888894256082 -0.388581730915227 0.0173068308173353
145 -2.30579887522889 -1.38674428088184 0.0173068308173353
145 0.848367841599405 -0.618672688374199 0.0173068308173353
146 2.15362835703446 0.589310430938813 -2.03875293169932
146 -0.047508851950002 0.251996912816595 -2.03875293169932
146 0.748102338232559 -0.338837034873111 -2.03875293169932
146 2.38267759964257 1.79032309346051 -2.03875293169932
146 1.36038616364422 -0.469808125956459 -2.03875293169932
146 0.688078575158094 0.301022950401624 -2.03875293169932
146 -1.51962353344442 -1.65450031216799 -2.03875293169932
146 -0.240429453773401 -0.469507914619986 -2.03875293169932
147 0.294764226183339 0.0788129973003956 -1.3087525299241
147 -1.38317576895343 -0.174149426977385 -1.3087525299241
147 0.283019450586659 -1.56372859809271 -1.3087525299241
147 2.8745681717183 -0.50952451907216 -1.3087525299241
147 1.55212243996692 -0.708638634847603 -1.3087525299241
147 -0.136669835637117 -0.275121901880358 -1.3087525299241
147 -0.319879787593529 1.37282139034726 -1.3087525299241
147 -0.162452404382365 0.511154210086583 -1.3087525299241
147 1.85421796887599 -1.45467758983248 -1.3087525299241
147 -2.06642980049416 0.706951995704013 -1.3087525299241
147 0.0435231267093313 -0.313697935335647 -1.3087525299241
147 -0.0288779846373656 -1.2272271519211 -1.3087525299241
147 -0.634520826017417 1.24184365058773 -1.3087525299241
147 -2.89498078782196 0.529460195047598 -1.3087525299241
147 2.82956837564547 -0.810852197327218 -1.3087525299241
147 2.15409705606927 -1.07000978780634 -1.3087525299241
147 -1.05164103475013 1.08817939304297 -1.3087525299241
147 -0.72258193377119 0.698627106327542 -1.3087525299241
147 1.09850329355364 0.693530265180564 -1.3087525299241
147 1.72282088837586 0.718068106118692 -1.3087525299241
147 -1.32200184272878 -0.585050814819001 -1.3087525299241
147 1.01331727141491 0.289780017178639 -1.3087525299241
147 -3.49457517669329 2.15697794122478 -1.3087525299241
147 -1.11005073513797 -1.39352871023477 -1.3087525299241
148 1.67929566756992 -2.09302484787195 -1.07530769199028
148 0.971889037037017 0.928374208772254 -1.07530769199028
148 -0.124628879332376 0.275159604767919 -1.07530769199028
148 0.0390533378654163 0.134084819694456 -1.07530769199028
148 1.40981028334509 -0.117488053855499 -1.07530769199028
148 -1.60316013788808 -0.0520163645879576 -1.07530769199028
148 0.563693194334097 1.24330030215914 -1.07530769199028
148 -0.2353817472088 -0.318389669078364 -1.07530769199028
149 0.179712920619066 -0.339528896639607 0.913660045288991
149 0.0469945529490534 0.336617063991072 0.913660045288991
149 -0.314816802509455 0.750907123135772 0.913660045288991
149 2.111252205473 -0.332105557304334 0.913660045288991
149 0.375202804372418 -0.938035409080456 0.913660045288991
149 -2.12329579652652 0.140180063712452 0.913660045288991
149 -0.287706142216914 -0.569702297044276 0.913660045288991
149 -2.45128768655112 -1.07865048180103 0.913660045288991
149 -0.0878293531257336 1.74923781170273 0.913660045288991
149 -1.02884801365077 -0.184268125972796 0.913660045288991
149 0.94421078005727 -0.0360656387841159 0.913660045288991
149 1.93527536731188 0.056853826698274 0.913660045288991
149 0.594243335616264 0.111293356295318 0.913660045288991
149 0.393576394634529 -2.15514575417758 0.913660045288991
149 -0.734777313645634 1.23821254722108 0.913660045288991
149 1.13477045018944 0.375955143499806 0.913660045288991
149 -2.15390690557565 0.569071624209345 0.913660045288991
149 -0.189957352388853 0.114736945025199 0.913660045288991
149 -0.352255057833778 -2.41948330376358 0.913660045288991
149 0.658691920427854 1.38218104121918 0.913660045288991
149 -3.40500091287416 0.495566685710022 0.913660045288991
149 -0.361007860585639 -0.804712573138444 0.913660045288991
149 -1.57866003071708 0.540094892155832 0.913660045288991
149 1.03847597763902 0.996789913130139 0.913660045288991
150 0.627229178458752 -0.575568046933068 -1.06627890001738
150 2.20786519987392 -0.346736097655481 -1.06627890001738
150 3.12273659900062 1.44252584654001 -1.06627890001738
150 0.540666146661848 -0.328567473230868 -1.06627890001738
150 0.732578201467345 1.62698742116127 -1.06627890001738
150 1.88364647193277 -0.148096673800651 -1.06627890001738
150 0.459208318938063 -1.21951014078178 -1.06627890001738
150 1.74873493876029 -0.45103483529943 -1.06627890001738
151 1.91683139166971 -0.84732750466959 0.147315558301294
151 0.189921743521362 -1.1371622325957 0.147315558301294
151 1.40101306721406 -1.91748837654962 0.147315558301294
151 -1.63925551143563 -0.608448165417618 0.147315558301294
151 -1.49923042421211 -0.0301601500604603 0.147315558301294
151 0.157558161707862 -0.305539433129317 0.147315558301294
151 1.4211167214947 -0.414116814566997 0.147315558301294
151 1.92846786048631 0.818910198401118 0.147315558301294
151 2.67609199858484 1.25580523601764 0.147315558301294
151 3.07048241025571 0.0404714491904698 0.147315558301294
151 0.887754399903835 -0.00476185168381034 0.147315558301294
151 5.77720172384859 2.08604998221248 0.147315558301294
151 0.414657814936042 -0.462780611925568 0.147315558301294
151 3.48808047502078 0.981899706836408 0.147315558301294
151 2.51608224306177 0.426578325737298 0.147315558301294
151 -0.139971165131836 0.24363914859237 0.147315558301294
151 2.17069199561225 -1.26312691122878 0.147315558301294
151 0.243297531638855 -0.374523731448993 0.147315558301294
151 2.21356299951726 -0.50491864897506 0.147315558301294
151 3.27225144290336 -0.274672965028658 0.147315558301294
151 -0.0117993074472058 1.92479371216519 0.147315558301294
151 0.486213384866589 -0.356708384531279 0.147315558301294
151 2.05891426246423 1.47884716600401 0.147315558301294
151 1.0602827521948 -0.755259143345537 0.147315558301294
152 0.347794324709056 0.142897081273829 -1.97991498040539
152 0.824916150283074 0.384274531938424 -1.97991498040539
152 0.241526415977256 -0.116485910266979 -1.97991498040539
152 0.347265179305771 -1.30147107186164 -1.97991498040539
152 -2.83055672599455 0.968506127766069 -1.97991498040539
152 0.243768074190925 1.59146215119942 -1.97991498040539
152 -0.84464925528651 -0.473567980536547 -1.97991498040539
152 -3.14122734152333 -1.19561492951258 -1.97991498040539
153 -0.674144806136145 0.754007436879405 0.447461577331623
153 1.15429018609443 -0.0446822232586321 0.447461577331623
153 2.56424387267184 -0.342078148978674 0.447461577331623
153 -0.954787483628735 -1.11615086713695 0.447461577331623
153 -0.580791564407462 0.0090748438724717 0.447461577331623
153 2.25495934985534 0.326455800776562 0.447461577331623
153 0.867608652009013 0.0793587849157806 0.447461577331623
153 1.95948830994128 0.247270876113731 0.447461577331623
153 1.05150866492621 -0.741977277409201 0.447461577331623
153 -0.797597655596683 1.40568210999493 0.447461577331623
153 1.20346990687012 0.489957719265952 0.447461577331623
153 -0.0937558719680482 -0.505739068835683 0.447461577331623
153 -1.38496449087845 -2.35851913664375 0.447461577331623
153 0.81991525293623 0.518324290450366 0.447461577331623
153 3.17036641374228 0.551460067580613 0.447461577331623
153 -0.151966600321393 -0.398517645374219 0.447461577331623
153 3.43741563494467 -0.683469781735181 0.447461577331623
153 3.51756040198436 0.655366147511016 0.447461577331623
153 2.99499971032528 -0.362665024740228 0.447461577331623
153 -0.98711854064467 0.795176948257255 0.447461577331623
153 -0.405117967202202 2.13573707300625 0.447461577331623
153 3.02801090617646 -2.12920199967668 0.447461577331623
153 1.54990416158368 0.889082476570496 0.447461577331623
153 0.245675016652533 -0.173953401405635 0.447461577331623
154 5.24229676719593 -1.03544633805805 0.182344784851988
154 -1.19982678829771 0.355117290866255 0.182344784851988
154 3.22260648647514 -0.50762547602419 0.182344784851988
154 -0.930244756661709 0.43074199982398 0.182344784851988
154 -1.24797164369356 0.584191593206827 0.182344784851988
154 2.25855957924718 -0.431426133805336 0.182344784851988
154 1.00263637123611 1.82676179706467 0.182344784851988
154 1.35639906714397 -1.22231473307416 0.182344784851988
155 0.770400599887932 1.05455395845304 -1.52684593016464
155 0.503108676193682 -0.248952837622488 -1.52684593016464
155 -2.13187217660909 -0.555599304278801 -1.52684593016464
155 0.826277074291071 -0.555161245734288 -1.52684593016464
155 1.9986291762398 1.31060648116954 -1.52684593016464
155 2.5158014077245 1.62919271298081 -1.52684593016464
155 4.76349384659533 0.219391613266686 -1.52684593016464
155 0.338438105119392 -0.299731233637941 -1.52684593016464
155 -4.07699124601822 -2.06100329629664 -1.52684593016464
155 0.865096620576435 0.914649162591508 -1.52684593016464
155 3.02520164047677 -0.154595689743857 -1.52684593016464
155 0.177363754664509 0.27789058169198 -1.52684593016464
155 2.29559025158399 -0.443379095500717 -1.52684593016464
155 2.98737371568765 1.91066773511876 -1.52684593016464
155 2.61201807973253 0.719065758993633 -1.52684593016464
155 -2.17247055787326 0.807597784751107 -1.52684593016464
155 -2.64550337387548 -1.44418055749559 -1.52684593016464
155 0.301555101325003 -0.770223403769502 -1.52684593016464
155 -2.19332444673657 -1.54802332252923 -1.52684593016464
155 2.39264464565682 0.554829744677489 -1.52684593016464
155 3.04103154042475 -0.285909294121018 -1.52684593016464
155 -1.15977775436994 -1.01596371789011 -1.52684593016464
155 0.147313261241255 -0.00651415126460735 -1.52684593016464
155 -0.820410206707651 -0.00920838380978017 -1.52684593016464
156 0.621340634271409 0.572849807043123 -0.398015276989872
156 2.34688836199585 1.16146986957387 -0.398015276989872
156 0.815009726381805 0.536452021748264 -0.398015276989872
156 -1.70344516064162 -0.199499620968232 -0.398015276989872
156 -3.51045014178875 -1.65939860993075 -0.398015276989872
156 2.24482500280079 1.05782232579268 -0.398015276989872
156 -1.56790824882562 -0.588808024862588 -0.398015276989872
156 0.243439440947244 -0.880887768396372 -0.398015276989872
157 3.52451324822201 0.96922013517569 -0.906846026110797
157 1.09039041954124 0.368078999668988 -0.906846026110797
157 1.34968367935 -0.0603674335418618 -0.906846026110797
157 1.01077229464944 1.30424508756785 -0.906846026110797
157 0.520944143593494 -0.0673228324964636 -0.906846026110797
157 0.69465327102023 -0.0875717893066283 -0.906846026110797
157 -2.98593806796423 -1.50902249389838 -0.906846026110797
157 -0.249120545184681 -0.766545027505749 -0.906846026110797
157 1.50206265976013 0.282365675369715 -0.906846026110797
157 -4.30207944230019 -2.27666353665521 -0.906846026110797
157 -0.514454200886075 -1.24967190069475 -0.906846026110797
157 3.59524549140891 0.672819750091188 -0.906846026110797
157 0.624933563969697 -0.335040312294709 -0.906846026110797
157 2.05013167606494 -0.0615041637393767 -0.906846026110797
157 3.7635527268977 2.20025870465387 -0.906846026110797
157 0.039898197214445 0.16467148967347 -0.906846026110797
157 2.18386463071563 0.426910566287589 -0.906846026110797
157 1.76638085413473 -0.380344069439543 -0.906846026110797
157 -0.137672757025586 -0.512794362863575 -0.906846026110797
157 5.31284076820753 1.10603207965592 -0.906846026110797
157 1.12463443756653 1.19175196586213 -0.906846026110797
157 2.05973152970575 0.0406418918901857 -0.906846026110797
157 -3.18061332264743 -1.35752747650515 -0.906846026110797
157 0.192413076863827 -0.0626209469552012 -0.906846026110797
158 1.09507277737917 1.23500890896371 -0.672542609048678
158 3.26168245129732 -0.829749961785748 -0.672542609048678
158 1.19546406319183 -0.333724723548698 -0.672542609048678
158 1.61972843465207 1.36324007196827 -0.672542609048678
158 0.220109415103397 0.786457978994007 -0.672542609048678
158 0.935440283771666 -0.452813129476145 -0.672542609048678
158 1.78668948360413 -1.34749312040633 -0.672542609048678
158 0.323328630572971 -0.420926024709077 -0.672542609048678
159 -3.04904107227836 -0.592930925065114 -2.05315580438141
159 -0.936430135800623 -1.38938496067408 -2.05315580438141
159 -2.31674673307956 -0.537285894111237 -2.05315580438141
159 -0.804275420572967 -0.372638989981238 -2.05315580438141
159 -0.216515559105862 1.38295827551497 -2.05315580438141
159 -2.16719864750687 -0.830611047592093 -2.05315580438141
159 -1.1501680375739 -0.251060114798783 -2.05315580438141
159 -4.12655839016979 2.14034667447736 -2.05315580438141
159 1.36937521278404 -0.0561986836682766 -2.05315580438141
159 1.33120338807277 -2.10933911932866 -2.05315580438141
159 -1.53316433104801 0.378410565074063 -2.05315580438141
159 1.45154153652614 0.700677946944324 -2.05315580438141
159 -4.45996206589698 1.67416990902992 -2.05315580438141
159 0.0781379248492576 0.247261807065852 -2.05315580438141
159 -0.384682981821154 -0.7987771978077 -2.05315580438141
159 -0.22601590606298 1.48766789444871 -2.05315580438141
159 0.676142968459658 -1.13090424009348 -2.05315580438141
159 -1.43507895109358 -0.256602195768321 -2.05315580438141
159 -0.0783370733861034 -0.0403199620924499 -2.05315580438141
159 -0.265778417739758 0.671687905741826 -2.05315580438141
159 -0.500280438795864 0.148362036366408 -2.05315580438141
159 -3.327824478922 -0.57851393809671 -2.05315580438141
159 1.31847970597804 -0.145290588754701 -2.05315580438141
159 0.511516664061447 0.25831484316941 -2.05315580438141
160 -1.17377283967318 0.238878686361711 -1.22859799646547
160 0.767880350319523 -0.2143185430748 -1.22859799646547
160 -1.22702887197228 -1.94851854115185 -1.22859799646547
160 0.304183810640309 0.0156067951595582 -1.22859799646547
160 1.27825546396115 0.558595018826105 -1.22859799646547
160 -0.54295227923706 -0.75573091731874 -1.22859799646547
160 1.57878350807711 1.03970467989899 -1.22859799646547
160 1.20470986143965 1.06578282129902 -1.22859799646547
161 1.51996272607448 -1.12766096542649 -1.18913377356509
161 -0.945586697548834 -0.239864811138775 -1.18913377356509
161 2.31539824616044 -0.784211768397784 -1.18913377356509
161 1.75814677852139 1.10709234032321 -1.18913377356509
161 -1.75776697089711 -0.722883251681658 -1.18913377356509
161 0.351384579982459 -1.25784827476252 -1.18913377356509
161 -1.19846973865946 -0.407839321631704 -1.18913377356509
161 -0.277617118143278 1.31719920621413 -1.18913377356509
161 1.39256557405515 0.579211248224096 -1.18913377356509
161 -1.35893541656452 1.66964342796743 -1.18913377356509
161 -0.907472370866322 0.0404761864752853 -1.18913377356509
161 0.166165418864156 -0.276213150936911 -1.18913377356509
161 1.3760392286564 1.15716551834615 -1.18913377356509
161 -1.93743135353772 -1.20963472997715 -1.18913377356509
161 1.38623230698371 -0.43570358943849 -1.18913377356509
161 -2.1627601169678 -0.350805780702184 -1.18913377356509
161 -0.283414213492547 0.918149945004868 -1.18913377356509
161 -1.72195469162151 -2.51125093826493 -1.18913377356509
161 1.10400719257043 -0.213384386472587 -1.18913377356509
161 1.34975586000707 0.31611786231582 -1.18913377356509
161 -2.98057373858447 1.34289531426285 -1.18913377356509
161 3.07341665671013 0.414689559060593 -1.18913377356509
161 0.604185017313553 0.408305446993265 -1.18913377356509
161 0.566310646063903 0.266354913643479 -1.18913377356509
162 1.00613650928477 0.51242105891466 -0.791599691350199
162 -0.98150250501877 1.0898450283249 -0.791599691350199
162 -1.29351981774657 0.341292310029135 -0.791599691350199
162 5.87566146091779 -0.131534065163367 -0.791599691350199
162 -1.54188065250469 -2.1156628923396 -0.791599691350199
162 0.424060820464515 0.867987561916474 -0.791599691350199
162 -0.29425690890061 -0.398802203207564 -0.791599691350199
162 -1.77701543542939 -0.165546798474638 -0.791599691350199
163 0.691582059314385 -1.76019192474128 0.57146073786423
163 2.1932925937463 1.77425668751088 0.57146073786423
163 0.975288721269701 0.271537041122866 0.57146073786423
163 1.55062967062945 0.556050596568645 0.57146073786423
163 -3.058157997531 -0.473689281206447 0.57146073786423
163 3.1199179694415 -0.295371303170069 0.57146073786423
163 0.719160039567129 -0.720812760188062 0.57146073786423
163 -0.343017056779148 1.87930390344239 0.57146073786423
163 -0.91812607954512 -0.458164395924644 0.57146073786423
163 1.81142930607185 0.938361744557478 0.57146073786423
163 2.61831226286312 -0.00771827923082189 0.57146073786423
163 0.360209984637497 -0.474120009754221 0.57146073786423
163 -1.68857806982837 0.677799397495356 0.57146073786423
163 0.65678065336701 0.603705559498098 0.57146073786423
163 -0.098154036401372 0.143701447691216 0.57146073786423
163 0.170896457629101 -0.562903038835746 0.57146073786423
163 -0.247597745866098 -0.103921646468536 0.57146073786423
163 1.81674174995687 0.210513204241369 0.57146073786423
163 -3.74071447815376 -1.60555602709193 0.57146073786423
163 -0.230865378888893 -0.363627292785919 0.57146073786423
163 2.29874526897462 0.894943270787544 0.57146073786423
163 -1.15259896627561 -2.01851869362279 0.57146073786423
163 0.848297018761535 1.31054081820796 0.57146073786423
163 1.05098079582495 -0.416119018103333 0.57146073786423
164 3.30051209439882 1.18381196363111 0.732760675594006
164 0.695365146993541 -0.0533911699089821 0.732760675594006
164 0.761271353186263 -1.68408055441373 0.732760675594006
164 1.93745868650224 0.887107871674047 0.732760675594006
164 -0.746605163900752 -1.11391186380555 0.732760675594006
164 6.524452824353 0.628466150205516 0.732760675594006
164 2.69709132674265 -0.327318660572948 0.732760675594006
164 1.51020278209088 0.479316263190531 0.732760675594006
165 1.30114273672407 0.610022835366648 1.63560271022028
165 -0.684781608148208 -0.554520688283681 1.63560271022028
165 0.892732728124323 0.0761598929183952 1.63560271022028
165 -0.0199533701781966 -1.28457952598139 1.63560271022028
165 0.770772549039068 1.10182596088279 1.63560271022028
165 -0.688933296146747 -1.54092507592926 1.63560271022028
165 3.03982679654928 -0.524537676693112 1.63560271022028
165 0.0913188790282544 -0.870673518880139 1.63560271022028
165 2.28810037379723 -0.393762099989728 1.63560271022028
165 -1.89473682903532 0.36009154779419 1.63560271022028
165 4.38451281160733 -0.299509940366431 1.63560271022028
165 0.559414925769152 -0.664358198182267 1.63560271022028
165 -1.22987065797505 0.802863678152322 1.63560271022028
165 1.78500830447587 0.0280141743972637 1.63560271022028
165 -1.16463139248607 0.526004178583893 1.63560271022028
165 3.69853820561613 0.747406125097977 1.63560271022028
165 -1.20305133922039 -0.89425541195142 1.63560271022028
165 3.76285158174961 1.52731224228874 1.63560271022028
165 4.26627163539414 -2.01868046932497 1.63560271022028
165 1.25070798875407 1.96934692102985 1.63560271022028
165 2.62699683559538 0.016941394785174 1.63560271022028
165 0.0306139089498059 -0.330521161521612 1.63560271022028
165 0.990585998619673 1.59712502243326 1.63560271022028
165 1.20986188084778 0.0132097933735102 1.63560271022028
166 0.532124950459618 0.592618158656038 -0.845817695315261
166 -1.03109227151347 -1.77848335587999 -0.845817695315261
166 0.474862162437941 -0.0138016547898895 -0.845817695315261
166 1.22102918979209 1.64324363543863 -0.845817695315261
166 -0.370908622539737 0.630800891108002 -0.845817695315261
166 0.590141078312468 -0.326915033837003 -0.845817695315261
166 2.36512970798718 -0.34896100933662 -0.845817695315261
166 1.52647369313527 -0.398501631359167 -0.845817695315261
167 0.688948359416629 -0.373228123883817 -0.16495779508626
167 -0.420208533713555 0.592985200740211 -0.16495779508626
167 1.53547082185352 -0.120140068744395 -0.16495779508626
167 -1.25882299311091 0.112057630304946 -0.16495779508626
167 -2.73009932980528 -2.17062588770495 -0.16495779508626
167 1.47816283428144 -0.659186333532894 -0.16495779508626
167 0.2830591362635 -1.07655293408461 -0.16495779508626
167 1.55446967144287 -0.678836445849827 -0.16495779508626
167 0.0492526996909394 0.759265199720103 -0.16495779508626
167 2.24282525600571 0.53758314938741 -0.16495779508626
167 2.06964934241512 0.251976668432857 -0.16495779508626
167 5.36971487812932 2.69523483998549 -0.16495779508626
167 -1.19411596434592 -1.26919471766296 -0.16495779508626
167 -1.47245781180587 0.880416306392973 -0.16495779508626
167 1.74086639575068 -0.214754413030891 -0.16495779508626
167 2.14373775438871 0.161939050339715 -0.16495779508626
167 0.55829669441961 0.998755843641121 -0.16495779508626
167 0.101394890318071 -0.15654220050015 -0.16495779508626
167 1.07196417917728 -0.770330038545177 -0.16495779508626
167 0.403991778938174 1.26575887428253 -0.16495779508626
167 -1.63221893273134 -1.14422389524627 -0.16495779508626
167 -1.2038953756727 -0.423326978594173 -0.16495779508626
167 1.3312228422225 0.263091875840498 -0.16495779508626
167 0.997888991626289 0.537877398312248 -0.16495779508626
168 0.386024507999561 -1.22399725818614 -0.0887776766429774
168 2.20560277421952 -8.04191560409349e-05 -0.0887776766429774
168 -1.14195913715736 0.674452908240093 -0.0887776766429774
168 -1.11156118910497 1.37069737116732 -0.0887776766429774
168 -1.1837045135815 -0.658352654488253 -0.0887776766429774
168 0.213652869579927 0.101436814041461 -0.0887776766429774
168 0.41417604799908 1.02756071271472 -0.0887776766429774
168 -1.79209235333489 -1.29171747433317 -0.0887776766429774
169 3.29235514038065 0.878327249519796 0.0349941883354366
169 0.745082838869826 0.767772106449196 0.0349941883354366
169 -2.78380552538525 -1.26463302385584 0.0349941883354366
169 1.78273454759448 -0.0210430926246627 0.0349941883354366
169 -2.35812672945278 -0.818560560878057 0.0349941883354366
169 -2.38989808124952 -1.14043384777412 0.0349941883354366
169 1.64573781806531 -0.406608854974612 0.0349941883354366
169 2.91979131446402 0.617913722341576 0.0349941883354366
169 2.61265753474208 0.211808052102046 0.0349941883354366
169 1.82538959519204 -1.30601049546285 0.0349941883354366
169 0.635394375807955 -0.683080033843721 0.0349941883354366
169 3.82834213446492 0.775866816213745 0.0349941883354366
169 3.23285312542194 0.730392746714573 0.0349941883354366
169 2.10540967641632 1.00925200351383 0.0349941883354366
169 3.27125547010168 -0.377325620910855 0.0349941883354366
169 -1.08727269466813 -2.12771809466246 0.0349941883354366
169 0.47415388279224 -0.548490208914832 0.0349941883354366
169 1.55774610189775 1.47751911345992 0.0349941883354366
169 -0.559541484467504 -1.3032819289972 0.0349941883354366
169 0.954371598084382 0.886766879101613 0.0349941883354366
169 4.90868998177977 1.00429169948082 0.0349941883354366
169 1.01680932756486 0.694001258825566 0.0349941883354366
169 -0.110364699013138 -0.41631196659964 0.0349941883354366
169 5.03121637945818 1.35958608177616 0.0349941883354366
170 -0.615175377624658 -1.59256284950863 0.0741576118327444
170 5.09471099798569 1.24955720713366 0.0741576118327444
170 2.13865110629655 -0.425883718250159 0.0741576118327444
170 0.821061368616998 0.0966367218792215 0.0741576118327444
170 -0.0646173679144997 0.0195834585918942 0.0741576118327444
170 4.55631765002406 0.475347738847105 0.0741576118327444
170 0.23689409779297 -1.02254905421538 0.0741576118327444
170 2.71258387310954 1.19987049552229 0.0741576118327444
171 1.64362060987612 -0.695027356197525 0.0409943250423151
171 2.57415602826146 -0.423550231934715 0.0409943250423151
171 -0.373327060731721 2.20175149092166 0.0409943250423151
171 -0.0923216198438032 -1.18403257017976 0.0409943250423151
171 2.19456051627931 0.206384903414901 0.0409943250423151
171 2.84240334289488 0.552194571295389 0.0409943250423151
171 3.92236586607996 -0.491911007812988 0.0409943250423151
171 0.63640031358167 -1.34877892695811 0.0409943250423151
171 1.68585006457549 -1.15073591044236 0.0409943250423151
171 3.41407368147119 -0.234309356980614 0.0409943250423151
171 2.69971555841562 0.734341048662789 0.0409943250423151
171 2.52482733245595 1.33891534457354 0.0409943250423151
171 0.753819707681976 0.398150058415054 0.0409943250423151
171 0.349331245752053 0.17288198888325 0.0409943250423151
171 2.09519742168819 -0.00388185322621203 0.0409943250423151
171 1.89380435522079 0.97787481929753 0.0409943250423151
171 2.95116885586878 0.66634788255307 0.0409943250423151
171 -1.26600273799127 -0.350851504254464 0.0409943250423151
171 -1.13557736265842 -0.596925148522772 0.0409943250423151
171 1.97501077423039 1.37843076430356 0.0409943250423151
171 3.49596788202984 -0.385018774747069 0.0409943250423151
171 2.12842665036855 0.361098189730651 0.0409943250423151
171 1.91747627688921 0.254959934791053 0.0409943250423151
171 1.9053539141018 -2.37830835558585 0.0409943250423151
172 -0.230173986078264 0.114192734996041 -0.424812300412178
172 1.72618738518393 -1.11182694220739 -0.424812300412178
172 2.74746334003866 0.32868558938521 -0.424812300412178
172 1.2434363940653 -0.821974867898093 -0.424812300412178
172 -0.459915271445128 0.204793167673491 -0.424812300412178
172 3.18910696840311 1.97043857194981 -0.424812300412178
172 -1.31765332216569 -0.977927934682974 -0.424812300412178
172 2.82685913442123 0.2936196807839 -0.424812300412178
173 1.83684158006754 0.868100124380426 -0.151055870914305
173 0.675306689551275 -0.171463773352087 -0.151055870914305
173 0.720125988982022 -0.401412555291745 -0.151055870914305
173 -2.30080944402559 -0.822446124052728 -0.151055870914305
173 0.237159950784166 0.260188686606738 -0.151055870914305
173 1.67625709745581 0.725599235615008 -0.151055870914305
173 2.08649881578893 -1.37528229323261 -0.151055870914305
173 1.73286934990879 0.922220580732028 -0.151055870914305
173 2.89424463715503 -0.268067952174136 -0.151055870914305
173 1.78556749837301 -0.248713407682917 -0.151055870914305
173 1.79916839877619 -0.172058530668485 -0.151055870914305
173 3.29453673384887 1.43799102222442 -0.151055870914305
173 -0.187856895469909 -0.697367840246688 -0.151055870914305
173 4.18927451071724 1.04818839854277 -0.151055870914305
173 -0.145358167943314 1.02126526508447 -0.151055870914305
173 -0.387010204826805 -0.36158207888145 -0.151055870914305
173 1.91788620724119 2.64673026696214 -0.151055870914305
173 -0.356082023061223 -0.957054519649601 -0.151055870914305
173 2.05130701995628 0.285051324052538 -0.151055870914305
173 1.6230340936053 0.35129487234804 -0.151055870914305
173 -0.429826595305085 -1.29839100599596 -0.151055870914305
173 -2.21497110253436 -0.603425471602975 -0.151055870914305
173 -1.52382674548106 -1.58513377277781 -0.151055870914305
173 -2.48406555948145 -0.604230450939387 -0.151055870914305
174 1.16745635238304 -1.28246403585263 1.70940866664158
174 5.70202665855334 1.40473594093837 1.70940866664158
174 4.74482843816901 1.05758828158211 1.70940866664158
174 3.15183628762878 -0.188293289261438 1.70940866664158
174 4.55055361759811 0.929736325489306 1.70940866664158
174 1.82673965170541 -0.820724504862952 1.70940866664158
174 3.26177338391837 -0.34483803661897 1.70940866664158
174 -1.86338896650932 -0.755740681413789 1.70940866664158
175 0.793498080509722 -0.134307944146742 -0.738852137768335
175 -2.48148024873727 -0.83391735094992 -0.738852137768335
175 -1.22303327907269 1.21058298088574 -0.738852137768335
175 1.68474632068014 -0.920492071104897 -0.738852137768335
175 1.06275400487255 -1.3327068034453 -0.738852137768335
175 -1.20665860294399 -0.406078664483329 -0.738852137768335
175 1.46758305634724 0.236807116716329 -0.738852137768335
175 1.4169767042657 1.28574811207228 -0.738852137768335
175 -1.97167196489704 -1.93870443274615 -0.738852137768335
175 0.211012579880174 -1.03889645704292 -0.738852137768335
175 0.702080387676192 -1.22994809595087 -0.738852137768335
175 1.12104207313646 1.4043352758744 -0.738852137768335
175 0.868668467603653 0.0916662301971284 -0.738852137768335
175 -0.346121156685752 0.166539978992729 -0.738852137768335
175 -0.472106208083148 -0.441214080555824 -0.738852137768335
175 0.939537466401871 0.425442380322371 -0.738852137768335
175 0.613806056021483 2.25745256721082 -0.738852137768335
175 -1.04161180415026 0.25914587830717 -0.738852137768335
175 1.17577736780582 0.915369417069455 -0.738852137768335
175 0.177897640349613 0.124708539791062 -0.738852137768335
175 -1.1986902976718 0.0955518025757955 -0.738852137768335
175 1.90929214430233 0.775124529604663 -0.738852137768335
175 -0.68857350189309 0.00868237092545723 -0.738852137768335
175 -1.58154608722323 -0.980891280119458 -0.738852137768335
176 -0.0874438298728697 0.962744099323391 -0.161784508534881
176 -0.463159526637946 0.887100793791303 -0.161784508534881
176 0.773195636757115 1.22566209267175 -0.161784508534881
176 -0.739351817892786 -0.205914834755479 -0.161784508534881
176 1.07477415867759 -0.325036608811274 -0.161784508534881
176 2.166317647694 -1.58690112145544 -0.161784508534881
176 -1.06057532812306 -1.05287970586457 -0.161784508534881
176 3.61135630489477 0.0952252851003191 -0.161784508534881
177 3.15348748542015 -1.29051619959082 0.501935153356186
177 -0.126756057395116 1.19335142017663 0.501935153356186
177 1.84990227210567 -1.2585928227378 0.501935153356186
177 3.16496181933726 -0.456232588325957 0.501935153356186
177 2.6473463651639 0.417876130982607 0.501935153356186
177 1.03082806077756 -0.887718123665037 0.501935153356186
177 4.91082400227956 -1.20684411961955 0.501935153356186
177 2.21775541783975 -0.856667290742888 0.501935153356186
177 0.857082400781286 1.78220979758905 0.501935153356186
177 1.451598019878 -1.46382693477886 0.501935153356186
177 2.26296598691571 0.179491151874472 0.501935153356186
177 0.423453580591884 0.667300307654534 0.501935153356186
177 2.09432372993646 0.558527302862455 0.501935153356186
177 1.44496062236873 0.614577206336369 0.501935153356186
177 1.49752575647728 -1.41927706467207 0.501935153356186
177 1.44918635106509 0.563999850179492 0.501935153356186
177 0.644198607666413 1.42407576383949 0.501935153356186
177 2.80705447357246 -0.00916029663961843 0.501935153356186
177 -0.704464815467457 0.774040237479374 0.501935153356186
177 0.289828515999598 -0.973805710339611 0.501935153356186
177 3.07826670868938 1.43602105544977 0.501935153356186
177 2.06470195391903 0.64381512954338 0.501935153356186
177 0.760200185533467 -0.195884685166386 0.501935153356186
177 0.320473443421766 -0.236759517689018 0.501935153356186
178 2.82671766248436 1.00821991874491 0.618137526093845
178 0.344320586341843 -1.26520748721481 0.618137526093845
178 0.610955812316865 1.42669072253539 0.618137526093845
178 1.61353534133466 0.440629366753922 0.618137526093845
178 2.35160575429605 0.578164546420224 0.618137526093845
178 0.621326989161669 -1.08101257341727 0.618137526093845
178 1.84411173776571 -0.417693405543391 0.618137526093845
178 -0.932535521910682 -0.689791088278986 0.618137526093845
179 2.39553309732393 -0.628984510401778 -1.52447057997526
179 3.09525545521512 0.716370981412645 -1.52447057997526
179 -2.12099261664778 -1.1283872438205 -1.52447057997526
179 3.94884666009695 -1.1454012847033 -1.52447057997526
179 -1.474457050599 -0.525666313371585 -1.52447057997526
179 2.40826434440311 0.547005885136916 -1.52447057997526
179 -1.50531432703397 -1.94495770419974 -1.52447057997526
179 -2.51470929948874 -0.303490500783794 -1.52447057997526
179 2.70995978359591 1.26619179559695 -1.52447057997526
179 0.643968952516353 -0.547780644522815 -1.52447057997526
179 0.786326812375932 1.84009765529091 -1.52447057997526
179 1.3066910385726 -0.00529493673883614 -1.52447057997526
179 2.27238689718653 0.469502033451231 -1.52447057997526
179 -1.47275226602388 0.812775222754395 -1.52447057997526
179 1.96321407687478 -1.99408364877816 -1.52447057997526
179 1.63560986629304 0.522560698342821 -1.52447057997526
179 0.595848259366306 0.554974932195891 -1.52447057997526
179 5.22263097700747 0.930689943719519 -1.52447057997526
179 4.36976181753838 1.29615081389825 -1.52447057997526
179 1.53676321535152 0.0592685618305296 -1.52447057997526
179 1.20408272134646 -0.161793995245397 -1.52447057997526
179 0.947373728104813 0.0270583363823922 -1.52447057997526
179 2.40825041946747 0.547783824449118 -1.52447057997526
179 -1.19087983314385 -1.20458990189567 -1.52447057997526
180 1.59369969536943 1.19916094189573 -0.554812861893576
180 2.2085955721954 1.21328175667907 -0.554812861893576
180 2.4959217349391 0.065730325716426 -0.554812861893576
180 -0.00467476029398212 -0.8083654427559 -0.554812861893576
180 -1.20816649253791 -1.70192005052954 -0.554812861893576
180 0.610891379427798 -0.548170342353495 -0.554812861893576
180 1.84609314605863 0.472896154418636 -0.554812861893576
180 3.08768601246253 0.107386656929077 -0.554812861893576
181 0.889551998820732 -0.712174688773731 -1.07889639791166
181 -3.28196753754689 0.0902266820445783 -1.07889639791166
181 -1.11828480732365 -0.937405309338337 -1.07889639791166
181 -1.82401814736176 1.6654699499889 -1.07889639791166
181 -0.00572210824264241 -0.652272489257148 -1.07889639791166
181 0.704189557544356 -0.604138889064674 -1.07889639791166
181 -3.09541237271525 -1.08546732368585 -1.07889639791166
181 3.47881357365791 0.65646374842276 -1.07889639791166
181 0.87087376988268 0.875354806531086 -1.07889639791166
181 -2.1860073602424 -0.799092962591509 -1.07889639791166
181 0.168172543629782 0.339672399397283 -1.07889639791166
181 -2.38900062890803 -0.00924945738385678 -1.07889639791166
181 2.65978796839453 1.163816582653 -1.07889639791166
181 1.73675560658706 -0.0326545026040553 -1.07889639791166
181 1.13234090231092 1.36021348381916 -1.07889639791166
181 0.1758985545121 0.0333061763188275 -1.07889639791166
181 -0.675537305497916 0.36196774813481 -1.07889639791166
181 -1.27664268569561 -0.365041468763395 -1.07889639791166
181 -2.45026061686135 -1.18874800734965 -1.07889639791166
181 -1.23146848346079 -0.134531975543974 -1.07889639791166
181 -0.744915121664337 1.88024956164692 -1.07889639791166
181 0.0782075264589658 -0.0516747645430014 -1.07889639791166
181 -1.25446170409838 -2.46869204765844 -1.07889639791166
181 -0.772304898175102 0.614402747600306 -1.07889639791166
182 3.0085382142416 1.48985421312293 0.0132558311026538
182 -1.80195852513983 -0.883300588937119 0.0132558311026538
182 0.666304687724503 0.530737409767264 0.0132558311026538
182 0.596391734401659 -0.562407198491318 0.0132558311026538
182 2.18275731331093 0.512479317849146 0.0132558311026538
182 1.43140039156476 0.373630081021367 0.0132558311026538
182 1.54356037545765 0.252520507336888 0.0132558311026538
182 -0.584657136494874 -1.71351374166916 0.0132558311026538
183 -1.07143837863342 -0.301256187025999 0.397990491524807
183 1.07074097803307 1.20983832223679 0.397990491524807
183 1.41132497695952 0.387683700441255 0.397990491524807
183 0.0689391117951217 -0.434285761931901 0.397990491524807
183 0.570570881335946 -0.147508831789776 0.397990491524807
183 -1.56524581670153 0.326031753687495 0.397990491524807
183 0.297094187260245 -0.558789016307033 0.397990491524807
183 -0.025155932310965 0.0020525273620947 0.397990491524807
183 -2.03732668366019 -1.3080282786767 0.397990491524807
183 -1.11243058577697 -1.03130874967366 0.397990491524807
183 1.77904513505017 1.07731819103071 0.397990491524807
183 0.596605962460878 -1.49491428248335 0.397990491524807
183 1.99202867509337 0.347686396102066 0.397990491524807
183 3.37625972035441 1.34095712950195 0.397990491524807
183 -0.198686414780289 1.76682941889042 0.397990491524807
183 1.40071688259503 0.259629998823218 0.397990491524807
183 2.11649227709763 0.699789873146977 0.397990491524807
183 -1.41650130439979 -1.68757642173093 0.397990491524807
183 0.0188883054942672 0.457237249502649 0.397990491524807
183 -1.29067184958828 0.901441150062226 0.397990491524807
183 0.829728565504698 -0.364748704550785 0.397990491524807
183 1.44152596484549 1.18666379875021 0.397990491524807
183 -2.83494775023805 -1.225630731477 0.397990491524807
183 0.541919275475012 -1.40911254389091 0.397990491524807
184 3.71499764210556 -0.0141128256694377 0.808577296114998
184 -1.992888462895 -0.233985449494008 0.808577296114998
184 2.15777144103015 -0.47501008527007 0.808577296114998
184 0.383731358616049 0.200857798594255 0.808577296114998
184 -0.0711251822002064 0.517320588544697 0.808577296114998
184 1.38542436489854 -1.29439605648615 0.808577296114998
184 1.57556952917842 -0.745304259457025 0.808577296114998
184 5.65412063703381 2.04463028923774 0.808577296114998
185 0.25431329802807 0.247255807933804 -2.47408505510976
185 0.0936775063800612 -1.75431241244652 -2.47408505510976
185 3.52133010641608 1.22816065347996 -2.47408505510976
185 0.644730699886459 0.448212217160711 -2.47408505510976
185 1.56087112270648 0.0875060945567661 -2.47408505510976
185 3.60373841852819 0.0987277589165244 -2.47408505510976
185 0.976160147473456 0.140961841194033 -2.47408505510976
185 0.533531804357348 1.41437202552023 -2.47408505510976
185 1.58346401722278 -1.78020295863043 -2.47408505510976
185 0.400483254850928 0.706787454823942 -2.47408505510976
185 1.96075108353311 -0.734564540469208 -2.47408505510976
185 0.407132361877694 -0.12794713485577 -2.47408505510976
185 -0.0832256556648875 0.675167914381394 -2.47408505510976
185 0.558880503536011 -0.148667711587305 -2.47408505510976
185 -1.16655551453313 -1.5248117260866 -2.47408505510976
185 -0.0729535592778279 -0.405629335012182 -2.47408505510976
185 0.800942034384447 -0.183549994715533 -2.47408505510976
185 0.159639128166882 1.06116851898972 -2.47408505510976
185 2.58322706759907 0.560953595674561 -2.47408505510976
185 3.06555304095416 1.4016776780417 -2.47408505510976
185 0.0822295185587256 0.329736379823902 -2.47408505510976
185 -1.2319418562459 -2.11232012335596 -2.47408505510976
185 0.509434812153873 -0.463721871932376 -2.47408505510976
185 1.4929735929352 0.835039868594644 -2.47408505510976
186 0.109902116875148 1.25864881316659 0.554811010859234
186 4.79483801005474 1.06492746324243 0.554811010859234
186 0.845196763392656 -1.03654613272193 0.554811010859234
186 1.20593244666089 -1.4112589596128 0.554811010859234
186 1.87319589220143 0.38634977969172 0.554811010859234
186 2.13714170470211 0.00439655990252932 0.554811010859234
186 0.860622750410475 -0.851190391441215 0.554811010859234
186 0.286316463912799 0.584672867772675 0.554811010859234
187 -1.07475765289792 -0.672289845878348 -1.27446219554332
187 1.9707026896163 0.0410866393130557 -1.27446219554332
187 0.818675161616325 -0.000917145952503235 -1.27446219554332
187 -1.19737818120212 -0.428987366768752 -1.27446219554332
187 0.187812079133912 -1.29378220240522 -1.27446219554332
187 0.813592873565021 -0.654175744792816 -1.27446219554332
187 4.79319445560444 1.5839127676037 -1.27446219554332
187 0.815043218972845 1.26660571489846 -1.27446219554332
187 -0.386319100083845 -0.612311246662073 -1.27446219554332
187 -0.445225238863119 0.803619791215214 -1.27446219554332
187 -0.224107181718205 -1.41135325166347 -1.27446219554332
187 -0.437464714721639 1.63407507065985 -1.27446219554332
187 -0.968392032546074 -1.82396462440687 -1.27446219554332
187 2.08579972644553 1.83175560049677 -1.27446219554332
187 3.46513657391226 0.852748361066648 -1.27446219554332
187 0.098008237255614 -0.079466734136473 -1.27446219554332
187 -1.46652369025394 0.534809871938958 -1.27446219554332
187 -1.49037266975306 -0.0819508448649277 -1.27446219554332
187 -1.1297441354804 -1.11398844266561 -1.27446219554332
187 -2.24991734924032 0.625402217331015 -1.27446219554332
187 0.990419818535116 -0.965887382168157 -1.27446219554332
187 2.40461098714678 -0.0886258213563872 -1.27446219554332
187 -1.67587305254765 -0.274678934091602 -1.27446219554332
187 -0.783899548876347 0.32836355328954 -1.27446219554332
188 3.0818882504819 0.523616503825885 1.45797487067113
188 -0.196381652863305 0.111003371583535 1.45797487067113
188 2.48773166664763 -0.69121285289794 1.45797487067113
188 -0.873229662233504 0.234097293877411 1.45797487067113
188 1.25437800696901 -1.37374756078005 1.45797487067113
188 2.74631783963747 1.93242258361915 1.45797487067113
188 4.07514162620616 -0.747897413889076 1.45797487067113
188 -0.00360343542729058 0.0117180746610851 1.45797487067113
189 -0.946934362963125 -0.332478859073628 0.302351135197387
189 -0.493459033047578 0.57034207073392 0.302351135197387
189 2.13801295367902 1.57986614180499 0.302351135197387
189 2.21396407363468 -0.912597175471932 0.302351135197387
189 2.77767514741448 -2.00803825503805 0.302351135197387
189 1.83994746226617 1.56466431577164 0.302351135197387
189 3.63493891097525 -1.05450494784267 0.302351135197387
189 2.41724276921706 0.063921357507099 0.302351135197387
189 1.26105676302273 0.0605989455900511 0.302351135197387
189 0.229636971876717 -1.53631854107363 0.302351135197387
189 -0.708118007681937 -0.686010465862715 0.302351135197387
189 1.56536676808226 0.33009891055926 0.302351135197387
189 -0.0400323928825572 -0.501690751800718 0.302351135197387
189 0.823227075946846 1.55548235709473 0.302351135197387
189 1.16000366842825 1.38917161502525 0.302351135197387
189 2.70832906580236 -0.207546708895661 0.302351135197387
189 1.16942439720874 0.219450526070557 0.302351135197387
189 -1.28312349059607 -1.09638705168883 0.302351135197387
189 3.05831212122423 -0.620775669518506 0.302351135197387
189 1.75484204740288 0.715598697669779 0.302351135197387
189 2.15000408155922 0.938008632320089 0.302351135197387
189 -0.0112191865623777 -0.116918038858708 0.302351135197387
189 -2.61894282380833 -0.666328486093496 0.302351135197387
189 0.0723465793272324 0.752391381071186 0.302351135197387
190 0.279806814415905 -0.914987407762014 -0.438361105347285
190 0.474810043676327 -1.71976159880182 -0.438361105347285
190 1.64051147730257 0.0168854251744359 -0.438361105347285
190 3.31086286689789 0.113343427590486 -0.438361105347285
190 1.61244476092274 1.48287730231795 -0.438361105347285
190 -1.380073972497 0.935714272793998 -0.438361105347285
190 -0.148425048388775 -0.195686168863214 -0.438361105347285
190 1.79785458276197 0.281614747550176 -0.438361105347285
191 2.31027896904543 -1.6514919422915 -0.504809091429906
191 0.279843078445146 0.665970447826456 -0.504809091429906
191 -1.11385975385801 0.097012014664662 -0.504809091429906
191 -2.08914448182171 0.31834388907629 -0.504809091429906
191 -1.94277069842978 1.84906378994182 -0.504809091429906
191 1.08473548688721 1.31857711590176 -0.504809091429906
191 4.93351204582746 -1.17006950671392 -0.504809091429906
191 0.427032762602778 -0.504016329293258 -0.504809091429906
191 4.3411261267333 -2.11738037112737 -0.504809091429906
191 -2.84132561799347 0.961276846804256 -0.504809091429906
191 -1.62953405517089 0.35451735933545 -0.504809091429906
191 -2.49823468214016 1.15769592526573 -0.504809091429906
191 -1.69386449672992 0.85610438136376 -0.504809091429906
191 2.22972967508988 -0.796373375398331 -0.504809091429906
191 0.676292180725783 -1.17847511475987 -0.504809091429906
191 2.68693448183748 -0.267445730773667 -0.504809091429906
191 -4.97391558593998 0.859981050344709 -0.504809091429906
191 2.9621222166655 0.0511580992936324 -0.504809091429906
191 1.84924515858452 -0.464911617019163 -0.504809091429906
191 0.384756182185817 -0.738237504288404 -0.504809091429906
191 -0.585068608627044 0.558077500162719 -0.504809091429906
191 -0.23367556748569 0.916788165286206 -0.504809091429906
191 5.20975355083384 -0.50318293829055 -0.504809091429906
191 2.88825220468415 -0.572982155311414 -0.504809091429906
192 -0.320445710681827 -0.933619148871794 -1.87276749412167
192 0.526831755586695 0.632036014053659 -1.87276749412167
192 -1.91377497525034 -1.4968512090908 -1.87276749412167
192 -1.05308159386589 0.510492131257157 -1.87276749412167
192 0.164852014137608 0.414574972531622 -1.87276749412167
192 -0.339521485914492 -1.06352442708015 -1.87276749412167
192 -0.44973621339285 0.811939086962427 -1.87276749412167
192 0.489465475687026 1.12495258023788 -1.87276749412167
193 -0.424132608049631 -0.348632883877137 0.192278771389221
193 4.62264871327718 1.21029499142494 0.192278771389221
193 -1.4538853020044 -1.52647772452693 0.192278771389221
193 -0.0189149024392228 0.454710574132725 0.192278771389221
193 -0.225417871707949 -0.0551828174958321 0.192278771389221
193 3.17286171572539 0.49187009309258 0.192278771389221
193 -2.16497257703253 -1.50410957456536 0.192278771389221
193 -0.43349910561497 -1.2336537272846 0.192278771389221
193 0.0326598299570704 -0.960202564465753 0.192278771389221
193 1.38632961080273 0.992995935482733 0.192278771389221
193 2.37172494247636 0.169620846733948 0.192278771389221
193 0.594374429787116 -1.08707120195429 0.192278771389221
193 0.105539128858107 0.606449640526857 0.192278771389221
193 2.60804496561692 0.366679430929042 0.192278771389221
193 -1.74719335401616 -1.26660199541185 0.192278771389221
193 0.92565618441989 1.06960858053442 0.192278771389221
193 0.141455621963726 0.959724046967998 0.192278771389221
193 1.70144864210119 -0.447988077776591 0.192278771389221
193 1.18212285299066 0.440826552381245 0.192278771389221
193 -0.23910540718591 -0.91558049508184 0.192278771389221
193 3.59610099828373 1.7207141314327 0.192278771389221
193 2.31800724497247 -0.278194299607339 0.192278771389221
193 2.81670515242559 1.71808908191722 0.192278771389221
193 2.04777574392005 -0.57788854350889 0.192278771389221
194 1.62129361921983 0.633776642491766 1.47090267080946
194 3.46515052033093 0.683612934868373 1.47090267080946
194 1.58603146779416 -0.276971735961133 1.47090267080946
194 0.817501700707344 0.626335837456563 1.47090267080946
194 5.14478005564343 1.49227054394984 1.47090267080946
194 -0.845504676500079 -1.28955737366335 1.47090267080946
194 -0.0174152314465102 -0.823585206910238 1.47090267080946
194 -0.417839040705794 -1.04588164223182 1.47090267080946
195 -0.0250367558281667 0.560142132072082 -0.358238999798074
195 0.0890149940621188 -0.807919796892374 -0.358238999798074
195 1.42855806249804 0.620184559432622 -0.358238999798074
195 2.51899068186208 1.5526269473989 -0.358238999798074
195 0.428743517645076 1.85901134626808 -0.358238999798074
195 1.44574189903697 0.14320395401373 -0.358238999798074
195 -1.3121391628856 0.775394580051597 -0.358238999798074
195 2.19620714919005 -0.0742383927014873 -0.358238999798074
195 4.00220503123302 -0.0581839850113834 -0.358238999798074
195 0.909209305043559 -0.00926503215379646 -0.358238999798074
195 0.500632815384674 -0.470934233286771 -0.358238999798074
195 1.36583947617955 0.728863572631259 -0.358238999798074
195 -2.14947332565442 0.981385261715223 -0.358238999798074
195 1.21007125376016 -1.12993214875272 -0.358238999798074
195 1.74165753002575 1.19201427859614 -0.358238999798074
195 1.84044910192476 -1.43286242380682 -0.358238999798074
195 4.72904976764692 -1.07749071787003 -0.358238999798074
195 3.31399442424496 0.757205675589547 -0.358238999798074
195 0.434010177660165 -1.3612741327323 -0.358238999798074
195 2.01870421045161 -0.308186564346194 -0.358238999798074
195 1.24327884777028 1.0129355042564 -0.358238999798074
195 6.10312851548384 -1.10927883852167 -0.358238999798074
195 3.46172368223767 -1.17300383777815 -0.358238999798074
195 0.585210365003004 -1.17039770817187 -0.358238999798074
196 3.33421433149688 0.0740179815458284 0.37518653087124
196 1.54764796293891 -1.88196772839977 0.37518653087124
196 2.91122960176305 0.984646510894369 0.37518653087124
196 2.72634261582115 0.678810191987071 0.37518653087124
196 4.2885853110813 -0.910237684133367 0.37518653087124
196 1.56851585249079 0.163771001640918 0.37518653087124
196 0.63601894476181 1.06602340716051 0.37518653087124
196 1.91565984489926 -0.17506368069556 0.37518653087124
197 5.10352913982824 1.67089878865671 -0.242421638892392
197 1.6120729273113 0.789222934633696 -0.242421638892392
197 0.173149987984119 -1.2845383598128 -0.242421638892392
197 0.182391591742058 0.846292084549852 -0.242421638892392
197 2.0019373316794 -1.67992699842491 -0.242421638892392
197 -5.06656147312075 -0.397752709112137 -0.242421638892392
197 -0.365133664658598 0.571205765308012 -0.242421638892392
197 -1.78898319955895 -0.857402765856518 -0.242421638892392
197 1.47308244554297 -0.26003907928466 -0.242421638892392
197 -1.95136821791761 -0.948541212793743 -0.242421638892392
197 3.67456980949242 1.06701730499675 -0.242421638892392
197 -0.610676341320503 0.0341420971971443 -0.242421638892392
197 2.43920754401413 0.72215269586534 -0.242421638892392
197 0.780349009308321 -0.82792286201072 -0.242421638892392
197 1.43740932299142 0.248858149243123 -0.242421638892392
197 0.538729805285348 -0.180709389576649 -0.242421638892392
197 2.57497471389953 0.651479975650093 -0.242421638892392
197 -0.403453872948145 -0.464046725107225 -0.242421638892392
197 3.5849134023121 1.2020421191175 -0.242421638892392
197 -0.704144454492459 -1.56681210721178 -0.242421638892392
197 1.6568737258873 1.14693257739769 -0.242421638892392
197 1.15512246403889 -1.73239687038656 -0.242421638892392
197 0.614402443359745 0.368671953718522 -0.242421638892392
197 -0.0504745233624726 0.881172633243265 -0.242421638892392
198 1.32933790141572 1.40284141188398 0.303749394324066
198 2.91359796298923 0.598490919100133 0.303749394324066
198 7.21103287890694 0.0429027496010969 0.303749394324066
198 1.26646139101348 -0.829648690044144 0.303749394324066
198 2.65647956726006 1.25157956960558 0.303749394324066
198 1.63684673182128 -0.558683459667994 0.303749394324066
198 2.57715204479955 -1.33180448970192 0.303749394324066
198 -0.422764698567195 -0.575678010776736 0.303749394324066
199 3.81459720844286 0.649044360935749 -0.828331749995325
199 1.6081577794388 -0.4936035663269 -0.828331749995325
199 2.14545057114192 -0.421751964951799 -0.828331749995325
199 1.89470220093408 -0.962390171629789 -0.828331749995325
199 1.4562788148052 0.496356486412807 -0.828331749995325
199 -0.994583592682633 -0.94651043685802 -0.828331749995325
199 0.937260210995038 1.09868460023624 -0.828331749995325
199 2.04674059789221 1.68052451629014 -0.828331749995325
199 1.32949892142413 0.529946174019729 -0.828331749995325
199 -0.303325849895057 -0.456606695136211 -0.828331749995325
199 1.04378275356562 0.339586486108136 -0.828331749995325
199 0.763404711046636 1.23499152107833 -0.828331749995325
199 2.63378931237438 -0.394388804226533 -0.828331749995325
199 2.49840553407759 1.420917075577 -0.828331749995325
199 1.37256029577461 -1.71141900266268 -0.828331749995325
199 0.00699210698390851 -0.249844260683475 -0.828331749995325
199 1.46205858410277 -0.82557001798352 -0.828331749995325
199 -0.0471501851266792 -0.749937827169516 -0.828331749995325
199 1.9560443259402 1.79814605051824 -0.828331749995325
199 0.738851821250927 -0.0503328507786093 -0.828331749995325
199 1.70532723924134 0.424941957780973 -0.828331749995325
199 -0.269000126945628 0.395935064520606 -0.828331749995325
199 0.368841014937524 -1.45681049203743 -0.828331749995325
199 2.21427037808413 -1.34990820303346 -0.828331749995325
200 -2.91899578954256 -1.63759765482538 -0.632973609626579
200 1.18071347836214 0.546853935106893 -0.632973609626579
200 0.373839029417233 1.11165935172867 -0.632973609626579
200 -1.08291834852841 -1.05326083890156 -0.632973609626579
200 -0.114479927252031 -0.70942012165753 -0.632973609626579
200 2.91660516024572 0.255869314276318 -0.632973609626579
200 0.351116736022414 0.769313589840612 -0.632973609626579
200 2.44118151828272 0.716582424431986 -0.632973609626579
201 2.78661473565637 -0.52766829420058 -0.734172616122864
201 2.10561115672701 0.0701237142728116 -0.734172616122864
201 -0.17019125685861 -1.82904903732777 -0.734172616122864
201 2.3476762341665 1.53984698199353 -0.734172616122864
201 -0.549453300962203 -1.18525299368675 -0.734172616122864
201 -2.85097499006234 -1.51991663961321 -0.734172616122864
201 -0.192887069582119 1.06882278843101 -0.734172616122864
201 1.07558291059945 0.390215066001791 -0.734172616122864
201 1.51721035563294 1.0041487400786 -0.734172616122864
201 -0.16004110978879 -1.39066524714268 -0.734172616122864
201 0.638111336409647 -0.086808089753736 -0.734172616122864
201 -0.555763965546513 -0.836461486140183 -0.734172616122864
201 -1.82831060029465 -0.57889968173056 -0.734172616122864
201 -0.653055802078441 -0.599066473488451 -0.734172616122864
201 0.00355577992282918 -1.05085998880249 -0.734172616122864
201 -2.55869300947162 -0.0849969387284356 -0.734172616122864
201 1.88087328764019 1.48160357681843 -0.734172616122864
201 0.637261689666708 0.0222339005696574 -0.734172616122864
201 -0.00750627762499145 1.33490187727114 -0.734172616122864
201 0.426622286827593 0.134932401143378 -0.734172616122864
201 2.23008382381054 0.985775188868158 -0.734172616122864
201 -0.693171344687237 0.946961717830245 -0.734172616122864
201 1.1135798359598 -0.102707923927011 -0.734172616122864
201 3.20447671517443 0.812786841263088 -0.734172616122864
202 4.56960168358747 -0.938904951671247 2.70030829166565
202 3.78973571084 1.03641336516647 2.70030829166565
202 8.08027532371619 0.572681245082288 2.70030829166565
202 2.24240308329857 -1.75217211734584 2.70030829166565
202 5.47859965228021 0.622119459685285 2.70030829166565
202 3.7758442454988 0.101854622387942 2.70030829166565
202 5.25229422724552 0.948660574615318 2.70030829166565
202 2.77084696676443 -0.590652197920216 2.70030829166565
203 1.94422618941562 0.673490014890779 1.46027764603767
203 1.17321040000657 -0.0159822799741601 1.46027764603767
203 0.492072202023046 0.0225763448015564 1.46027764603767
203 2.24874794379702 1.74275268627689 1.46027764603767
203 3.92702887772686 1.35812138319124 1.46027764603767
203 -0.416086209761924 -1.83030055984892 1.46027764603767
203 1.97531519314612 -0.823330604845467 1.46027764603767
203 1.8211785328214 0.377939877364019 1.46027764603767
203 2.79096310125404 0.184592139952391 1.46027764603767
203 1.76483055717436 -0.485681543291669 1.46027764603767
203 0.717621776124525 0.0280012836643564 1.46027764603767
203 0.999023252429987 -1.52102094113153 1.46027764603767
203 1.9662236452559 1.70983647847985 1.46027764603767
203 1.84169641824681 -1.35700780880419 1.46027764603767
203 0.941544774682321 0.324823780315829 1.46027764603767
203 1.05569987314052 -0.166559663474897 1.46027764603767
203 2.74406125550905 0.881338248478697 1.46027764603767
203 2.04134836104604 -0.132647950556389 1.46027764603767
203 0.353737238055888 -0.309255525997584 1.46027764603767
203 3.87202199755384 1.3347593813758 1.46027764603767
203 4.06618482931208 0.803981818376762 1.46027764603767
203 -0.998929632589285 -0.854909823646622 1.46027764603767
203 -2.73984695204114 -0.786491256514782 1.46027764603767
203 0.712502686327259 -1.15902547908196 1.46027764603767
204 -1.36719162699651 -0.605402927487574 0.759765579619262
204 3.58134371255977 1.34360016199005 0.759765579619262
204 1.96045181249396 -1.02153852381546 0.759765579619262
204 0.59872210835197 -0.644841752462095 0.759765579619262
204 1.74950959207434 0.569475963636045 0.759765579619262
204 4.52236654496151 1.51619783940949 0.759765579619262
204 1.05969571511786 -0.773441125491023 0.759765579619262
204 1.14923104106355 -0.384049635779432 0.759765579619262
205 -0.992197824288 -1.85315091373465 0.955247140194075
205 1.66245489244356 -0.28717981097473 0.955247140194075
205 2.98891443474991 1.18753701879234 0.955247140194075
205 4.99915689307259 1.7810045084117 0.955247140194075
205 3.60487453617093 0.0587123691511539 0.955247140194075
205 1.00920645313434 -1.02969208839085 0.955247140194075
205 -0.0105668613918435 -0.269973021234622 0.955247140194075
205 -0.178745807199487 -1.43976055745522 0.955247140194075
205 3.0449296650331 0.373507587235258 0.955247140194075
205 -2.05468189757706 -0.462729863745012 0.955247140194075
205 3.13015883649122 -0.00237547495654416 0.955247140194075
205 0.693989554008767 -1.36349088599976 0.955247140194075
205 -0.522178505729967 -0.445057135763927 0.955247140194075
205 1.02524351742309 0.188068402362446 0.955247140194075
205 2.89678229139217 1.0606641020398 0.955247140194075
205 -0.684691431030988 -1.09121247854495 0.955247140194075
205 2.22293127808124 -0.205601181942112 0.955247140194075
205 3.17094267080552 0.904286477463994 0.955247140194075
205 2.85274392951653 1.81546839370115 0.955247140194075
205 -1.84100124710441 -0.786702595072497 0.955247140194075
205 3.20266675718156 1.41028335217234 0.955247140194075
205 1.83846372222342 0.155235650199869 0.955247140194075
205 3.15151853929717 -0.0682512216323893 0.955247140194075
205 1.22884786690252 0.370409367917215 0.955247140194075
206 2.75058698011838 1.52413546879012 -0.417934506054379
206 1.16218328731 -1.22884786934839 -0.417934506054379
206 0.45200998955393 -0.635499431799737 -0.417934506054379
206 2.83034574013723 0.769409628998032 -0.417934506054379
206 2.10889366859737 0.370069413654417 -0.417934506054379
206 1.24005191571366 0.610867906070842 -0.417934506054379
206 0.988009094698991 -1.28245035536663 -0.417934506054379
206 0.651879170245278 -0.127684760998655 -0.417934506054379
207 1.76573800275668 0.114205669966286 1.66916490757224
207 3.3747794362142 0.826777789226383 1.66916490757224
207 2.90809624173355 0.579481039799436 1.66916490757224
207 2.70489860191008 0.955564946331599 1.66916490757224
207 2.38089882836804 1.5023368801013 1.66916490757224
207 -1.57660150115482 -0.66817649102912 1.66916490757224
207 -0.222415370018716 0.609650419747124 1.66916490757224
207 3.18472994675461 -1.04617930205072 1.66916490757224
207 0.379799874318125 0.082937779038163 1.66916490757224
207 -0.525592387432438 -0.391167908493833 1.66916490757224
207 1.01646457874123 -0.285905306401361 1.66916490757224
207 -0.367745322468624 -0.579755203846806 1.66916490757224
207 0.404485711606946 -2.05311186604545 1.66916490757224
207 1.62128971064919 0.450442269447388 1.66916490757224
207 2.75525021908541 -1.23975291629788 1.66916490757224
207 -0.783837087100172 0.160642209477784 1.66916490757224
207 2.0480785056035 0.373483699442148 1.66916490757224
207 1.62364466817524 -1.3499063746788 1.66916490757224
207 1.88475799268715 -1.92339642529163 1.66916490757224
207 2.64705491890571 -0.0964085066091583 1.66916490757224
207 1.0035210361162 1.43154479151581 1.66916490757224
207 -0.212692785145324 0.815452984961232 1.66916490757224
207 2.92052870477323 0.395099953121894 1.66916490757224
207 3.55441165698252 1.33613986856822 1.66916490757224
208 5.1510745718263 -0.520699878476393 0.706008362619925
208 3.41237792426865 0.553621748788857 0.706008362619925
208 0.337591459857586 -0.166920827630592 0.706008362619925
208 0.691131170436452 -1.37291959067893 0.706008362619925
208 -0.917273756278624 -1.27662731641531 0.706008362619925
208 1.33013879705126 1.16631534609813 0.706008362619925
208 5.36088403444333 0.48317881036061 0.706008362619925
208 1.91801840463175 1.13405170795362 0.706008362619925
209 -1.7630058455154 -0.452382696486028 0.109831998782527
209 0.688908439368969 0.646842742351819 0.109831998782527
209 0.824155047298479 0.530720675645586 0.109831998782527
209 2.34648495996377 0.0429259468981768 0.109831998782527
209 -0.311758484220699 0.363160838045318 0.109831998782527
209 -0.289924842534228 -1.30296121914427 0.109831998782527
209 -3.39555792216558 1.05683641036433 0.109831998782527
209 -1.80536639718776 1.01929994572789 0.109831998782527
209 -3.75388006633562 0.313693291569144 0.109831998782527
209 0.0784135480693852 0.590617590694792 0.109831998782527
209 -1.76740785355469 -1.71559396686879 0.109831998782527
209 -0.871181458956252 -0.839534626451031 0.109831998782527
209 1.19640437995772 1.57667098476003 0.109831998782527
209 -1.17111861124995 -0.169219281062687 0.109831998782527
209 2.29783742016975 0.429480867864696 0.109831998782527
209 -0.617515692023611 -2.31417646663135 0.109831998782527
209 -1.00236447146499 -0.992769030504968 0.109831998782527
209 -0.47852380877631 0.867089188255109 0.109831998782527
209 -0.0577177968348233 0.284818618340701 0.109831998782527
209 -2.04501745104843 1.06925829240019 0.109831998782527
209 0.682364438221554 0.467293068104709 0.109831998782527
209 -3.16079772490501 -0.789498994031429 0.109831998782527
209 0.180481123627866 0.638960921044702 0.109831998782527
209 0.804505205727874 -1.32153310088664 0.109831998782527
210 3.31669053849741 0.331785958578546 -0.183024391147655
210 1.79432562586058 1.02852759283529 -0.183024391147655
210 2.01981012539181 0.674307737342967 -0.183024391147655
210 3.52860202518105 -0.397086322342587 -0.183024391147655
210 -1.39730834623989 -0.53943514962351 -0.183024391147655
210 2.78199343716165 1.21608277905885 -0.183024391147655
210 -0.59524822371084 -1.77842552633775 -0.183024391147655
210 2.43245389438351 -0.5357570695118 -0.183024391147655
211 2.87431389234187 -0.265473682493808 -0.243777463612356
211 0.633230284413056 -0.176998179959164 -0.243777463612356
211 4.42983805680624 0.0779050470686474 -0.243777463612356
211 1.73589127603872 0.00763229519187016 -0.243777463612356
211 4.89764982775386 0.656830927493868 -0.243777463612356
211 5.66196954610935 0.456830960146318 -0.243777463612356
211 0.253961781460412 -1.49997624016539 -0.243777463612356
211 3.32236045603166 -0.482041946100924 -0.243777463612356
211 4.16298417325991 2.2052765969705 -0.243777463612356
211 2.65959885785511 -0.0508474619066079 -0.243777463612356
211 6.733599805425 1.23004347537958 -0.243777463612356
211 1.46163607090211 -0.109731277792546 -0.243777463612356
211 1.34111406315061 -0.782081652689112 -0.243777463612356
211 3.04784206410655 -1.00212488357311 -0.243777463612356
211 4.04762103843907 -0.0209756738579342 -0.243777463612356
211 1.72090340430748 -1.64190544835453 -0.243777463612356
211 1.75295580493964 -0.19544152841212 -0.243777463612356
211 1.66206209977743 1.20389680305409 -0.243777463612356
211 4.03262078442322 -0.979229630780207 -0.243777463612356
211 5.38746050156456 -0.567473027425993 -0.243777463612356
211 7.76289425227476 1.72028852623246 -0.243777463612356
211 0.646529424594712 -0.266710237281875 -0.243777463612356
211 5.10595355010873 1.49639369955074 -0.243777463612356
211 0.571898960035724 -1.01408746029476 -0.243777463612356
212 1.00437229346191 0.808980853798981 0.325169041575678
212 0.298307258406121 -0.987379841626793 0.325169041575678
212 0.73909383691943 -0.205905122923584 0.325169041575678
212 1.56883672524668 1.35548825569468 0.325169041575678
212 4.62798247463761 1.31921554542172 0.325169041575678
212 2.96403746543068 -0.787559594422852 0.325169041575678
212 0.44176497805842 -0.728597378015257 0.325169041575678
212 0.0137713765734233 -0.774242717926894 0.325169041575678
213 -1.30074173061352 -0.756920113660091 -0.0440678809377161
213 0.93155714698333 0.238647677157967 -0.0440678809377161
213 0.855993401100352 -0.767896384255387 -0.0440678809377161
213 2.04984236025952 0.132320798187626 -0.0440678809377161
213 0.71175639565452 -1.26304145885068 -0.0440678809377161
213 2.34086596876203 0.91931391720214 -0.0440678809377161
213 -1.16408189455728 0.25715819501955 -0.0440678809377161
213 1.81506610712361 -0.56502374759411 -0.0440678809377161
213 2.09872384682396 -0.642927821048957 -0.0440678809377161
213 3.13764747457004 0.000741479280709795 -0.0440678809377161
213 0.761247146326403 -0.0986741072083571 -0.0440678809377161
213 0.365371722869926 1.36994065196089 -0.0440678809377161
213 0.926142769923057 2.07572214839065 -0.0440678809377161
213 -0.0134803693180638 -0.0117927097370138 -0.0440678809377161
213 3.18130358251613 -0.407422683076867 -0.0440678809377161
213 0.970054207009188 0.653110854466032 -0.0440678809377161
213 2.67886827700117 0.465793049273627 -0.0440678809377161
213 -0.880878495583837 -1.77467121426794 -0.0440678809377161
213 0.26044179935054 0.937705517455904 -0.0440678809377161
213 2.64837836956467 1.32502338455987 -0.0440678809377161
213 -1.1787198232936 -2.14932417014095 -0.0440678809377161
213 3.52420301079595 0.646543277485766 -0.0440678809377161
213 0.282328344888916 -0.80513564739394 -0.0440678809377161
213 1.8811283128233 0.220809106793565 -0.0440678809377161
214 2.47130164340704 0.279385878599838 0.377779468791109
214 0.973249660982723 -2.16734668175147 0.377779468791109
214 4.83313792190066 0.324020356908041 0.377779468791109
214 2.85121785439016 0.108537548446209 0.377779468791109
214 4.01323808720829 1.20374697574495 0.377779468791109
214 1.12819244812872 -0.080449313609595 0.377779468791109
214 1.84490482183819 0.712475752120704 0.377779468791109
214 0.0362883219990073 -0.380370516458675 0.377779468791109
215 0.989430502122274 -2.13805053775545 -1.66134240651288
215 0.670223920553156 -0.840481070286576 -1.66134240651288
215 4.14326907375435 0.865966968525678 -1.66134240651288
215 0.624067161550791 -0.527877313048589 -1.66134240651288
215 2.24390703930618 -0.568505900140668 -1.66134240651288
215 1.88804676696654 -0.85868255970589 -1.66134240651288
215 0.933129042455317 0.89017930424238 -1.66134240651288
215 1.57748109985928 -0.777776927956434 -1.66134240651288
215 0.528643446134194 1.53800819551929 -1.66134240651288
215 2.4142266559332 0.819095170019063 -1.66134240651288
215 1.74534475001519 0.453054662277523 -1.66134240651288
215 3.07016963562651 0.634296130211855 -1.66134240651288
215 2.59640471044652 0.561160460335773 -1.66134240651288
215 3.46760897682915 0.609962316107334 -1.66134240651288
215 0.983725420216545 -1.01828641044197 -1.66134240651288
215 3.34406861340159 0.452639313883574 -1.66134240651288
215 0.88348580098236 0.805762069980994 -1.66134240651288
215 1.28224328273406 -0.554359178664433 -1.66134240651288
215 0.270248590144395 0.178217281705251 -1.66134240651288
215 1.64940930646618 -0.860832074955176 -1.66134240651288
215 -0.0759905994903967 0.163283196671287 -1.66134240651288
215 -0.123929163067918 -0.453509054239995 -1.66134240651288
215 -0.293648114907199 2.11684736544061 -1.66134240651288
215 0.597051486182569 -1.49011140772543 -1.66134240651288
216 -1.44966753053237 -0.651633037823182 0.471284639648425
216 1.15412513440233 1.22497852710946 0.471284639648425
216 -0.587384355819073 -0.580369459408545 0.471284639648425
216 -1.41336166330276 -0.311726850561111 0.471284639648425
216 -0.540418222347379 -0.495786630457988 0.471284639648425
216 0.229084023883985 -0.265245832558409 0.471284639648425
216 0.352086272035706 -0.827893785191563 0.471284639648425
216 -0.452499896672234 1.90767706889134 0.471284639648425
217 0.832678466767585 0.919461150369897 -0.374338464056969
217 0.284698633622239 -0.6038081925597 -0.374338464056969
217 2.37466920240303 1.41199628158066 -0.374338464056969
217 0.392676454357404 0.90962872346542 -0.374338464056969
217 -1.31077768866837 -0.973827185277545 -0.374338464056969
217 -3.41053898334576 -1.32299355248482 -0.374338464056969
217 2.47504774690605 -0.115039390816745 -0.374338464056969
217 0.266251414877398 0.442770328843487 -0.374338464056969
217 -1.4200693992321 -1.20812014191863 -0.374338464056969
217 -1.19139883877229 -0.0753508762173297 -0.374338464056969
217 -1.6100202692633 -0.96974309953897 -0.374338464056969
217 0.560317452607653 1.07662411434048 -0.374338464056969
217 0.803991880974081 -1.34826153278876 -0.374338464056969
217 -0.560301158113353 -1.17903351093971 -0.374338464056969
217 -0.878565533268675 -0.512971447808088 -0.374338464056969
217 1.09567052563373 -0.165854107908551 -0.374338464056969
217 -0.461825116279865 0.924093237461972 -0.374338464056969
217 1.87615405007826 0.226378635604235 -0.374338464056969
217 0.752163728312159 -0.367866620013764 -0.374338464056969
217 -0.182466391819581 -1.374113516484 -0.374338464056969
217 1.19348611081656 0.364468743565105 -0.374338464056969
217 -1.17233633361746 0.970305961150921 -0.374338464056969
217 2.18570233283092 0.946941311387609 -0.374338464056969
217 2.38555335851044 2.02431468698684 -0.374338464056969
218 1.75501550231416 -0.27871809819214 0.602026700370626
218 5.87440051377874 1.28005151701241 0.602026700370626
218 0.739975261401301 -1.45061821292055 0.602026700370626
218 1.79713477523145 -0.978841265244808 0.602026700370626
218 0.854518643297402 -0.545464753447262 0.602026700370626
218 4.34225616581155 1.28454226248431 0.602026700370626
218 3.77250973148939 0.479406334059375 0.602026700370626
218 2.66854922750757 0.209642216248662 0.602026700370626
219 4.31936569035169 0.147336599203347 0.598512670267575
219 1.98259473193345 -0.634155792273912 0.598512670267575
219 -0.0185921985928181 -1.35209864110305 0.598512670267575
219 5.55177696216357 1.91887139931652 0.598512670267575
219 0.996198837960448 0.0616009587398384 0.598512670267575
219 1.85647941362767 -0.97949429441036 0.598512670267575
219 -0.73375759875977 -0.772365874802498 0.598512670267575
219 1.71547471281446 0.339442812971317 0.598512670267575
219 3.2955365158778 -0.171353498313059 0.598512670267575
219 4.60652156230102 1.21307435624846 0.598512670267575
219 5.77529701111394 1.9035185420186 0.598512670267575
219 0.762390436122909 0.0917037228718722 0.598512670267575
219 3.93362265500334 1.54927698144458 0.598512670267575
219 1.09358504720445 -1.76748842699499 0.598512670267575
219 2.91801208298654 1.3836506157261 0.598512670267575
219 3.12615149268728 0.0505937735273115 0.598512670267575
219 0.447520095023042 -1.05145828122309 0.598512670267575
219 0.914686908975999 -0.671600739535924 0.598512670267575
219 1.42883080100065 0.164411453782814 0.598512670267575
219 0.938416130398637 0.0701722329508778 0.598512670267575
219 0.233879590097453 -0.95613366881158 0.598512670267575
219 1.83715162231573 -0.453379345554857 0.598512670267575
219 0.199882992686449 0.187119370228595 0.598512670267575
219 2.67711196759201 -0.271244256006913 0.598512670267575
220 0.221136290262719 0.178650875209424 0.635677970440934
220 3.41140183330633 1.33451725141128 0.635677970440934
220 -0.120395836239832 -0.180566030104514 0.635677970440934
220 1.37464565259227 0.877908251982206 0.635677970440934
220 2.97112458583452 -1.02417144417373 0.635677970440934
220 1.69074970660547 -1.629458808078 0.635677970440934
220 3.06365452218151 -0.31768943454457 0.635677970440934
220 3.10292726569949 0.760809338297901 0.635677970440934
221 -0.731902450080532 -0.511329351771476 0.0281424514805714
221 1.53508735776664 0.0266515012219691 0.0281424514805714
221 3.20527989629528 0.504424938110708 0.0281424514805714
221 -0.387474049185973 0.693008165183373 0.0281424514805714
221 -0.25646845199652 0.428002550105633 0.0281424514805714
221 0.304238378077717 -0.763250372613612 0.0281424514805714
221 -2.59603614768686 0.921330531079513 0.0281424514805714
221 -2.27219265232562 -1.96876949972774 0.0281424514805714
221 -2.36534371559283 -1.45837440475021 0.0281424514805714
221 1.404756186904 0.891127823967463 0.0281424514805714
221 -0.459400392762036 2.13820087716355 0.0281424514805714
221 -1.40716890632596 0.0797682504985541 0.0281424514805714
221 -0.7750076637566 -1.25726485512273 0.0281424514805714
221 -0.954774511623137 -0.705425198031259 0.0281424514805714
221 1.20893808674857 1.1205828030424 0.0281424514805714
221 -1.54955908043051 -1.30782339428084 0.0281424514805714
221 -1.76224891824299 1.22895758263883 0.0281424514805714
221 0.106230632385023 1.19002402658416 0.0281424514805714
221 0.532645195105107 -0.387020446018821 0.0281424514805714
221 -1.69853960080645 0.05188304151897 0.0281424514805714
221 1.39502217098992 -0.362625273650579 0.0281424514805714
221 0.482599510267989 0.477556907614851 0.0281424514805714
221 -1.04582203337769 -0.52493652534646 0.0281424514805714
221 1.0665678589115 -0.504699677416254 0.0281424514805714
222 1.83762762182924 -0.970143789925437 0.726933737859568
222 4.30456258325922 0.814530712610121 0.726933737859568
222 0.207667528388692 -1.71835272057822 0.726933737859568
222 2.30299065949549 0.316432248095165 0.726933737859568
222 2.35589877952872 -0.313228687431855 0.726933737859568
222 -1.02393847424342 1.37893317238469 0.726933737859568
222 3.1911400217591 0.579065013500181 0.726933737859568
222 1.14550124891898 -0.0872359486546416 0.726933737859568
223 0.0661839014244227 0.64278362792781 0.458643504350141
223 -0.39290542533644 0.330942043798432 0.458643504350141
223 3.20957815248451 -0.499174456934833 0.458643504350141
223 -2.07470799519753 0.498151417442656 0.458643504350141
223 -0.0296565271126029 0.662245996277788 0.458643504350141
223 -1.81089695269162 -0.495223304784841 0.458643504350141
223 1.84917285955706 0.28725337468841 0.458643504350141
223 -3.23575305306727 0.848904609550626 0.458643504350141
223 -0.0557909940578338 -1.20431837306706 0.458643504350141
223 -2.31089771230213 1.0659501291076 0.458643504350141
223 2.52973588419364 0.0377665152498257 0.458643504350141
223 1.28891928622799 0.33187911812917 0.458643504350141
223 -0.0772941603344244 -0.00999010352712381 0.458643504350141
223 -2.64013863527134 0.813289271999677 0.458643504350141
223 3.50674010810738 -1.68937044559442 0.458643504350141
223 -1.4901769844215 -0.023086320826539 0.458643504350141
223 2.69920216435427 -1.54199694430618 0.458643504350141
223 -2.82150059615947 0.858353313941983 0.458643504350141
223 0.266288450527677 1.79375245852331 0.458643504350141
223 2.34998107353811 -0.693072288057547 0.458643504350141
223 -0.345860663128664 -1.00653782400685 0.458643504350141
223 -0.990149036659482 1.57320349979114 0.458643504350141
223 -1.68925596758744 -1.85902917046419 0.458643504350141
223 -2.15917466011191 -0.722676144858851 0.458643504350141
224 0.611393103088867 -0.27123128872107 -0.585664561023775
224 1.86824153598559 1.58500269946124 -0.585664561023775
224 -1.33072043949616 -0.227130891209155 -0.585664561023775
224 1.18517482146065 -0.860295945075671 -0.585664561023775
224 3.6869421486443 -0.906521281503598 -0.585664561023775
224 4.00600128350027 1.11666500881369 -0.585664561023775
224 3.22963893369077 0.635723026866909 -0.585664561023775
224 -0.759705845573862 -1.07221132863235 -0.585664561023775
225 2.05837578664598 0.189809118583883 -0.570086899831479
225 -0.843812488728296 -0.650720241008758 -0.570086899831479
225 -1.40989224581564 1.69894307765502 -0.570086899831479
225 -1.77346947552186 -1.30450165416927 -0.570086899831479
225 -0.429148688440811 0.726754519214986 -0.570086899831479
225 -1.85892694872731 -0.0402567923045268 -0.570086899831479
225 0.440323157419995 0.168822161279385 -0.570086899831479
225 -0.000570610840190958 -2.36987611975333 -0.570086899831479
225 -0.598614284349608 0.00535775031795302 -0.570086899831479
225 0.560208134146095 0.576389594583755 -0.570086899831479
225 -2.43520717631719 -0.599499689497423 -0.570086899831479
225 2.17644339602557 -1.37045854651189 -0.570086899831479
225 2.66414593613139 -0.354120488676915 -0.570086899831479
225 0.0402631801309376 -0.949725224379204 -0.570086899831479
225 2.52392703159189 -0.0691966129529332 -0.570086899831479
225 0.67389292615051 -0.0301213709619703 -0.570086899831479
225 -0.0411461771824665 -0.0215528726521292 -0.570086899831479
225 -0.929599695232568 0.0955007922501174 -0.570086899831479
225 2.17368729145467 0.237872492795739 -0.570086899831479
225 2.21732236262962 -0.973372677792751 -0.570086899831479
225 -0.416834892299805 1.34370656653685 -0.570086899831479
225 1.94345255753786 0.945429833903356 -0.570086899831479
225 -2.89167144922004 1.96185541160819 -0.570086899831479
225 -0.12512802263447 0.782960971931869 -0.570086899831479
226 4.4830722022843 0.826584337247074 0.125311765746086
226 1.44025149957216 0.0746248292433231 0.125311765746086
226 1.03785950477957 -0.587709958019735 0.125311765746086
226 -0.0285239929206722 -1.64644993675155 0.125311765746086
226 -0.0814068122107339 0.0369225182685912 0.125311765746086
226 -0.31782104800394 -0.0391212151873033 0.125311765746086
226 1.96333996738225 -0.418883603134176 0.125311765746086
226 1.97211460692249 1.75403302833378 0.125311765746086
227 0.621731850763624 -0.545287255981662 -0.479178212783922
227 -1.22294337010667 -0.384874547054079 -0.479178212783922
227 1.96703289457498 -0.74203184968658 -0.479178212783922
227 0.119233486496389 -0.0349977118991304 -0.479178212783922
227 -1.22014173639797 0.956187731975529 -0.479178212783922
227 1.9314906711791 0.44238875753626 -0.479178212783922
227 -0.845180779109045 -1.56758609581015 -0.479178212783922
227 2.02781059774763 0.784771717679058 -0.479178212783922
227 0.283284208957665 -0.496721997902431 -0.479178212783922
227 0.828271675520153 -0.368550800574498 -0.479178212783922
227 3.34845754646293 1.6845263004029 -0.479178212783922
227 0.179288226760199 0.281420025672444 -0.479178212783922
227 -3.84300297483507 -2.78385322924282 -0.479178212783922
227 -0.109759440381497 2.04166279812254 -0.479178212783922
227 -1.71842848708676 -0.0818052340649147 -0.479178212783922
227 0.0325170537075197 -0.0601900173212875 -0.479178212783922
227 -0.618515708312361 0.898386014192167 -0.479178212783922
227 -1.1388559495938 -0.28238127592177 -0.479178212783922
227 2.51473504404044 1.02553771835793 -0.479178212783922
227 -0.949496882243465 -0.421880946165518 -0.479178212783922
227 1.28302481929606 -0.145371112113395 -0.479178212783922
227 -0.977722218789647 -0.205901662699222 -0.479178212783922
227 -0.311373600463847 0.456859268399624 -0.479178212783922
227 -1.91513838414543 -0.450306595900993 -0.479178212783922
228 4.19283398794365 1.3258216494901 0.360028028518373
228 -1.75040185319297 -1.81651357441978 0.360028028518373
228 2.05409201299826 0.333673266399049 0.360028028518373
228 4.28360737815325 0.52502771887618 0.360028028518373
228 3.40823911451052 -0.263553971258537 0.360028028518373
228 3.60719543358749 0.528448187729554 0.360028028518373
228 1.07616783907948 -1.02584644090225 0.360028028518373
228 2.33957373966891 0.392943164085695 0.360028028518373
229 3.00258183205178 1.08636274668327 1.23435105866675
229 1.9581147954061 0.034529879431553 1.23435105866675
229 2.5527416919871 -0.299694979322447 1.23435105866675
229 -0.171611802147934 -1.35357647030899 1.23435105866675
229 2.58131099407416 0.770328718640271 1.23435105866675
229 1.78224229064419 0.672348472723478 1.23435105866675
229 -0.991299842021798 -0.774643750497373 1.23435105866675
229 2.33704772418956 -1.24666956745447 1.23435105866675
229 -1.87498997723929 -2.22333159383813 1.23435105866675
229 0.817773349130637 0.198452120387228 1.23435105866675
229 -0.100222071129743 0.153450553105407 1.23435105866675
229 1.17464887085333 0.11431308594633 1.23435105866675
229 1.53492502315451 0.148166762398855 1.23435105866675
229 3.16493275439386 0.183325068464909 1.23435105866675
229 1.3766660772494 0.82993392535161 1.23435105866675
229 1.08545266455929 0.776454111434034 1.23435105866675
229 2.09889235277292 2.16825124401601 1.23435105866675
229 0.361229051941449 0.813223851588469 1.23435105866675
229 -0.0813620400135788 0.801055293162412 1.23435105866675
229 1.09487987289737 -0.557769958002352 1.23435105866675
229 4.00620540370886 0.229171056273157 1.23435105866675
229 1.58924888288019 0.153503349169961 1.23435105866675
229 1.82672097825845 -0.917104294740372 1.23435105866675
229 2.05217447512056 -1.76007962461282 1.23435105866675
230 -4.09431231230741 -2.10657470730423 -1.45133999425167
230 -2.31771631819732 -0.672241997574124 -1.45133999425167
230 -0.437623360363935 0.417040274051927 -1.45133999425167
230 1.6489595882438 0.849544476411821 -1.45133999425167
230 3.19526122982739 -0.247457865554671 -1.45133999425167
230 1.00513917218321 0.306375864723024 -1.45133999425167
230 4.52980981191537 0.684095259529835 -1.45133999425167
230 2.34021648731065 0.769218695716418 -1.45133999425167
231 1.86681040938459 -0.934728630629762 -0.803027632450066
231 -0.300774174382715 0.737570836002782 -0.803027632450066
231 0.0740553450312229 0.131411017359793 -0.803027632450066
231 -0.79316795426639 -0.603089878026618 -0.803027632450066
231 0.933308853789929 -1.92302598485973 -0.803027632450066
231 0.34844543660777 0.657024233200193 -0.803027632450066
231 3.15067749577789 -1.9134674030242 -0.803027632450066
231 3.07893210094214 0.0533296379394474 -0.803027632450066
231 0.501499816988986 0.873459538714429 -0.803027632450066
231 2.2474991622755 -0.680316044556949 -0.803027632450066
231 0.151457786862405 1.05490188425195 -0.803027632450066
231 3.58299946383398 0.635305118259814 -0.803027632450066
231 1.67939407751759 -2.04690348122341 -0.803027632450066
231 -0.788316142191955 0.990042504812051 -0.803027632450066
231 1.64573993700656 -0.0382279890593307 -0.803027632450066
231 2.04065258879801 -0.793638181381832 -0.803027632450066
231 -1.42136625689084 0.47914129100032 -0.803027632450066
231 -0.993551149610606 0.424960561631946 -0.803027632450066
231 1.18748300353759 0.511884303369649 -0.803027632450066
231 -0.653706724148558 0.0942290545411495 -0.803027632450066
231 -0.886204689024647 1.80752055319184 -0.803027632450066
231 -0.415850660793832 -0.0748088922944784 -0.803027632450066
231 1.44556041498615 0.893001080512743 -0.803027632450066
231 0.746142340082186 -0.335575129731792 -0.803027632450066
232 1.66075496231176 0.671758972600784 1.00526130101785
232 -1.7709345461274 -1.03060153043359 1.00526130101785
232 0.705662108752967 -0.9060703612033 1.00526130101785
232 5.44868396729502 1.87767487022908 1.00526130101785
232 -0.242842402059982 -0.198049013061729 1.00526130101785
232 2.41456608681987 0.500818839341647 1.00526130101785
232 1.93576080457479 0.00636330193239941 1.00526130101785
232 -1.25170315353977 -0.921895079405292 1.00526130101785
233 2.28776267859776 0.803692323967276 -0.27041021319723
233 1.58464864254131 -1.12821658907491 -0.27041021319723
233 1.21829856966954 0.563113229593143 -0.27041021319723
233 1.85911748321911 0.844634713137486 -0.27041021319723
233 2.57187094941598 -0.0655626152676689 -0.27041021319723
233 1.97500033516933 -0.841146714135084 -0.27041021319723
233 3.13517271053701 0.995652725102515 -0.27041021319723
233 6.39621614540843 -0.787689249185538 -0.27041021319723
233 1.1587610443857 0.470808504214353 -0.27041021319723
233 2.31158914036502 1.55131968081863 -0.27041021319723
233 2.76787059970255 -1.03603239507768 -0.27041021319723
233 1.34533170126427 0.823506232564154 -0.27041021319723
233 0.679166309720596 -1.51865228163402 -0.27041021319723
233 -0.0958859264853245 0.316348069205376 -0.27041021319723
233 1.16778879061342 -2.68569405380009 -0.27041021319723
233 3.71859966906451 -0.231021320613283 -0.27041021319723
233 0.129526625255886 0.924835481720906 -0.27041021319723
233 -1.79984830826104 1.12928183567187 -0.27041021319723
233 3.0548856373579 0.788593245640719 -0.27041021319723
233 -0.154549935691931 0.172537830294861 -0.27041021319723
233 2.5323722229349 -0.0092550370472554 -0.27041021319723
233 1.94877777030472 0.175189731729824 -0.27041021319723
233 -0.0680066515215798 -0.818536887480311 -0.27041021319723
233 2.43294027237953 -0.437706460345275 -0.27041021319723
234 1.5795935567034 -0.79974781070773 -0.884542378975415
234 3.14846844454866 1.30624926726533 -0.884542378975415
234 1.15636471251175 -0.808328821939321 -0.884542378975415
234 3.98696221637451 0.755320425065657 -0.884542378975415
234 0.43989340558618 -1.31814088567332 -0.884542378975415
234 2.56445726625461 0.51973113655519 -0.884542378975415
234 3.27185075411685 0.998022470640729 -0.884542378975415
234 0.1787367191193 -0.653105781206535 -0.884542378975415
235 3.70227978397944 -1.30605274194135 0.859348765222479
235 4.16874236531066 1.00208368075002 0.859348765222479
235 0.514720455919636 0.633844404344012 0.859348765222479
235 3.41656102451133 0.273265537722936 0.859348765222479
235 2.55396735963151 1.20870758041015 0.859348765222479
235 3.65654801032411 1.18525650050287 0.859348765222479
235 -0.0163263996254492 -0.508697966694216 0.859348765222479
235 5.33448506828397 1.08079075978056 0.859348765222479
235 2.33412483829433 -0.152710425137994 0.859348765222479
235 4.23148310322447 -0.309132603480075 0.859348765222479
235 1.69170396740955 -0.523402644890343 0.859348765222479
235 -0.709891591879414 -1.75674601346586 0.859348765222479
235 2.90063337207189 0.370338790041974 0.859348765222479
235 3.42848344050605 -0.823136842775626 0.859348765222479
235 2.54797135971009 0.120806972798538 0.859348765222479
235 2.46089724778618 0.88527371161802 0.859348765222479
235 2.59605430172553 1.03457170886361 0.859348765222479
235 2.81669735423382 -0.0407126675031347 0.859348765222479
235 0.885115684814576 -1.79887051195363 0.859348765222479
235 1.00112484973756 -1.87648375502694 0.859348765222479
235 3.03111634866872 0.0733428661324843 0.859348765222479
235 6.03929947942793 1.55795314403795 0.859348765222479
235 1.99134722685756 -0.402492491612284 0.859348765222479
235 2.41115365985805 0.0722030074783205 0.859348765222479
236 -2.60817298160241 -0.140643040798479 -2.17064177106242
236 -3.0895375790401 -0.570870875077996 -2.17064177106242
236 0.0189049271462358 0.342362157745502 -2.17064177106242
236 -2.00360860003838 0.665605913287889 -2.17064177106242
236 1.39010049057305 -1.87158008437977 -2.17064177106242
236 -5.44479996505236 0.925092430548094 -2.17064177106242
236 1.72718416011971 -0.547967531219454 -2.17064177106242
236 -0.173041303867786 1.19800102989421 -2.17064177106242
237 1.53963981464568 -0.241063705510468 1.35289585100948
237 3.69419180011458 -0.485921577962271 1.35289585100948
237 0.533464475431231 -0.905268522068202 1.35289585100948
237 0.570452389233051 -1.71778433627906 1.35289585100948
237 0.0611107148971102 0.497340427794502 1.35289585100948
237 0.673817833639461 -1.2116091518671 1.35289585100948
237 0.735295253593478 -0.863090945584772 1.35289585100948
237 0.861883282377429 1.34442573352172 1.35289585100948
237 0.515301392810897 0.143537224979829 1.35289585100948
237 0.539224904778931 -1.56547559625696 1.35289585100948
237 -0.291987080185092 1.38787028845505 1.35289585100948
237 0.934604730302014 0.617270534025263 1.35289585100948
237 1.67381404987569 0.831431617214163 1.35289585100948
237 -0.285614557602264 -0.903711193652021 1.35289585100948
237 1.70714779619179 1.04021669231653 1.35289585100948
237 -0.147206252707263 -0.422562428766298 1.35289585100948
237 -1.71873402905757 1.71127540112306 1.35289585100948
237 3.20781812185866 0.959815874124097 1.35289585100948
237 1.30295860717858 0.157832408139719 1.35289585100948
237 4.3933444887968 -0.830048815044709 1.35289585100948
237 -0.155629495908932 -1.20388608672345 1.35289585100948
237 0.201169506156959 0.876070553639126 1.35289585100948
237 2.88454148546242 0.520832397186908 1.35289585100948
237 3.75239398295405 0.262503207195344 1.35289585100948
238 1.22522625894227 1.21267964763323 -1.02076114879417
238 0.485406064420406 0.63441099595036 -1.02076114879417
238 1.52686061411596 0.0492768380312134 -1.02076114879417
238 3.46614155838021 0.847702954557493 -1.02076114879417
238 -1.8979238713279 -1.61135186718575 -1.02076114879417
238 -0.277990700929357 -0.158366417202887 -1.02076114879417
238 0.842196135715383 0.322047760471805 -1.02076114879417
238 -2.50386846468422 -1.29639991225547 -1.02076114879417
239 4.14302901594994 -0.938894619314809 -0.153376259745098
239 0.865596472837038 -0.285125983928907 -0.153376259745098
239 2.72997312435662 -0.450151720252046 -0.153376259745098
239 2.49755510970849 1.82023645777688 -0.153376259745098
239 2.67442879242715 -0.0140107400164549 -0.153376259745098
239 1.10121276819924 -0.384193485389303 -0.153376259745098
239 1.32930972501029 -0.998824666901482 -0.153376259745098
239 2.48095300820458 1.28367438134712 -0.153376259745098
239 -0.744211601196704 0.948327215245157 -0.153376259745098
239 -0.348002852945177 -0.3832673810378 -0.153376259745098
239 2.49377187257876 0.954478871678622 -0.153376259745098
239 0.614917452231231 0.699757228583657 -0.153376259745098
239 0.904049039050977 -1.05021414246142 -0.153376259745098
239 -1.2403724192556 -1.50540483184902 -0.153376259745098
239 3.41631640100344 0.198618670216412 -0.153376259745098
239 3.35501444891788 -0.454520107685175 -0.153376259745098
239 -2.44340313954869 1.56116503778392 -0.153376259745098
239 1.79928211920671 -0.553637662690724 -0.153376259745098
239 -3.07919172564061 0.13468326949471 -0.153376259745098
239 0.59243125575466 0.847793479793671 -0.153376259745098
239 1.72231108790634 0.991554473106166 -0.153376259745098
239 2.17936128792507 -0.541185833246575 -0.153376259745098
239 4.46116197538875 -2.19349547333541 -0.153376259745098
239 3.95029944812389 0.312637563082821 -0.153376259745098
240 -3.21334564644772 0.00298242363760821 0.462742423985155
240 1.43631704432334 -1.46071034478494 0.462742423985155
240 0.697402083118192 0.834794758332872 0.462742423985155
240 -0.158079217253021 -0.334497089979844 0.462742423985155
240 -0.604630667687497 1.02177852878687 0.462742423985155
240 0.931237736643669 -1.39859331068183 0.462742423985155
240 2.63366276142836 0.95638562004889 0.462742423985155
240 -2.2208232812459 0.377859414640375 0.462742423985155
241 -3.11448222054233 0.0998293668166187 -1.41732552416929
241 -1.45313872999202 0.0414909076823064 -1.41732552416929
241 -0.921728609324653 0.180243138163133 -1.41732552416929
241 -4.98501661342747 -1.99125197204898 -1.41732552416929
241 1.71558012857046 -0.205513970491305 -1.41732552416929
241 1.30576323033825 -0.00728575906451027 -1.41732552416929
241 -1.34609121198262 0.63267603409063 -1.41732552416929
241 -2.01894609209873 0.381114539091824 -1.41732552416929
241 -1.63891122918165 -0.373568881819759 -1.41732552416929
241 -2.13671889032342 1.97407728049181 -1.41732552416929
241 -1.22653444492182 -1.10309801617021 -1.41732552416929
241 -0.827735703027135 -0.234401396152813 -1.41732552416929
241 -0.436132391471455 -0.557467774348358 -1.41732552416929
241 -0.164917445531807 1.68376963032033 -1.41732552416929
241 -0.574146026304356 0.854515110585983 -1.41732552416929
241 -0.83419415298161 -0.503883842452298 -1.41732552416929
241 -0.18914400616477 1.16078132650274 -1.41732552416929
241 -1.87693251781323 0.166925422733797 -1.41732552416929
241 -3.32031497238344 -0.817699525608661 -1.41732552416929
241 -1.86304610339321 1.23779153748086 -1.41732552416929
241 -0.413117394935964 0.483804428823623 -1.41732552416929
241 -2.06165491459859 -1.6708786489367 -1.41732552416929
241 -0.496846166538586 0.101776873065252 -1.41732552416929
241 0.215394226720186 -1.53374580875531 -1.41732552416929
242 1.36952501853134 1.27147123887048 -2.37793727753961
242 -0.131812131531394 -0.646204715868506 -2.37793727753961
242 0.428530823821099 0.17640625282103 -2.37793727753961
242 1.91728424824055 1.2214233847595 -2.37793727753961
242 1.67071051701566 0.215770214712898 -2.37793727753961
242 0.0784404874696903 -1.44553722522576 -2.37793727753961
242 -2.55739565155558 0.307595986759249 -2.37793727753961
242 -2.14864356532643 -1.1009251368289 -2.37793727753961
243 -3.18043711912091 -1.111264872111 -0.434901033925039
243 4.66203919732179 0.752290650734344 -0.434901033925039
243 -1.07084157501766 -0.895702487175697 -0.434901033925039
243 0.554366014824099 -1.17543900642682 -0.434901033925039
243 0.490811914915443 -0.263399088709263 -0.434901033925039
243 2.11420376877492 0.388513818253165 -0.434901033925039
243 2.685687332727 0.795456659177371 -0.434901033925039
243 2.11163764278402 1.00438159868241 -0.434901033925039
243 -3.14429300688021 -1.80611105618602 -0.434901033925039
243 1.02745633844402 -0.22414061555651 -0.434901033925039
243 4.02220648290808 0.869862449888895 -0.434901033925039
243 -2.21071918783748 -0.775587790565187 -0.434901033925039
243 2.93568217810628 0.244532485662614 -0.434901033925039
243 2.52476460330994 -0.137084888971433 -0.434901033925039
243 1.1389363232711 -0.684314390986561 -0.434901033925039
243 -0.407271685283575 0.339274540761844 -0.434901033925039
243 1.61519517782315 1.13834895425322 -0.434901033925039
243 -0.904455329475605 -0.885492676459603 -0.434901033925039
243 0.119756917554497 -0.908214428377194 -0.434901033925039
243 6.69350032439367 2.44881164711893 -0.434901033925039
243 5.676625997455 1.23004354915584 -0.434901033925039
243 -1.83487837915655 -1.06620184495911 -0.434901033925039
243 2.30550374524393 0.429282041960731 -0.434901033925039
243 1.53089638233121 0.292154750835047 -0.434901033925039
244 -0.55754450435992 -0.208210769234619 0.354496170277018
244 0.647648179130591 1.27478975335856 0.354496170277018
244 3.79663521782462 0.159109853823004 0.354496170277018
244 0.131353902491406 -0.297728297838205 0.354496170277018
244 1.28828654640219 -0.435291535416224 0.354496170277018
244 -1.1630123321118 -1.24794446761879 0.354496170277018
244 1.8114787564509 1.63968698721248 0.354496170277018
244 -0.62663676021838 -0.8844115242862 0.354496170277018
245 -0.384231907567357 -1.13978839217142 -1.69222361104003
245 -1.97222326171039 -0.353781567176016 -1.69222361104003
245 -0.36148435030808 -0.3598973883515 -1.69222361104003
245 1.64357754515262 0.706433595161714 -1.69222361104003
245 3.74667546107706 2.09863605988379 -1.69222361104003
245 1.12274319103384 0.550773423847453 -1.69222361104003
245 0.180023885582463 -1.5417948900821 -1.69222361104003
245 -0.633026630166352 -0.288442445139102 -1.69222361104003
245 3.79131253918134 0.26161187779806 -1.69222361104003
245 0.62255334446192 -0.233685115805723 -1.69222361104003
245 1.33618063132284 -0.36446491280143 -1.69222361104003
245 -0.00614798971225561 0.688812544388553 -1.69222361104003
245 -0.29731192868287 0.394702993209167 -1.69222361104003
245 -1.09634461843741 0.33056295387838 -1.69222361104003
245 -2.90812070774485 -0.552159671829491 -1.69222361104003
245 3.70184973539023 0.855215393794089 -1.69222361104003
245 4.58015134655359 1.52403755578938 -1.69222361104003
245 3.58017855384394 -0.190586549850926 -1.69222361104003
245 0.0160735023780134 -0.287671378676373 -1.69222361104003
245 -0.122484617318326 -1.1810973647811 -1.69222361104003
245 0.24951792270576 -0.343610088199277 -1.69222361104003
245 0.243357060152397 0.686698792833123 -1.69222361104003
245 -0.950344765172578 -2.43672562588457 -1.69222361104003
245 2.63005422630579 1.17622020016533 -1.69222361104003
246 1.92379350487055 -0.42728866564265 -0.880844315053484
246 0.137645214591054 0.722179069120612 -0.880844315053484
246 -3.65805517542271 -1.88265286089543 -0.880844315053484
246 2.14267691504673 0.95836397122634 -0.880844315053484
246 2.8639925634648 1.29619068645538 -0.880844315053484
246 -0.145014755436718 -0.177766594774668 -0.880844315053484
246 2.09060993205184 -0.214896818283296 -0.880844315053484
246 -0.0828838489139294 -0.274128787206285 -0.880844315053484
247 1.96639740189978 1.25902039461634 0.418047168694603
247 0.538586064099098 1.33739219192124 0.418047168694603
247 1.72906970461399 0.229380602303542 0.418047168694603
247 -2.33476621211994 -1.05828532298059 0.418047168694603
247 1.2158309790954 -0.164020479603889 0.418047168694603
247 -5.45809138565352 -1.59225953230476 0.418047168694603
247 1.4223601661003 0.346431470816359 0.418047168694603
247 -1.25296094875623 -0.222247249896583 0.418047168694603
247 1.9559208345001 1.40589048555642 0.418047168694603
247 -2.46004802258375 -0.515288407950062 0.418047168694603
247 2.2862918282303 2.11106119725849 0.418047168694603
247 1.95320432429309 0.159916020691359 0.418047168694603
247 -2.01443650102072 -1.41285841981442 0.418047168694603
247 0.209668816189187 -0.794598784997003 0.418047168694603
247 -3.58777649940016 -1.54783109447295 0.418047168694603
247 -1.06089750133354 0.467964310184191 0.418047168694603
247 -1.28243278668269 -0.570505804460735 0.418047168694603
247 2.73591297116332 0.179203944039522 0.418047168694603
247 3.60990839248386 0.710457848814208 0.418047168694603
247 -3.84569835773695 -1.38709473648601 0.418047168694603
247 -0.646184750985504 0.117455720182705 0.418047168694603
247 2.70406047878875 0.793404469593899 0.418047168694603
247 -1.79480760829463 -0.323163143371349 0.418047168694603
247 3.09192959727415 0.470574320360074 0.418047168694603
248 -0.294306992892676 0.534140181260702 -1.20345367564771
248 -2.1103955090192 -0.813386130950282 -1.20345367564771
248 0.77123120070986 0.576526376240772 -1.20345367564771
248 -1.05591604802045 0.081870913917367 -1.20345367564771
248 -0.203399250856058 0.711736683846366 -1.20345367564771
248 -1.93360525213199 1.39851267496489 -1.20345367564771
248 0.217838557510154 -0.968071510094872 -1.20345367564771
248 1.24811993961512 -1.52132918918494 -1.20345367564771
249 -0.572619699983199 -0.956700228974994 -1.91766047084618
249 -0.899487800287321 -0.385077345536263 -1.91766047084618
249 -3.16880684434278 -1.10877242043911 -1.91766047084618
249 -0.582516969969593 0.691719406449056 -1.91766047084618
249 1.48498905118129 -1.18895492270377 -1.91766047084618
249 -0.492433467692684 2.05394436712075 -1.91766047084618
249 3.37959624570372 -0.00177521110824895 -1.91766047084618
249 0.642312449258846 0.042540271393801 -1.91766047084618
249 2.23645065228584 -1.30740175877671 -1.91766047084618
249 0.231261022101357 -0.808843939259901 -1.91766047084618
249 4.16463321919889 -0.920973340036931 -1.91766047084618
249 0.311968719967023 -0.273286048324969 -1.91766047084618
249 0.170071728188702 1.87405397028694 -1.91766047084618
249 0.0960046249541534 0.725657350104107 -1.91766047084618
249 1.70565343232084 -1.02035144861434 -1.91766047084618
249 1.18375127590817 0.426572239909788 -1.91766047084618
249 2.47508030955977 -0.52114051085976 -1.91766047084618
249 -0.304053934782199 -0.281408916165888 -1.91766047084618
249 -2.07775491917171 0.594919443330852 -1.91766047084618
249 1.96694968701738 1.94458731764939 -1.91766047084618
249 -0.680091476821707 -0.291344319146709 -1.91766047084618
249 -1.09999673427206 0.510012515620135 -1.91766047084618
249 0.0622746458204249 -0.671905667243575 -1.91766047084618
249 2.64982143753353 0.873929195326343 -1.91766047084618
250 1.56356435636141 -0.232109205728847 0.475698563547086
250 2.88563281196547 0.304612855357579 0.475698563547086
250 2.10325774535915 -0.966161173557054 0.475698563547086
250 1.77862479378868 -0.561563742261657 0.475698563547086
250 -0.232283042284941 -1.21260100235911 0.475698563547086
250 3.33026225583269 1.93655258012785 0.475698563547086
250 3.34607508696796 0.606985532971584 0.475698563547086
250 2.18081477488778 0.124284155449654 0.475698563547086
251 2.5999501162652 0.75430102182868 0.816716103229156
251 2.59564999228097 0.843586712675207 0.816716103229156
251 2.81398118266721 1.49752429751702 0.816716103229156
251 3.56582087100955 0.36463639321277 0.816716103229156
251 1.26954731469214 -0.427042593853073 0.816716103229156
251 3.94351426675818 1.00289161682014 0.816716103229156
251 1.83929680248049 -0.247312297909747 0.816716103229156
251 -0.391883840795574 -0.410618472398846 0.816716103229156
251 0.305895911945315 0.291404921808673 0.816716103229156
251 -0.306508990734599 -1.42293654016296 0.816716103229156
251 1.58186260687917 0.082104583136767 0.816716103229156
251 2.6980793005507 0.750048720972695 0.816716103229156
251 -0.296595204120231 0.439162714077672 0.816716103229156
251 4.51615222010769 1.56974596870328 0.816716103229156
251 1.47673375109731 8.35169217042224e-05 0.816716103229156
251 3.50623454502599 -0.103869048004151 0.816716103229156
251 2.21629520110603 -1.94167101831916 0.816716103229156
251 3.74635522594134 -1.29608649257693 0.816716103229156
251 1.53491239219217 0.0426744483495938 0.816716103229156
251 2.5351002428901 -0.552964808815564 0.816716103229156
251 2.84055776694458 1.45774455010321 0.816716103229156
251 0.757886702086709 0.0203302309223686 0.816716103229156
251 5.49071619556656 -0.644811652382431 0.816716103229156
251 1.71547530160553 -2.06892677262692 0.816716103229156
252 -0.763911148156581 -0.355820464476453 0.467055414175869
252 2.39411642681356 1.1925856800245 0.467055414175869
252 1.60008207106388 0.626369582781092 0.467055414175869
252 2.44395047776643 0.565960548217132 0.467055414175869
252 0.470568808266411 -1.26920267882494 0.467055414175869
252 -1.14771822653865 -0.574899878084869 0.467055414175869
252 -0.0966333587548249 -1.27147572470946 0.467055414175869
252 1.83833083149133 1.08648293507299 0.467055414175869
253 0.699930822591072 0.352981761048854 0.819479454061044
253 2.12256419574028 1.45975784697707 0.819479454061044
253 0.917723136713421 1.45520619574856 0.819479454061044
253 0.676123967748044 0.32631778758246 0.819479454061044
253 0.407977268140482 1.81126281640449 0.819479454061044
253 1.30636004366587 -1.60598965260969 0.819479454061044
253 -1.47903617490256 0.0639346972544844 0.819479454061044
253 -0.198496109680772 0.253513312379065 0.819479454061044
253 4.39143111240348 1.45863379757271 0.819479454061044
253 -1.25276394462468 0.387675924069532 0.819479454061044
253 3.04023211801478 -1.22813295260275 0.819479454061044
253 4.14641517019037 -0.743563106810822 0.819479454061044
253 2.28310256514265 0.875113617466609 0.819479454061044
253 0.489516560127934 -0.488585593632174 0.819479454061044
253 -0.568811905229858 0.822412282746239 0.819479454061044
253 -0.0965089915008346 -0.56142497587814 0.819479454061044
253 0.834905337888144 0.213729478819835 0.819479454061044
253 2.44046786348346 -0.4385000287288 0.819479454061044
253 2.23101072365384 -0.188569572892984 0.819479454061044
253 0.820848844488626 -0.762835713866379 0.819479454061044
253 5.22409507158779 0.107145243028553 0.819479454061044
253 3.34105498331438 -0.337344770257847 0.819479454061044
253 2.93423682875482 -1.45676204215905 0.819479454061044
253 3.94021895924036 -1.77597635165983 0.819479454061044
254 2.6245463294849 1.79216320726405 -0.0772832364294903
254 0.70990959624034 -0.271641014459835 -0.0772832364294903
254 -2.45184584428568 -0.197352618744785 -0.0772832364294903
254 -1.66807149747465 -1.34686478710992 -0.0772832364294903
254 1.52357614653182 0.334884531869962 -0.0772832364294903
254 1.5962447421829 0.178051938999255 -0.0772832364294903
254 3.46259854508125 0.649202826832044 -0.0772832364294903
254 -1.17000633694349 -1.13844408465077 -0.0772832364294903
255 -0.29379994103081 -0.755528829927249 -1.12690773612329
255 0.46047879943557 -0.686602386297245 -1.12690773612329
255 1.168450957381 -1.40151158151142 -1.12690773612329
255 0.741355364079474 1.25303602331319 -1.12690773612329
255 -0.888773696789318 0.340689574385778 -1.12690773612329
255 1.59068723205153 -0.319445555723818 -1.12690773612329
255 1.12273310778138 -0.313226726634741 -1.12690773612329
255 -0.245446135617459 0.286610597838192 -1.12690773612329
255 -2.7351530728727 -0.919736327855026 -1.12690773612329
255 1.21332745992519 -0.398164664670802 -1.12690773612329
255 -0.818724905816175 -0.627694065904742 -1.12690773612329
255 1.1324793727768 0.39214384580889 -1.12690773612329
255 1.99078876097819 1.14293181490932 -1.12690773612329
255 0.290410532979553 2.1686644611116 -1.12690773612329
255 3.10731035679127 1.41992408060879 -1.12690773612329
255 -1.10001096334124 -1.75848974145245 -1.12690773612329
255 -0.187858018285865 0.527216774275348 -1.12690773612329
255 1.64652186356246 0.83586940097236 -1.12690773612329
255 2.07015263127902 0.374185648094396 -1.12690773612329
255 0.153881747068213 -0.487932676702357 -1.12690773612329
255 -0.605154849262306 -1.10555828843632 -1.12690773612329
255 1.51304334329056 -0.213883838881159 -1.12690773612329
255 1.85164503448953 1.28554131252556 -1.12690773612329
255 -0.611259984130621 -1.03903884984609 -1.12690773612329
256 -0.393996762110163 0.136300751542241 0.98699583188424
256 2.63433270804375 -1.7569754011667 0.98699583188424
256 0.421316302575288 0.537666240698484 0.98699583188424
256 2.82516185397507 -1.23310146273311 0.98699583188424
256 2.11434963212226 0.764644870827651 0.98699583188424
256 2.10762222539587 0.775345230731993 0.98699583188424
256 2.4862532330184 -0.158663256481394 0.98699583188424
256 1.84986592775972 0.934783026580828 0.98699583188424
257 1.26199621526268 -0.14600842890783 0.795703144906651
257 0.0973642608632041 -1.06749655703961 0.795703144906651
257 -0.763632896304638 -0.0310176898743365 0.795703144906651
257 -1.51343620241915 1.46034294505482 0.795703144906651
257 0.0774411161247713 0.367352439523822 0.795703144906651
257 -0.567623380357467 -1.00462671002484 0.795703144906651
257 0.846996950539073 0.525366221266179 0.795703144906651
257 -0.91689396206253 0.626337910617438 0.795703144906651
257 0.132493013174947 1.06171252687191 0.795703144906651
257 1.09060744380849 0.180983429141227 0.795703144906651
257 1.18237194477539 -0.890580445339461 0.795703144906651
257 0.866311283015973 1.55843691935506 0.795703144906651
257 1.52493849517981 -0.548338971429917 0.795703144906651
257 0.244806699857876 -1.17824279962429 0.795703144906651
257 -2.13552140252362 0.418440824579622 0.795703144906651
257 1.08873907249233 -1.04039994167782 0.795703144906651
257 0.354633913715954 0.808910138227056 0.795703144906651
257 -0.923523885125413 -0.266749921529438 0.795703144906651
257 0.175638178016163 -2.10445391429442 0.795703144906651
257 -0.768472864727408 -0.419488200425924 0.795703144906651
257 -2.63153069817684 1.36932141918035 0.795703144906651
257 0.494217327975191 -1.02129072691035 0.795703144906651
257 1.96390580873805 -0.17088242514793 0.795703144906651
257 0.161188360163125 1.51237195840867 0.795703144906651
258 3.17587649450095 -0.348047406544191 0.451454130167754
258 0.964178299299083 -1.04652173755182 0.451454130167754
258 3.30204263086345 -0.908645083081585 0.451454130167754
258 0.344188754879284 0.749980127363211 0.451454130167754
258 3.46518560594107 1.65973052149179 0.451454130167754
258 5.24662347849408 0.673704517813363 0.451454130167754
258 2.68873223821505 -1.05440809535893 0.451454130167754
258 0.297656410000585 0.274207155868164 0.451454130167754
259 1.73728979036347 1.59108386963761 0.0883160317260387
259 -0.354673214970224 0.593670200462602 0.0883160317260387
259 -0.755882209329421 -0.581755373198326 0.0883160317260387
259 3.08824952762374 -0.811150894859304 0.0883160317260387
259 1.33811403094742 -1.36077447412918 0.0883160317260387
259 -0.504505727934807 -1.17001938513457 0.0883160317260387
259 1.93747689387223 0.158041986848495 0.0883160317260387
259 -0.866583827272999 -1.16095891594203 0.0883160317260387
259 3.19994840201099 1.90100044447277 0.0883160317260387
259 4.0634784488122 -0.205116384033713 0.0883160317260387
259 0.942614875918957 0.957624286879905 0.0883160317260387
259 -1.01200471343262 -0.6455434596447 0.0883160317260387
259 -1.4575936720481 0.191160276961187 0.0883160317260387
259 0.0187567326976291 0.0336791699717681 0.0883160317260387
259 2.42412396831651 0.0106144694198866 0.0883160317260387
259 1.05005656010348 2.01781570649617 0.0883160317260387
259 0.208265021429179 0.38927933589358 0.0883160317260387
259 0.784822798764225 -0.546912999387175 0.0883160317260387
259 0.147448634976691 -2.04714037091386 0.0883160317260387
259 0.55828311964173 0.19307220361509 0.0883160317260387
259 2.25546679215472 0.371800723366651 0.0883160317260387
259 1.2281064222405 -0.521431087900199 0.0883160317260387
259 0.21713192037577 0.0638460110506453 0.0883160317260387
259 -1.8625598225402 0.578114660066702 0.0883160317260387
260 -0.897344673422544 -1.96794269600839 0.0903329461888097
260 0.533236260009167 0.331658443276 0.0903329461888097
260 4.94686259540992 0.854482656850934 0.0903329461888097
260 2.23368064442406 -0.9450829136405 0.0903329461888097
260 0.251281863009867 -0.19094036595441 0.0903329461888097
260 1.04065940467658 0.90633301535927 0.0903329461888097
260 5.09822865428027 0.61625893403121 0.0903329461888097
260 2.94688184081013 0.395232926085886 0.0903329461888097
261 0.715725733548358 -0.76424760760929 -2.45637397480046
261 3.021036268757 0.0392729296096823 -2.45637397480046
261 0.734607507938849 0.171992361792776 -2.45637397480046
261 -0.989256046794508 -2.13569799787511 -2.45637397480046
261 2.46237439227034 -0.931513157103382 -2.45637397480046
261 0.366887263700207 0.760205244902692 -2.45637397480046
261 2.41580479580304 1.96227951891623 -2.45637397480046
261 -0.489470699926762 -0.101804254031498 -2.45637397480046
261 2.52321412189998 -0.438316597132241 -2.45637397480046
261 0.111136825718595 -0.811679081852471 -2.45637397480046
261 -0.238910347291899 -0.681607397991316 -2.45637397480046
261 -1.21655448081344 -1.48335979299339 -2.45637397480046
261 0.339397400762401 0.313560358747863 -2.45637397480046
261 1.10517848214076 0.0765411637863612 -2.45637397480046
261 0.78980542969098 0.893446215447363 -2.45637397480046
261 -0.100773948569019 0.374950895898704 -2.45637397480046
261 -2.21257435939658 0.231672159691664 -2.45637397480046
261 2.69022581760385 1.65865465883422 -2.45637397480046
261 2.27796215792566 -0.11379964151629 -2.45637397480046
261 2.57903318017746 1.53579529714218 -2.45637397480046
261 -0.867856775427212 -0.044630901335143 -2.45637397480046
261 -0.19807602100844 1.14534933047893 -2.45637397480046
261 2.07421862869529 -0.610600688425476 -2.45637397480046
261 0.674847776122479 -1.04646301738306 -2.45637397480046
262 1.24907916468133 -0.0889872316532577 -0.671791941906299
262 0.295709700352764 0.836655159467349 -0.671791941906299
262 1.5551827119626 0.72021132854886 -0.671791941906299
262 3.2354942816669 1.62136591298757 -0.671791941906299
262 0.345891146048828 -1.4137209353446 -0.671791941906299
262 3.40519979157644 -0.932794320061718 -0.671791941906299
262 2.5112350021764 -0.368075119100628 -0.671791941906299
262 2.02517532371777 -0.374654794843577 -0.671791941906299
263 -0.510144078968104 -0.9889256148045 -1.14539687396497
263 1.59942346888587 0.409191160533396 -1.14539687396497
263 -1.32992698069282 0.613472956571857 -1.14539687396497
263 -1.51970021196363 -0.936483563693475 -1.14539687396497
263 0.60838579666568 0.865378406472388 -1.14539687396497
263 -0.909097148322954 -2.42426342915239 -1.14539687396497
263 -0.973485123277066 -0.177205294040843 -1.14539687396497
263 -0.54218315964931 0.366883261691637 -1.14539687396497
263 2.03753999342892 0.313854058449251 -1.14539687396497
263 -0.29308582564401 1.7077400479477 -1.14539687396497
263 -1.31701599358682 -1.13602728867248 -1.14539687396497
263 -1.31143561879766 0.477132758556601 -1.14539687396497
263 -0.41313330416734 1.06812330622714 -1.14539687396497
263 -1.58113426012713 -1.23994312791902 -1.14539687396497
263 -0.0862340512306411 -0.14160518838332 -1.14539687396497
263 -1.80504401915667 -0.379163120629737 -1.14539687396497
263 0.810655699633583 0.923064850939731 -1.14539687396497
263 -1.65466067588833 -1.39195741561288 -1.14539687396497
263 2.55660146324705 -0.529262224143032 -1.14539687396497
263 3.10911223710484 1.35113757989838 -1.14539687396497
263 2.10795634728484 -0.255438942510197 -1.14539687396497
263 -0.967089633533513 0.579284443473785 -1.14539687396497
263 -1.54522363676149 -0.133360455235097 -1.14539687396497
263 5.79757075336384 1.0583728340351 -1.14539687396497
264 -0.442972817624148 -1.45525368826234 1.18965571761759
264 1.42559552686794 0.694655338993437 1.18965571761759
264 3.24730193620705 0.56044055368854 1.18965571761759
264 1.74122434171369 0.616079240146967 1.18965571761759
264 3.83953237971366 1.53797743040506 1.18965571761759
264 0.750495276363065 -0.620661414736677 1.18965571761759
264 2.41740192749625 -0.484016447022843 1.18965571761759
264 2.24715821386738 -0.849221013212146 1.18965571761759
265 -1.79936979403545 0.0512499413114065 0.0837620446739734
265 0.0389458527299835 1.12179862711286 0.0837620446739734
265 0.747193749473714 -0.680298196526082 0.0837620446739734
265 -0.885942345881904 1.40097532631018 0.0837620446739734
265 -0.0811948981583113 0.315354687939593 0.0837620446739734
265 0.196459524730004 -0.972086843606067 0.0837620446739734
265 1.2959117804812 -1.30065119702844 0.0837620446739734
265 -1.35957910287477 1.08445750612814 0.0837620446739734
265 -1.0030343183642 -0.355276054660716 0.0837620446739734
265 1.35335741128863 0.421083106886297 0.0837620446739734
265 0.328187601617276 -0.127339537798242 0.0837620446739734
265 1.23605226939797 -0.0821035143482717 0.0837620446739734
265 0.102580467178227 1.65005626259429 0.0837620446739734
265 0.0176614031441416 0.462699775631724 0.0837620446739734
265 1.42080382203123 -1.13333353828593 0.0837620446739734
265 -1.18248758527399 2.50389075420934 0.0837620446739734
265 2.82570976608258 -0.45629611979338 0.0837620446739734
265 -1.52204592373901 0.0597867992475557 0.0837620446739734
265 -1.80163169007873 -1.57420042726316 0.0837620446739734
265 -0.0410020485875108 -0.70296610908766 0.0837620446739734
265 1.30193357073631 0.223706054215198 0.0837620446739734
265 -1.92443837499608 -0.83873822863613 0.0837620446739734
265 0.499703774660698 -0.725834720855866 0.0837620446739734
265 1.20676880701821 -0.345934353696635 0.0837620446739734
266 1.34143032209983 1.25394926253488 1.74577387856337
266 -0.500188502958015 1.03992537251932 1.74577387856337
266 1.65703419635153 -1.13735604305152 1.74577387856337
266 0.421209438645758 -1.19531114493755 1.74577387856337
266 -0.0668343984558158 -0.417717417092848 1.74577387856337
266 3.29676781534608 1.10100395226938 1.74577387856337
266 2.41743081787774 -0.200930927319116 1.74577387856337
266 0.950213514874888 -0.443563054922542 1.74577387856337
267 1.02510189195159 0.203311644938122 -0.0194533834266936
267 1.81069452206042 -1.27599546474419 -0.0194533834266936
267 -3.37596317175867 1.37940195872532 -0.0194533834266936
267 1.16205522216361 0.37393885124112 -0.0194533834266936
267 1.42376250355432 -1.06325272452577 -0.0194533834266936
267 1.65645468628945 -0.53975531227601 -0.0194533834266936
267 2.40434903039467 -0.808871717772868 -0.0194533834266936
267 -0.121560560135948 -0.722522757540156 -0.0194533834266936
267 -0.981044913017986 -0.719858521503302 -0.0194533834266936
267 3.72268720176773 1.3351906896973 -0.0194533834266936
267 -0.87657255894614 0.169216467046709 -0.0194533834266936
267 -0.0642491375909377 -1.36328882489453 -0.0194533834266936
267 -1.27729453183951 -0.47018564585339 -0.0194533834266936
267 -2.64903019509633 -0.184485371834422 -0.0194533834266936
267 -4.02013196408315 1.53323286217027 -0.0194533834266936
267 0.910663659017176 -2.33225965376263 -0.0194533834266936
267 -2.39919780005437 0.971727685802847 -0.0194533834266936
267 0.559912149569138 0.204902456277387 -0.0194533834266936
267 0.564533396787525 1.11892967256285 -0.0194533834266936
267 1.4721987981267 0.144845027987192 -0.0194533834266936
267 2.59236240672422 0.0812742800854175 -0.0194533834266936
267 2.41072274164635 0.127614216129052 -0.0194533834266936
267 1.39788485817602 1.41195269238536 -0.0194533834266936
267 -0.379046064025842 0.424937489658323 -0.0194533834266936
268 -1.85492296509689 -1.17973080015915 -0.562268383751195
268 1.58800221808347 0.308606315367377 -0.562268383751195
268 4.78257970626429 1.64675267718996 -0.562268383751195
268 -1.1661992156123 0.260419005662725 -0.562268383751195
268 3.04271610986379 0.302009694675564 -0.562268383751195
268 -0.614725103535965 -1.59168128678147 -0.562268383751195
268 0.361740150654708 -0.0688445201288555 -0.562268383751195
268 0.204333885517084 0.322468914173854 -0.562268383751195
269 1.56143421566064 -0.0865714550003832 -0.673115598983118
269 1.00236335417096 -0.75322496136011 -0.673115598983118
269 3.76941268880512 -0.740839985215503 -0.673115598983118
269 3.07218393064811 0.18603208613602 -0.673115598983118
269 0.882449855793938 -0.422093435604286 -0.673115598983118
269 1.45944425870213 1.56815329474754 -0.673115598983118
269 2.12625054623732 -0.262413857942011 -0.673115598983118
269 2.22255784769888 -0.743476804630195 -0.673115598983118
269 -1.22263393162633 -0.828228148945216 -0.673115598983118
269 -0.269762590033658 -0.51500690676467 -0.673115598983118
269 2.33595516407265 2.79997626944555 -0.673115598983118
269 -0.000220466139983833 0.28130409378741 -0.673115598983118
269 1.18903198886674 -0.800136052555181 -0.673115598983118
269 3.37840698054165 0.365747958925375 -0.673115598983118
269 4.01861432948022 -0.012047102519995 -0.673115598983118
269 1.6711738728253 -0.171162717560856 -0.673115598983118
269 1.74726508675822 0.215388590947525 -0.673115598983118
269 2.93462266375168 0.559444154228832 -0.673115598983118
269 -0.0554094413692472 1.03289306171877 -0.673115598983118
269 -1.10774848386646 -0.437412520267157 -0.673115598983118
269 -0.913296971012589 -0.740903668331047 -0.673115598983118
269 2.72947723268433 -0.740111570773349 -0.673115598983118
269 0.364488138053976 -1.63335835955865 -0.673115598983118
269 4.00357614402723 1.87804803709159 -0.673115598983118
270 1.49315113059836 -0.805672165452807 -0.275670451853731
270 2.18155247916064 0.81906427998196 -0.275670451853731
270 -0.960902369120327 -0.579437464514182 -0.275670451853731
270 0.470541329725494 -1.4350137798562 -0.275670451853731
270 -0.0754222936074858 0.177891369094503 -0.275670451853731
270 -0.304483461924705 1.7557981469546 -0.275670451853731
270 2.73350993369109 0.323746816588504 -0.275670451853731
270 1.89012957385205 -0.256377202796374 -0.275670451853731
271 0.866874976324913 0.244341682546412 -0.84609461393151
271 1.88723777005303 1.0360823793489 -0.84609461393151
271 2.16323027286407 -0.139546839136793 -0.84609461393151
271 -2.90562147158909 -2.83648423908766 -0.84609461393151
271 -0.411069240728281 -0.30662821213653 -0.84609461393151
271 -1.0153837451744 -0.860306194484076 -0.84609461393151
271 0.782236545149385 0.914446543208384 -0.84609461393151
271 -2.16671582441895 -1.0724669083534 -0.84609461393151
271 2.11669218007273 0.322041484480135 -0.84609461393151
271 1.82739138409547 0.65154184892895 -0.84609461393151
271 -2.07043370365009 -0.463152268598528 -0.84609461393151
271 1.80011272716566 1.96419749974746 -0.84609461393151
271 -0.0475637276996841 0.540339728501893 -0.84609461393151
271 -0.695230300730295 1.22038607308072 -0.84609461393151
271 -2.09127746195252 -0.508814639150899 -0.84609461393151
271 0.277569094835854 0.223972637173102 -0.84609461393151
271 0.974959231162674 0.331363955034978 -0.84609461393151
271 -1.19163231172993 -1.17266166753025 -0.84609461393151
271 -0.82718375520376 -0.55675567947839 -0.84609461393151
271 -2.52899222128113 -0.794227819510971 -0.84609461393151
271 2.27554478049997 1.08819164011737 -0.84609461393151
271 -0.443763914395776 0.69282009537047 -0.84609461393151
271 -2.32669848651275 -0.07821024690915 -0.84609461393151
271 2.10831521717285 -0.440470853162125 -0.84609461393151
272 -1.32833268760032 -0.947112449496205 0.0894511906140773
272 -1.99278015001967 -0.553561822032834 0.0894511906140773
272 -3.29780307566947 0.376118186020929 0.0894511906140773
272 -0.554115545742567 1.28575404119441 0.0894511906140773
272 -1.0206604180151 -0.488832659348486 0.0894511906140773
272 -0.554414058912481 0.872952584165528 0.0894511906140773
272 -1.15070893524788 0.921541544266789 0.0894511906140773
272 -1.73411272142574 -1.46685942477013 0.0894511906140773
273 3.21773627424448 0.885540368102861 0.866316468194909
273 2.64498133717089 0.301981761645016 0.866316468194909
273 1.02247867570953 -0.0895144768951992 0.866316468194909
273 0.734705197159569 1.12914346457925 0.866316468194909
273 1.31357644915786 -0.419095357879195 0.866316468194909
273 2.95265312919647 -0.723801797708564 0.866316468194909
273 3.03906407342415 0.0542802703744852 0.866316468194909
273 3.94711477507812 0.390862010246249 0.866316468194909
273 1.99857732456909 -0.85820209037643 0.866316468194909
273 1.98101258810892 -1.34894726708998 0.866316468194909
273 2.04295657865062 0.636425079660935 0.866316468194909
273 0.0147127038310906 2.03311803322946 0.866316468194909
273 -0.218684875170518 0.915336627999925 0.866316468194909
273 1.40849488123981 0.166068671677246 0.866316468194909
273 2.21642357721595 0.163969432894144 0.866316468194909
273 2.07432465939472 0.828558096099519 0.866316468194909
273 5.3580900318374 -1.35080875816511 0.866316468194909
273 1.17076947920477 -0.410257876399083 0.866316468194909
273 1.52149892769252 0.324703687899619 0.866316468194909
273 3.37628793207419 0.435387930163518 0.866316468194909
273 -0.328976037263845 -0.123371105841437 0.866316468194909
273 -0.094739106790229 -1.11820078437581 0.866316468194909
273 0.638591014847393 -2.65761754562836 0.866316468194909
273 2.71039775160126 0.834441625786936 0.866316468194909
274 2.8878928598956 -0.384451302706353 1.22457820967359
274 3.95009882131148 -0.354284443536206 1.22457820967359
274 2.10265238569041 -0.871189680934343 1.22457820967359
274 3.50468561858891 1.97503431227773 1.22457820967359
274 1.25326064829165 -0.263227180826476 1.22457820967359
274 1.53929383947936 -0.723714764621865 1.22457820967359
274 3.59591262879405 1.11109086972317 1.22457820967359
274 3.0893412236661 -0.489257809375656 1.22457820967359
275 1.50480084720772 -1.40318594063042 2.90757667915352
275 1.72135526504697 -0.318833778635939 2.90757667915352
275 -0.00078197705774663 1.38320966836241 2.90757667915352
275 -0.925243207834518 -1.20361701159934 2.90757667915352
275 5.35593891374834 0.446778124456533 2.90757667915352
275 3.1388103914903 1.01096608006384 2.90757667915352
275 0.774000657348543 1.66518453311197 2.90757667915352
275 0.533326183046988 -1.82837169542911 2.90757667915352
275 4.00059118719754 0.0683102432951972 2.90757667915352
275 3.4736134084931 -0.112034335865619 2.90757667915352
275 2.97439201169437 0.0303501045758854 2.90757667915352
275 1.43276671930288 -1.30945893220158 2.90757667915352
275 1.18282954549125 0.155010284313443 2.90757667915352
275 -0.475092273731418 -1.17565071751499 2.90757667915352
275 1.72892957344099 0.736898901146178 2.90757667915352
275 2.81604451615458 0.0584598637777258 2.90757667915352
275 1.56207829961002 0.752690463094586 2.90757667915352
275 0.124841774559291 1.73869508129426 2.90757667915352
275 1.65414045145254 -1.46770744620498 2.90757667915352
275 3.8153549299994 -0.0337236316716243 2.90757667915352
275 3.3528388000215 0.709332262484822 2.90757667915352
275 3.49193712081168 0.388510472423525 2.90757667915352
275 3.39664927691306 -0.372828757520853 2.90757667915352
275 3.97026164904979 0.0810161648740694 2.90757667915352
276 -0.470884042130386 0.0593688705056055 1.48132198384944
276 4.69900160884487 -0.470618330893646 1.48132198384944
276 2.25764764189122 0.40649015735481 1.48132198384944
276 4.82085875967937 2.23008006806341 1.48132198384944
276 0.642603307278256 -0.953810580876737 1.48132198384944
276 1.01685188560677 -0.112986818463872 1.48132198384944
276 -0.150714066310762 -0.725708816784651 1.48132198384944
276 2.06113640956872 -0.432814548904914 1.48132198384944
277 2.84956608235496 1.65762924024577 -0.0701239164292576
277 1.6061476920646 0.780019326760348 -0.0701239164292576
277 -1.63039715298694 -0.134574068507513 -0.0701239164292576
277 2.10531625104375 0.4006256459763 -0.0701239164292576
277 -1.24090969629776 0.265814023295333 -0.0701239164292576
277 1.49457777196818 0.451657085423221 -0.0701239164292576
277 -0.117378216555453 -0.574621177438345 -0.0701239164292576
277 -0.58446464506082 -1.75082609841286 -0.0701239164292576
277 0.777173893900363 -0.671907402869634 -0.0701239164292576
277 -0.461433508313315 -1.84818538996682 -0.0701239164292576
277 0.763042512621755 0.242446799562626 -0.0701239164292576
277 2.70384603825219 -0.523144172742606 -0.0701239164292576
277 1.6867695587797 -0.0242278139661833 -0.0701239164292576
277 2.60676870792232 1.6051028326837 -0.0701239164292576
277 -1.46198558952061 0.943317746932357 -0.0701239164292576
277 4.1984866024319 0.929465159329276 -0.0701239164292576
277 2.78407693714362 0.747129121072392 -0.0701239164292576
277 1.87333782264702 0.409906392774361 -0.0701239164292576
277 -1.7255368453103 -1.54326074387893 -0.0701239164292576
277 1.04806838815139 -1.34842284671371 -0.0701239164292576
277 0.186484928613966 0.0295772894256074 -0.0701239164292576
277 -0.453006721484393 0.930892996583705 -0.0701239164292576
277 2.14892652689924 -1.19299921548597 -0.0701239164292576
277 4.72875581912623 0.218585269917592 -0.0701239164292576
278 0.382209384762779 -1.21138644356855 -0.527722509811216
278 -0.471617283571674 -0.103731634567572 -0.527722509811216
278 1.77636984317514 -0.230393429299358 -0.527722509811216
278 1.05397935682094 1.75226587178037 -0.527722509811216
278 0.426534654599704 -0.224944073540417 -0.527722509811216
278 -0.887084089435616 -1.21515804720746 -0.527722509811216
278 2.79756190774374 0.381638184495625 -0.527722509811216
278 1.52549939838066 0.851709571907358 -0.527722509811216
279 2.13220610144759 -0.249411323070435 0.391329014226045
279 1.84480529912091 -0.93565470439997 0.391329014226045
279 0.896862507528591 0.328101247292496 0.391329014226045
279 2.25128371274893 -0.314608287270595 0.391329014226045
279 1.8721244559153 -0.0377741982515145 0.391329014226045
279 0.895034650674338 -0.612094770523815 0.391329014226045
279 -1.45739099218265 -0.1791847631285 0.391329014226045
279 2.65075597730062 -1.45042789006159 0.391329014226045
279 -1.87150987245964 0.859757171923283 0.391329014226045
279 3.69190066480529 1.0541652912044 0.391329014226045
279 -0.172287512539767 -2.52680305227707 0.391329014226045
279 2.4857657583724 2.46386255045504 0.391329014226045
279 4.07212059544858 0.599855897501782 0.391329014226045
279 2.98789937696528 -0.00360401217546788 0.391329014226045
279 1.09075913229336 1.34719711127804 0.391329014226045
279 3.68212330412401 0.350986261223093 0.391329014226045
279 1.3272903746415 -0.426176037319401 0.391329014226045
279 0.950085400092917 0.0041404804515984 0.391329014226045
279 2.08717433915951 0.422073959687515 0.391329014226045
279 1.77401994320019 -1.00418425160338 0.391329014226045
279 1.09225473901966 0.922123025877382 0.391329014226045
279 3.39466467947915 0.0133497606159517 0.391329014226045
279 -0.570898880523461 -0.71633035388982 0.391329014226045
279 3.64688287043627 0.0906408864609772 0.391329014226045
280 2.013798183571 1.60901671991414 -1.90859506662215
280 0.344547392023591 -0.289497559782858 -1.90859506662215
280 -1.07071944499912 0.465670246010841 -1.90859506662215
280 0.67258026129269 1.01197647262395 -1.90859506662215
280 0.721583764435939 -1.18788043193671 -1.90859506662215
280 -0.444493771977875 -1.25667570607139 -1.90859506662215
280 -2.9393988348028 -0.306402205681144 -1.90859506662215
280 -0.484104856158254 -0.0462075350768267 -1.90859506662215
281 1.05387545848739 -1.35492900210896 -0.893773087322979
281 -0.444146874170455 -0.0583027974117526 -0.893773087322979
281 2.14254691478349 -0.349865097844853 -0.893773087322979
281 1.78441196151667 -1.07501084903227 -0.893773087322979
281 0.824857298780655 -2.55924950100058 -0.893773087322979
281 0.736017275459328 0.64416321905048 -0.893773087322979
281 -2.96951046096506 -0.315754846215839 -0.893773087322979
281 -2.61287934830988 0.44599252132963 -0.893773087322979
281 -0.143525621665468 -0.363230221409707 -0.893773087322979
281 -3.20942241497426 0.818700696791612 -0.893773087322979
281 1.84089754235559 1.20125512599472 -0.893773087322979
281 2.35265424930777 0.214209593974885 -0.893773087322979
281 3.08559784704571 0.293848292440218 -0.893773087322979
281 1.70645278080606 0.913988607112325 -0.893773087322979
281 -1.64845669135108 1.60288645027598 -0.893773087322979
281 2.73022694357316 1.33241360608645 -0.893773087322979
281 -0.57872977330108 -0.40036674917343 -0.893773087322979
281 -2.31947654376547 -1.61656284607118 -0.893773087322979
281 -0.322251063706788 -0.342813436638835 -0.893773087322979
281 0.899617832730853 1.37534574563791 -0.893773087322979
281 1.28039861326857 -0.222324942577837 -0.893773087322979
281 2.48341369984822 -0.0706772343909736 -0.893773087322979
281 -0.713031264315416 -0.387346160075736 -0.893773087322979
281 1.24687507166289 0.273629825257747 -0.893773087322979
282 -0.119199848542089 -1.9947369942046 0.7528301438126
282 2.50225969452319 0.800685908176545 0.7528301438126
282 0.0302647245032812 -0.153703702632815 0.7528301438126
282 -2.03189689089777 -0.518763335954432 0.7528301438126
282 3.74393315826219 1.28514567673734 0.7528301438126
282 -1.24508836404297 0.592906577440425 0.7528301438126
282 0.613964177592692 -0.210684164341398 0.7528301438126
282 -2.24475343268367 0.199150034778935 0.7528301438126
283 2.01295390296851 -0.311178900666904 -0.586505136559276
283 3.75131927678339 -0.409321161312453 -0.586505136559276
283 3.29190095532432 -0.956191628852037 -0.586505136559276
283 2.56388750756893 0.270991597277639 -0.586505136559276
283 -1.53316893037658 -0.20781136249529 -0.586505136559276
283 2.83143938422423 0.904348438768748 -0.586505136559276
283 1.02836297145399 -0.991034681654102 -0.586505136559276
283 3.4028579402207 1.6005709318276 -0.586505136559276
283 1.82251346555097 0.794692027419738 -0.586505136559276
283 3.42926593732922 0.942278539882702 -0.586505136559276
283 0.935456027087795 -0.921492212762319 -0.586505136559276
283 1.15736411308973 0.172611882404077 -0.586505136559276
283 2.58827045090682 2.07542718613577 -0.586505136559276
283 1.98778326853356 -2.28753595213722 -0.586505136559276
283 4.62230325416384 0.255244126072443 -0.586505136559276
283 1.83723990206374 -0.227301532214568 -0.586505136559276
283 1.88143387214151 -0.338525774845564 -0.586505136559276
283 3.90816718518275 0.492710810480636 -0.586505136559276
283 3.39745818364506 0.813961737198872 -0.586505136559276
283 -2.37208689186117 -1.52409413279484 -0.586505136559276
283 1.64651014761212 0.273357209420947 -0.586505136559276
283 0.929047677024095 0.83768756533792 -0.586505136559276
283 2.09071554262157 -0.196550406921317 -0.586505136559276
283 1.54766745238457 -1.06284430557047 -0.586505136559276
284 0.315707666905354 -1.40024238085842 1.11725451354442
284 1.40317244277617 0.427530726670173 1.11725451354442
284 0.845062268248536 1.22166186434198 1.11725451354442
284 3.61224260561934 1.08625537778151 1.11725451354442
284 1.04381254649247 0.267649192641065 1.11725451354442
284 1.87649757798944 -0.570102040878463 1.11725451354442
284 2.29660531402749 0.275516538959489 1.11725451354442
284 -0.183582287072673 -1.30826927865734 1.11725451354442
285 0.0391019601104206 1.13811418487236 -0.821815050169739
285 1.39537135619125 0.716421506828985 -0.821815050169739
285 0.653192748218925 -0.682528228532897 -0.821815050169739
285 2.84459487235359 1.78212781923157 -0.821815050169739
285 3.72462377139903 1.15034411528787 -0.821815050169739
285 1.50783091734547 -0.475734773956855 -0.821815050169739
285 1.87772925637046 0.229536097233498 -0.821815050169739
285 5.25324680274285 -0.530224560967134 -0.821815050169739
285 0.162906323127483 -0.312705586971667 -0.821815050169739
285 2.67025948189481 -0.000991749784320556 -0.821815050169739
285 0.255151594912977 -0.00685947463825897 -0.821815050169739
285 0.566537448882483 -0.391925479808832 -0.821815050169739
285 3.83890425058793 2.02954960733699 -0.821815050169739
285 -0.60922216108124 -0.45458132294463 -0.821815050169739
285 1.66002207436272 0.622010371839311 -0.821815050169739
285 3.8195972781875 -0.239847015392389 -0.821815050169739
285 0.920950237260351 0.734516754022488 -0.821815050169739
285 0.507738788145043 -0.930318373662247 -0.821815050169739
285 -0.495937815704782 -2.10651019168848 -0.821815050169739
285 1.09064758537499 -1.42061833962154 -0.821815050169739
285 0.87476302706726 -1.56480565706972 -0.821815050169739
285 0.105395595053377 0.129827590780122 -0.821815050169739
285 1.50364675233764 0.564025733723326 -0.821815050169739
285 -0.0615020933002797 0.0211769738824374 -0.821815050169739
286 1.47570496144741 0.313311683434261 -0.943211848998585
286 0.717015268252717 -0.237902139459882 -0.943211848998585
286 1.85588080824606 0.213598537043741 -0.943211848998585
286 1.15145486682229 -0.196212756951267 -0.943211848998585
286 2.43347760244908 -1.86383813247648 -0.943211848998585
286 1.13900034322428 -0.0213465481588719 -0.943211848998585
286 3.48580730547235 1.81282887961121 -0.943211848998585
286 1.35871266636275 -0.0204395230427138 -0.943211848998585
287 0.367100947493169 0.742160287524748 0.935231565647063
287 0.895710501679336 1.27675172597162 0.935231565647063
287 1.4947848038244 -0.23676062112204 0.935231565647063
287 0.656915055561295 1.49934934396939 0.935231565647063
287 3.62670038091269 -1.11683355871719 0.935231565647063
287 1.89384103393807 0.228760070220926 0.935231565647063
287 0.892042736492905 -0.384062599794787 0.935231565647063
287 1.73314665705333 -0.998531059009041 0.935231565647063
287 2.00579476518437 0.185847101863669 0.935231565647063
287 -0.46778737567996 1.21553771151899 0.935231565647063
287 -1.12999456706735 -0.388412992313177 0.935231565647063
287 2.68291675504294 -1.03145229980123 0.935231565647063
287 1.46430556097539 -1.4829419894534 0.935231565647063
287 0.743326266687476 0.694752046310654 0.935231565647063
287 1.91231482286822 -1.26567179402199 0.935231565647063
287 0.0538642684562407 0.306889365366829 0.935231565647063
287 0.0272511914312876 -1.09700539922637 0.935231565647063
287 -2.63642430922979 -0.144212762986595 0.935231565647063
287 1.92784900122592 1.12796053804632 0.935231565647063
287 1.54139728922377 -0.0292136113006996 0.935231565647063
287 0.254087519138857 -1.22341068953077 0.935231565647063
287 1.35754836935261 -0.437229120375418 0.935231565647063
287 1.871347574261 0.410018931777853 0.935231565647063
287 -0.979719370300888 2.14771137508172 0.935231565647063
288 -1.00871635274039 0.890799014900258 2.4371756467797
288 2.28534413237227 1.50477786603391 2.4371756467797
288 1.51952193396949 0.41193498002679 2.4371756467797
288 2.51284613102014 -1.58574238744091 2.4371756467797
288 -0.377957210781914 0.0475182244123301 2.4371756467797
288 2.78369849755327 -0.527108201502912 2.4371756467797
288 1.04252927673287 0.221504169087674 2.4371756467797
288 -0.972710765546902 -0.963683665517135 2.4371756467797
289 4.63313811895271 0.120244265869506 0.0212434146922775
289 5.99420959884413 1.43862171480415 0.0212434146922775
289 1.79484238575537 -0.595022755034668 0.0212434146922775
289 1.3569744345961 -0.974609636030564 0.0212434146922775
289 3.26444968929056 -0.1178450241766 0.0212434146922775
289 2.39991071253114 0.968118694807474 0.0212434146922775
289 7.31533438967929 0.571215692821479 0.0212434146922775
289 5.24839105099053 1.35047906047107 0.0212434146922775
289 2.54448197605136 0.0259508125225676 0.0212434146922775
289 2.78199175541676 -1.50402785161519 0.0212434146922775
289 1.39480439755273 -0.814664169927709 0.0212434146922775
289 4.02254382103104 1.53432372205718 0.0212434146922775
289 -1.03895206031127 -1.20274895485424 0.0212434146922775
289 -0.160111709417375 1.30772014014432 0.0212434146922775
289 -2.85913898734981 -1.6407198700936 0.0212434146922775
289 4.91610210730637 -0.104825691902889 0.0212434146922775
289 0.0731984507256123 -0.583586674482538 0.0212434146922775
289 4.52013803445044 0.123396479543308 0.0212434146922775
289 1.39844838809256 -0.024594094370299 0.0212434146922775
289 1.70718834272203 -1.04234381932637 0.0212434146922775
289 2.49020455736686 0.0511120220547504 0.0212434146922775
289 1.81577723316594 -0.277166225174536 0.0212434146922775
289 3.105474299291 -0.504672711320002 0.0212434146922775
289 6.10919315457904 1.8956448732134 0.0212434146922775
290 1.20696754879463 -1.58522982458012 -0.229341994258351
290 2.771717715456 1.51088598212622 -0.229341994258351
290 0.84977074236028 0.43096219841399 -0.229341994258351
290 0.462563574217923 -0.146058735156527 -0.229341994258351
290 2.12346905509737 0.773079694734296 -0.229341994258351
290 1.58111626053001 -0.741549624661963 -0.229341994258351
290 1.63308096261295 -0.761496487733389 -0.229341994258351
290 0.195509706453805 0.519406796857489 -0.229341994258351
291 1.59031073495869 -0.783813036902273 0.290514335122102
291 0.455571562053559 0.300445358876784 0.290514335122102
291 1.60511686186453 -0.023384443018409 0.290514335122102
291 0.898824013957559 1.44322922853047 0.290514335122102
291 0.899417194280237 0.0173888969349666 0.290514335122102
291 3.92965525702918 0.910206378185813 0.290514335122102
291 1.76616917069766 0.468281246363329 0.290514335122102
291 2.7820746014873 -0.424063477166362 0.290514335122102
291 2.54979776324199 -0.140949757043597 0.290514335122102
291 1.40751176739988 0.0877401474435468 0.290514335122102
291 1.79066236447247 -2.17706375541249 0.290514335122102
291 1.32028941920393 -0.0840650982369883 0.290514335122102
291 3.50526229202665 -0.524601630835346 0.290514335122102
291 1.94976865969858 -1.20030243749973 0.290514335122102
291 0.435131452477606 0.0235873777604707 0.290514335122102
291 2.05184864457125 0.288506881356631 0.290514335122102
291 1.62341098779026 -0.86558052437855 0.290514335122102
291 1.86878687434721 0.818511164800492 0.290514335122102
291 2.85194955713211 -0.432949847246668 0.290514335122102
291 -0.378460699197137 1.21541498321614 0.290514335122102
291 -0.12395512849428 -1.09823017105598 0.290514335122102
291 -1.02119010095096 -0.213419879759638 0.290514335122102
291 4.13703032244416 2.81097561269821 0.290514335122102
291 0.808952664598522 -0.415863217610827 0.290514335122102
292 3.76569951324832 0.53073216963725 0.551658983248205
292 4.61850624794087 0.542606826963647 0.551658983248205
292 2.16548650691094 0.157114310871738 0.551658983248205
292 4.0626400597917 0.95864908769221 0.551658983248205
292 3.72974723622118 0.313487213306686 0.551658983248205
292 2.46659308178131 0.231288960254524 0.551658983248205
292 0.181167684865207 -2.25895760960039 0.551658983248205
292 -0.83586079540159 -0.47492095912566 0.551658983248205
293 -0.0226821389627849 -0.208019516209382 -0.41429031151765
293 -0.40365834716312 0.253658418894203 -0.41429031151765
293 1.00412174195098 -1.12879771601242 -0.41429031151765
293 -1.2827476092928 0.0767542178182145 -0.41429031151765
293 0.443950120193657 0.296074042209649 -0.41429031151765
293 -0.407610441099856 -0.205161916445018 -0.41429031151765
293 0.17679976546426 1.21723901613187 -0.41429031151765
293 -4.60755295190427 -0.519788811865312 -0.41429031151765
293 0.71212268263216 2.30634241069709 -0.41429031151765
293 -0.0182805690261079 0.939302104620728 -0.41429031151765
293 3.39307600777675 -0.158239406336017 -0.41429031151765
293 -0.329848881635707 0.754483032469691 -0.41429031151765
293 0.870526030703092 0.41865318407033 -0.41429031151765
293 1.8845986435697 0.57048250376751 -0.41429031151765
293 2.41703635393195 0.909519426648167 -0.41429031151765
293 -4.94723876515415 -1.39864873270647 -0.41429031151765
293 -0.163592804016682 -0.508445122763534 -0.41429031151765
293 -1.90035457882889 -0.272518881425358 -0.41429031151765
293 -2.58443158207763 -0.182145985950929 -0.41429031151765
293 3.40394267994528 0.31975369626172 -0.41429031151765
293 -3.12437109880621 -0.820120396921083 -0.41429031151765
293 -2.57558046736272 -2.69727485165457 -0.41429031151765
293 0.380077461253282 -0.767038141388467 -0.41429031151765
293 0.933932869155151 0.803937426089385 -0.41429031151765
294 2.57387028896632 1.68734767941742 0.785265491001707
294 0.68440272775562 0.295026070459639 0.785265491001707
294 -3.21965572532733 -1.61342774145223 0.785265491001707
294 0.00135430691858152 -0.319037759429018 0.785265491001707
294 2.06682552788384 -0.25404655052774 0.785265491001707
294 2.70532142020439 -0.50160837229949 0.785265491001707
294 3.13814327284215 0.983624264333417 0.785265491001707
294 2.21060480197162 -0.277877590501998 0.785265491001707
295 -0.213759793994848 -0.174494197013078 -0.469345095535046
295 1.78376790951431 0.680616620334603 -0.469345095535046
295 0.8819628452939 1.61675306130482 -0.469345095535046
295 1.80889870835673 0.776286875441337 -0.469345095535046
295 2.49036700304105 0.296393500146772 -0.469345095535046
295 -0.135067802333778 -1.15715389745443 -0.469345095535046
295 -0.192255878729477 -0.41243593596312 -0.469345095535046
295 1.9412119232754 -0.569968148720948 -0.469345095535046
295 5.83125738132529 0.817179634096218 -0.469345095535046
295 3.43721591625069 0.951347478323519 -0.469345095535046
295 2.79702068362858 0.812168886402631 -0.469345095535046
295 1.43968469256956 0.306456011676382 -0.469345095535046
295 0.91803429750973 -0.0212130660230108 -0.469345095535046
295 1.51671282456599 -1.74306416773689 -0.469345095535046
295 1.28918976743813 -1.85864239100096 -0.469345095535046
295 3.93487630894607 0.76133492598508 -0.469345095535046
295 0.843626167289724 -0.174182112448085 -0.469345095535046
295 -2.08826902947999 -0.680588085632626 -0.469345095535046
295 2.70944729996876 0.213073571633462 -0.469345095535046
295 -0.776004283352754 -0.773323660785273 -0.469345095535046
295 2.81586720378386 1.86664813405683 -0.469345095535046
295 -0.29937949275862 0.693302285633499 -0.469345095535046
295 -0.574182490178167 -1.55372638265961 -0.469345095535046
295 -0.970710066987576 -0.672768939597118 -0.469345095535046
296 -0.943005226642678 -0.530017706109314 -0.703339051075404
296 -3.37903465125507 0.650033475107481 -0.703339051075404
296 -0.473183278432075 0.806819232191391 -0.703339051075404
296 0.435711154271567 -0.431879814963633 -0.703339051075404
296 1.46799864036022 1.26791079864415 -0.703339051075404
296 0.314055702816321 -1.83817356829632 -0.703339051075404
296 1.17017766965519 -0.44698256055575 -0.703339051075404
296 1.6631617768885 0.52229014398199 -0.703339051075404
297 0.123657469527297 1.51473392099843 0.348579591712639
297 -0.907916156475666 1.20002821283066 0.348579591712639
297 0.0388637906482959 -0.416451342027388 0.348579591712639
297 -0.0636485730744683 -0.978187335730384 0.348579591712639
297 -2.59636402268458 -0.35706510744094 0.348579591712639
297 2.11172816110831 0.0889144114352243 0.348579591712639
297 -0.0166733435922446 1.62700159139264 0.348579591712639
297 1.78672575530771 0.151562647484145 0.348579591712639
297 0.718261121301206 -0.356485977941967 0.348579591712639
297 2.987043205365 -2.24779865467767 0.348579591712639
297 -0.0991318833372572 -0.144579768386578 0.348579591712639
297 -0.248307017711488 0.662101508194806 0.348579591712639
297 -1.15608469072615 0.843693020043122 0.348579591712639
297 1.381589116777 -0.759052373633746 0.348579591712639
297 0.831260791419413 0.407061370433691 0.348579591712639
297 -1.35594046532149 0.415047113016766 0.348579591712639
297 1.12351170183472 -0.78311086021684 0.348579591712639
297 -1.12449525996533 1.11165677180763 0.348579591712639
297 -0.15844239598934 -1.03233557780062 0.348579591712639
297 -0.71541457128868 -0.647728613629766 0.348579591712639
297 -1.86791908230333 1.65461906646888 0.348579591712639
297 -1.29385002090728 -0.619616750121203 0.348579591712639
297 1.95542671563537 -0.0674075400812874 0.348579591712639
297 0.872030726755784 -1.2665997324176 0.348579591712639
298 0.110411892692765 -0.521732162634472 1.39216163764291
298 3.7728318375339 0.206725710208231 1.39216163764291
298 2.28352218200305 -1.28325017915275 1.39216163764291
298 2.14901867709671 -0.91153676134481 1.39216163764291
298 0.859420884283759 -0.307952973971596 1.39216163764291
298 2.32356641488702 -0.032501361057633 1.39216163764291
298 0.225719352139917 1.582575941819 1.39216163764291
298 1.14162027214596 1.26767178613403 1.39216163764291
299 -1.4090979982424 -0.390998653366696 -0.815082072199817
299 1.79150093762593 -1.4267358985181 -0.815082072199817
299 0.472114396282085 0.766945629541058 -0.815082072199817
299 2.32135093327766 2.0179075231911 -0.815082072199817
299 -0.372032348312547 1.19172390852085 -0.815082072199817
299 1.98992736678183 0.709054146025111 -0.815082072199817
299 -0.704312128987994 -0.110383092821479 -0.815082072199817
299 0.819892565462794 -1.08490675870894 -0.815082072199817
299 -0.786777193387852 -0.0292279215771278 -0.815082072199817
299 1.50480498617404 0.836309772148364 -0.815082072199817
299 2.71836436629562 -1.01198582799891 -0.815082072199817
299 0.637906808419124 -0.523933229797669 -0.815082072199817
299 -0.628069274531917 -0.259639820863772 -0.815082072199817
299 -0.356259014313323 0.524413175995418 -0.815082072199817
299 1.02351979499608 -0.95427319543967 -0.815082072199817
299 1.65535762995763 -0.501655339037049 -0.815082072199817
299 1.0340385071419 0.344366713748257 -0.815082072199817
299 1.05419714623446 0.550731608643336 -0.815082072199817
299 1.58759235205606 0.347304648809052 -0.815082072199817
299 -3.27847339062673 -2.74846249144394 -0.815082072199817
299 -1.97311661998207 0.56931992126408 -0.815082072199817
299 1.82197466135055 -0.256636379610205 -0.815082072199817
299 0.420851838596773 0.645661790717663 -0.815082072199817
299 -2.39054474817735 0.795099770579285 -0.815082072199817
300 1.32276820278464 -0.638873928303059 -0.577791282922275
300 2.03897902566587 -0.16591892047384 -0.577791282922275
300 0.462307768840857 0.406015538170494 -0.577791282922275
300 0.974987127397769 -1.81166053576706 -0.577791282922275
300 1.16196549207544 0.424859503560891 -0.577791282922275
300 1.06631162715361 1.54147074042541 -0.577791282922275
300 1.332548316733 -0.393172653555426 -0.577791282922275
300 0.0372689969563238 0.637280255942593 -0.577791282922275
